tree
version=v4
num_class=1
num_tree_per_iteration=1
label_index=0
max_feature_idx=8
objective=binary sigmoid:1
feature_names=lane_number national_win_rate course_base_win_rate motor_2rate boat_2rate exhibition_time exhibition_rank tilt start_timing
feature_infos=[1:6] [0:8.4900000000000002] [0:10.710000000000001] [0:100] [0:100] [0:8.0999999999999996] [1:6] [-0.5:3] [-0.47999999999999998:0.98999999999999999]
tree_sizes=3368 3464 3463 3467 3464 3476 3478 3481 3479 3479 3484 3487 3483 3496 3491 3495 3487 3490 3488 3498 3492 3505 3493 3496 3502 3514 3511 3517 3503 3510 3499 3518 3515 3523 3508 3513 3489 3514 3515 3476 3518 3527 3506 3509 3487 3506 3520 3489 3507 3510 3501 3490 3499 3498 3492 3504 3502 3484 3498 3479 3515 3475 3537 3487 3467 3495 3510 3505 3508 3449 3483 3476 3508 3466 3499 3484 3452 3446 3464 3508 3460 3427 3489 3446 3442 3473 3455 3473 3431 3411 3440 3479 3440 3428 3437 3425 3457 3448 3441 3481 3447 3435 3476 3461 3432 3444 3458 3442 3414 3435 3456 3407 3436 3409 3410 3421 3393 3428 3414 3431 3433 3438 3457 3400 3432 3412 3406 3418 3433 3394 3430 3427 3407 3417 3435 3418 3427 3428 3418 3419 3401 3443

Tree=0
num_leaves=31
num_cat=0
split_feature=0 1 0 1 1 6 1 0 6 1 6 1 6 1 6 1 6 6 6 1 2 6 6 6 3 5 1 6 0 7
split_gain=42063.3 3932.59 1842.62 981.52 489.28 440.41 399.397 198.7 189.876 146.961 109.321 101.399 99.3518 95.0309 89.681 85.6625 53.4892 51.2813 50.1232 48.737 43.8356 39.8334 37.8389 36.1002 32.8582 32.3993 31.631 30.6148 30.3173 27.3741
threshold=1.5000000000000002 5.4650000000000007 4.5000000000000009 5.4250000000000007 4.5250000000000012 2.5000000000000004 6.285000000000001 5.5000000000000009 1.5000000000000002 4.4450000000000012 3.5000000000000004 5.7650000000000006 3.5000000000000004 3.8550000000000004 2.5000000000000004 6.5150000000000006 4.5000000000000009 1.5000000000000002 1.5000000000000002 5.8050000000000006 5.0950000000000006 4.5000000000000009 1.5000000000000002 3.5000000000000004 38.085000000000008 6.785000000000001 5.0050000000000008 1.5000000000000002 3.5000000000000004 1.2500000000000002
decision_type=2 2 2 2 2 8 2 2 8 2 8 2 10 2 10 2 8 8 10 2 2 10 10 10 2 10 2 10 2 8
left_child=1 4 3 9 13 15 8 11 -3 -2 22 -4 24 21 -8 18 28 -13 -5 25 -14 -1 -11 -15 -6 -10 -26 -17 -7 -9
right_child=2 6 7 5 12 16 14 29 19 10 -12 17 20 23 -16 27 -18 -19 -20 -21 -22 -23 -24 -25 26 -27 -28 -29 -30 -31
leaf_value=-1.5622418404330312 -1.6440927136407564 -1.4182585264302781 -1.6511280233647792 -1.5906322613546615 -1.4953508873080348 -1.6103558349483673 -1.3968093671114006 -1.6612428715555185 -1.4583957737241506 -1.6109666579967259 -1.6383582588006029 -1.6156205405835939 -1.5357114499908009 -1.528048417834649 -1.423056103959969 -1.5710949008542285 -1.6263096324281465 -1.6395331943988012 -1.6086816364948815 -1.4513126469588231 -1.5007192940580503 -1.6049708839284889 -1.6260980165819028 -1.5544345243801574 -1.4925788508201832 -1.4899806235391602 -1.4539435295348591 -1.5899098437713242 -1.6230067855023533 -1.6361400509991804
leaf_weight=225.97977332770824 3370.5057022422552 378.25537443161011 2954.4247903674841 764.99368189275265 505.77749882638454 1434.311004370451 755.12010410428047 4336.7256807535887 146.29582864046097 598.11631081998348 1876.5360377132893 272.42730827629566 205.53729537129402 357.67383199930191 571.97218935191631 454.0455137938261 1753.8811699748039 1266.599246442318 773.61567939817905 518.15423718094826 158.53350251913071 71.896334037184715 1336.1314843893051 203.31226375699043 99.152971312403679 182.45259237289429 113.75474128127098 412.74336445331573 707.00379544496536 111.39064519107342
leaf_count=1625 24237 2720 21245 5501 3637 10314 5430 31185 1052 4301 13494 1959 1478 2572 4113 3265 12612 9108 5563 3726 1140 517 9608 1462 713 1312 818 2968 5084 801
internal_value=-1.60754 -1.46792 -1.63552 -1.62385 -1.52155 -1.60945 -1.42713 -1.65312 -1.44771 -1.63649 -1.62976 -1.64571 -1.49919 -1.54973 -1.40812 -1.59263 -1.61984 -1.6353 -1.59971 -1.46087 -1.52047 -1.57256 -1.62142 -1.53761 -1.48841 -1.47593 -1.47194 -1.58005 -1.61453 -1.66061
internal_weight=26917.3 4493.87 22423.5 13481.9 1941.62 6300.59 2552.25 8941.57 1225.16 7181.29 3810.78 4493.45 1082.76 858.862 1327.09 2405.4 3895.2 1539.03 1538.61 846.903 364.071 297.876 1934.25 560.986 718.685 328.748 212.908 866.789 2141.31 4448.12
internal_count=193560 32315 161245 96947 13962 45307 18353 64298 8810 51640 27403 32312 7786 6176 9543 17297 28010 11067 11064 6090 2618 2142 13909 4034 5168 2364 1531 6233 15398 31986
is_linear=0
shrinkage=1


Tree=1
num_leaves=31
num_cat=0
split_feature=0 1 0 1 6 1 1 0 1 6 6 1 6 6 1 1 1 6 6 6 2 6 2 6 3 3 7 7 1 6
split_gain=35194.1 2734.87 1769.36 914.995 397.208 360.42 249.431 197.13 140.902 108.702 103.325 98.7002 95.6479 80.9454 74.6791 74.5275 70.3707 49.5554 48.498 44.5079 39.1308 35.0041 33.9229 30.896 30.0489 28.6294 28.5531 27.13 25.1022 24.4702
threshold=1.5000000000000002 5.2750000000000012 4.5000000000000009 5.4250000000000007 2.5000000000000004 6.0250000000000012 4.4250000000000007 5.5000000000000009 4.4450000000000012 1.5000000000000002 3.5000000000000004 5.7650000000000006 2.5000000000000004 3.5000000000000004 6.5150000000000006 6.8550000000000013 3.5150000000000001 4.5000000000000009 1.5000000000000002 1.5000000000000002 5.535000000000001 1.5000000000000002 5.2150000000000007 3.5000000000000004 35.185000000000009 39.835000000000008 -1.0000000180025095e-35 1.2500000000000002 6.0850000000000009 3.5000000000000004
decision_type=2 2 2 2 8 2 2 2 2 10 8 2 8 10 2 2 2 8 8 10 2 10 2 10 2 2 10 8 2 8
left_child=1 6 3 8 14 12 16 11 29 -7 21 -4 -3 -8 19 -11 -1 25 -13 -5 -14 -10 23 -18 -22 -6 -16 28 -9 -2
right_child=2 5 7 4 17 9 13 27 10 15 -12 18 20 -15 26 -17 22 -19 -20 -21 24 -23 -24 -25 -26 -27 -28 -29 -30 -31
leaf_value=0.020075447284988182 -0.03107908331357484 0.14035525527947637 -0.042670148421454272 0.015880259307132657 -0.0096264304459142136 0.17822050253489305 0.098290663234330111 -0.055284875584227046 -0.0032610321663802248 0.14586404157893781 -0.02990261901127533 -0.0077171634670027316 0.097482446979433229 0.068320608048334105 0.015165613990745827 0.17213122387670041 0.062602630122481531 -0.018060333902619127 -0.031067977015795535 -0.0010834718694755284 0.11165185074180087 -0.017854090118244355 0.093652912877991601 0.038289961469991675 0.14525648509004394 0.0046992218245562496 0.033357410873801834 -0.027707626831463602 -0.046534049825579057 -0.039715186536818922
leaf_weight=154.12516942620277 1564.0139918625355 606.8220486342907 2869.1274098306894 773.62861931324005 1692.0537422001362 673.31101568043232 656.97711837291718 3063.9421784281731 596.75241377949715 928.94274710118771 1838.1662618815899 270.96274781227112 260.31406310200691 342.88321788609028 375.03352090716362 380.71336774528027 370.05326656997204 1732.0064687132835 1239.7176375389099 773.02845008671284 176.16102264821529 1319.6544375419617 59.609555169939995 201.99845384061337 106.88552112877369 439.3043107688427 507.68569521605968 109.27635611593723 1118.7332214266062 1724.8118905574083
leaf_count=1083 11526 3938 21245 5501 12224 4248 4388 22844 4301 5951 13494 1959 1726 2337 2649 2419 2540 12612 9108 5563 1160 9608 411 1411 703 3174 3584 801 8341 12711
internal_value=-8.0837e-05 0.120832 -0.0271051 -0.015673 -0.00181703 0.148978 0.0714465 -0.0446864 -0.0280522 0.161894 -0.0214334 -0.0372237 0.126711 0.088013 0.0140244 0.1535 0.0503668 -0.0117785 -0.0268797 0.00740169 0.111474 -0.0133099 0.0577579 0.0540175 0.124342 -0.0066737 0.0256284 -0.0523018 -0.0529443 -0.0356083
internal_weight=26926.7 4918.8 22007.9 13336.1 6292.74 3133.15 1785.65 8671.76 7043.4 1982.97 3754.57 4379.81 1150.18 999.86 2429.38 1309.66 785.786 3863.36 1510.68 1546.66 543.361 1916.41 631.661 572.052 283.047 2131.36 882.719 4291.95 4182.68 3288.83
internal_count=193560 32315 161245 96947 45307 20145 12170 64298 51640 12618 27403 32312 7527 6725 17297 8370 5445 28010 11067 11064 3589 13909 4362 3951 1863 15398 6233 31986 31185 24237
is_linear=0
shrinkage=0.05


Tree=2
num_leaves=31
num_cat=0
split_feature=0 1 0 1 6 1 1 0 1 6 6 1 6 1 1 0 6 6 6 6 1 6 6 2 1 7 3 1 2 6
split_gain=29961.3 2011.27 1698.28 852.378 358.349 257.022 199.477 195.737 134.997 106.419 97.5694 96.2705 68.0734 66.6902 60.0884 49.6107 46.9324 46.0835 44.6586 38.3285 36.5799 32.3561 30.8921 30.6496 30.4728 26.9111 25.6394 25.2749 23.929 23.7971
threshold=1.5000000000000002 5.2750000000000012 4.5000000000000009 5.4250000000000007 2.5000000000000004 5.8050000000000006 4.5250000000000012 5.5000000000000009 4.4450000000000012 2.5000000000000004 3.5000000000000004 5.6550000000000011 1.5000000000000002 3.6150000000000007 6.4050000000000011 3.5000000000000004 1.5000000000000002 3.5000000000000004 2.5000000000000004 3.5000000000000004 6.2350000000000012 1.5000000000000002 3.5000000000000004 6.205000000000001 6.495000000000001 1.2500000000000002 35.595000000000006 6.0850000000000009 4.5050000000000008 3.5000000000000004
decision_type=2 2 2 2 8 2 2 2 2 8 8 2 10 2 2 2 8 10 10 10 2 10 8 2 2 8 2 2 2 8
left_child=1 6 3 8 12 18 13 11 29 23 21 -4 20 -1 -11 22 -13 -8 -3 -15 -5 -10 26 -7 -14 27 -6 -9 -21 -2
right_child=2 5 7 4 15 9 17 25 10 14 -12 16 24 19 -16 -17 -18 -19 -20 28 -22 -23 -24 -25 -26 -27 -28 -29 -30 -31
leaf_value=0.02172454528695832 -0.030172717289113311 0.11628744793264363 -0.042127557022194645 0.01206224137180204 -0.0061163124209217268 0.13781161750157903 0.088822516545385546 -0.054610929251862644 -0.0031049087647544854 0.11319772187962769 -0.029005221426700697 -0.0084173873322235717 -0.0014409073011848585 0.063521923779888675 0.13637709579745746 -0.019243358902517119 -0.030640208471879121 0.065422457694984171 0.093226872855699416 0.028762771481169676 0.029193878180722246 -0.017172043613501442 -0.010808064486559493 0.15244797855134284 0.015087755786124113 -0.026834379175496966 0.01276889415892115 -0.04568129131487346 0.060760391803836813 -0.038791879541300096
leaf_weight=188.15671736001968 1531.2897997498512 441.7890706807375 2663.5890951007605 575.84604281187057 460.21852722764015 633.59771086275578 627.07689587771893 2949.569106400013 595.45478568971157 522.96712802350521 1801.2386050522327 289.89723381400108 754.83535748720169 475.6343460381031 600.79791182279587 1295.3544149398804 1316.5371335595846 316.64704197645187 400.05897694826126 171.65685074031353 678.99780867993832 1303.8760620355606 1782.4767396897078 821.3673010468483 442.22080139815807 107.24335004389286 294.87749058008194 1083.5348733514547 88.5801722407341 1678.7528184950352
leaf_count=1300 11526 2648 20307 4052 3337 3668 3932 22844 4301 3127 13494 2114 5436 3117 3501 9497 9891 2062 2487 1165 4714 9608 13049 4714 3095 801 2127 8341 594 12711
internal_value=-0.000140159 0.106531 -0.0262495 -0.0150581 -0.00173253 0.129317 0.0648023 -0.0438082 -0.027177 0.137148 -0.0206683 -0.0362971 0.0131951 0.0482889 0.12559 -0.0112816 -0.0266299 0.0809711 0.105329 0.0550812 0.0213322 -0.0127619 -0.00721741 0.146074 0.00466517 -0.0515546 0.00125867 -0.0522119 0.0396542 -0.0346803
internal_weight=26894.1 5288.33 21605.8 13195.4 6284.83 3420.58 1867.75 8410.37 6910.61 2578.73 3700.57 4270.02 2451.9 924.028 1123.77 3832.93 1606.43 943.724 841.848 735.871 1254.84 1899.33 2537.57 1454.97 1197.06 4140.35 755.096 4033.1 260.237 3210.04
internal_count=193560 32315 161245 96947 45307 20145 12170 64298 51640 15010 27403 32312 17297 6176 6628 28010 12005 5994 5135 4876 8766 13909 18513 8382 8531 31986 5464 31185 1759 24237
is_linear=0
shrinkage=0.05


Tree=3
num_leaves=31
num_cat=0
split_feature=0 0 1 1 6 0 1 1 1 1 6 6 6 1 0 6 6 6 1 6 2 6 1 6 1 7 2 1 6 2
split_gain=25829.7 1629.19 1548.66 793.455 323.381 194.473 192.059 167.943 129.234 93.7662 92.047 86.7466 59.8346 55.9479 45.9653 41.319 36.6516 33.2505 31.6946 30.4254 30.3279 29.8848 29.77 29.3305 27.1621 26.7111 25.7521 25.4916 23.2184 21.3714
threshold=1.5000000000000002 4.5000000000000009 5.2950000000000008 5.4250000000000007 2.5000000000000004 5.5000000000000009 6.285000000000001 4.5250000000000012 4.4450000000000012 5.8950000000000005 3.5000000000000004 2.5000000000000004 1.5000000000000002 3.8550000000000004 3.5000000000000004 1.5000000000000002 3.5000000000000004 3.5000000000000004 6.5550000000000006 4.5000000000000009 5.2950000000000008 1.5000000000000002 5.8050000000000006 4.5000000000000009 6.495000000000001 1.2500000000000002 5.2150000000000007 6.0850000000000009 1.5000000000000002 6.5650000000000004
decision_type=2 2 2 2 8 2 2 2 2 2 8 8 10 2 2 8 10 10 2 10 2 10 2 8 2 8 2 2 8 2
left_child=2 3 7 8 12 9 11 13 28 -3 21 22 18 19 23 -11 -9 -8 -5 -1 -13 -10 -4 -6 -14 27 -15 -7 -2 -23
right_child=1 5 6 4 14 25 17 16 10 15 -12 20 24 26 -16 -17 -18 -19 -20 -21 -22 29 -24 -25 -26 -27 -28 -29 -30 -31
leaf_value=0.035950437394308761 -0.023313186606500121 -0.040444637422394909 0.10385942578565376 0.014059964173453144 -0.0021416607928951407 -0.053962434272512086 0.13036161279212913 0.080359881711217218 -0.0029559523523873606 -0.0056656703575873697 -0.028123771394604959 0.077647061221919944 -0.0013702129175730789 0.049384468747307259 -0.018527115654139958 -0.028526688958740411 0.060305482672058423 0.11485581690145781 0.030500873287244479 -0.00048847170516279261 0.097967901103372154 -0.017647558380413375 0.12118488658442179 -0.013004712782488477 0.014189283788570088 -0.025978110395167162 0.08056830264856174 -0.044842392291654494 -0.035537801847444955 0.019922874740444099
leaf_weight=244.62733770906925 454.26206108927727 2862.1189111173153 455.71335299313068 814.34686803817749 1421.0191413611174 2838.5815037190914 1315.9971244186163 681.0147343724966 594.22022205591202 243.00717258453369 1765.725117623806 268.14506568014622 754.11022120714188 557.66155640780926 1278.5957029908895 1058.9566214382648 342.37104864418507 468.94183234870434 458.00797308981419 74.802648320794106 582.42414237558842 1249.7397555708885 543.81718057394028 1104.2320587337017 446.59500646591187 105.28983660042286 75.124022379517555 1049.4844731241465 2679.8390743881464 39.03340870141983
leaf_count=1625 3491 22421 2559 5664 10314 22844 6996 4049 4301 1776 13494 1567 5436 3565 9497 8115 2139 2547 3102 517 3329 9317 2953 8199 3095 801 469 8341 20746 291
internal_value=-0.000184587 -0.0254136 0.0952212 -0.0144634 -0.00165198 -0.0429444 0.114587 0.0595887 -0.0263192 -0.0353842 -0.0199228 0.103298 0.012423 0.0444756 -0.0108028 -0.0242598 0.0736507 0.126288 0.0199782 0.0274173 0.0915617 -0.0122325 0.113286 -0.00689181 0.00441705 -0.0508278 0.0530866 -0.0515007 -0.0337659 -0.0165097
internal_weight=26827.8 21217.2 5610.64 13059.7 6276.91 8157.44 3635.04 1975.6 6782.82 4164.08 3648.72 1850.1 2473.06 952.216 3803.85 1301.96 1023.39 1784.94 1272.35 319.43 850.569 1882.99 999.531 2525.25 1200.71 3993.36 632.786 3888.07 3134.1 1288.77
internal_count=193560 161245 32315 96947 45307 64298 19951 12364 51640 32312 27403 10408 17297 6176 28010 9891 6188 9543 8766 2142 4896 13909 5512 18513 8531 31986 4034 31185 24237 9608
is_linear=0
shrinkage=0.05


Tree=4
num_leaves=31
num_cat=0
split_feature=0 0 1 1 6 0 1 1 1 1 6 1 6 6 6 6 0 6 1 1 6 2 7 3 6 1 2 3 5 6
split_gain=22479.8 1561.96 1238.81 741.555 312.612 193.294 169.184 122.727 92.8588 91.8461 67.9709 65.7775 53.5347 52.284 48.896 44.324 44.0544 42.2785 38.8764 32.9787 31.7879 28.4486 26.5247 26.4181 26.2063 25.7457 24.5163 20.2358 19.8338 18.9253
threshold=1.5000000000000002 4.5000000000000009 5.245000000000001 5.245000000000001 2.5000000000000004 5.5000000000000009 6.1050000000000013 3.9750000000000005 4.285000000000001 5.6550000000000011 2.5000000000000004 5.8750000000000009 4.5000000000000009 2.5000000000000004 3.5000000000000004 1.5000000000000002 3.5000000000000004 1.5000000000000002 4.6650000000000009 6.8550000000000013 1.5000000000000002 4.8850000000000007 1.2500000000000002 39.835000000000008 1.5000000000000002 6.0850000000000009 5.535000000000001 42.735000000000007 6.6250000000000009 3.5000000000000004
decision_type=2 2 2 2 8 2 2 2 2 2 8 2 8 8 10 10 2 8 2 2 10 2 8 2 10 2 2 2 10 8
left_child=2 3 7 8 11 9 13 20 -2 29 -10 27 23 -4 18 -8 24 -11 -9 -17 -1 -16 25 -6 -13 -7 -15 -5 -18 -3
right_child=1 5 6 4 12 22 15 14 10 17 -12 16 -14 26 21 19 28 -19 -20 -21 -22 -23 -24 -25 -26 -27 -28 -29 -30 -31
leaf_value=0.052935903545531793 -0.034193303599698514 -0.035633553036250661 0.098148352533835109 -0.0046001282684101728 -0.0090239783274325188 -0.053336563451407665 0.1204700585165248 0.055834931097173385 -0.011591924418435821 -0.007548372216287679 -0.026477937896265104 0.027339378294099482 -0.017622470890913233 0.070429911097574099 0.038093905048215547 0.10085460529518411 0.034974591991251198 -0.028837004550252628 0.075437435898043304 0.11670015909945355 0.02119630322784986 0.061819421519167021 -0.025138684473421481 0.0040723925493664423 0.01316928984228371 -0.044015502689499997 0.088534178821867232 0.015773994211228017 0.0012435978734386891 -0.044345697501135949
leaf_weight=106.06904709339142 2496.6822611838579 1143.2818034291267 873.62541490793228 715.37454748153687 1852.6403958648443 2731.0254948735237 792.09920777380466 469.81569318473339 1147.3922269046307 286.09468519687653 2312.1026882827282 687.63749830424786 1886.9037679284811 347.7251268774271 314.93634776771069 1035.9621529728174 47.494476184248924 1261.873322032392 547.90288035571575 480.7470908164978 307.81446900963783 210.99751897156239 103.41390605270863 486.10735981166363 620.91403393447399 1016.5807778388262 404.5525404214859 146.89744320511818 528.75657114386559 1370.7001762390137
leaf_count=678 19769 9235 4595 5125 13691 22844 3933 2815 8572 2114 17950 4653 14240 1960 1965 5338 325 9891 3117 2419 2015 1272 801 3550 4374 8341 2208 1050 3648 11072
internal_value=-0.000218213 -0.0245966 0.0860123 -0.0138882 -0.00282083 -0.042093 0.102183 0.0535085 -0.0268444 -0.0344839 -0.0215408 0.0103097 -0.0113569 0.0898282 0.0599911 0.110884 0.0155429 -0.0249025 0.0663882 0.105877 0.0293304 0.0476123 -0.0501188 -0.00630191 0.0206156 -0.0508081 0.0801658 -0.00112917 0.0040237 -0.0403837
internal_weight=26734.1 20841.9 5892.25 12928.9 6972.73 7912.97 3934.71 1957.54 5956.18 4061.95 3459.49 2747.07 4225.65 1625.9 1543.65 2308.81 1884.8 1547.97 1017.72 1516.71 413.884 525.934 3851.02 2338.75 1308.55 3747.61 752.278 862.272 576.251 2513.98
internal_count=193560 161245 32315 96947 50656 64298 20453 11862 46291 32312 26522 19175 31481 8763 9169 11690 13000 12005 5932 7757 2693 3237 31986 17241 9027 31185 4168 6175 3973 20307
is_linear=0
shrinkage=0.05


Tree=5
num_leaves=31
num_cat=0
split_feature=0 0 1 1 6 0 1 1 1 1 6 1 6 6 1 6 6 6 7 6 1 3 7 2 6 6 6 0 1 3
split_gain=19708.3 1496.59 1019.92 690.555 282.895 192.15 175.512 89.2998 89.0697 80.0676 64.0616 60.0471 49.5418 49.4887 48.9914 39.8969 38.9434 35.2277 26.4795 25.167 25.1479 24.0295 23.4516 22.7021 21.4267 19.3274 18.6628 18.1995 21.1211 18.1972
threshold=1.5000000000000002 4.5000000000000009 5.5450000000000008 5.245000000000001 2.5000000000000004 5.5000000000000009 4.6250000000000009 5.6550000000000011 4.285000000000001 6.4050000000000011 2.5000000000000004 6.5150000000000006 4.5000000000000009 1.5000000000000002 3.5150000000000001 1.5000000000000002 1.5000000000000002 1.5000000000000002 0.75000000000000011 3.5000000000000004 5.955000000000001 39.835000000000008 -1.0000000180025095e-35 5.2950000000000008 1.5000000000000002 3.5000000000000004 3.5000000000000004 3.5000000000000004 7.2650000000000006 41.07500000000001
decision_type=2 2 2 2 8 2 2 2 2 2 8 2 8 8 2 8 10 10 8 10 2 2 10 2 10 8 8 2 2 2
left_child=2 3 6 8 11 7 14 26 25 13 -10 17 21 -4 -1 -9 -8 -5 20 -16 -7 27 -13 -15 -11 -2 -3 28 -6 -18
right_child=1 5 9 4 12 18 16 15 10 24 -12 22 -14 23 19 -17 29 -19 -20 -21 -22 -23 -24 -25 -26 -27 -28 -29 -30 -31
leaf_value=0.01409332637830019 -0.028657420298933086 -0.034748304479343343 0.10005403998649001 0.011266266267594929 -0.0066239021827444421 -0.053055182253981585 0.078766754999760782 -0.0072087186763459508 -0.011102136985121022 0.11109180417508434 -0.0256366639237906 0.010771468552806496 -0.016950877772411398 0.07160542434345589 0.049579541543878947 -0.027971320865039836 0.057643246699146937 -0.0026024416059809356 -0.028076990871475589 0.032595942687572259 -0.043965531193348756 0.0038579277447743261 0.026821396283605567 0.08675792587331134 0.099280923289061948 -0.03757073484257159 -0.043523235557473776 -0.015815093106268278 0.024358871681021514 0.076349847143783692
leaf_weight=164.12021446228027 1167.5912585258484 1114.5263531804085 614.72696071863174 933.97866250574589 1187.9760774374008 2474.7867697402835 410.89389060437679 284.63406597077847 1138.346914216876 584.60436883568764 2269.673453733325 393.71980296075344 1864.1712866872549 334.82612337172031 625.18440127372742 1236.5349224880338 852.07464012503624 898.23886267840862 139.7848924472928 335.01683421432972 1098.7834129109979 487.4388182759285 539.41713333129883 944.48066873848438 1119.0564313977957 1269.400130264461 1327.8662700653076 595.68106400966644 57.677416577935219 153.40993089973927
leaf_count=1083 9398 9235 2984 6444 8761 21521 2191 2114 8572 2754 17950 2649 14240 1739 3692 9891 4731 6498 1130 2088 9335 3550 3584 4798 5409 10371 11072 4507 423 846
internal_value=-0.000243799 -0.0237976 0.0783416 -0.0133315 -0.00268887 -0.0412527 0.0540888 -0.0335961 -0.0260012 0.095469 -0.0207818 0.00972523 -0.0108763 0.0883947 0.0393389 -0.0240863 0.0657974 0.00446718 -0.0494253 0.0436539 -0.0502603 -0.00601361 0.0200494 0.0827921 0.103334 -0.0333003 -0.039519 -0.0086268 -0.00518931 0.0604974
internal_weight=26618.6 20480.2 6138.39 12803.3 6958.3 7676.92 2540.7 3963.56 5845.01 3597.69 3408.02 2765.35 4192.94 1894.03 1124.32 1521.17 1416.38 1832.22 3713.36 960.201 3573.57 2328.77 933.137 1279.31 1703.66 2436.99 2442.39 1841.33 1245.65 1005.48
internal_count=193560 161245 32315 96947 50656 64298 14631 32312 46291 17684 26522 19175 31481 9521 6863 12005 7768 12942 31986 5780 30856 17241 6233 6537 8163 19769 20307 13691 9184 5577
is_linear=0
shrinkage=0.05


Tree=6
num_leaves=31
num_cat=0
split_feature=0 0 1 1 6 0 1 1 1 1 6 6 6 0 2 6 3 1 6 6 1 6 6 6 3 6 6 5 0 1
split_gain=17378.8 1432.87 859.109 646.296 240.597 191.003 123.208 122.387 89.5096 86.9282 77.403 48.8518 43.6338 39.5074 37.4867 34.6565 28.1457 26.7334 26.5301 24.6447 23.9318 23.886 22.7195 22.4152 21.7179 20.8367 20.6909 20.6217 20.3921 19.5874
threshold=1.5000000000000002 4.5000000000000009 5.245000000000001 5.5050000000000008 2.5000000000000004 5.5000000000000009 5.8050000000000006 4.4450000000000012 3.8550000000000004 5.8950000000000005 3.5000000000000004 2.5000000000000004 1.5000000000000002 3.5000000000000004 4.7150000000000007 1.5000000000000002 36.010000000000012 5.8950000000000005 1.5000000000000002 3.5000000000000004 6.7650000000000006 4.5000000000000009 3.5000000000000004 4.5000000000000009 35.595000000000006 4.5000000000000009 3.5000000000000004 6.5550000000000006 3.5000000000000004 6.9750000000000005
decision_type=2 2 2 2 8 2 2 2 2 2 8 8 10 2 2 8 2 2 10 8 2 10 8 10 2 10 8 10 2 2
left_child=2 3 8 7 12 9 23 22 21 26 18 29 27 19 16 -11 -10 -7 -9 24 -13 -1 -2 -4 -6 -18 -3 -5 -29 -8
right_child=1 5 6 4 13 17 11 10 14 15 -12 20 -14 -15 -16 -17 25 -19 -20 -21 -22 -23 -24 -25 -26 -27 -28 28 -30 -31
leaf_value=0.029073406241936141 -0.026578011326954466 -0.03305764971810253 0.073287564717298012 0.060902049240369606 -0.0047434229900296492 -0.051758157095971639 0.092384942204671208 -0.0022540598952367798 0.036873017021414121 -0.0047161595205280626 -0.025044809477472608 0.078230346816641858 0.0042658463668545071 -0.016599077258754917 0.058176834700783178 -0.025890739078058767 0.059911626948250175 -0.042550159341120997 -0.014675302913475366 -0.0087921497227267716 0.092662702852205625 -0.0026432497168587168 -0.035394611567834376 0.054182649933783272 0.013007179123472518 0.026893610676538601 -0.041952467409895659 0.020871095173340081 0.006809162005867681 0.10549346583994249
leaf_weight=259.81143924593925 1408.5714104697108 1211.3602978438139 891.00654159486294 26.98887075483799 435.05897489190102 2408.6760134994984 1465.101474121213 634.09089143574238 607.92930579185486 239.67725515365601 1788.2688622623682 977.72216330468655 1167.9353900104761 1188.2337204515934 774.97172510623932 997.35576365143061 297.26747006177902 1171.6911124289036 1334.8230098932981 1655.0072356909513 406.72668960690498 76.94193434715271 1518.3279967904091 185.49233032763004 285.33304235339165 56.933815896511078 1420.4506393745542 873.99079750478268 365.69342124462128 353.79173944890499
leaf_count=1625 11526 10242 4472 179 3202 21722 6777 4625 3461 1776 14357 4737 8198 9096 4258 8115 1661 10264 10252 12492 1891 517 12711 971 2046 340 12179 5807 2456 1605
internal_value=-0.000263192 -0.0230169 0.0718314 -0.0127936 -0.000878562 -0.0404221 0.0846298 -0.0234861 0.0454191 -0.03272 -0.0175145 0.0895477 0.0112368 -0.00915553 0.0499928 -0.0217881 0.0434007 -0.0487448 -0.010675 -0.00543208 0.0824703 0.0218267 -0.0311516 0.0699956 0.00228724 0.0546044 -0.0378584 0.0176643 0.016723 0.0949347
internal_weight=26485.2 20131.5 6353.7 12682.3 5998.24 7449.21 4279.84 6684.08 2073.86 3868.84 3757.18 3203.34 2434.61 3563.63 1737.1 1237.03 962.131 3580.37 1968.91 2375.4 1384.45 336.753 2926.9 1076.5 720.392 354.201 2631.81 1266.67 1239.68 1818.89
internal_count=193560 161245 32315 96947 43476 64298 20453 53471 11862 32312 29234 15010 16640 26836 9720 9891 5462 31986 14877 17740 6628 2142 24237 5443 5248 2001 22421 8442 8263 8382
is_linear=0
shrinkage=0.05


Tree=7
num_leaves=31
num_cat=0
split_feature=0 0 1 1 6 0 1 1 1 6 1 6 6 6 6 1 1 1 7 1 2 6 0 1 0 1 6 3 7 6
split_gain=15396 1370.72 734.425 599.988 234.403 189.805 130.507 84.8465 82.114 79.9067 64.8111 57.1888 42.7265 35.6127 33.7892 31.2543 30.0064 29.5576 27.4501 25.9346 23.8405 23.0953 22.8127 22.3075 22.0305 21.7576 21.6905 20.1323 20.0949 18.2551
threshold=1.5000000000000002 4.5000000000000009 5.1250000000000009 5.245000000000001 3.5000000000000004 5.5000000000000009 5.8050000000000006 5.6550000000000011 4.285000000000001 1.5000000000000002 3.8550000000000004 2.5000000000000004 1.5000000000000002 1.5000000000000002 3.5000000000000004 6.8550000000000013 5.9650000000000007 6.2350000000000012 0.75000000000000011 6.1150000000000011 4.9350000000000014 1.5000000000000002 3.5000000000000004 5.8750000000000009 3.5000000000000004 4.6650000000000009 1.5000000000000002 42.735000000000007 0.75000000000000011 3.5000000000000004
decision_type=2 2 2 2 8 2 2 2 2 10 2 8 8 8 10 2 2 2 8 2 2 10 2 2 2 2 10 2 10 8
left_child=2 3 10 8 9 7 21 -3 29 17 26 -10 -8 -9 25 -14 27 -5 19 -7 -16 -4 23 -6 28 -12 -1 -11 -18 -2
right_child=1 5 6 4 22 18 12 13 11 16 14 -13 15 -15 20 -17 24 -19 -20 -21 -22 -23 -24 -25 -26 -27 -28 -29 -30 -31
leaf_value=0.0419306962898627 -0.026996242809124899 -0.03783376491562223 0.073813409656454748 0.0076678645006814138 -0.017128319940016342 -0.051622479244885493 0.090235976624049891 -0.0064725721897759686 -0.010140405962914234 -0.0099054673284229393 0.043208618801236345 -0.024026599002576029 0.074798510238824945 -0.026252467817303751 0.026600194792694168 0.088640648020365378 0.0078080534663233867 0.02190300711699433 -0.025742380887167876 -0.041616446660767192 0.048936092996895032 0.059355239264633264 -0.019281321483800851 -0.0059166679485422539 -0.0045127148156699224 0.057706869549461193 0.013055740133512595 0.010098110062847625 0.1037171207725831 -0.035859898290606304
leaf_weight=87.459009572863579 1122.3143661767244 2308.2988856434822 394.6033990830183 730.55794137716293 696.14209341257811 2437.9229597598314 1123.6906229108572 281.47930423170328 1120.7317788079381 819.37322875857353 577.35951972007751 2190.9335055649281 1641.4562334120274 1187.9669636040926 349.99316515028477 542.59805475175381 1085.8987386971712 728.07605870068073 132.32813526690006 881.82007372379303 181.37954419851303 920.58390982449055 1005.0318845584989 1223.269255399704 485.44168226420879 468.96247808635235 253.69659769535065 148.59187386929989 5.4890303909778586 1204.1521301195025
leaf_count=529 9398 20307 1886 4995 5393 22896 4975 2114 8572 6081 3186 17950 7616 9891 2043 2419 7688 4714 1130 7960 997 4634 7850 9287 3530 2417 1613 1079 39 10371
internal_value=-0.000277756 -0.0222537 0.0662228 -0.0122739 -0.00241766 -0.0395995 0.0770162 -0.0318551 -0.0243847 0.00544296 0.0402192 -0.0193272 0.0823135 -0.0224635 0.0444922 0.0782374 9.49485e-05 0.0147733 -0.0480744 -0.0489646 0.0342244 0.0636932 -0.0131785 -0.00998297 0.00434885 0.0497067 0.0204582 -0.00683473 0.00829042 -0.031584
internal_weight=26337.6 19795.8 6541.78 12566 6927.87 7229.82 4622.93 3777.75 5638.13 4003.43 1918.85 3311.67 3307.74 1469.45 1577.69 2184.05 2544.79 1458.63 3452.07 3319.74 531.373 1315.19 2924.44 1919.41 1576.83 1046.32 341.156 967.965 1091.39 2326.47
internal_count=193560 161245 32315 96947 50656 64298 21530 32312 46291 28126 10785 26522 15010 12005 8643 10035 18417 9709 31986 30856 3040 6520 22530 14680 11257 5603 2142 7160 7727 19769
is_linear=0
shrinkage=0.05


Tree=8
num_leaves=31
num_cat=0
split_feature=0 0 1 1 6 0 1 1 1 6 1 0 1 6 6 6 6 1 2 6 6 6 7 3 6 1 2 6 2 3
split_gain=13692.2 1310.19 638.084 557.628 198.112 188.582 112.908 112.201 82.2796 72.0282 54.3472 33.6815 33.5104 33.4969 32.8865 32.5239 30.8926 27.4728 25.6835 22.7518 20.0387 19.9916 19.5265 19.1829 18.474 17.5636 17.2135 17.1427 17.1021 16.7459
threshold=1.5000000000000002 4.5000000000000009 5.5650000000000004 5.5050000000000008 2.5000000000000004 5.5000000000000009 4.6250000000000009 4.5250000000000012 5.7650000000000006 3.5000000000000004 6.4050000000000011 3.5000000000000004 3.5150000000000001 1.5000000000000002 1.5000000000000002 1.5000000000000002 2.5000000000000004 5.8950000000000005 4.8250000000000011 1.5000000000000002 3.5000000000000004 3.5000000000000004 1.2500000000000002 35.595000000000006 1.5000000000000002 6.5550000000000006 6.5650000000000004 3.5000000000000004 4.8250000000000011 53.375000000000007
decision_type=2 2 2 2 8 2 2 2 2 8 2 2 2 10 8 8 10 2 2 10 8 8 8 2 8 2 2 10 2 2
left_child=2 3 6 7 13 8 12 18 20 19 14 21 -1 25 -4 -10 -8 22 24 -9 -3 23 -7 -6 -2 -5 -21 -14 -18 -11
right_child=1 5 10 4 11 17 16 9 15 29 -12 -13 27 -15 -16 -17 28 -19 -20 26 -22 -23 -24 -25 -26 -27 -28 -29 -30 -31
leaf_value=0.010856642693120181 -0.020839141739392993 -0.031638583656445417 0.07780411174671456 0.011087231967315708 -0.004669122379206977 -0.051359653429274121 0.058640258405815271 -0.00068068699171082523 -0.0052760635590821704 -0.02410458769824806 0.080469716747826339 -0.015353430386169754 0.039519200781322733 0.0039734139229983586 0.064284472199991824 -0.024940829132397636 0.035538615804735649 -0.040946786045226211 -0.018769793394277569 -0.013842381132157914 -0.040895899080038649 -0.008014995976536524 -0.021576987198877722 0.011957214242350779 -0.0327061390550323 0.023094511939601253 0.018592984724251981 0.025935905713785859 0.050682231197352323 0.013649208105465436
leaf_weight=169.86491693556309 386.26032757759094 1084.1685725972056 667.17776794731617 802.59301520884037 434.58399099111557 2172.381733097136 805.33893297612667 583.91888026893139 261.3261774033308 1563.9738540425897 1875.8151901364326 1162.0428499132395 672.83854711055756 1172.119317099452 1380.6112735271454 1076.1000281125307 309.03774274885654 1099.4584587365389 524.52141714096069 1164.5276813954115 1268.5862284600735 1635.1184273064137 56.465234756469727 288.75357399880886 2172.7844232171774 490.79048059880733 42.393582046031952 354.74509499967098 469.94510388374329 29.933719977736473
leaf_count=1083 3221 9683 2934 5340 3202 21242 3930 4276 1959 12982 8163 9096 3692 8198 6401 9108 1631 10264 4480 9130 11562 12492 480 2046 18812 3102 322 2088 2393 248
internal_value=-0.000288469 -0.0215079 0.0613341 -0.0117718 -0.000773944 -0.0387847 0.043016 -0.0219497 -0.031001 -0.0156642 0.0743213 -0.0083861 0.0314292 0.0100955 0.0686892 -0.0210984 0.0517735 -0.0474146 -0.028849 -0.00878307 -0.0366301 -0.0049532 -0.0506051 0.00196805 -0.0309149 0.0156435 -0.0127031 0.0348299 0.0446745 -0.0233956
internal_weight=26178.2 19472.8 6705.37 12454.3 5986 7018.49 2781.77 6468.31 3690.18 3384.75 3923.6 3520.5 1197.45 2465.5 2047.79 1337.43 1584.32 3328.31 3083.57 1790.84 2352.75 2358.46 2228.85 723.338 2559.04 1293.38 1206.92 1027.58 778.983 1593.91
internal_count=193560 161245 32315 96947 43476 64298 14817 53471 32312 26958 17498 26836 6863 16640 9335 11067 7954 31986 26513 13728 21245 17740 21722 5248 22033 8442 9452 5780 4024 13230
is_linear=0
shrinkage=0.05


Tree=9
num_leaves=31
num_cat=0
split_feature=0 0 1 1 6 0 1 1 1 6 1 6 6 6 1 3 1 1 1 3 7 6 6 3 1 6 3 0 1 5
split_gain=12214.7 1251.2 559.008 519.079 194.916 187.261 86.1229 79.9778 75.6322 63.0145 59.4868 51.0198 35.356 31.5459 27.8095 27.6303 26.8034 23.4169 23.3374 21.0541 19.478 18.5292 18.3711 17.9616 17.8177 17.8091 17.3941 17.2439 17.0511 16.9695
threshold=1.5000000000000002 4.5000000000000009 5.4650000000000007 5.245000000000001 3.5000000000000004 5.5000000000000009 4.4250000000000007 5.6550000000000011 4.285000000000001 1.5000000000000002 6.285000000000001 2.5000000000000004 1.5000000000000002 1.5000000000000002 5.8950000000000005 36.010000000000012 6.495000000000001 3.5150000000000001 6.2350000000000012 29.005000000000006 1.2500000000000002 3.5000000000000004 3.5000000000000004 35.595000000000006 6.6150000000000011 3.5000000000000004 32.915000000000006 3.5000000000000004 3.5150000000000001 6.6250000000000009
decision_type=2 2 2 2 8 2 2 2 2 10 2 8 8 8 2 2 2 2 2 2 8 10 8 2 2 8 2 2 2 10
left_child=2 3 6 8 9 7 17 22 25 18 12 26 -4 -9 20 -8 23 -1 -5 -6 -7 -12 -3 -11 -15 28 -10 -18 -2 -20
right_child=1 5 10 4 19 14 15 13 11 16 21 -13 -14 24 -16 -17 27 -19 29 -21 -22 -23 -24 -25 -26 -27 -28 -29 -30 -31
leaf_value=0.010244203158218531 -0.034494442186518155 -0.031213760394029233 0.07180784316001157 0.0067995835325721987 -0.018437414307113983 -0.050822347706726258 0.04091614129847547 -0.0058543980030832379 -0.016358889030590445 -0.007724897984080584 0.076676637533925895 -0.022472627342947919 0.057412938981482031 -0.029071119793741853 -0.040161734277887717 0.054109639894420525 0.012235678052006857 0.030677370612741384 0.03991001763945308 -0.0092242506174633667 -0.020832218023927599 0.066331100059827008 -0.040413914736578557 0.0027389153245344542 -0.015880543353802835 -0.034255743164851069 -0.0037022537500546824 -0.0032203511042077216 -0.021003194454959712 0.016575507921729554
leaf_weight=170.98934677243233 343.81185275316238 1007.5255558639765 627.62082406878471 738.00361706316471 905.54732143133879 2087.7293023243546 1074.6991622000933 278.8691933453083 481.00824265182018 1009.3944300115108 1647.9226890206337 2118.2007863968611 1331.5817072540522 756.89476612955332 1065.7640577927232 629.14108380675316 580.71894061565399 779.10584895312786 88.375453427433968 1967.1591330468655 55.582612752914429 586.95851817727089 1175.8875050544739 690.77337102591991 386.86889457702637 1146.2584444209933 623.11973867565393 261.82142733037472 734.60370640456676 658.14321464300156
leaf_count=1083 2997 9235 2720 4995 7126 21242 5407 2114 3736 7491 6996 17950 6090 6563 10264 3110 4014 4362 553 15404 480 2547 11072 5028 3328 10371 4836 1884 6401 4161
internal_value=-0.000296068 -0.0207795 0.0570204 -0.0112872 -0.00217835 -0.0379766 0.0390619 -0.030158 -0.0228257 0.00491928 0.0683842 -0.0179303 0.0620243 -0.0209331 -0.0467624 0.0457878 0.000140336 0.027 0.0131047 -0.0121285 -0.0500446 0.0739595 -0.0361685 -0.00347348 -0.0246095 -0.0299165 -0.00921606 0.00743268 -0.0253044 0.0193379
internal_weight=26010.1 19162.1 6848.02 12346.9 6899.94 6815.12 2653.94 3606.05 5447 4027.23 4194.08 3222.33 1959.2 1422.63 3209.08 1703.84 2542.71 950.095 1484.52 2872.71 2143.31 2234.88 2183.41 1700.17 1143.76 2224.67 1104.13 842.54 1078.42 746.519
internal_count=193560 161245 32315 96947 50656 64298 13962 32312 46291 28126 18353 26522 8810 12005 31986 8517 18417 5445 9709 22530 21722 9543 20307 12519 9891 19769 8572 5898 9398 4714
is_linear=0
shrinkage=0.05


Tree=10
num_leaves=31
num_cat=0
split_feature=0 0 1 1 6 0 1 1 6 6 1 6 1 6 0 1 1 1 1 6 0 1 7 2 6 2 2 1 7 7
split_gain=10924.6 1193.8 498.496 483.463 195.54 185.832 93.4971 78.1487 62.6882 54.9429 42.7207 36.3605 35.0888 32.1827 29.9623 29.8881 28.1528 27.7252 26.9063 24.7843 23.3309 21.2867 19.428 19.2531 18.9806 17.9549 17.8195 17.3112 17.2916 16.8298
threshold=1.5000000000000002 4.5000000000000009 5.1250000000000009 5.0050000000000008 3.5000000000000004 5.5000000000000009 5.8050000000000006 5.3150000000000004 1.5000000000000002 2.5000000000000004 3.8550000000000004 2.5000000000000004 5.7250000000000005 2.5000000000000004 3.5000000000000004 3.5150000000000001 5.8950000000000005 4.1450000000000005 5.8950000000000005 3.5000000000000004 3.5000000000000004 5.8750000000000009 1.2500000000000002 4.7750000000000012 4.5000000000000009 4.9350000000000014 5.535000000000001 6.5950000000000006 0.75000000000000011 2.2500000000000004
decision_type=2 2 2 2 8 2 2 2 10 8 2 8 2 8 2 2 2 2 2 10 2 2 8 2 10 2 2 2 10 10
left_child=2 3 10 9 8 7 26 29 18 15 24 -8 -10 -9 21 -2 22 -11 -5 -12 28 -6 -7 -17 -1 -21 -4 -15 -14 -3
right_child=1 5 6 4 14 16 11 13 12 17 19 -13 20 27 -16 23 -18 -19 -20 25 -22 -23 -24 -25 -26 -27 -28 -29 -30 -31
leaf_value=0.022772464757590257 -0.032865218903103115 -0.0368523511749419 0.045977590501626357 0.0029944703702608007 -0.0148074656609231 -0.050295555443382767 0.070541206625665501 -0.01226637704816135 -0.0089711576197293776 -0.033382391282396444 0.039976702442437222 0.060301822576820922 0.0061330369043487909 -0.030602361660637012 -0.019257420588987221 -0.017016719387869996 -0.039381299704389319 -0.023676328338951655 0.016266033768905459 0.020623891191397778 -0.005439849974896882 -0.0047133447706693907 -0.020104043517858338 -0.0036398544192839805 -0.0049894937750582721 0.039428719365315751 0.057328318698918516 -0.01668782903591922 0.083511470161116499 0.031499900112001746
leaf_weight=274.76016215980053 220.18935511261225 1815.4974845126271 802.30083538591862 605.96477888524532 923.91397178918123 2006.1856271252036 1999.2701536566019 597.27441435307264 916.91645504534245 1233.7166424319148 1115.7736473530531 1530.8963203579187 1330.8894460946321 792.03345291316509 1103.0934602171183 874.62127616256475 1033.3691488951445 1822.8136025816202 1032.8140242099762 368.47502715885639 581.90082168579102 1201.5028195381165 54.737945795059204 388.45578297972679 79.346984475851059 193.64510878920555 607.65445390343666 311.41281580924988 7.2593455761671057 9.050484932959078
leaf_count=1625 1963 17357 3747 4229 7546 21242 8382 4977 7069 11346 5603 6628 9385 7182 8988 7250 10264 15886 6544 2043 4287 9287 480 3118 517 997 2773 2711 49 85
internal_value=-0.000301102 -0.0200677 0.0531791 -0.0108192 -0.00319238 -0.0371746 0.0617536 -0.0293259 0.00357297 -0.0237622 0.0323329 0.0661008 -0.000924446 -0.0216151 -0.0125713 -0.0158661 -0.0461165 -0.027594 0.0113587 0.0356635 0.00291825 -0.00910124 -0.0494937 -0.0129027 0.0165517 0.027102 0.0508695 -0.0266754 0.00655281 -0.0365133
internal_weight=25835.7 18863.6 6972.12 12244.1 7704.26 6619.56 4940.12 3525.27 4475.74 4539.8 2032 3530.17 2836.97 1700.72 3228.51 1483.27 3094.29 3056.53 1638.78 1677.89 1920.05 2125.42 2060.92 1263.08 354.107 562.12 1409.96 1103.45 1338.15 1824.55
internal_count=193560 161245 32315 96947 57384 64298 21530 32312 31563 39563 10785 15010 20790 14870 25821 12331 31986 27232 10773 8643 13721 16833 21722 10368 2142 3040 6520 9893 9434 17442
is_linear=0
shrinkage=0.05


Tree=11
num_leaves=31
num_cat=0
split_feature=0 0 1 1 0 6 1 1 1 6 1 6 6 6 1 1 0 1 2 6 3 1 7 6 2 8 2 1 4 6
split_gain=9791.97 1137.86 449.064 445.123 184.31 178.059 83.042 75.6831 56.282 52.2584 39.5752 32.3034 32.0702 30.4581 28.4982 28.2993 27.8726 26.7791 23.1458 22.8631 21.3793 19.6246 19.3744 19.1573 17.8147 16.8042 16.9547 16.5695 16.0387 15.8902
threshold=1.5000000000000002 4.5000000000000009 5.0050000000000008 5.6150000000000011 5.5000000000000009 3.5000000000000004 4.6250000000000009 5.3150000000000004 5.9650000000000007 2.5000000000000004 6.4050000000000011 4.5000000000000009 1.5000000000000002 2.5000000000000004 5.8950000000000005 3.5150000000000001 3.5000000000000004 4.1450000000000005 4.535000000000001 2.5000000000000004 42.735000000000007 5.8750000000000009 1.2500000000000002 3.5000000000000004 4.7750000000000012 0.23500000000000001 6.1050000000000013 6.6450000000000005 26.235000000000003 3.5000000000000004
decision_type=2 2 2 2 2 8 2 2 2 8 2 10 10 8 2 2 2 2 2 8 2 2 8 10 2 10 2 2 2 8
left_child=3 2 9 6 7 8 18 29 20 15 19 -8 -10 -9 22 -2 21 -11 23 25 -4 -7 -6 -1 -17 26 -5 -15 -22 -3
right_child=1 4 5 10 14 16 11 13 12 17 -12 -13 -14 27 -16 24 -18 -19 -20 -21 28 -23 -24 -25 -26 -27 -28 -29 -30 -31
leaf_value=0.026284123750507749 -0.032017495379453469 -0.0306017618919662 -0.0054658059464078338 0.056654687899983416 -0.04977766900818429 -0.014220786052142687 0.045371353885448738 -0.011759072102070403 0.015291857723572028 -0.032544299717819684 0.065707926674818048 0.027942014507525637 0.0038119903222668008 -0.029563623032900551 -0.03860477690922795 -0.016370285019574878 -0.018555050133964364 -0.022899333890409272 0.035302294876410414 0.049990029963273563 -0.014007520113926654 -0.0044927563446097345 -0.019392542434637158 0.010542889065928223 -0.003467008176298015 0.034978290771416426 0.069444463371555257 -0.015508365172070685 0.014347315627777038 -0.040091579396933502
leaf_weight=553.08475807309151 214.85553666949272 821.37706470489502 1595.7053545415401 613.92116439342499 1927.6970114484429 914.18214730918407 1473.9004447758198 592.02666749805212 986.56563843786716 1203.003017321229 1973.5178997963667 324.34442341327667 1587.0073724240065 797.12348921597004 1002.2438043430448 863.97742613404989 1087.9988719820976 1791.2472658157349 405.3640604019165 929.32939037680626 62.074047401547432 1197.5735021233559 53.929917812347412 297.11596015095711 387.45720224827528 60.578245237469673 448.36711582541466 284.53515830636024 253.70142890512943 952.83228562772274
leaf_count=2979 1963 7923 11857 2594 21242 7546 6874 4977 6176 11346 8163 1602 11257 7386 10264 7250 8988 15886 2132 4087 452 9287 480 1752 3118 255 1877 2507 1821 9519
internal_value=-0.000304143 -0.0193727 -0.0103677 0.049733 -0.0363772 -0.00304288 0.0353381 -0.0285033 0.00338562 -0.0229872 0.0606526 0.0422277 0.00821274 -0.0208762 -0.0454757 -0.0152535 -0.0120536 -0.0267744 0.0254707 0.0557911 -0.00311349 -0.00870403 -0.0489507 0.0207831 -0.0123753 0.0605923 0.062053 -0.0258663 0.00877342 -0.0356982
internal_weight=25656.6 18577.1 12145.3 7079.52 6431.77 7684.81 3053.81 3447.89 4485.05 4460.54 4025.71 1798.24 2573.57 1673.69 2983.87 1466.29 3199.75 2994.25 1255.56 2052.2 1911.48 2111.76 1981.63 850.201 1251.43 1122.87 1062.29 1081.66 315.775 1774.21
internal_count=193560 161245 96947 32315 64298 57384 15339 32312 31563 39563 16976 8476 17433 14870 31986 12331 25821 27232 6863 8813 14130 16833 21722 4731 10368 4726 4471 9893 2273 17442
is_linear=0
shrinkage=0.05


Tree=12
num_leaves=31
num_cat=0
split_feature=0 0 1 1 0 6 1 1 6 6 1 1 6 1 6 1 0 1 3 7 0 1 6 6 1 7 1 2 3 7
split_gain=8792.7 1083.5 416.784 400.661 182.64 162.097 73.2149 68.6764 52.1891 49.6422 40.775 30.15 29.2421 28.8663 28.7919 27.2566 25.9033 25.834 24.0122 23.0152 20.9492 20.6558 19.9153 18.2615 18.0781 16.0241 15.8622 15.1353 14.6669 14.6217
threshold=1.5000000000000002 4.5000000000000009 5.0050000000000008 5.245000000000001 5.5000000000000009 3.5000000000000004 5.3150000000000004 6.1650000000000009 1.5000000000000002 2.5000000000000004 3.9750000000000005 5.7250000000000005 2.5000000000000004 6.1150000000000011 2.5000000000000004 4.5250000000000012 3.5000000000000004 4.1450000000000005 36.010000000000012 1.2500000000000002 3.5000000000000004 6.2350000000000012 1.5000000000000002 1.5000000000000002 5.8750000000000009 2.2500000000000004 6.5950000000000006 6.5450000000000008 45.025000000000006 0.75000000000000011
decision_type=2 2 2 2 2 8 2 2 10 8 2 2 8 2 8 2 2 2 2 8 2 2 10 10 2 10 2 2 2 10
left_child=3 2 9 10 6 8 25 12 21 15 23 27 -5 19 -8 -2 24 -11 -12 -6 29 -4 -9 -1 28 -3 -16 -10 -7 -13
right_child=1 4 5 7 13 16 14 22 11 17 18 20 -14 -15 26 -17 -18 -19 -20 -21 -22 -23 -24 -25 -26 -27 -28 -29 -30 -31
leaf_value=0.032789026119205603 -0.019926572688433966 -0.035238984481368647 0.0050619111928034959 0.053559511461239308 -0.048825549600444274 -0.015426756021980702 -0.01126891568177526 0.066197881581696857 -0.010262642542337335 -0.031714059743913538 0.028462935143658625 0.0056592933155866741 0.041957938978793748 -0.036733630243159315 -0.028944042806332029 -0.0057379606004259081 -0.017870639965096032 -0.022137553080262808 0.040220179939512248 -0.016992202327409871 -0.0053079282386427852 0.016252022188191582 0.057076852618024324 0.010364130927615262 -0.0042818408786601033 0.031449530058387069 -0.015420045172121541 0.014150715976684193 0.0091820556588411619 0.074935434818784161
leaf_weight=123.55266870558262 911.69966845214367 1716.7972464635968 888.59087505936623 1182.0788427740335 2024.231281645596 839.63419114053249 587.01944119483232 907.86421105265617 840.24327086657286 1173.5296488329768 1162.0147885531187 1338.5550807863474 1004.8585895746946 795.06694175302982 756.92524275928736 538.34788242727518 1073.5589985921979 1761.0250245332718 693.41470745205879 58.41784231364727 580.77425229549408 769.53458988666534 1756.0604629814625 342.31527370214462 1193.8336380422115 9.055149704217909 303.85452261567116 68.674706466495991 65.25292232632637 7.6603385508060446
leaf_count=678 8116 17357 6059 5017 23116 7007 4977 3684 6552 11346 5774 9385 4481 8340 7182 4215 8988 15886 3395 530 4287 4714 7271 2015 9287 85 2711 517 539 49
internal_value=-0.000305368 -0.0186941 -0.00993196 0.0466199 -0.035585 -0.00289982 -0.0276918 0.0547949 0.00320864 -0.0222274 0.0295363 -0.000911427 0.0482288 -0.0448385 -0.0201535 -0.0146589 -0.0115534 -0.0259672 0.0328569 -0.0479326 0.00262928 0.0102552 0.0601853 0.0163114 -0.00832197 -0.0348891 -0.0250702 -0.00841805 -0.0136522 0.00605349
internal_weight=25474.4 18302.3 12050.9 7172.16 6251.37 7666.31 3373.65 4850.86 4494.03 4384.6 2321.3 2835.91 2186.94 2877.72 1647.8 1450.05 3172.28 2934.55 1855.43 2082.65 1926.99 1658.13 2663.92 465.868 2098.72 1725.85 1060.78 908.918 904.887 1346.22
internal_count=193560 161245 96947 32315 64298 57384 32312 20453 31563 39563 11862 20790 9498 31986 14870 12331 25821 27232 9169 23646 13721 10773 10955 2693 16833 17442 9893 7069 7546 9434
is_linear=0
shrinkage=0.05


Tree=13
num_leaves=31
num_cat=0
split_feature=0 0 1 1 0 6 1 1 6 1 1 1 1 6 6 7 1 6 7 1 6 1 6 7 6 5 0 6 2 5
split_gain=7907.33 1030.63 386.482 365.366 180.825 147.519 71.0168 66.1194 47.781 47.612 34.2776 33.3013 29.2945 27.2728 27.1809 25.473 24.4037 23.2381 22.9917 21.678 21.4534 19.9984 19.2361 19.2019 18.0799 17.2851 18.9391 16.4201 15.6969 15.3392
threshold=1.5000000000000002 4.5000000000000009 5.0050000000000008 5.6150000000000011 5.5000000000000009 3.5000000000000004 5.9150000000000009 4.6250000000000009 3.5000000000000004 6.4150000000000009 6.4050000000000011 3.5150000000000001 5.8950000000000005 4.5000000000000009 1.5000000000000002 -1.0000000180025095e-35 5.8750000000000009 1.5000000000000002 2.2500000000000004 4.0250000000000012 1.5000000000000002 3.5150000000000001 1.5000000000000002 1.2500000000000002 3.5000000000000004 6.6350000000000007 2.5000000000000004 1.5000000000000002 4.9150000000000009 6.8150000000000004
decision_type=2 2 2 2 2 8 2 2 8 2 2 2 2 10 10 10 2 8 10 2 10 2 8 8 8 10 2 10 2 8
left_child=3 2 8 7 6 9 18 21 11 14 22 -2 23 -9 -4 -11 -7 -8 24 -10 -13 -1 -5 -6 -3 -17 -27 -14 -22 -19
right_child=1 4 5 10 12 16 17 13 19 15 -12 20 27 -15 -16 25 -18 29 -20 -21 28 -23 -24 -25 -26 26 -28 -29 -30 -31
leaf_value=0.0066678645620297447 -0.031362848798463995 -0.027579764767926607 0.005747761853404719 0.056025690103381078 -0.048767300747283769 -0.016099856839175683 -0.0022138836586921783 0.039838139362071756 -0.033823194112056115 0.0028806488652242963 0.058261898666518985 -0.0057726259178646324 -0.023983104129109107 0.024039542126734703 -0.0042799281051371643 0.040093709663536661 -0.0072146662395847286 -0.01407956771577186 0.041141785873915919 -0.023182503411744576 -0.020704750392856283 0.024735890852009845 0.045812561594422388 -0.018081969572679414 -0.0366750561615177 0.024304384387803635 0.0081820033441567987 -0.040376380028643688 -0.0082593489749042161 -0.027391738236073167
leaf_weight=177.65162071585655 313.37354619055986 1026.953778706491 1051.0031060427427 682.85228963196278 1780.277566164732 1365.2809778228402 226.10780806839466 1518.3149586170912 725.96580176055431 683.9934261739254 2010.3929650038481 580.81420057266951 191.73889101296663 333.10001277923584 1892.8282307013869 67.368544295430183 1780.7554658874869 470.39811255782843 10.673994667828081 1405.0334002822638 939.78992668539286 1110.3670612871647 1419.3301949799061 52.485659122467041 1167.6232542172074 277.75448741018772 529.23313947021961 751.22186460345984 346.87156081199646 400.74445744603872
leaf_count=1083 2997 10237 7053 2788 21242 11599 1743 6874 7265 4561 8163 4807 2064 1602 14246 414 14222 4310 97 13127 8395 5780 6025 480 12237 1787 3502 8200 2972 3688
internal_value=-0.000305192 -0.0180324 -0.00951226 0.0437885 -0.0347973 -0.00276357 -0.0268909 0.0309434 -0.0214829 0.00304119 0.0535941 -0.01628 -0.0442041 0.0369957 -0.000699854 0.0101083 -0.0110706 -0.0164964 -0.0320629 -0.0268075 -0.013749 0.0222438 0.0491301 -0.0478886 -0.0324189 0.0157623 0.0137311 -0.037043 -0.0173496 -0.0202035
internal_weight=25290.3 18038.3 11960.1 7252.01 6078.23 7648.22 3302.5 3139.43 4311.85 4502.18 4112.58 2180.85 2775.72 1851.41 2943.83 1558.35 3146.04 1097.25 2205.25 2131 1867.48 1288.02 2102.18 1832.76 2194.58 874.356 806.988 942.961 1286.66 871.143
internal_count=193560 161245 96947 32315 64298 57384 32312 15339 39563 31563 16976 19171 31986 8476 21299 10264 25821 9741 22571 20392 16174 6863 8813 21722 22474 5703 5289 10264 11367 7998
is_linear=0
shrinkage=0.05


Tree=14
num_leaves=31
num_cat=0
split_feature=0 0 1 1 0 6 1 1 6 2 6 1 3 0 6 6 3 1 8 6 7 6 3 5 3 1 6 6 1 1
split_gain=7120.35 979.384 359.663 331.639 178.83 114.7 82.2807 69.3937 55.3061 55.2046 37.0037 29.6144 28.1939 27.3858 26.0736 25.2978 24.4593 23.1112 20.3679 19.5867 19.1297 18.7964 20.8809 18.092 16.5381 16.2379 16.1102 15.7378 14.9303 14.5192
threshold=1.5000000000000002 4.5000000000000009 5.5050000000000008 5.5650000000000004 5.5000000000000009 2.5000000000000004 4.4450000000000012 5.3150000000000004 4.5000000000000009 4.535000000000001 3.5000000000000004 5.8950000000000005 39.715000000000011 3.5000000000000004 2.5000000000000004 3.5000000000000004 29.005000000000006 6.9750000000000005 0.075000000000000025 1.5000000000000002 1.2500000000000002 1.5000000000000002 34.725000000000001 7.0750000000000011 24.930000000000003 5.8750000000000009 1.5000000000000002 3.5000000000000004 6.6450000000000005 3.6150000000000007
decision_type=2 2 2 2 2 8 2 2 8 2 8 2 2 2 8 10 2 2 10 8 8 10 2 10 2 2 10 8 2 2
left_child=3 2 6 9 7 13 18 27 12 15 17 20 -8 25 -9 24 -7 23 -2 -20 -6 -11 -23 -5 -1 -4 -13 -3 -16 -26
right_child=1 4 5 10 11 16 8 14 -10 21 -12 26 -14 -15 28 -17 -18 -19 19 -21 -22 22 -24 -25 29 -27 -28 -29 -30 -31
leaf_value=0.010864207256452598 -0.019615582499689966 -0.0280984537039492 0.0017749674759836528 0.051445398482339047 -0.048267580180849853 -0.012884115709481362 -0.011701248696404763 -0.010178271483257628 -0.022536128701260448 0.043632896495727089 0.042731950990349266 -0.023233796578278954 0.00098714922691224062 -0.00037022341607272731 -0.027145697276961023 0.011975537804463294 -0.0036354428101823787 0.062813445638567375 -0.014757225005861388 -0.031244421079295082 -0.017419258541373793 0.026083396390849962 0.039682621545921663 -0.013111105659448003 0.010748439476614515 0.013482929757653634 -0.039649219856157714 -0.037922972486135513 -0.013497812757806772 0.031385758662315723
leaf_weight=150.00020335614681 1085.6716182902455 764.95481116324663 375.07576975226402 2550.9528392106295 1710.543827727437 1019.6058502048254 1843.3351046815515 575.90661306679249 1027.3313347473741 449.99813483655453 1192.788906827569 188.12007514387369 574.17628961801529 749.83350317180157 746.90010151267052 470.49990181624889 2391.8389706090093 511.31366486847401 212.37151373922825 1186.8678574934602 51.776765584945679 694.73724848031998 475.43201944231987 10.899280995130537 96.726628571748734 1407.3042404651642 727.35903614759445 872.63216404616833 273.8702025488019 716.85910038650036
leaf_count=745 10577 7923 2608 10429 21242 8119 15235 4977 9356 2027 4970 2064 4643 5005 7386 2560 18717 2054 1947 11713 480 3280 2222 45 563 9027 8200 9519 2507 3420
internal_value=-0.000303856 -0.0173868 -0.0091075 0.0412016 -0.0340145 -0.000415466 -0.0178199 -0.0261019 -0.0128176 0.0286241 0.0502067 -0.0435715 -0.00868766 0.00764656 -0.0186847 0.0214792 -0.00639967 0.0531079 -0.0247546 -0.0287421 -0.0473613 0.0349484 0.0316087 0.0511707 0.0261196 0.0110192 -0.036276 -0.0333337 -0.023484 0.0289322
internal_weight=25105.7 17785.5 11873.4 7320.21 5912.06 5943.66 5929.75 3234.26 3444.84 3054.25 4265.95 2677.8 2417.51 2532.21 1596.68 1434.09 3411.44 3073.17 2484.91 1399.24 1762.32 1620.17 1170.17 2561.85 963.586 1782.38 915.479 1637.59 1020.77 813.586
internal_count=193560 161245 96947 32315 64298 43476 53471 32312 29234 14817 17498 31986 19878 16640 14870 7288 26836 12528 24237 13660 21722 7529 5502 10474 4728 11635 10264 17442 9893 3983
is_linear=0
shrinkage=0.05


Tree=15
num_leaves=31
num_cat=0
split_feature=0 0 1 1 0 6 1 1 6 6 1 1 6 6 0 0 6 2 1 6 1 6 7 5 1 2 6 6 0 5
split_gain=6418.1 929.705 333.739 304.342 176.679 125.008 66.8652 65.7837 44.3825 40.5848 31.0775 29.9187 28.5473 24.5525 24.3534 23.9761 21.9328 21.4398 20.8 20.6322 19.591 19.4087 19.0479 18.5501 15.9573 15.9431 15.7919 15.4439 15.3541 15.6856
threshold=1.5000000000000002 4.5000000000000009 5.0050000000000008 5.1250000000000009 5.5000000000000009 3.5000000000000004 5.3150000000000004 6.1050000000000013 3.5000000000000004 1.5000000000000002 3.5150000000000001 5.8950000000000005 4.5000000000000009 2.5000000000000004 3.5000000000000004 3.5000000000000004 1.5000000000000002 4.535000000000001 4.0250000000000012 1.5000000000000002 6.495000000000001 1.5000000000000002 1.2500000000000002 6.6150000000000011 3.8250000000000006 5.535000000000001 1.5000000000000002 3.5000000000000004 3.5000000000000004 6.8250000000000011
decision_type=2 2 2 2 2 8 2 2 8 10 2 2 10 8 2 2 8 2 2 10 2 10 8 10 2 2 10 8 2 10
left_child=3 2 8 12 6 9 27 16 10 23 -2 22 17 -8 -7 20 -5 -1 -10 -9 -11 -12 -6 -4 -14 -18 -13 -3 29 -25
right_child=1 4 5 7 11 14 13 19 18 15 21 26 24 -15 -16 -17 25 -19 -20 -21 -22 -23 -24 28 -26 -27 -28 -29 -30 -31
leaf_value=0.021034208558255704 -0.029913573952280448 -0.027305406455958987 0.025276900537363756 0.046415173292669747 -0.047771409063415995 -0.00705704825204198 -0.0097434266295845506 0.056289271873412143 -0.032370592737226589 -0.001078115567047291 -0.0049395618268463217 -0.022496469138693964 -0.0090270410111732563 -0.022728296365174878 -0.016433932320485897 -0.0078482351446858556 0.03079561741211382 0.032203211445517403 -0.021723922963832371 0.047373827555248105 0.0097588023989775147 -0.016045684526842373 -0.016773402555011488 0.0071948114589568809 0.01603664012355999 0.040761447271351843 -0.038923192132527339 -0.037164790017262903 -0.00057747209571990703 0.02148393535905704
leaf_weight=986.05202521383762 300.44871654361486 748.24431634694338 158.20032338798046 708.93536965548992 1643.5945318639278 2056.3253666609526 571.64012777805328 981.9709035307169 692.67224707454443 1383.7157745659351 573.25554446876049 184.66097315400839 77.910605624318123 1002.4806963726878 1043.992121130228 850.63187523186207 790.32415370643139 761.47827707231045 1358.4025726914406 1913.4031281322241 596.9721711575985 1253.6686221882701 51.099497079849243 831.97451436519623 343.47018672525883 815.32797306776047 704.46530966460705 846.57963787764311 440.81986182928085 249.69930095970631
leaf_count=4962 2997 7923 997 2929 21242 16833 4977 3933 7265 10316 4807 2064 493 9893 8988 6460 3456 3575 13127 7757 4014 11367 480 5309 1755 3455 8200 9519 2869 1598
internal_value=-0.000301516 -0.0167571 -0.00871723 0.0388223 -0.0332356 -0.00248489 -0.0253234 0.0453741 -0.0200714 0.00282638 -0.0150115 -0.0429396 0.0230842 -0.0180129 -0.0102146 -0.000827187 0.0390903 0.0259011 -0.0253194 0.0503975 0.00218809 -0.0125608 -0.0468367 0.00898122 0.0114025 0.0358561 -0.0355116 -0.0325391 0.00728795 0.0104934
internal_weight=24922.4 17543.5 11790.8 7378.87 5752.77 7612.33 3168.94 5209.96 4178.45 4512.01 2127.37 2583.82 2168.91 1574.12 3100.32 2831.32 2314.59 1747.53 2051.07 2895.37 1980.69 1826.92 1694.69 1680.69 421.381 1605.65 889.126 1594.82 1522.49 1081.67
internal_count=193560 161245 96947 32315 64298 57384 32312 21530 39563 31563 19171 31986 10785 14870 25821 20790 9840 8537 20392 11690 14330 16174 21722 10773 2248 6911 10264 17442 9776 6907
is_linear=0
shrinkage=0.05


Tree=16
num_leaves=31
num_cat=0
split_feature=0 0 1 1 0 6 1 1 1 6 1 1 3 6 2 7 3 0 7 6 5 1 6 2 6 8 1 3 1 2
split_gain=5790.98 881.526 311.084 278.716 174.365 94.5619 73.1466 64.4163 50.3302 50.2194 30.9455 30.2779 27.1398 25.246 24.0575 22.8469 22.5005 21.8987 21.8809 20.6492 20.3591 17.762 16.805 15.2826 14.4657 15.1395 13.9468 13.7061 13.6683 13.2592
threshold=1.5000000000000002 4.5000000000000009 5.5050000000000008 5.6150000000000011 5.5000000000000009 2.5000000000000004 4.5250000000000012 5.9150000000000009 4.5250000000000012 4.5000000000000009 6.7750000000000012 6.1150000000000011 41.07500000000001 1.5000000000000002 4.8250000000000011 0.75000000000000011 29.005000000000006 3.5000000000000004 2.2500000000000004 2.5000000000000004 6.8150000000000004 4.6450000000000005 4.5000000000000009 7.2550000000000008 1.5000000000000002 0.075000000000000025 5.8750000000000009 23.410000000000004 1.5650000000000002 5.3750000000000009
decision_type=2 2 2 2 2 8 2 2 2 8 2 2 2 8 2 8 2 2 10 10 8 2 10 2 8 10 2 2 2 2
left_child=3 2 6 8 7 17 14 18 22 12 13 15 -8 -5 24 -6 27 26 21 -10 -9 28 29 -15 -2 -26 -4 -7 -3 -1
right_child=1 4 5 10 11 16 9 20 19 -11 -12 -13 -14 23 -16 -17 -18 -19 -20 -21 -22 -23 -24 -25 25 -27 -28 -29 -30 -31
leaf_value=0.01872655390510946 -0.015538305879762931 -0.015860888524290257 0.0014007008569975898 0.04907681244638859 -0.04693908153759347 -0.0058715753240716623 -0.010082672318610554 -0.0088031026466372387 0.035278877619736033 -0.021240444577958942 0.05244836692603471 -0.033556163537315616 0.0038453000350800676 0.038115109443994759 -0.012350725923861324 -0.01827350506602525 -0.0031267111803603403 -0.00021916614203525009 0.041952445120741207 0.025257753269786722 -0.022956352113050412 -0.025472521295387435 0.0056087866758394271 0.052926318139001442 -0.021519798753534356 -0.030666148091875102 0.012216631223147523 -0.017568548147439796 -0.036588405641082462 0.041170682772654281
leaf_weight=872.76535098254681 346.88626706600189 87.032080799341202 376.80896928906441 1018.2155176401138 1713.4221839234233 473.94729881733656 1777.6005085557699 629.21051799505949 1045.7425110340118 920.2425134703517 1079.404813349247 707.80223622918129 435.43730406463146 1897.2177858352661 462.42466213554144 72.449007414281368 2373.6888087615371 748.27958728373051 10.593616627156733 1011.0647795945406 426.19570114463568 1030.0856779813766 240.30841413140297 191.76792353391647 803.46465933322906 1035.5746792256832 1425.942545324564 531.06373257189989 923.33793683350086 71.17008538544178
leaf_count=4480 3221 976 2608 4087 22896 3830 14833 5695 4531 8611 4325 8340 3514 7786 4480 750 18717 5005 97 4632 4046 11122 1354 778 8169 10643 9027 4289 10376 342
internal_value=-0.000298288 -0.016144 -0.00834185 0.036633 -0.0324605 -0.000295235 -0.0165946 -0.0245557 0.0256249 -0.0114241 0.045155 -0.0423077 -0.0073422 0.0426213 -0.0227118 -0.0457762 -0.00578171 0.0069713 -0.0297206 0.0303528 -0.0145185 -0.0300927 0.0174135 0.0394748 -0.0249036 -0.0266702 0.0099559 -0.0120524 -0.034803 0.0204188
internal_weight=24739.1 17311.5 11711.4 7427.66 5600.13 5929.73 5781.63 3106.46 3241.05 3133.28 4186.61 2493.67 2213.04 3107.2 2648.35 1785.87 3378.7 2551.03 2051.05 2056.81 1055.41 2040.46 1184.24 2088.99 2185.93 1839.04 1802.75 1005.01 1010.37 943.935
internal_count=193560 161245 96947 32315 64298 43476 53471 32312 15339 26958 16976 31986 18347 12651 26513 23646 26836 16640 22571 9163 9741 22474 6176 8564 22033 18812 11635 8119 11352 4822
is_linear=0
shrinkage=0.05


Tree=17
num_leaves=31
num_cat=0
split_feature=0 0 1 1 0 6 1 1 1 6 3 1 6 5 0 6 1 7 2 7 1 3 6 1 6 3 6 6 3 1
split_gain=5229.14 834.918 287.038 256.656 171.865 94.4115 62.1777 53.5672 52.5627 37.4389 33.5927 30.6057 30.4086 25.1825 23.9732 23.5232 22.3217 20.7706 20.0864 18.9282 17.506 17.3995 17.3273 16.2142 15.9094 15.6305 15.4864 14.7177 14.0675 13.2341
threshold=1.5000000000000002 4.5000000000000009 5.245000000000001 5.7250000000000005 5.5000000000000009 3.5000000000000004 5.3150000000000004 4.8650000000000011 4.1450000000000005 4.5000000000000009 36.95000000000001 5.8950000000000005 1.5000000000000002 6.7650000000000006 3.5000000000000004 1.5000000000000002 6.8550000000000013 1.2500000000000002 6.6550000000000011 1.2500000000000002 3.5150000000000001 29.005000000000006 1.5000000000000002 6.6150000000000011 1.5000000000000002 33.395000000000003 3.5000000000000004 3.5000000000000004 36.010000000000012 3.5150000000000001
decision_type=2 2 2 2 2 8 2 2 2 8 2 2 8 10 2 8 2 10 2 8 2 2 10 2 10 2 8 8 2 2
left_child=3 2 8 7 6 10 26 20 27 22 14 19 -5 -9 -4 -8 -14 -16 -12 -6 -1 -7 25 -17 -13 -10 -3 29 -22 -2
right_child=1 4 5 12 11 21 15 13 9 -11 18 24 16 -15 17 23 -18 -19 -20 -21 28 -23 -24 -25 -26 -27 -28 -29 -30 -31
leaf_value=0.0038956032785931217 -0.028478385952766611 -0.025629065945810055 0.0030781522432975651 0.049659625244207445 -0.046792031361595883 -0.014568443019220332 -0.0042014498976122019 0.037530322829241243 -0.011722739117639358 -0.021732053556661107 0.0057646891078713923 -0.020615667883121122 0.037790152422443268 0.025675169686448902 -0.0081092566327671308 -0.023400906556281346 0.048742728356131027 0.10238371871088417 0.018639884928521529 -0.015451071246904844 0.016531445123854304 -0.005910089871019937 -0.01263196116096434 -0.010688733164258219 -0.037517109034704878 0.0050872343935536631 -0.03575456628967201 -0.029679681329969676 0.026404751586307874 -0.014984630046679565
leaf_weight=182.9816038608551 288.35665275901556 714.59243779629469 1844.4154130220413 1301.4915288686752 1518.5489712953568 842.15313818305731 302.4076704531908 791.02317115664482 251.72487310320139 1003.6417747214437 1068.8326214179397 176.26871801912785 2020.2776025831699 1032.8133376538754 753.4399843737483 877.7416710704565 604.35551273822784 4.2773782834410659 422.73376483470201 49.753886461257935 956.2450929582119 1865.6946202591062 1708.9860578104854 351.20804771780968 662.69764304161072 306.86076224595308 800.7951605245471 783.21630378067493 579.34680816531181 491.28211215138435
leaf_count=1083 2997 7923 12603 5213 21242 7126 2510 3388 2024 9866 7310 2064 8210 4508 5426 9032 2419 29 2758 480 4696 15404 15567 3328 8200 2434 9519 8573 2798 4830
internal_value=-0.000294369 -0.0155468 -0.00798039 0.0346065 -0.031689 -0.00135978 -0.0237995 0.0248485 -0.0172956 -0.0136918 0.00343129 -0.0416742 0.0434108 0.0308169 2.10871e-06 -0.016694 0.0403121 -0.00748551 0.00941373 -0.0457977 0.0185145 -0.00860288 -0.0101332 -0.019768 -0.0339661 -0.00248813 -0.0309798 -0.0248387 0.0202564 -0.0199754
internal_weight=24558.2 17089.6 11635.6 7468.53 5454.01 6801.55 3046.74 3542.41 4834.07 3271.21 4093.7 2407.27 3926.12 1823.84 2602.13 1531.36 2624.63 757.717 1491.57 1568.3 1718.57 2707.85 2267.57 1228.95 838.966 558.586 1515.39 1562.86 1535.59 779.639
internal_count=193560 161245 96947 32315 64298 50656 32312 16473 46291 29891 28126 31986 15842 7896 18058 14870 10629 5455 10068 21722 8577 22530 20025 12360 10264 4458 17442 16400 7494 7827
is_linear=0
shrinkage=0.05


Tree=18
num_leaves=31
num_cat=0
split_feature=0 0 1 1 0 6 2 1 1 6 6 1 1 6 6 5 6 8 7 6 0 3 3 6 3 6 1 7 5 3
split_gain=4724.82 789.96 267.851 236.271 169.167 73.7799 73.2459 59.6559 53.2433 35.6593 32.4972 30.8412 30.6589 26.9764 22.1842 21.7233 19.2648 19.0662 18.9319 16.2884 16.1088 15.8634 15.8041 15.5355 15.2193 15.1365 15.1263 16.9053 15.03 14.8865
threshold=1.5000000000000002 4.5000000000000009 5.6250000000000009 5.8050000000000006 5.5000000000000009 2.5000000000000004 4.8250000000000011 5.3150000000000004 4.8650000000000011 4.5000000000000009 1.5000000000000002 5.8950000000000005 4.6050000000000013 2.5000000000000004 2.5000000000000004 6.7650000000000006 4.5000000000000009 0.10500000000000002 0.75000000000000011 4.5000000000000009 3.5000000000000004 36.345000000000006 45.250000000000007 1.5000000000000002 41.335000000000008 3.5000000000000004 6.5150000000000006 -1.0000000180025095e-35 6.7750000000000012 50.115000000000002
decision_type=2 2 2 2 2 8 2 2 2 8 8 2 2 8 8 10 8 8 8 10 2 2 2 10 2 8 2 10 8 2
left_child=3 2 6 8 7 26 9 25 19 12 21 18 -2 -5 -9 24 -7 20 -6 -1 -12 -8 -11 -13 -10 -3 -4 -28 -16 -19
right_child=1 4 5 13 11 16 10 14 15 22 17 23 -14 -15 28 -17 -18 29 -20 -21 -22 -23 -24 -25 -26 -27 27 -29 -30 -31
leaf_value=0.019869728130318523 -0.020484167112866523 -0.024866353718015835 0.003527459535154986 0.045412414023043475 -0.046457783206396069 -0.0013424243679750628 -0.0036810978941510643 -0.0081319932478011846 0.03212893926287172 -0.028190131194804593 -0.0024064539881793979 -0.019924498929289658 -0.0092680950520867156 0.036846155592152097 -0.011774638101652699 0.024815554999291011 -0.0093161359771193313 -0.017895754387997398 -0.018744013861875148 0.0077267979064504361 -0.014993731011292422 0.016029109676732083 -0.004908043176845232 -0.036791956087875097 0.049008243255055539 -0.03500095613497578 0.0039388884790355558 0.01701099525918353 -0.025101843597871976 0.019288674039319883
leaf_weight=1386.8457269519567 1519.6015229150653 700.06051213294268 1393.3755474537611 2090.320721745491 1444.2506868392229 1768.725148178637 242.96622087806463 556.03606456518173 730.75701855123043 1070.6480922102928 764.4316139370203 173.34011212736368 1017.0626335442066 1640.2066856771708 316.13613243401051 1146.1559465229511 1324.9400888979435 781.9447051435709 64.369653157889843 344.83458940684795 380.79822014272213 176.0524754524231 78.214645996689796 642.48841091245413 163.40693275630474 777.72660012543201 424.88192838430405 591.84482139348984 639.49001879990101 27.875505156815052
leaf_count=6732 15343 7923 9313 8382 21035 13621 1843 4977 3098 11172 6851 2064 8496 6628 3231 4947 11088 7145 687 1845 3477 1304 819 8200 683 9519 2649 3584 6662 242
internal_value=-0.000289885 -0.0149656 -0.00763257 0.0327239 -0.0309229 0.000352269 -0.014885 -0.0230563 0.0238998 -0.019297 -0.00803573 -0.04104 -0.0159871 0.0416461 -0.0160727 0.0293725 -0.00475737 -0.010744 -0.0452753 0.0174517 -0.00659183 0.00460023 -0.0266051 -0.0332081 0.0352136 -0.0302 0.00691112 0.0115483 -0.020693 -0.0166158
internal_weight=24379.8 16877.3 11563.4 7502.53 5313.9 5503.77 6059.6 2989.45 3772 3685.53 2374.07 2324.45 2536.66 3730.53 1511.66 2040.32 3093.67 1955.05 1508.62 1731.68 1145.23 419.019 1148.86 815.829 894.164 1477.79 2410.1 1016.73 955.626 809.82
internal_count=193560 161245 96947 32315 64298 40255 56692 32312 17305 35830 20862 31986 23839 15010 14870 8728 24709 17715 21722 8577 10328 3147 11991 10264 3781 17442 15546 6233 9893 7387
is_linear=0
shrinkage=0.05


Tree=19
num_leaves=31
num_cat=0
split_feature=0 0 1 1 0 6 1 2 2 6 1 6 7 0 6 6 7 8 2 5 6 1 6 5 7 0 3 1 3 5
split_gain=4271.29 746.526 247.123 217.433 166.303 88.3256 57.5828 50.5177 38.2846 31.2806 31.0815 25.1744 22.8145 22.612 22.173 20.8923 20.6383 20.0876 19.5432 18.3022 18.1974 17.1491 16.3974 16.0496 15.96 15.9256 15.4709 14.7044 14.3852 14.2865
threshold=1.5000000000000002 4.5000000000000009 5.0050000000000008 5.8050000000000006 5.5000000000000009 3.5000000000000004 5.9150000000000009 4.535000000000001 4.6550000000000011 1.5000000000000002 6.1150000000000011 2.5000000000000004 0.75000000000000011 3.5000000000000004 1.5000000000000002 3.5000000000000004 2.2500000000000004 0.075000000000000025 6.705000000000001 6.8150000000000004 2.5000000000000004 4.5250000000000012 1.5000000000000002 6.6150000000000011 0.75000000000000011 3.5000000000000004 24.930000000000003 1.5650000000000002 34.725000000000001 6.5950000000000006
decision_type=2 2 2 2 2 8 2 2 2 10 2 8 8 2 8 10 10 10 2 8 8 2 10 10 10 2 2 2 2 10
left_child=3 2 8 7 6 9 16 15 14 23 12 -5 -6 -7 29 26 21 -16 24 -8 -10 27 -9 -4 25 -11 -1 -3 -24 -2
right_child=1 4 5 11 10 13 19 22 20 18 -12 -13 -14 -15 17 -17 -18 -19 -20 -21 -22 -23 28 -25 -26 -27 -28 -29 -30 -31
leaf_value=0.0056380918870276913 0.028412027311798649 -0.012928732753045175 0.022748830236573647 0.043181406650757051 -0.045439039858838758 -0.0055550573241648273 -0.0072675985891373779 0.034393194758005258 -0.0019944528435983998 -0.00068769920920702513 -0.031204338415070382 0.034910578942150917 -0.016052502021631585 -0.014726422721819699 -0.017511022102773648 0.0075074356772824175 0.042264977307378888 -0.027097259329558789 0.0065469882813039646 -0.020947955949223745 -0.014600643864962523 -0.023545277235654544 0.020857324596310126 0.0061974598708988528 0.050073163678003019 -0.010139507813111837 0.022266391282577899 -0.035221944837751283 0.030569308236069487 -0.012750095681872764
leaf_weight=165.05557192862034 22.173244088888168 81.80753955245018 161.85543408989906 2088.4431330263615 1524.4010104611516 2007.6407171264291 612.80002056062222 614.74899366497993 433.7190128788352 1494.8672871664166 651.68509652465582 1644.47145357728 69.038385324180126 1010.247016876936 972.85322785377502 516.44468362629414 10.562085978686808 1246.8873245120049 684.7100870385766 406.76657444238663 842.08778245002031 1050.9568565040827 945.74616919457912 1540.4008001983166 13.990409553050993 634.96336290240288 917.152713149786 771.84552503377199 638.81021635234356 427.52147003263235
leaf_count=783 203 976 997 8382 22896 16833 5695 2603 3720 10972 8340 6628 750 8988 10113 2678 97 13147 4781 4046 8473 12107 4189 9776 99 4938 4253 9391 2799 3907
internal_value=-0.000284989 -0.0144008 -0.00729848 0.0309682 -0.0301606 -0.00199826 -0.0223246 0.0225454 -0.0174397 0.00241585 -0.0404035 0.0395378 -0.0441658 -0.0086252 -0.0208448 0.0157817 -0.0274347 -0.0228959 -0.000807098 -0.0127255 -0.0103151 -0.0278213 0.0274618 0.00777121 -0.0031559 -0.00350555 0.0197303 -0.0330855 0.0247727 -0.0107205
internal_weight=24204.7 16673.8 11493.9 7530.87 5179.86 7548.68 2934.74 3797.96 3945.24 4530.79 2245.12 3732.91 1593.44 3017.89 2669.44 1598.65 1915.17 2219.74 2828.53 1019.57 1275.81 1904.61 2199.31 1702.26 2143.82 2129.83 1082.21 853.653 1584.56 449.695
internal_count=193560 161245 96947 32315 64298 57384 32312 17305 39563 31563 31986 15010 23646 25821 27370 7714 22571 23260 20790 9741 12193 22474 9591 10773 16009 15910 5036 10367 6988 4110
is_linear=0
shrinkage=0.05


Tree=20
num_leaves=31
num_cat=0
split_feature=0 0 1 1 0 1 6 1 1 6 2 3 1 6 6 8 8 7 3 6 1 6 2 0 0 3 5 8 6 3
split_gain=3862.89 704.682 231.016 201.914 163.257 65.6728 60.5666 55.0319 44.9868 40.4616 31.5753 28.5032 22.1956 21.3919 20.9415 18.9915 18.9832 18.8365 17.8101 16.4744 15.2276 15.084 14.7539 14.4901 14.2395 16.0154 15.9641 13.8319 13.3465 13.0521
threshold=1.5000000000000002 4.5000000000000009 5.6250000000000009 5.2750000000000012 5.5000000000000009 4.4450000000000012 2.5000000000000004 5.3150000000000004 6.285000000000001 4.5000000000000009 6.0950000000000006 39.715000000000011 3.9750000000000005 2.5000000000000004 1.5000000000000002 0.075000000000000025 0.23500000000000001 0.75000000000000011 29.195000000000004 1.5000000000000002 6.6150000000000011 3.5000000000000004 7.745000000000001 3.5000000000000004 3.5000000000000004 45.250000000000007 7.0050000000000008 -0.014999999999999998 1.5000000000000002 33.525000000000013
decision_type=2 2 2 2 2 2 8 2 2 8 2 2 2 8 8 10 8 10 2 8 2 8 2 2 2 2 8 8 10 2
left_child=3 2 5 12 7 15 23 21 13 11 17 22 -1 16 -9 -2 -5 -6 -8 -17 -16 -3 28 -4 25 27 -27 -11 -7 -15
right_child=1 4 6 8 10 9 18 14 -10 24 -12 -13 -14 29 20 19 -18 -19 -20 -21 -22 -23 -24 -25 -26 26 -28 -29 -30 -31
leaf_value=0.008516918340169051 -0.015392546274295855 -0.02324719830381021 0.0087956768378637962 0.036321935631782425 -0.044623435158085797 -0.0024160406124514684 -0.010057837628468833 -0.0029844097922232908 0.040189663836673467 0.0024199592938192473 -0.02987279285252218 0.0027843481848423834 0.02025205267145988 0.021137629846043698 -0.021469466080578387 -0.011479840386221688 0.010787307478098014 -0.018210169077219406 -0.0017566792846557149 -0.0271497751186844 -0.0089250749105373017 -0.033608728615948179 0.060513866633400339 0.00029678088278860579 -0.025918559701720131 0.0052014461270647669 0.1030142865265596 -0.018659652312232235 -0.011946898540663099 0.031583335498387079
leaf_weight=499.66994102299213 991.34806908667088 670.61781548708677 1717.3979262560606 1311.1920823007822 1510.4307037517428 486.51316912472248 924.66765047609806 296.82430424541235 2375.2814039885998 90.552529744803905 588.10099069029093 639.53185728937387 2081.191848769784 668.74426619708538 837.31603593379259 199.49620794504881 77.06424668431282 70.656363092362881 2145.1067664548755 1053.4170438870788 340.21723286807537 737.5377264469862 7.5289543196558943 708.38130682706833 368.44083622843027 37.833866737782955 4.6884568035602561 553.50555199384689 1499.2988078743219 540.9549315571785
leaf_count=2693 10577 7923 10845 5290 23160 3638 7631 2510 9543 877 8042 5180 9477 2772 9032 1947 311 784 17078 11713 3328 9519 59 4701 3649 357 44 5400 13251 2229
internal_value=-0.00027966 -0.0138515 -0.00697708 0.0293275 -0.0294024 -0.0138195 0.000408965 -0.021605 0.0352163 -0.00971554 -0.039764 -0.00640028 0.0179801 0.0306692 -0.0148533 -0.0205634 0.0349045 -0.0434431 -0.00425713 -0.0246547 -0.0178451 -0.0286742 -0.00934702 0.00631381 -0.017989 -0.0137337 0.0159862 -0.0156959 -0.00961189 0.0258088
internal_weight=24033.5 16479.4 11427.7 7554.1 5051.7 5932.16 5495.55 2882.51 4973.24 3687.89 2169.19 2632.87 2580.86 2597.96 1474.36 2244.26 1388.26 1581.09 3069.77 1252.91 1177.53 1408.16 1993.34 2425.78 1055.02 686.58 42.5223 644.058 1985.81 1209.7
internal_count=193560 161245 96947 32315 64298 56692 40255 32312 20145 32455 31986 22128 12170 10602 14870 24237 5601 23944 24709 13660 12360 17442 16948 15546 10327 6678 401 6277 16889 5001
is_linear=0
shrinkage=0.05


Tree=21
num_leaves=31
num_cat=0
split_feature=0 0 1 1 0 6 1 6 2 1 6 2 6 1 1 1 7 6 1 2 0 6 5 7 6 3 6 5 0 3
split_gain=3495.05 664.422 213.102 186.817 159.996 86.2895 52.8383 41.8272 38.4845 31.9867 29.907 29.4546 26.8974 26.7655 20.7556 19.408 18.7836 17.6229 17.5361 16.5922 16.3196 15.9914 15.0919 16.0377 15.0535 14.4673 14.3708 15.0079 13.44 13.1516
threshold=1.5000000000000002 4.5000000000000009 4.8050000000000006 5.7250000000000005 5.5000000000000009 4.5000000000000009 4.7250000000000005 1.5000000000000002 4.535000000000001 5.8950000000000005 1.5000000000000002 4.6050000000000013 1.5000000000000002 5.7250000000000005 6.8550000000000013 6.6150000000000011 1.2500000000000002 3.5000000000000004 6.5050000000000008 6.5650000000000004 3.5000000000000004 1.5000000000000002 6.5550000000000006 -1.0000000180025095e-35 3.5000000000000004 32.150000000000006 4.5000000000000009 6.8150000000000004 3.5000000000000004 41.07500000000001
decision_type=2 2 2 2 2 8 2 10 2 2 8 2 8 2 2 2 8 10 2 2 2 10 10 10 8 2 10 10 2 2
left_child=3 2 11 8 6 7 -3 22 17 16 -8 24 -5 19 -14 -12 -6 -1 28 29 -15 -11 -4 -24 -2 -13 -10 -28 -7 -9
right_child=1 4 5 12 9 18 10 13 26 21 15 25 14 20 -16 -17 -18 -19 -20 -21 -22 -23 23 -25 -26 -27 27 -29 -30 -31
leaf_value=0.017422052743189531 -0.016717033946689702 -0.030535498593707425 0.037494709805693846 0.041264475053327553 -0.044850885777748609 -0.010522857515560544 -0.003073001571604228 -0.010716914749259211 0.02616522763305959 -0.016898598081009769 -0.022118811874948373 -0.017344334108951604 0.030053091652699176 0.0034985372635079944 0.040622881490802634 -0.0085387937503027048 -0.012723572330694223 0.0061556706380419181 -0.0029260914063416509 0.01335204605547593 -0.0049827906394321738 -0.034666294250662165 0.00064048397075333228 0.010242352613113036 -0.024900765079035755 -0.0049343564283222171 0.027790720267249311 0.0075652433541336236 -0.020323818112954695 0.0014127599797201765
leaf_weight=1074.880180850625 1150.2547085657716 946.95165943354368 39.505745485424995 1290.7018582224846 1299.9791313707829 1033.5410267263651 358.93638186901808 1226.8897693604231 1666.0835601091385 161.39398547261953 1188.6608449071646 410.79790160804987 2040.9991070330143 1877.546644128859 601.28285101056099 337.88855537772179 47.145691618323326 512.63010616600513 481.50748105347157 92.139589741826057 812.68256698548794 588.05346881598234 744.14738895744085 1046.3982663974166 1098.6173812076449 548.30206584185362 150.35951970517635 235.18181572854519 528.72346193343401 273.24006062746048
leaf_count=4952 11648 12063 238 5213 21242 9247 3253 10583 7140 2064 13668 4136 8210 13397 2419 3328 480 2638 4072 731 6366 8200 4792 6645 12477 5398 678 1065 4977 2240
internal_value=-0.000274019 -0.0133182 -0.00666858 0.0277938 -0.0286495 -0.00237459 -0.0208992 0.000599176 0.0196292 -0.0391201 -0.0160595 -0.0175861 0.0353483 -0.0021046 0.0324584 -0.019113 -0.0437265 0.013784 -0.0112686 -0.00724262 0.000936441 -0.03084 0.00692628 0.00625183 -0.0207149 -0.0102497 0.0241522 0.0154531 -0.0138398 -0.00850756
internal_weight=23865.4 16293.3 11364.3 7572.12 4929.01 8156.32 2832.44 6112.55 3639.14 2096.57 1885.49 3207.97 3932.98 4282.5 2642.28 1526.55 1347.12 1587.51 2043.77 1592.27 2690.23 749.447 1830.05 1790.55 2248.87 959.1 2051.62 385.541 1562.26 1500.13
internal_count=193560 161245 96947 32315 64298 63288 32312 44992 16473 31986 20249 33659 15842 33317 10629 16996 21722 7590 18296 13554 19763 10264 11675 11437 24125 9534 8883 1743 14224 12823
is_linear=0
shrinkage=0.05


Tree=22
num_leaves=31
num_cat=0
split_feature=0 0 1 1 0 6 1 1 6 1 1 2 6 5 7 0 6 1 6 6 3 3 2 0 2 8 3 6 2 1
split_gain=3163.23 625.768 197.427 174.07 156.618 86.0282 50.6408 46.3381 40.495 32.0815 27.0992 22.304 20.547 19.2048 18.7513 18.2769 17.5399 19.0006 16.5639 15.5152 15.2417 15.1828 17.4321 14.736 14.3756 14.0086 13.9863 13.6074 13.5924 12.2657
threshold=1.5000000000000002 4.5000000000000009 4.6650000000000009 5.1250000000000009 5.5000000000000009 4.5000000000000009 5.6550000000000011 6.285000000000001 1.5000000000000002 5.8950000000000005 5.7250000000000005 4.6550000000000011 1.5000000000000002 6.8150000000000004 0.75000000000000011 3.5000000000000004 1.5000000000000002 3.7950000000000004 3.5000000000000004 1.5000000000000002 41.07500000000001 36.95000000000001 6.455000000000001 3.5000000000000004 6.035000000000001 0.17500000000000002 37.32500000000001 3.5000000000000004 6.5650000000000004 6.6550000000000011
decision_type=2 2 2 2 2 8 2 2 10 2 2 2 8 8 8 2 10 2 8 10 2 2 2 2 2 10 2 8 2 2
left_child=3 2 11 16 6 8 18 12 21 14 20 25 -5 26 -6 29 -1 -18 -3 -11 28 -4 -23 -12 -14 27 -8 -2 -10 -7
right_child=1 4 5 7 9 15 13 -9 10 19 23 -13 24 -15 -16 -17 17 -19 -20 -21 -22 22 -24 -25 -26 -27 -28 -29 -30 -31
leaf_value=0.022054931721733805 -0.013825126474273024 -0.020746778494164807 0.0028073120821527787 0.033435184773567099 -0.044527010001846362 -0.01011721846749522 -0.012189232175819664 0.036544542074780695 -0.010437278429009751 -0.016286319031243522 0.0033157620327313102 -0.010392095948032504 0.021375115256147027 -0.020113426496073023 -0.016052786215708534 -0.017761063144480036 -0.00020322058817470926 0.014472796262599234 -0.03097143107941254 -0.033939916975117911 0.0027634369942653881 0.0068903907815102278 0.023347821342693788 -0.0047505352278305454 0.030280876522979991 -0.028169584109960417 0.0026564108051056814 -0.023050313272311468 0.010584774168422358 0.0021113918055501615
leaf_weight=615.1399722546339 819.56276507675648 761.74917091429234 1146.4386906921864 898.26460778713226 1236.1591858826578 1168.9205248579383 473.7276417016983 2363.5088378936052 1369.4212193489075 159.14685585349798 1881.8768387660384 732.12641974538565 1353.7280937433243 485.46001645922661 60.655748270452023 718.50272241979837 261.33454304933548 1412.8848463892937 825.19026444107294 571.04302407056093 322.30226545035839 525.43209321051836 231.92614924907684 809.8680961355567 681.12130719423294 466.73829651623964 238.53838864713907 780.31146667897701 81.467321075499058 248.68324692547321
leaf_count=2778 8481 9235 7395 3627 21035 10587 4615 9543 12023 2064 13397 7433 5599 5099 687 6806 1469 6538 11072 8200 2661 3436 1368 6366 2761 5224 2291 9067 649 2054
internal_value=-0.000268111 -0.0128006 -0.00637226 0.0263552 -0.027902 -0.00258162 -0.0202057 0.0313347 0.000330726 -0.0384751 -0.00227271 -0.0178913 0.0271366 -0.0124444 -0.0431952 -0.0112647 0.0148348 0.012182 -0.0260635 -0.0300923 -0.00707203 0.00643651 0.0119302 0.000888847 0.0243561 -0.020548 -0.00721742 -0.0183246 -0.00925689 -0.00797201
internal_weight=23701.2 16115.2 11303.6 7585.98 4811.67 8504.84 2784.67 5296.62 6368.73 2027 4464.94 2798.74 2933.11 1197.73 1296.81 2136.11 2289.36 1674.22 1586.94 730.19 1773.19 1903.8 757.358 2691.74 2034.85 2066.61 712.266 1599.87 1450.89 1417.6
internal_count=193560 161245 96947 32315 64298 66742 32312 21530 47295 31986 35096 30205 11987 12005 21722 19447 10785 8007 20307 10264 15333 12199 4804 19763 8360 22772 6906 17548 12672 12641
is_linear=0
shrinkage=0.05


Tree=23
num_leaves=31
num_cat=0
split_feature=0 0 1 1 0 2 1 6 2 2 6 6 1 6 1 6 7 1 3 3 3 1 5 3 5 6 1 0 5 3
split_gain=2863.76 588.672 182.25 161.077 153.089 56.3569 49.5481 46.1107 37.018 32.5337 30.0115 27.4183 23.2995 23.1301 22.5108 22.4772 18.2045 17.7935 16.1281 15.5767 15.4774 14.9185 16.2192 14.4845 14.1728 13.6791 13.0871 12.7625 13.765 12.474
threshold=1.5000000000000002 4.5000000000000009 5.6250000000000009 5.8050000000000006 5.5000000000000009 4.8250000000000011 4.7250000000000005 2.5000000000000004 5.2550000000000008 5.9050000000000011 4.5000000000000009 1.5000000000000002 3.6550000000000007 3.5000000000000004 4.4450000000000012 3.5000000000000004 0.75000000000000011 6.6150000000000011 29.195000000000004 45.250000000000007 32.845000000000006 6.9750000000000005 7.0750000000000011 37.525000000000006 6.7550000000000008 3.5000000000000004 1.5650000000000002 2.5000000000000004 6.5950000000000006 40.805000000000007
decision_type=2 2 2 2 2 2 2 8 2 2 8 8 2 8 2 8 10 2 2 2 2 2 10 2 10 10 2 2 10 2
left_child=3 2 5 8 6 10 26 27 14 16 12 -8 -2 21 -1 -7 -6 -13 -9 -12 -14 22 -5 -10 -11 -16 -3 -4 -29 -17
right_child=1 4 7 13 9 15 11 18 23 24 19 17 20 -15 25 29 -18 -19 -20 -21 -22 -23 -24 -25 -26 -27 -28 28 -30 -31
leaf_value=0.0086611712052054521 -0.024229986835137815 -0.0092562839486911731 0.010142144119290741 0.033397955717326115 -0.043536774161963887 -0.0017312864960036232 -0.0023216251153815202 -0.009242660799698264 0.021430578159001092 -0.018204745497645666 -0.025033684759007163 -0.020746234149663458 -0.016103573719028503 0.026121581362620907 0.021357384479886044 -0.013962283704883897 -0.016122939656141751 -0.0076099636623804439 -0.0012963180330522583 -0.001161629199856804 -0.007216529702749293 0.042673250260492068 -0.032264976171933489 0.033122770785651331 -0.033966562514461285 0.011238068871910041 -0.030935615749679332 0.025549677517300303 0.0017111843434240775 0.0012587568429802299
leaf_weight=1024.5038401037455 402.32459600269794 76.008305460214615 932.89076833426952 2162.5405929833651 1272.1122589185834 1255.5342982709408 354.71672300994396 911.87723467499018 929.04571525752544 220.30244161188602 981.15568085759878 1148.6583380177617 860.15358696132898 1040.2720550149679 1071.8767263442278 887.6374201849103 63.586037516593933 332.37732692807913 2130.2268014475703 73.44954564422369 1138.2087066024542 502.38427706062794 9.4454387426376325 370.52252161502838 404.46864780038595 485.10390248894691 827.34409398585558 63.195100113749504 1450.0783667564392 158.66405633091927
leaf_count=5152 4660 981 5814 8739 21900 10401 3253 7631 3903 3220 11172 13668 8388 4179 4514 8923 737 3328 17078 819 10791 2054 38 1536 6129 2200 11082 378 9354 1538
internal_value=-0.000262005 -0.0122985 -0.00608788 0.0250052 -0.0271597 -0.0123027 -0.0195251 0.000431439 0.0178818 -0.0378266 -0.0163405 -0.0148077 -0.013252 0.0324477 0.0144171 -0.00624172 -0.0422317 -0.0177982 -0.00367825 -0.0233711 -0.0110418 0.0349084 0.0331124 0.0247642 -0.0284087 0.0182045 -0.0291115 0.00554234 0.00270669 -0.0116541
internal_weight=23540.7 15945 11245.4 7595.7 4699.57 5757.13 2739.1 5488.27 3881.05 1960.47 3455.29 1835.75 2400.69 3714.64 2581.48 2301.84 1335.7 1481.04 3042.1 1054.61 1998.36 2674.37 2171.99 1299.57 624.771 1556.98 903.352 2446.16 1513.27 1046.3
internal_count=193560 161245 96947 32315 64298 56692 32312 40255 17305 31986 35830 20249 23839 15010 11866 20862 22637 16996 24709 11991 19179 10831 8777 5439 9349 6714 12063 15546 9732 10461
is_linear=0
shrinkage=0.05


Tree=24
num_leaves=31
num_cat=0
split_feature=0 0 1 1 0 6 6 0 1 1 6 6 5 7 3 1 8 1 7 2 3 5 7 6 6 2 3 1 1 3
split_gain=2593.18 554.712 238.344 148.64 124.055 54.8351 43.0436 35.6187 33.5195 32.6311 26.5108 21.7087 21.0886 20.6491 20.6396 22.4094 20.3734 19.3056 18.5761 17.4452 17.1461 17.1145 16.4595 15.5939 15.2425 14.0645 13.5269 12.7318 12.6974 12.3962
threshold=1.5000000000000002 5.5000000000000009 4.6650000000000009 5.8050000000000006 3.5000000000000004 3.5000000000000004 1.5000000000000002 4.5000000000000009 4.8650000000000011 5.8950000000000005 5.5000000000000009 2.5000000000000004 6.7550000000000008 2.7500000000000004 37.245000000000012 7.5050000000000008 0.10500000000000002 5.8750000000000009 0.75000000000000011 4.9150000000000009 45.475000000000009 6.7650000000000006 0.75000000000000011 1.5000000000000002 1.5000000000000002 6.1550000000000011 36.010000000000012 6.5150000000000006 1.5650000000000002 42.455000000000005
decision_type=2 2 2 2 2 8 8 2 2 2 8 8 8 8 2 2 10 2 8 2 2 10 10 8 10 2 2 2 2 2
left_child=3 2 7 8 6 13 -4 16 26 18 17 25 -7 14 -6 -16 19 -8 -3 -2 -12 29 -19 -18 -11 -5 -1 -14 -9 -10
right_child=1 9 4 11 5 12 10 28 21 24 20 -13 27 -15 15 -17 23 22 -20 -21 -22 -23 -24 -25 -26 -27 -28 -29 -30 -31
leaf_value=0.0085362625380903945 -0.015397156240699214 -0.04355338535001628 0.0080792001114294767 0.02945976338526923 -0.0095249519286910202 -0.0068410528246488399 -0.0042938490831078381 -0.008863138094391796 0.023860728684688384 -0.01460649383695016 -0.013365475060340274 0.02662981314699539 -0.021931727256463349 0.053534091288235053 -0.0011079284957996906 0.05414608549872621 -0.0086242547466528294 0.0024712376157019758 -0.014796682924353278 -0.0016197478896456787 0.021242595711757562 0.017227354299170789 0.060609620222320318 -0.023999030842091571 -0.032477571210866252 0.037840211831251774 0.017484789591256635 -0.011220662130509299 -0.030358615152942237 0.039999379158904676
leaf_weight=1120.7087689787149 1226.6304890140891 1145.6331867054105 1362.070306263864 861.30744841694832 1575.4750331863761 412.80723644793034 1779.6748815327883 75.426074102520943 777.76970535516739 153.23560632765293 617.56066358834505 1648.4197859764099 1233.8019737824798 14.593584597110747 845.08843400329351 18.757564187049866 196.74232553690672 2046.2261777892709 59.05350311845541 282.72068869322538 37.990727312862873 1180.1027643829584 12.246775500476359 1019.6603273823857 539.00841987133026 1195.6125017255545 677.68092466890812 357.92135864496231 770.4526669755578 140.47639064490795
leaf_count=5388 13673 21035 8603 3494 13752 4296 15523 981 3209 2064 5609 6628 13505 114 7138 139 1930 14940 687 2839 330 4947 83 11763 8200 4888 3189 3442 10599 572
internal_value=-0.000255668 -0.0118113 -0.0083467 0.0237351 -0.00449191 -0.0107762 0.000292839 -0.0194786 0.0169175 -0.0371726 -0.00206726 0.0309049 -0.0169115 -0.00576455 -0.00611931 9.18579e-05 -0.0166971 -0.000480094 -0.0421437 -0.0128165 -0.0113599 0.0212106 0.00281713 -0.0215123 -0.0285216 0.034331 0.0119083 -0.0195232 -0.0284419 0.0263297
internal_weight=23384.9 15782.8 13885.8 7602.08 10314.2 4458.45 5855.77 3571.63 3896.74 1896.93 4493.7 3705.34 2004.53 2453.91 2439.32 863.846 2725.75 3838.15 1204.69 1509.35 655.551 2098.35 2058.47 1216.4 692.244 2056.92 1798.39 1591.72 845.879 918.246
internal_count=193560 161245 129259 32315 87474 42386 45088 41785 17305 31986 36485 15010 21243 21143 21029 7277 30205 30546 21722 16512 5939 8728 15023 13693 10264 8382 8577 16947 11580 3781
is_linear=0
shrinkage=0.05


Tree=25
num_leaves=31
num_cat=0
split_feature=0 0 1 1 0 6 6 0 2 2 6 1 1 8 6 7 3 1 3 1 2 1 5 6 4 7 1 6 3 3
split_gain=2348.41 527.557 221.056 137.234 113.301 50.8777 39.0221 34.0716 32.863 32.1685 20.7524 20.1598 19.9522 19.1878 18.6021 18.0915 18.8381 19.5021 17.7307 16.3978 16.1361 16.0325 15.4595 14.7311 13.8703 13.5413 13.2506 13.5888 13.7308 13.0402
threshold=1.5000000000000002 5.5000000000000009 4.6650000000000009 5.8050000000000006 3.5000000000000004 3.5000000000000004 3.5000000000000004 4.5000000000000009 6.0950000000000006 4.535000000000001 1.5000000000000002 6.4150000000000009 6.5150000000000006 0.10500000000000002 1.5000000000000002 2.7500000000000004 37.245000000000012 7.5050000000000008 1.0000000180025095e-35 6.8550000000000013 4.9150000000000009 3.0550000000000002 6.7350000000000012 1.5000000000000002 33.065000000000005 1.0000000180025095e-35 6.9750000000000005 5.5000000000000009 45.475000000000009 37.815000000000005
decision_type=2 2 2 2 2 8 8 2 2 2 8 2 2 10 8 10 2 2 2 2 2 2 8 8 2 10 2 8 2 2
left_child=3 2 7 9 6 15 11 13 14 21 -5 24 -7 20 25 16 -6 -18 -13 -12 -2 -1 -14 -15 -4 -3 27 -8 -29 -20
right_child=1 8 4 10 5 12 26 -9 -10 -11 19 18 22 23 -16 -17 17 -19 29 -21 -22 -23 -24 -25 -26 -27 -28 28 -30 -31
leaf_value=-0.011981296005947096 -0.014813213628745929 -0.035208299745950196 -0.00285846229712944 0.034823874401973688 -0.0091124731225599997 -0.019060991799187146 -0.0034544312868835542 -0.027693490220499335 -0.025807102288188496 0.019878042720896369 0.024565642195206835 0.039425743246034622 0.013399738204134568 -0.0082488104449019752 -0.043538848585679732 0.049001475030201865 -0.0010533758486693408 0.049612716927336847 0.0037813758360217935 0.034098019796847324 -0.0015407370691375246 0.011767583590721198 -0.011254193908775745 -0.023257269904003484 0.0046495256666425431 -0.0084122303852420914 0.0078063827265533806 -0.014266970446356862 0.018400265553545719 0.015279270380844518
leaf_weight=74.425692871212959 1211.6259767487645 183.27137970179319 1209.6037098616362 1207.7039113342762 1564.7308845296502 1515.7126173004508 1467.6882171779871 825.84131710231304 515.28097777813673 2263.4855146855116 1894.8854063749313 45.958289265632629 76.118718378245831 195.44609902799129 1074.0803000479937 15.131652668118475 844.42909163981676 19.429660692811012 719.15070608258247 592.13104477524757 282.36723636090755 1573.6830098330975 386.20896148681641 1000.0784118622541 1251.6952304542065 63.477585360407829 188.51171139627695 563.04796606302261 34.115981690585613 375.28212668001652
leaf_count=422 13673 3291 8937 4975 13752 16782 12899 11580 8042 9591 7616 288 720 1930 19821 114 7138 139 4503 2419 2839 7292 3741 11763 9168 832 1521 5205 294 2273
internal_value=-0.000249327 -0.011339 -0.00798722 0.0225361 -0.00428501 -0.0103262 0.000277343 -0.0188103 -0.0365168 0.0160089 0.0294465 0.003506 -0.0162876 -0.0160826 -0.0406948 -0.00550089 -0.00584047 8.61912e-05 0.00900161 0.0268352 -0.0123047 0.0106951 -0.00719511 -0.0208037 0.00095973 -0.0283149 -0.00488322 -0.00604173 -0.0124007 0.00772402
internal_weight=23234.6 15628.3 13792.2 7606.31 10276.8 4421.76 5855.05 3515.36 1836.11 3911.59 3694.72 3601.69 1978.04 2689.52 1320.83 2443.72 2428.59 863.859 1140.39 2487.02 1493.99 1648.11 462.328 1195.52 2461.3 246.749 2253.36 2064.85 597.164 1094.43
internal_count=193560 161245 129259 32315 87474 42386 45088 41785 31986 17305 15010 25169 21243 30205 23944 21143 21029 7277 7064 10035 16512 7714 4461 13693 18105 4123 19919 18398 5499 6776
is_linear=0
shrinkage=0.05


Tree=26
num_leaves=31
num_cat=0
split_feature=0 0 1 1 0 6 1 6 1 0 1 1 7 7 1 6 3 7 6 3 5 6 7 5 4 8 6 1 8 2
split_gain=2126.92 501.134 204.825 127.832 103.429 48.33 38.1794 36.8052 33.0475 32.5347 24.2774 23.2 22.9552 22.2973 19.2151 19.0399 18.1492 17.4067 17.2977 16.8443 15.6092 15.4503 15.2455 19.0732 14.7914 14.4724 13.8534 13.0782 13.0632 12.9376
threshold=1.5000000000000002 5.5000000000000009 4.6650000000000009 5.1250000000000009 3.5000000000000004 4.5000000000000009 6.4050000000000011 1.5000000000000002 6.2350000000000012 4.5000000000000009 6.3850000000000007 5.8750000000000009 0.75000000000000011 1.2500000000000002 3.6150000000000007 4.5000000000000009 37.975000000000001 0.75000000000000011 3.5000000000000004 43.790000000000006 6.6550000000000011 4.5000000000000009 -1.0000000180025095e-35 6.6250000000000009 20.055000000000003 0.16500000000000004 5.5000000000000009 5.5850000000000009 0.20500000000000004 6.5650000000000004
decision_type=2 2 2 2 2 8 2 8 2 2 2 2 10 8 2 8 2 10 8 2 10 10 10 10 2 8 8 2 8 2
left_child=3 2 9 21 7 10 15 -4 13 14 12 19 16 -3 -2 28 -6 -13 25 26 24 -1 -12 -24 -10 -16 29 -7 -5 -9
right_child=1 8 4 6 5 27 -8 11 20 -11 22 17 -14 -15 18 -17 -18 -19 -20 -21 -22 -23 23 -25 -26 -27 -28 -29 -30 -31
leaf_value=0.013646804307243784 -0.023609065744491026 -0.041279825246756559 0.0074299232850864099 0.025247409568721808 -0.013351159155425313 -0.024790844593299624 0.031184494480768411 -0.0066448085232526516 0.14772416709103783 -0.02694943258027116 -0.0074492342044674559 0.0011288856607770722 0.031651882047655538 -0.0075301923699780636 -0.0057073083027132021 0.014067867477127681 -0.0032225485628045191 0.057495262786806459 -0.017979877467133427 0.0070466486697201534 -0.027359886540970088 0.0033321788632009321 0.042907168415343457 0.0028765509563460205 -0.0015123970872302044 -0.019483690051759251 -0.017048860497456159 -0.014244624448234728 0.013278330330716374 0.011367778250356279
leaf_weight=1883.5651753246784 571.0963723435998 1253.5781786441803 1371.5039510428905 2469.9332788586617 1449.0341771915555 467.95348052680492 1987.5654755979776 1464.1119755059481 1.7324421703815449 806.70334261655807 420.72632419317961 2363.0182296335697 33.190217807888985 50.926965519785881 832.24310600012541 566.60144007205963 636.58007657527924 13.776532925665377 1004.3054399713874 229.12856502830982 431.9402300529182 449.7409415692091 31.435105696320534 557.15824064612389 39.898055400699377 247.28214306384325 305.8860789462924 790.62702529132366 251.14535571634769 106.97133898735046
leaf_count=8537 7102 24152 8603 10022 14037 5773 8163 13017 24 11580 3521 17569 284 561 8502 2326 5864 92 12002 1897 6679 2248 217 4544 570 2599 3052 8146 1019 858
internal_value=-0.000242894 -0.0108817 -0.00764115 0.0214035 -0.00408708 -0.00989192 0.0257137 0.000262485 -0.0358552 -0.0181557 -0.00656296 -0.00193033 -0.00960313 -0.0399623 -0.0154837 0.0224064 -0.0102597 0.0014556 -0.0132569 -0.00575146 -0.0245417 0.0116587 -0.000180917 0.00501447 0.00469804 -0.008863 -0.00731377 -0.0181658 0.0241427 -0.00541837
internal_weight=23089.4 15480.8 13702.7 7608.55 10241.1 4386.7 5275.25 5854.4 1778.08 3461.63 3128.12 4482.89 2118.8 1304.51 2654.93 3287.68 2085.61 2376.79 2083.83 2106.1 473.571 2333.31 1009.32 588.593 41.6305 1079.53 1876.97 1258.58 2721.08 1571.08
internal_count=193560 161245 129259 32315 87474 42386 21530 45088 31986 41785 28467 36485 20185 24713 30205 13367 19901 17661 23103 18824 7273 10785 8282 4761 594 11101 16927 13919 11041 13875
is_linear=0
shrinkage=0.05


Tree=27
num_leaves=31
num_cat=0
split_feature=0 0 1 1 0 6 1 6 0 6 6 3 1 1 7 7 2 1 6 1 1 5 3 5 2 5 8 7 5 1
split_gain=1926.52 475.546 189.616 118.671 94.3872 44.896 33.3452 33.1069 31.0155 26.1376 24.2161 22.7802 21.1531 20.3473 19.4429 18.634 18.5178 18.3352 17.1602 16.5805 15.9571 15.4723 15.3034 13.5898 14.4005 13.1286 13.0854 13.0504 13.7067 12.7447
threshold=1.5000000000000002 5.5000000000000009 4.6650000000000009 5.5450000000000008 3.5000000000000004 4.5000000000000009 4.8450000000000006 1.5000000000000002 4.5000000000000009 1.5000000000000002 3.5000000000000004 38.145000000000003 6.495000000000001 4.4250000000000007 2.7500000000000004 0.75000000000000011 4.6550000000000011 7.5050000000000008 5.5000000000000009 6.9750000000000005 6.3850000000000007 6.7950000000000008 45.475000000000009 6.8650000000000011 7.9050000000000011 7.0750000000000011 0.075000000000000025 -1.0000000180025095e-35 6.6250000000000009 1.5650000000000002
decision_type=2 2 2 2 2 8 2 8 2 10 8 2 2 2 10 8 2 2 8 2 2 10 2 10 2 10 10 10 10 2
left_child=3 2 8 13 7 11 -3 -4 16 -8 19 14 18 -1 20 -14 26 21 23 25 -6 -13 -20 24 -9 -5 -2 -22 -29 -10
right_child=1 6 4 10 5 -7 9 12 29 -11 -12 17 15 -15 -16 -17 -18 -19 22 -21 27 -23 -24 -25 -26 -27 -28 28 -30 -31
leaf_value=0.0076443983472839518 -0.012842607795402828 -0.044265865031333868 0.0070266927581871365 0.026783256772385518 -0.012394862311730131 -0.017517252818608175 -0.014737845487748922 -0.0048524040156333152 -0.0060852675824556394 -0.033841706320047966 0.019881498555750818 0.0042239130726192979 0.0035549868516727904 0.015971360128790191 0.057056643574465604 0.094225343349527188 -0.0079366855956407977 0.045132139701734686 -0.01467918396223529 0.036577830595690863 -0.01136385018427267 -0.0089762351551193244 0.022649537665954025 0.0033687058492402697 0.039254678210380464 -0.026990974761279249 -0.021141322508206068 0.043648113678116551 0.00059628701850775135 -0.02821915263938924
leaf_weight=1109.1503601521254 858.11859540641308 637.64626041799784 1377.5384882092476 2585.1163433790207 1465.2697794511914 1240.4315727874637 226.21143220365047 2055.2194588929415 71.524847999215126 858.71930680051446 1246.5935389399529 570.75139760971069 1145.630040705204 2166.8100113868713 11.04355479031801 5.6946595385670653 699.74625942856073 22.135127246379852 463.80540677905083 489.67475128173828 281.73704993724823 363.29457826167345 29.183910369873047 757.8088237196207 18.673630751669407 11.400430753827093 1063.9864864647388 19.436123631894588 378.96534738689661 716.89943154156208
leaf_count=5445 9924 12883 8603 10551 14317 13919 3552 16910 981 15551 5033 4892 8311 9186 80 36 7433 160 4447 2054 2409 3335 250 6393 138 46 12848 136 3138 10599
internal_value=-0.000236508 -0.0104396 -0.00730844 0.0203333 -0.00389791 -0.00947359 -0.0351917 0.000248506 -0.0175158 -0.0298585 0.025763 -0.00626807 -0.00183755 0.0131521 -0.00911637 0.00400346 -0.014901 0.000155611 -0.00386026 0.0281387 -0.00945699 -0.000910248 -0.0124694 -0.00236144 -0.00445526 0.0265472 -0.0174364 -0.00312774 0.00269658 -0.0262112
internal_weight=22948.2 15339.5 13616.9 7608.75 10206.6 4353.06 1722.58 5853.55 3410.28 1084.93 4332.79 3112.63 4476.02 3275.96 2156.45 1151.32 2621.85 956.181 3324.69 3086.19 2145.41 934.046 492.989 2831.7 2073.89 2596.52 1922.11 680.139 398.401 788.424
internal_count=193560 161245 129259 32315 87474 42386 31986 45088 41785 19103 17684 28467 36485 14631 20080 8347 30205 8387 28138 12651 20000 8227 4697 23441 17048 10597 22772 5683 3274 11580
is_linear=0
shrinkage=0.05


Tree=28
num_leaves=31
num_cat=0
split_feature=0 0 1 1 0 6 2 6 0 2 1 6 2 6 5 8 1 6 6 6 2 5 7 8 3 3 3 3 3 7
split_gain=1745.1 450.697 175.364 110.842 86.0971 41.7607 33.6062 31.0434 29.5333 27.3599 20.8882 19.7018 19.3706 19.2669 19.1968 18.5365 18.0499 17.3608 16.3638 15.4711 15.2958 14.4365 13.823 13.9319 13.7672 14.754 13.0064 12.8295 12.3293 12.2587
threshold=1.5000000000000002 5.5000000000000009 4.6650000000000009 5.8050000000000006 3.5000000000000004 3.5000000000000004 5.9050000000000011 4.5000000000000009 4.5000000000000009 5.2550000000000008 5.8750000000000009 1.5000000000000002 6.455000000000001 1.5000000000000002 6.7550000000000008 0.19500000000000003 3.6150000000000007 4.5000000000000009 3.5000000000000004 1.5000000000000002 7.0750000000000011 6.7550000000000008 1.2500000000000002 0.16500000000000004 8.4200000000000017 35.595000000000006 40.225000000000001 42.320000000000007 37.525000000000006 2.7500000000000004
decision_type=2 2 2 2 2 8 2 8 2 2 2 8 2 8 8 10 2 10 8 10 2 10 10 10 2 2 2 2 2 10
left_child=3 2 8 9 7 19 11 10 16 15 12 -3 27 -5 -7 17 -2 -1 22 29 -15 -8 23 -18 -12 -26 -20 -4 -11 -6
right_child=1 6 4 13 5 14 21 -9 -10 28 24 -13 -14 20 -16 -17 18 -19 26 -21 -22 -23 -24 -25 25 -27 -28 -29 -30 -31
leaf_value=0.014411269486867453 -0.022350872470614333 -0.025770616922232415 -0.0049864268187177208 0.030829384104954973 -0.0002789596391268773 -0.0048367720560506958 -0.013565870213877635 -0.0063258193609219823 -0.025480393841903842 0.01634237097871951 0.021995642112897312 -0.042695120902154271 0.015078279232084685 0.021026214259815764 -0.017172371827145979 0.00042006195664337612 -0.005126370507939345 0.0031405290741064575 -0.019525057386962349 -0.0077845210892481939 0.030621528963041725 -0.030459265508383737 0.080869146600701367 -0.018873810451892042 0.00098857413676129704 0.00891533240727258 -0.0045146895913528952 0.0061334954134037167 0.027057191537910075 0.044443550893893
leaf_weight=1827.2279803901911 552.25702526420355 212.12687357142568 1499.3358185887337 1186.8681429028511 883.57910529524088 398.65095923095942 197.30139617994428 1378.3280491456389 770.96217937767506 942.72553251683712 117.53644958138466 908.00190092250705 160.149358689785 1942.1395045816898 1510.094036757946 384.24525657296181 817.82516299933195 420.25021748244762 802.10855350643396 1513.0916303172708 528.3127024024725 352.2409236766398 4.3716615289449683 237.90115999430418 1337.8803119584918 1045.9796194881201 175.97758449614048 313.64559329301119 375.38155135512352 15.592942558228968
leaf_count=8070 7102 3870 12370 4975 6810 4296 3220 12641 11580 3903 785 18767 1187 7872 16947 1754 8482 2042 9885 14225 2163 6129 44 2575 8984 6734 2117 2387 1536 108
internal_value=-0.000230009 -0.0100117 -0.0069883 0.0193214 -0.00371697 -0.00907016 -0.0345214 0.000235146 -0.0168896 0.0135138 0.00225618 -0.03949 -0.00159027 0.0255936 -0.014596 0.0105687 -0.0143328 0.0123038 -0.0121602 -0.00469773 0.0230782 -0.0243941 -0.00785686 -0.00822427 0.0052903 0.00446664 -0.0168244 -0.00306268 0.0193938 0.000496593
internal_weight=22812.1 15204.9 13535.3 7607.15 10173.9 4321.01 1669.67 5852.86 3361.4 3949.83 4474.53 1120.13 1973.13 3657.32 1908.74 2631.72 2590.44 2247.48 2038.18 2412.26 2470.45 549.542 1060.1 1055.73 2501.4 2383.86 978.086 1812.98 1318.11 899.172
internal_count=193560 161245 129259 32315 87474 42386 31986 45088 41785 17305 32447 22637 15944 15010 21243 11866 30205 10112 23103 21143 10035 9349 11101 11057 16503 15718 12002 14757 5439 6918
is_linear=0
shrinkage=0.05


Tree=29
num_leaves=31
num_cat=0
split_feature=0 0 1 1 6 0 1 1 6 2 0 6 5 0 6 6 5 3 1 1 8 3 2 7 2 5 3 8 7 3
split_gain=1580.85 426.69 162.72 102.244 58.0298 47.4098 37.6281 33.8461 25.2195 24.7386 23.6143 22.3072 21.422 19.664 18.0491 16.3903 15.4014 14.9477 13.8948 13.6997 13.5057 13.2554 12.898 12.8352 12.2535 12.1882 11.9257 11.539 11.4925 11.2587
threshold=1.5000000000000002 5.5000000000000009 5.5050000000000008 5.8050000000000006 4.5000000000000009 3.5000000000000004 4.1450000000000005 4.8450000000000006 1.5000000000000002 4.535000000000001 4.5000000000000009 2.5000000000000004 6.745000000000001 4.5000000000000009 2.5000000000000004 4.5000000000000009 6.9150000000000009 37.975000000000001 6.3850000000000007 3.0550000000000002 0.10500000000000002 37.745000000000012 6.1550000000000011 2.7500000000000004 6.4250000000000007 6.5850000000000009 38.475000000000009 0.19500000000000003 1.7500000000000002 30.420000000000005
decision_type=2 2 2 2 8 2 2 2 10 2 2 8 8 2 8 8 10 2 2 2 8 2 2 10 2 10 2 10 10 2
left_child=3 2 4 9 6 11 25 28 -9 19 20 -4 18 17 22 -14 21 -8 23 -1 -6 -13 -5 -7 -19 -2 -20 -11 -3 -27
right_child=1 7 5 14 10 12 13 8 -10 27 -12 16 15 -15 -16 -17 -18 24 26 -21 -22 -23 -24 -25 -26 29 -28 -29 -30 -31
leaf_value=-0.012696784909184682 0.017803099508364978 -0.04458465617772004 0.0060244476999546459 0.022883236862330025 -0.012386705598942217 -0.0068382268638815932 -0.0072985515734836776 -0.013313045349253289 -0.032440143333497561 0.017510348055606414 -0.029683589858002696 -0.0059994530897587188 -0.0059836488946192071 -0.015229434355078265 0.020512518417549554 -0.015550329131409038 0.0075298979451187192 -0.00047619389319532171 0.00039761832437397535 0.0091605707128898459 -0.021949769368146389 0.003394385109399955 0.031003292500905118 0.068704789732563554 0.031021006598657704 -0.024551472558025544 0.017301151511546261 0.0067029402727769045 -0.0031656600011558452 -0.014145080773371489
leaf_weight=75.059694170951843 24.687443599104881 574.25481685996056 1879.6152772754431 844.1475578546524 829.69675379991531 502.46795959770679 1859.9098553657532 219.01455881819129 808.62219367548823 2007.0413473248482 452.07471064478159 1308.4106337875128 1303.6154859438539 541.68214077502489 1636.7720813602209 681.91614889353514 399.51292187720537 813.41904878616333 320.5172256976366 1596.5552245825529 665.20989229530096 526.70285330712795 1162.5320438295603 5.686429187655448 32.09703417122364 394.90082136541605 154.71113166958094 281.63865813612938 17.250790670514107 760.3658364713192
leaf_count=422 301 12685 11635 3494 9714 4467 17523 3552 15551 8400 7092 10500 11685 7439 6628 7373 3243 7254 2637 7292 8067 3997 4888 36 247 5128 1197 1191 198 9724
internal_value=-0.000223449 -0.00959818 -0.00668046 0.0183643 -0.0124763 -0.00146482 -0.00931253 -0.0338482 -0.0283637 0.0128031 -0.0196703 0.0020101 -0.00628027 -0.00653376 0.0244091 -0.00926925 -0.0013665 -0.00479271 -0.000245256 0.00817912 -0.0166421 -0.00330329 0.0275874 -0.00599287 0.000719486 -0.0169594 0.00590058 0.0161804 -0.0433767 -0.0177023
internal_weight=22680.1 15076.3 13457.2 7603.75 6374.04 7083.16 4427.06 1619.14 1027.64 3960.29 1946.98 4114.24 2968.91 3247.11 3643.45 1985.53 2234.63 2705.43 983.383 1671.61 1494.91 1835.11 2006.68 508.154 845.516 1179.95 475.228 2288.68 591.506 1155.27
internal_count=193560 161245 129259 32315 72489 56770 47616 31986 19103 17305 24873 29375 27395 32463 15010 19058 17740 25024 8337 7714 17781 14497 8382 4503 7501 15153 3834 9591 12883 14852
is_linear=0
shrinkage=0.05


Tree=30
num_leaves=31
num_cat=0
split_feature=0 0 1 1 0 6 1 1 0 6 1 7 1 7 2 3 6 0 3 6 6 6 1 1 8 2 5 2 1 8
split_gain=1432.06 403.542 151.781 94.9006 72.7151 36.6462 34.0023 31.7376 27.0621 26.7234 24.1833 19.3093 17.3651 17.42 16.9778 16.802 15.8737 15.2559 14.803 15.8499 14.7199 13.9273 13.0511 12.6342 12.2284 11.9797 11.7618 11.6866 12.5132 11.5874
threshold=1.5000000000000002 5.5000000000000009 4.6650000000000009 5.1250000000000009 3.5000000000000004 1.5000000000000002 5.8950000000000005 6.4050000000000011 4.5000000000000009 1.5000000000000002 5.6250000000000009 0.75000000000000011 6.495000000000001 1.0000000180025095e-35 4.6550000000000011 44.420000000000009 4.5000000000000009 4.5000000000000009 43.375000000000007 5.5000000000000009 4.5000000000000009 1.5000000000000002 3.7950000000000004 1.5650000000000002 0.17500000000000002 8.1150000000000002 6.8150000000000004 8.2250000000000032 6.8850000000000007 -0.14499999999999999
decision_type=2 2 2 2 2 8 2 2 2 8 2 8 2 10 2 2 8 2 2 8 10 10 2 2 10 2 8 2 2 10
left_child=3 2 8 21 9 -6 11 16 14 -4 -7 -3 18 -14 24 -15 -5 25 19 -11 -8 -1 -23 -10 -2 29 -19 28 -27 -12
right_child=1 6 4 7 5 10 20 -9 23 12 17 -13 13 15 -16 -17 -18 26 -20 -21 -22 22 -24 -25 -26 27 -28 -29 -30 -31
leaf_value=0.015479299865606073 -0.013606585243947384 -0.040602392234341034 0.0063266961515024856 0.019808563481380766 0.00065965732576704432 -0.01626790622979471 -0.018760766991793902 0.026271666686289281 -0.0036776849426802026 -0.0031227091236454411 0.053387687819447444 -0.0095778262420484345 0.0023582556919770521 0.022576737265318374 -0.0065413039643183214 0.11667056749361647 0.010628447402588607 -0.0072607470500314526 0.0058420660931681676 -0.013432133184545659 -0.036147277990246911 -0.0032800925903958343 0.0086905084284139289 -0.026230480897196509 -0.023408914706554672 0.15508385749501738 -0.018789660288444893 0.011608234846299147 0.011854572197658951 -0.0050917192217860337
leaf_weight=635.66898801922798 1443.0252878144383 922.92190543562174 1387.4953628107905 2714.6976108700037 896.91340584307909 1238.7190904468298 424.14736403524876 1947.899053812027 68.418957084417343 2485.999897480011 8.5313534289598447 53.034752827137709 1106.4444397687912 44.114763878285885 682.37742799520493 5.3161038011312476 569.71430732309818 491.18231914937496 378.30658013373613 438.59366850554943 170.74127696827054 269.71265198290348 1461.6534582972527 672.31841933727264 408.1561561897397 3.276986017823222 402.51759054511786 25.735297076404095 2.8521252498030663 1192.3379328399897
leaf_count=2778 17548 21035 8603 11041 6918 14615 7178 8163 981 20845 74 687 8005 307 7433 35 2326 5384 2988 4305 3086 1469 6538 10599 5224 27 4762 217 24 10365
internal_value=-0.000216939 -0.0091988 -0.0063847 0.017457 -0.00335411 -0.00832086 -0.0331732 0.0212151 -0.0157407 0.000266756 -0.0107144 -0.0389165 -0.00161899 0.00365565 -0.0132828 0.0326962 0.0182162 -0.00747935 -0.0034649 -0.00466879 -0.0237509 0.00914965 0.00682573 -0.0241474 -0.0157678 -0.00387336 -0.0124533 0.0263855 0.0884334 -0.00467626
internal_weight=22552.8 14953.5 13382.6 7599.35 10108.3 4262.07 1570.85 5232.31 3274.3 5846.27 3365.15 975.957 4458.78 1155.88 2533.56 49.4309 3284.41 2126.43 3302.9 2924.59 594.889 2367.04 1731.37 740.737 1851.18 1232.73 893.7 31.8644 6.12911 1200.87
internal_count=193560 161245 129259 32315 87474 42386 31986 21530 41785 45088 35468 21722 36485 8347 30205 342 13367 20853 28138 25150 10264 10785 8007 11580 22772 10707 10146 268 51 10439
is_linear=0
shrinkage=0.05


Tree=31
num_leaves=31
num_cat=0
split_feature=0 0 1 1 6 0 1 6 3 0 2 1 0 6 2 6 8 5 7 2 2 1 6 5 2 8 7 1 0 0
split_gain=1297.35 381.243 140.743 87.9568 72.3736 37.5221 34.1504 27.4531 25.3467 23.3898 22.0363 20.8309 17.5246 17.5089 17.0524 16.1372 15.9399 15.7481 15.1243 14.7242 13.7421 13.2353 12.8379 12.5104 12.2862 11.919 11.7806 17.2975 11.7288 11.2811
threshold=1.5000000000000002 5.5000000000000009 4.5250000000000012 5.8050000000000006 3.5000000000000004 3.5000000000000004 4.6450000000000005 1.5000000000000002 36.95000000000001 4.5000000000000009 5.2550000000000008 5.3150000000000004 3.5000000000000004 1.5000000000000002 5.6250000000000009 3.5000000000000004 0.10500000000000002 6.7550000000000008 1.0000000180025095e-35 3.8450000000000002 7.0750000000000011 1.5650000000000002 1.5000000000000002 6.6950000000000012 5.8950000000000005 0.19500000000000003 -1.0000000180025095e-35 7.5050000000000008 2.5000000000000004 4.5000000000000009
decision_type=2 2 2 2 8 2 2 10 2 2 2 2 2 8 2 10 10 8 10 2 2 2 8 10 2 10 10 2 2 2
left_child=3 2 9 10 8 -6 -3 -8 12 16 15 -7 -4 -5 -10 25 19 -13 -14 -2 -15 -11 -18 -20 -9 -1 27 -16 -28 -19
right_child=1 6 4 13 5 11 7 24 14 21 -12 17 18 20 26 -17 22 29 23 -21 -22 -23 -24 -25 -26 -27 28 -29 -30 -31
leaf_value=0.013234646941140699 -0.015507347913453151 -0.04343570724298712 0.00023965007166610892 0.027290910219087441 -0.0041706672502439014 -0.021611724845495998 -0.011886765267322968 -0.037611860745604651 -0.00069779921106794852 -0.0035050078045509268 0.016733259587212817 -0.00012694964115531618 -0.0079918757709526861 0.017897180355303449 0.0012317728990134244 0.0032080648958237945 -0.0054854006993346341 -0.0085432876287932381 0.037101401694618077 -0.0044483472843678748 0.027044141155413887 -0.026780868224543564 -0.021031610681197545 0.00055761901906417513 -0.025324548469473986 0.0017360168916930154 0.022135600981375625 0.053352973736743539 0.0080865687828677573 -0.018866696258980905
leaf_weight=1528.4336354732513 576.14022572338581 486.00434143841267 2385.255111977458 1164.5918865799904 2320.728126347065 571.07827439159155 224.26020242273808 418.80567519366741 1014.4389285743237 68.205746799707413 1325.3386375159025 300.24180433899164 1435.9116826653481 1928.7623207718134 565.55831103771925 860.1088457852602 159.82959322631359 602.21324515342712 32.46287889778614 630.21351651102304 521.68123853206635 584.15343824774027 785.1098802536726 84.073757596313953 395.62808998301625 264.34313261508942 212.2806096598506 16.379227586090565 494.91363837569952 472.08722570538521
leaf_count=6618 7167 11435 17074 4975 21125 7623 3795 9265 8222 981 5439 3109 13244 7872 4054 4083 1730 5919 262 7309 2163 9434 10307 743 7491 1165 1324 105 3627 5900
internal_value=-0.00021053 -0.00881347 -0.00610081 0.0165982 -0.00344508 -0.00846407 -0.0324962 -0.0273775 -1.4251e-05 -0.016054 0.0114684 -0.0135852 -0.00245135 0.0222434 0.00415171 0.0088381 -0.0135391 -0.0102505 -0.00658594 -0.00972999 0.0198445 -0.0243473 -0.0184021 0.0107374 -0.031643 0.0115392 0.00796787 0.00269878 0.0123037 -0.0130798
internal_weight=22429.2 14836 13311.3 7593.26 10507.6 4266.35 1524.7 1038.69 6241.27 2803.65 3978.22 1945.62 3937.7 3615.04 2303.57 2652.89 2151.29 1374.54 1552.45 1206.35 2450.44 652.359 944.939 116.537 814.434 1792.78 1289.13 581.938 707.194 1074.3
internal_count=193560 161245 129259 32315 92331 43676 31986 20551 48655 36928 17305 22551 31323 15010 17332 11866 26513 14928 14249 14476 10035 10415 12037 1005 16756 7783 9110 4159 4951 11819
is_linear=0
shrinkage=0.05


Tree=32
num_leaves=31
num_cat=0
split_feature=0 0 1 1 0 2 6 1 6 0 1 3 6 6 8 3 6 1 3 5 6 3 2 3 1 7 1 8 2 8
split_gain=1175.26 359.772 130.68 81.502 52.2162 37.5541 35.6733 33.9877 26.4716 25.3554 24.5821 22.9911 20.0298 16.4223 15.6985 15.5015 15.0936 15.0406 14.0308 14.6682 13.4458 13.4326 12.1295 11.9457 11.9011 11.7227 15.8828 13.4168 12.401 11.7666
threshold=1.5000000000000002 5.5000000000000009 5.6250000000000009 6.0250000000000012 4.5000000000000009 4.8250000000000011 2.5000000000000004 4.6450000000000005 1.5000000000000002 4.5000000000000009 5.0050000000000008 41.07500000000001 4.5000000000000009 3.5000000000000004 0.10500000000000002 35.185000000000009 4.5000000000000009 2.7350000000000008 37.975000000000001 6.7750000000000012 4.5000000000000009 29.195000000000004 5.8950000000000005 22.870000000000001 7.5050000000000008 -1.0000000180025095e-35 6.8150000000000004 0.12500000000000003 7.3950000000000005 0.37500000000000006
decision_type=2 2 2 2 2 2 8 2 10 2 2 2 8 10 8 2 8 2 2 10 10 2 2 2 2 10 2 10 2 8
left_child=3 2 4 10 5 11 25 -3 -9 21 20 12 17 -5 18 -12 -6 -2 -7 -20 -1 23 -10 -8 -11 -4 28 -28 -27 -29
right_child=1 7 6 13 16 14 9 8 22 24 15 -13 -14 -15 -16 -17 -18 -19 19 -21 -22 -23 -24 -25 -26 26 27 29 -30 -31
leaf_value=0.0096294962756362373 -0.029401058930244979 -0.04297344579656634 -0.0004073635170946542 0.02448284467402459 -0.01583843957489374 -0.0034040595084260197 -0.00063229673278221042 -0.011412572660889603 -0.037001578169320093 -0.013937560485208786 0.01169082845530226 -0.003135259032167834 -0.020664117156740325 0.016274199542490174 -0.0086897300281492309 0.019828736635658342 -0.027155999798741171 -0.0099758063158576736 0.018640188150706158 -0.0010093357900520974 -0.00037491427485336783 6.2226792209708732e-05 -0.024620009459992518 -0.012378095923497732 0.025556217961782281 0.0018930233900565888 0.0094122155855542646 0.033559990555072292 0.020978834001789581 -0.064860496981177143
leaf_weight=1743.4667121917009 105.99094875156879 467.14987909421325 1239.3605294674635 2163.3311652839184 857.96240131556988 927.83295482397079 381.43670053035021 221.95928017050028 404.78562419116497 664.28902014344931 1420.1467240601778 586.44424277544022 801.50771305710077 848.19472408294678 888.80092986673117 995.29346717894077 448.64684169366956 1665.373191781342 174.96562121808529 207.74398490786552 415.9791526645422 2086.3585134148598 386.82911067456007 500.4939104616642 19.639136418700218 1188.0034765973687 307.02734353393316 97.089799180626869 91.677139647305012 3.1348769068717948
leaf_count=7796 1431 11435 8456 9160 12554 8866 3288 3795 9265 7882 5794 6286 10330 3458 8617 4041 7451 17783 1471 1908 2066 17078 7491 4343 209 8142 1946 595 605 18
internal_value=-0.00020415 -0.00844129 -0.00582796 0.0157834 -0.0107622 -0.00857694 -0.000828614 -0.0318153 -0.0266725 -0.00412439 0.0115786 -0.0120693 -0.0141057 0.0221709 -0.00356021 0.0150441 -0.0197245 -0.0111381 -8.1409e-05 0.00797395 0.00770232 -0.00212463 -0.0309512 -0.00729801 -0.0128035 0.00328475 0.00599728 0.0145974 0.00326034 0.0304815
internal_weight=22310.9 14724.5 13243.8 7586.41 6665.27 5358.66 6578.51 1480.72 1013.57 3652.22 4574.89 3159.32 2572.87 3011.53 2199.34 2415.44 1306.61 1771.36 1310.54 382.71 2159.45 2968.29 791.615 881.931 683.928 2926.29 1686.93 407.252 1279.68 100.225
internal_count=193560 161245 129259 32315 76697 56692 52562 31986 20551 32800 19697 35830 29544 12618 20862 9835 20005 19214 12245 3379 9862 24709 16756 7631 8091 19762 11306 2559 8747 613
is_linear=0
shrinkage=0.05


Tree=33
num_leaves=31
num_cat=0
split_feature=0 0 1 1 6 1 0 6 0 2 3 0 3 8 1 8 2 8 7 3 6 1 6 1 3 5 1 2 8 7
split_gain=1064.65 339.139 122.356 75.0723 62.552 33.7798 31.4521 25.4869 25.0641 22.9789 22.0893 21.0892 17.7491 17.6037 17.3584 17.142 16.411 16.12 16.0171 15.0662 14.9121 14.4197 14.2975 13.9924 12.2504 12.1878 12.08 11.9559 11.5264 11.4705
threshold=1.5000000000000002 5.5000000000000009 4.5250000000000012 6.0250000000000012 4.5000000000000009 4.6450000000000005 3.5000000000000004 1.5000000000000002 3.5000000000000004 5.2550000000000008 40.805000000000007 4.5000000000000009 38.145000000000003 0.055000000000000007 5.8750000000000009 0.19500000000000003 6.455000000000001 0.28500000000000009 2.7500000000000004 37.150000000000006 4.5000000000000009 7.5050000000000008 1.5000000000000002 5.3550000000000013 8.4200000000000017 6.8050000000000006 6.3850000000000007 5.8950000000000005 0.10500000000000002 -1.0000000180025095e-35
decision_type=2 2 2 2 8 2 2 10 2 2 2 2 2 10 2 10 2 10 10 2 10 2 10 2 2 10 2 2 10 10
left_child=3 2 10 9 6 -3 14 -7 -6 15 11 13 18 -2 16 20 28 22 26 -11 -1 25 -5 -10 -16 -14 -8 -9 -4 -28
right_child=1 5 4 17 8 7 12 27 23 19 -12 -13 21 -15 24 -17 -18 -19 -20 -21 -22 -23 -24 -25 -26 -27 29 -29 -30 -31
leaf_value=0.011644937579481292 -0.0078429371500655966 -0.042504462624542355 0.00032131517283948689 0.026650645867757328 -0.005240447029913547 -0.010952855745780206 -0.010040247271432616 -0.036385136728515226 -0.022981983243205783 0.012399198067798963 -0.0055463330037517702 -0.025991590722540349 0.0040649587097286799 -0.018336221054928555 0.020189497130339712 -0.0013725414634334753 0.013623297103456521 -0.0074281848364375867 0.048990710441102689 0.022436985800426055 0.0015207979022202485 0.039936721921032349 0.019217137379450723 -0.011414139021779984 0.003791248683457898 -0.0077964764951328402 -0.0098053886881582716 -0.023921284997487371 -0.0074760200846978805 0.0035167321094686922
leaf_weight=1968.9832122474909 634.3721718788147 449.14679726958275 1174.0862872302532 958.15191046893597 1415.9885846823454 219.76880903542042 1497.5235655158758 391.40331313386559 379.9613867290318 1225.6924572438002 505.86699035763741 515.05548802763224 623.40400496125221 1080.3915944769979 119.56439292430878 402.32624405622482 164.27268218249083 48.505318328738213 12.600078627467154 537.86777350306511 446.12708687782288 23.08412066847086 1991.0741930902004 837.85763770341873 2400.8784265890718 331.84865175187588 274.13289384543896 378.43830404803157 794.80838196724653 393.51933150738478
leaf_count=8544 7741 11435 9717 4174 13418 3795 15419 9265 5365 5020 6609 8564 5456 14014 785 1815 1207 203 86 2189 2129 160 8241 9429 15718 3181 2409 7491 6707 3274
internal_value=-0.000197866 -0.00808255 -0.00556624 0.0150102 -0.0031005 -0.0311323 -0.000853305 -0.0259709 -0.00976385 0.0109847 -0.0149792 -0.0171192 -0.00470627 -0.0144543 0.00175981 0.00818295 -0.00155957 0.0211619 -0.00721943 0.0154606 0.00977477 0.000888002 0.0216322 -0.0150233 0.00456915 -5.56279e-05 -0.00754654 -0.0302582 -0.00282633 -0.00195323
internal_weight=22196.7 14618 13179.2 7578.73 10443.5 1438.76 7809.72 989.61 2633.81 4581 2735.69 2229.82 3156.11 1714.76 4653.61 2817.44 2133.17 2997.73 2177.78 1763.56 2415.11 978.337 2949.23 1217.82 2520.44 955.253 2165.18 769.842 1968.89 667.652
internal_count=193560 161245 129259 32315 92331 31986 64119 20551 28212 19697 36928 30319 29985 21755 34134 12488 17631 12618 21188 7209 10673 8797 12415 14794 16503 8637 21102 16756 16424 5683
is_linear=0
shrinkage=0.05


Tree=34
num_leaves=31
num_cat=0
split_feature=0 0 1 1 6 1 0 6 1 3 3 0 1 6 8 3 5 2 8 0 7 4 2 5 1 5 7 3 3 1
split_gain=964.388 319.345 112.724 69.8849 57.4957 33.526 30.4319 24.5016 23.8399 21.2202 20.6031 20.0778 17.88 17.4155 16.4522 15.0596 14.6457 13.766 13.7276 13.5441 13.0375 11.7851 11.7659 10.8491 10.6664 10.442 10.3688 12.687 10.2598 10.2208
threshold=1.5000000000000002 5.5000000000000009 4.5250000000000012 5.245000000000001 3.5000000000000004 4.6450000000000005 3.5000000000000004 1.5000000000000002 6.7750000000000012 36.95000000000001 40.805000000000007 4.5000000000000009 5.3150000000000004 1.5000000000000002 0.055000000000000007 36.010000000000012 6.7350000000000012 5.6250000000000009 -0.16499999999999998 3.5000000000000004 1.0000000180025095e-35 30.025000000000002 5.8950000000000005 6.8650000000000011 1.8350000000000002 6.6950000000000012 -1.0000000180025095e-35 45.475000000000009 55.215000000000011 3.1750000000000003
decision_type=2 2 2 2 8 2 2 10 2 2 2 2 2 8 10 2 8 2 10 2 10 2 2 10 2 10 10 2 2 2
left_child=3 2 10 15 9 -3 23 -7 13 19 11 14 -8 -5 -2 29 -14 -11 -15 -4 -21 -20 -9 28 -13 -22 27 -25 -6 -1
right_child=1 5 4 8 6 7 12 22 -10 17 -12 24 16 18 -16 -17 -18 -19 21 20 25 -23 -24 26 -26 -27 -28 -29 -30 -31
leaf_value=-0.015596052949427947 -0.0074999696559982197 -0.042028358811807033 0.00020799056526598871 0.021028786195744303 -0.00673474603295467 -0.010507506773693666 -0.019821292385733724 -0.035762608558660536 0.024692255346172788 -0.0004806851155975566 -0.0052938756675183487 -0.007729684743929115 0.003071973237681888 -0.039484270270482173 -0.017693440563597194 0.01261716239858857 -0.011327036257102447 0.0073007519522749007 0.018676243284521749 -0.0071436978101571116 0.033857377841222433 0.011687998647112695 -0.023228966324431097 -0.007802526357997875 -0.028291824343817103 0.00078809884582373103 0.0058322635405651775 0.029897578938979014 0.028132891188382525 0.0055800140910136527
leaf_weight=59.080934420228004 630.31849220395088 431.960194978863 2384.8982211574912 1210.8526654541492 1439.390029296279 217.68369269371033 545.29610314592719 378.63219415396452 1000.4708499908447 1010.911949545145 503.55218399316072 73.922869261354208 209.13227465748787 12.027099788188933 1064.0822134241462 989.85997308790684 1135.1861465126276 1298.3278322815895 911.84985376894474 1415.0572063997388 33.387797228991985 1782.941667765379 370.4380650408566 345.11385518312454 429.58983198553324 83.748048163950443 470.2924670279026 23.858591698110104 21.411439880728722 1603.6396930217743
leaf_count=331 7741 11435 17074 5114 13155 3795 7623 9265 4325 8222 6609 1157 2179 49 14014 4372 12749 9110 3709 13244 262 7256 7491 3261 7407 743 4330 201 178 7159
internal_value=-0.000191624 -0.00773682 -0.00531517 0.0142756 -0.00295467 -0.0304477 -0.00748326 -0.0252733 0.0178036 9.26002e-05 -0.0144165 -0.0165065 -0.0121847 0.0160444 -0.0139015 0.0077344 -0.00908702 0.00389429 0.0138148 -0.0021486 -0.00581671 0.0140526 -0.0295643 -0.00362082 -0.025273 0.010214 0.000909634 -0.00536475 -0.00622368 0.00482757
internal_weight=22086.9 14516.2 13117.5 7570.72 10416 1398.71 4189.68 966.754 4918.14 6226.33 2701.47 2197.91 1889.61 3917.67 1694.4 2652.58 1344.32 2309.24 2706.82 3917.09 1532.19 2694.79 749.07 2300.07 503.513 117.136 839.265 368.972 1460.8 1662.72
internal_count=193560 161245 129259 32315 92331 31986 43676 20551 20453 48655 36928 30319 22551 16128 21755 11862 14928 17332 11014 31323 14249 10965 16756 21125 8564 1005 7792 3462 13333 7490
is_linear=0
shrinkage=0.05


Tree=35
num_leaves=31
num_cat=0
split_feature=0 0 1 1 0 1 1 6 6 5 0 2 8 3 8 6 6 7 3 4 3 6 3 5 7 6 3 8 7 1
split_gain=873.513 300.392 105.794 64.9587 51.8772 33.5698 33.2261 29.5101 25.6573 23.9828 22.5587 20.8424 17.2438 15.1621 14.7306 14.1571 13.5946 13.3098 12.9872 13.2095 12.847 12.7663 13.0962 12.8399 12.7376 11.4036 11.3064 11.2958 11.2074 10.8959
threshold=1.5000000000000002 5.5000000000000009 5.8750000000000009 6.0250000000000012 4.5000000000000009 4.1450000000000005 4.6450000000000005 5.5000000000000009 1.5000000000000002 6.6550000000000011 4.5000000000000009 3.9450000000000007 0.10500000000000002 39.235000000000007 0.28500000000000009 2.5000000000000004 3.5000000000000004 0.75000000000000011 52.645000000000003 49.07500000000001 39.400000000000006 3.5000000000000004 45.250000000000007 6.5850000000000009 1.0000000180025095e-35 1.5000000000000002 48.105000000000011 -0.12499999999999999 2.2500000000000004 6.4150000000000009
decision_type=2 2 2 2 2 2 2 8 8 10 2 2 8 2 10 10 10 10 2 2 2 8 2 10 8 10 2 10 10 2
left_child=3 2 4 11 5 21 -3 12 -4 24 17 -1 -7 25 16 -11 -5 -10 19 -14 28 23 27 -2 29 -13 -9 -23 -6 -8
right_child=1 6 8 14 20 7 9 26 10 15 -12 13 18 -15 -16 -17 -18 -19 -20 -21 -22 22 -24 -25 -26 -27 -28 -29 -30 -31
leaf_value=0.0040965454626251604 0.035789064985329022 -0.041544776037298052 0.0061426539113856558 0.021936642959032155 -0.020493619015837825 -0.0010084632026216864 -0.029445620951426645 -0.016475825755652124 -0.00030859172009012559 -0.018241524891021071 -0.0098021948662482504 0.015525993726488732 -0.0091319936847834293 0.017775026335817005 -0.0080240791167043996 -0.031689602325086802 0.014368295451199048 0.037338023948887765 0.015659115287288302 0.015352535611228497 -0.0088139705313027544 0.051446727430133524 0.0052176452339164799 -0.010500853501370564 0.029614785692524254 0.0079937865559397466 0.016841093409179431 -0.022558018625412929 0.040119308945000522 0.017014242187790622
leaf_weight=1172.034082993865 15.359120383858679 415.55613107979298 1372.6748365163803 2094.3181570470333 1092.3414936810732 2588.6866012364626 34.590331569314003 613.36532317847013 3355.9364578276873 299.68580337613821 718.32961791008711 680.07111550867558 1600.6294798776507 814.9292106628418 48.382416889071465 564.02019850537181 827.89205491542816 23.643310204148293 58.612500123679638 57.049510598182678 329.37389673292637 5.2062747702002516 48.70946578681469 607.9346122071147 26.792435310781002 1924.5018746703863 26.567420035600662 537.12942108511925 7.6799354255199423 19.868287671357393
leaf_count=5344 178 11435 8464 9015 17231 23760 773 7067 26241 6019 8271 2821 15345 3398 203 13046 3400 165 500 543 4930 73 668 7649 379 8134 269 7832 73 334
internal_value=-0.000185451 -0.00740343 -0.00507411 0.0135781 -0.00889511 -0.00690358 -0.029762 -0.00507434 0.000226272 -0.0245803 -0.00175554 0.00985063 -0.00358512 0.0118228 0.0193394 -0.0270234 0.0197925 -4.52186e-05 -0.0074715 -0.00828935 -0.0174766 -0.0143524 -0.0196171 -0.00936018 0.00139029 0.0099605 -0.0150926 -0.0218476 -0.0200704 -0.0124955
internal_weight=21981.9 14419.7 13059.2 7562.13 7588.65 6159.25 1360.51 4944.91 5470.58 944.957 4097.91 4591.54 4304.98 3419.5 2970.59 863.706 2922.21 3379.58 1716.29 1657.68 1429.4 1214.34 591.045 623.294 81.2511 2604.57 639.933 542.336 1100.02 54.4586
internal_count=193560 161245 129259 32315 86118 63884 31986 47484 43141 20551 34677 19697 40148 14353 12618 19065 12415 26406 16388 15888 22234 16400 8573 7827 1486 10955 7336 7905 17304 1107
is_linear=0
shrinkage=0.05


Tree=36
num_leaves=31
num_cat=0
split_feature=0 0 1 2 6 1 0 7 0 1 6 0 1 3 5 1 2 2 1 5 5 1 4 1 3 1 3 8 8 8
split_gain=791.134 282.277 97.1441 60.9852 50.8413 33.1771 24.8696 24.4929 20.7888 20.644 20.53 18.52 14.7734 14.3906 15.187 13.8378 14.5317 13.5976 13.5748 13.5525 13.2367 12.8993 12.8368 12.7451 12.4725 12.1358 12.0754 11.7939 11.0842 11.3614
threshold=1.5000000000000002 5.5000000000000009 4.5250000000000012 5.535000000000001 4.5000000000000009 6.2350000000000012 3.5000000000000004 0.75000000000000011 3.5000000000000004 6.9750000000000005 1.5000000000000002 4.5000000000000009 4.4050000000000011 39.615000000000002 6.6450000000000005 5.8750000000000009 6.455000000000001 4.8250000000000011 7.3850000000000007 6.6550000000000011 6.7550000000000008 4.705000000000001 20.055000000000003 1.5650000000000002 33.525000000000013 5.3550000000000013 44.195000000000007 0.21500000000000002 0.38500000000000006 0.12500000000000003
decision_type=2 2 2 2 8 2 2 8 2 2 10 2 2 2 10 2 2 2 2 10 10 2 2 2 2 2 2 10 10 10
left_child=3 2 11 10 6 7 15 20 -6 24 -1 17 -12 14 21 16 -4 -2 -15 22 -3 27 -7 -13 -5 -10 -20 -8 29 -17
right_child=1 5 4 9 8 19 13 -9 25 -11 12 23 -14 18 -16 28 -18 -19 26 -21 -22 -23 -24 -25 -26 -27 -28 -29 -30 -31
leaf_value=0.014282215425232843 -0.01311972319416578 -0.027081968621518401 -0.0025050482749018502 0.012848945656279469 -0.0046207086798319029 0.14352965711369189 0.038825501096532752 -0.0013809921167965893 -0.021242560871592389 0.026426149532644327 0.00035547377096749365 -0.00013966522920198668 0.0084946395134923771 0.00039162422889975416 -0.007306930204975675 0.0024067136671142297 0.012921437210582197 -0.0027309952958405738 0.059603364197480427 -0.019725002161823588 -0.040218683456292689 0.004547303592173404 0.0054718177413641909 -0.023714734225233139 0.019130483579672564 -0.010253872699074643 -0.0064896297840596169 0.18687681812405127 -0.042319877085215354 0.010048963248488106
leaf_weight=1096.299504712224 1657.5267910957336 279.72030563652515 1959.3183587566018 1611.3160106092691 1401.4232441186905 1.7675630785524834 7.3968704342842084 53.915767833590508 362.43767192214727 549.88692691922188 777.96427816152573 64.272604241967201 1967.5472767949104 777.00006261467934 2126.5918446443975 1860.1637061461806 165.55858406424522 388.8712764903903 18.509146504104141 343.41152249649167 609.76360131055117 180.34833316877484 35.505121413618326 530.67636073753238 1550.8246533125639 819.05472914129496 11.028713561594484 1.6441613808274267 12.756929300725458 658.48648079484701
leaf_count=4667 22033 7386 16424 6714 13418 24 86 787 5365 2424 3807 981 8226 7009 21137 12119 1207 4480 130 6679 16540 1525 570 9434 6477 9429 80 18 85 4299
internal_value=-0.000179478 -0.00708292 -0.00484336 0.0129141 -0.00266137 -0.0290764 -0.000643184 -0.034104 -0.00873941 0.0174845 0.00849801 -0.0134031 0.00618834 -0.00409554 -0.00609863 0.00167197 -0.0013031 -0.0111456 0.00165637 -0.016617 -0.0360875 0.00746896 0.0120189 -0.0211679 0.0159296 -0.0136248 0.0349259 0.0657494 0.00416927 0.00440474
internal_weight=21881 14327.1 13003.1 7553.84 10361.7 1324.08 7778.8 943.4 2582.92 3712.03 3841.81 2641.35 2745.51 3122.52 2315.98 4656.28 2124.88 2046.4 806.538 380.684 889.484 189.389 37.2727 594.949 3162.14 1181.49 29.5379 9.04103 2531.41 2518.65
internal_count=193560 161245 129259 32315 92331 31986 64119 24713 28212 15615 16700 36928 12033 29985 22766 34134 17631 26513 7219 7273 23926 1629 594 10415 13191 14794 210 104 16503 16418
is_linear=0
shrinkage=0.05


Tree=37
num_leaves=31
num_cat=0
split_feature=0 0 1 1 0 1 6 1 6 6 1 1 0 3 3 7 8 6 3 4 8 3 5 5 1 6 1 4 4 5
split_gain=716.453 264.994 90.1344 56.9867 45.8311 33.2138 30.2168 22.9515 22.9501 22.2559 19.4212 15.7732 15.4224 15.0299 14.3572 14.045 13.7462 13.4145 11.9511 11.6134 11.2812 13.2787 16.0841 11.1204 10.7612 10.632 10.586 17.6312 11.1315 11.0483
threshold=1.5000000000000002 5.5000000000000009 5.8750000000000009 5.6150000000000011 4.5000000000000009 4.6450000000000005 3.5000000000000004 4.0250000000000012 2.5000000000000004 2.5000000000000004 3.5150000000000001 6.7750000000000012 4.5000000000000009 36.010000000000012 45.025000000000006 1.2500000000000002 -0.014999999999999998 5.5000000000000009 39.400000000000006 39.735000000000007 0.20500000000000004 41.07500000000001 7.0050000000000008 6.8750000000000009 7.1350000000000007 1.5000000000000002 6.9350000000000014 21.255000000000006 11.190000000000001 6.785000000000001
decision_type=2 2 2 2 2 2 8 2 10 8 2 2 2 2 2 10 8 8 2 2 10 2 10 10 2 8 2 2 2 8
left_child=3 2 4 13 6 -3 10 -8 -7 19 -2 -5 23 -1 16 20 -9 -18 25 -4 21 22 -12 -11 -25 -6 29 28 -28 -14
right_child=1 5 9 11 18 8 7 14 -10 12 15 -13 26 -15 -16 -17 17 -19 -20 -21 -22 -23 -24 24 -26 -27 27 -29 -30 -31
leaf_value=0.0051432278315078697 -0.017667245978314955 -0.040639205710735253 0.0053265728868303139 0.014573355227061234 -0.0070979076381382598 -0.013188820944316226 -0.020139879484328417 0.00064255395891970517 -0.029529414362219078 -0.0030621954252334996 -0.003709547980030729 0.021863948072251602 -0.0041390751739437803 0.011899062362499152 0.0057102920579610375 0.049062564531390226 -0.0081039455701859293 -0.017695038207585823 -0.0079593164395545257 -0.0035706614432321781 -0.010160050361237224 0.005380143049484188 0.026144433121385664 0.0024378666750676154 0.023851677209114627 -0.021031588103142644 0.033130222847115809 -0.0018192781510131515 0.16475513555752486 -0.020463605833600896
leaf_weight=2221.1276243627071 217.08003244549036 387.27415046468377 2052.232068233192 3034.2663739323616 161.27007051184773 353.0833996757865 484.39764851331711 296.81490140408278 548.9518390968442 1742.5056023672223 2135.8451885655522 981.97136558592319 173.83107332885265 1308.1136965304613 172.96939124166965 13.299780629575251 1205.2127084434032 522.67328298836946 323.72902273386717 446.57465656846762 410.69145426899195 589.20385595411062 46.089754037559032 609.82192645967007 64.915030710399151 906.22336250543594 4.5144085064530364 110.58590941131115 2.4934458583593369 256.70983005315065
leaf_count=9715 2997 11435 13561 12651 2249 7144 7265 3272 13407 14349 19545 4325 2007 5624 1781 104 13407 6266 4930 2946 3880 4936 431 5180 534 15055 51 1225 27 3261
internal_value=-0.000173601 -0.00677436 -0.00462209 0.0122826 -0.00818609 -0.0283916 -0.0063168 -0.010288 -0.0231332 0.000260309 -0.0031954 0.0163559 -0.00266894 0.00764728 -0.00811645 -0.00221216 -0.00929766 -0.0110052 -0.0163746 0.0037365 -0.00242649 -0.00128035 -0.00307893 -0.000951868 0.00449804 -0.0189266 -0.0102411 0.00305445 0.0799633 -0.0138726
internal_weight=21784.5 14239 12949.7 7545.48 7485.5 1289.31 6094.28 2682.07 902.035 5464.18 3412.21 4016.24 2965.38 3529.24 2197.67 3195.13 2024.7 1727.89 1391.22 2498.81 3181.83 2771.14 2181.93 2417.24 674.737 1067.49 548.135 117.594 7.00785 430.541
internal_count=193560 161245 129259 32315 86118 31986 63884 31991 20551 43141 31893 16976 26634 15339 24726 28896 22945 19673 22234 16507 28792 24912 19976 20063 5714 17304 6571 1303 78 5268
is_linear=0
shrinkage=0.05


Tree=38
num_leaves=31
num_cat=0
split_feature=0 0 1 1 6 1 0 1 5 1 3 0 5 5 8 2 8 8 3 5 4 1 6 2 4 6 3 4 1 1
split_gain=648.78 248.436 83.5644 53.565 44.02 32.8391 30.7556 20.5479 19.7386 18.1396 17.7902 16.9366 15.2478 15.2157 15.1564 14.3544 18.3628 14.1029 13.8091 13.4391 13.4192 12.9547 12.2791 11.7707 11.0978 10.4155 10.3546 10.3272 10.1165 10.0968
threshold=1.5000000000000002 5.5000000000000009 4.5250000000000012 5.1250000000000009 5.5000000000000009 4.8450000000000006 3.5000000000000004 6.4050000000000011 6.6550000000000011 6.3850000000000007 40.805000000000007 4.5000000000000009 6.8650000000000011 6.8150000000000004 0.055000000000000007 5.0750000000000011 0.15500000000000003 -0.084999999999999978 45.250000000000007 6.7350000000000012 32.270000000000003 5.8750000000000009 4.5000000000000009 6.0950000000000006 32.985000000000007 4.5000000000000009 68.020000000000024 41.685000000000009 1.8350000000000002 7.5050000000000008
decision_type=2 2 2 2 8 2 2 2 10 2 2 2 10 10 10 2 10 10 2 8 2 2 8 2 2 10 2 2 2 2
left_child=3 2 10 -1 6 19 12 22 -7 13 11 14 17 -8 -2 16 -14 20 -6 -3 -4 -19 -5 -10 -22 -25 -15 -18 -13 -11
right_child=1 5 4 7 18 8 9 -9 23 29 -12 28 15 26 -16 -17 27 21 -20 -21 24 -23 -24 25 -26 -27 -28 -29 -30 -31
leaf_value=0.0055373012293898349 -0.0058185761665729644 -0.024272735505603358 -0.0017671471905267419 0.013592815241344675 -0.012878109762746085 0.0025246652588639014 -0.0039382421499210138 0.018755315487941009 -0.030073776674274213 -0.00075891721423982685 -0.003876240181372859 -0.0054071856646983997 0.0040355126113965486 -0.012187700886928353 -0.015781932164282961 0.0098262139577681429 -0.028687582113807449 -0.0039194686605556871 0.0088057785390548236 -0.044374037544393084 0.090166342701889945 0.0017683119058462156 0.0055232214384060077 -0.011674342101047909 0.022670036504452484 -0.030375486432255534 0.058714413290626301 0.022976538493747482 -0.025944597893311772 0.018293744579109174
leaf_weight=2411.8039667308331 610.84874012321234 113.41855954378843 68.99758019298315 2686.4053204357624 1110.3378647640347 75.101881310343742 1535.9608596488833 1867.2457789480686 410.62896508350968 1087.3546305224299 490.67960940301418 70.635327257215977 298.36672852933407 1010.3792403824627 1017.5333236865699 829.54730745404959 75.744074158370495 1828.1667994707823 78.621936146169901 311.56810259446502 6.6031433641910544 2212.9162443801761 571.74825991690159 236.94780913740396 78.362269461154938 108.56761248782277 5.1757474206387988 11.088665835559366 396.84602295979857 74.286926798522472
leaf_count=10785 7741 3250 510 11041 12602 1385 15918 8163 10474 9527 6609 1157 2616 11582 14014 6308 691 15621 811 9633 47 14778 2326 4809 567 2435 53 100 7407 600
internal_value=-0.000167941 -0.00647788 -0.00441063 0.011682 -0.00239504 -0.0277035 -0.00121569 0.0145734 -0.0219232 -0.00471984 -0.0124463 -0.0144527 0.00118948 -0.00707787 -0.0120444 0.00612246 -0.00185377 -0.000238946 -0.0114442 -0.0390095 0.0146134 -0.000804813 0.0121767 -0.0243514 0.0279156 -0.0175506 -0.0118264 -0.02209 -0.0228414 0.0004595
internal_weight=21691.9 14154.7 12898.5 7537.2 10311.9 1256.23 9122.95 5125.4 831.246 3713.16 2586.54 2095.86 5409.79 2551.52 1628.38 1214.75 385.199 4195.05 1188.96 424.987 153.963 4041.08 3258.15 756.144 84.9654 345.515 1015.55 86.8327 467.481 1161.64
internal_count=193560 161245 129259 32315 92331 31986 78918 21530 19103 37680 36928 30319 41238 27553 21755 9715 3407 31523 13413 12883 1124 30399 13367 17718 614 7244 11635 791 8564 10127
is_linear=0
shrinkage=0.05


Tree=39
num_leaves=31
num_cat=0
split_feature=0 0 1 2 6 0 1 6 6 6 3 1 6 0 1 7 2 5 3 3 8 1 8 8 7 8 2 5 1 6
split_gain=587.5 232.719 76.7823 50.1586 39.6376 33.5106 32.4071 21.8381 20.6299 18.1418 17.8622 17.4362 17.0876 13.9287 13.1196 12.821 12.5288 12.7604 12.2263 14.6417 11.9198 11.8666 11.7013 11.9039 12.2097 11.4294 11.0172 18.7912 12.7049 10.7343
threshold=1.5000000000000002 5.5000000000000009 4.6650000000000009 5.535000000000001 1.5000000000000002 4.5000000000000009 4.6450000000000005 2.5000000000000004 2.5000000000000004 1.5000000000000002 40.040000000000006 6.9750000000000005 5.5000000000000009 4.5000000000000009 3.1750000000000003 0.75000000000000011 4.9850000000000012 6.705000000000001 38.905000000000008 47.505000000000003 0.115 6.6150000000000011 0.24500000000000002 -0.19499999999999998 1.0000000180025095e-35 0.045000000000000005 7.3350000000000009 6.995000000000001 6.495000000000001 2.5000000000000004
decision_type=2 2 2 2 8 2 2 10 8 10 2 2 8 2 2 10 2 10 2 2 8 2 8 10 10 10 2 10 2 8
left_child=3 2 8 9 -4 12 -3 -8 16 -1 13 22 15 25 -11 26 -2 18 -18 20 -20 -7 23 -5 29 -10 -6 -28 -29 -25
right_child=1 6 4 11 5 21 7 -9 10 14 -12 -13 -14 -15 -16 -17 17 -19 19 -21 -22 -23 -24 24 -26 -27 27 28 -30 -31
leaf_value=0.012561500419283896 -0.0079640903322257522 -0.039633875623457764 0.003675021168226831 -0.05206395411034196 -0.0021252269101765019 -0.013787367698270929 -0.011982421621793663 -0.028219554086623688 -0.0072821161643080532 -0.016045379345590475 -0.0044509339373783258 0.023600451069714021 -0.0087483680754337264 -0.025428909556289472 0.0055231721228301512 0.02835359269960145 0.01176081949288323 -0.0024148175948417745 0.060889395326037959 -0.019057991107791057 0.17327121423871986 -0.0025033353476514135 -0.0010081105944536523 0.018211658488342896 -0.00099659585530085647 -0.017490074475818681 0.0045536466774205369 0.0067019753484270127 0.11493903207616996 0.012108723434383774
leaf_weight=1096.3245716243982 840.23895206302404 359.5986988954246 2290.8435920402408 6.7040645182132712 4947.3196857348084 994.0531607568264 343.37321325391531 521.70508110895753 410.93848642706871 72.409767523407936 375.52479333803058 538.42201964557171 887.90631759911776 347.19889217987657 2680.0867286920547 36.294069319963455 38.278351288288832 116.31575605645776 8.4753814600408059 3.9545071758329859 3.269748304039239 304.31607207655907 126.94973462820053 1502.9879738688469 119.91365206241608 824.14557971432805 410.14370833337307 4.6182860508561117 6.5654785707592964 1383.9255231916904
leaf_count=4667 10826 11435 15521 28 41982 14082 7144 13407 5395 411 5269 2424 9152 6681 11622 268 419 1270 82 39 36 3328 528 6445 504 11768 3053 39 49 5686
internal_value=-0.000162346 -0.00619246 -0.00420767 0.0111125 -0.00208943 -0.003829 -0.0270186 -0.0217746 -0.0112596 0.00712224 -0.0142543 0.0152872 -0.00232003 -0.016581 0.00495577 -0.00126401 -0.0054577 0.00690896 0.0270005 0.0641575 0.0921756 -0.0111426 0.0138619 0.0144883 0.0146367 -0.0140937 -0.00146423 0.00629731 0.070243 0.015286
internal_weight=21602.8 14075.1 12850.4 7527.72 9882.06 7591.22 1224.68 865.078 2968.34 3848.82 1957.81 3678.9 6292.85 1582.28 2752.5 5404.94 1010.53 170.294 53.978 15.6996 11.7451 1298.37 3140.48 3013.53 3006.83 1235.08 5368.65 421.327 11.1838 2886.91
internal_count=193560 161245 129259 32315 87474 71953 31986 20551 41785 16700 29113 15615 54543 23844 12033 45391 12672 1846 576 157 118 17410 13191 12663 12635 17163 45123 3141 88 12131
is_linear=0
shrinkage=0.05


Tree=40
num_leaves=31
num_cat=0
split_feature=0 0 1 1 6 1 7 3 2 6 1 2 7 0 7 6 0 5 3 0 8 8 4 8 6 5 5 6 2 3
split_gain=531.935 217.734 71.5061 46.5793 39.1806 32.0244 24.9608 20.274 18.9111 18.2544 18.0846 17.7762 17.0375 16.8501 13.8433 13.5902 11.9915 11.7407 11.5688 10.9224 10.8472 10.7902 12.1306 10.5092 10.3406 9.94718 9.86156 9.86061 9.29678 9.27454
threshold=1.5000000000000002 5.5000000000000009 5.8750000000000009 6.1050000000000013 4.5000000000000009 6.0850000000000009 1.2500000000000002 40.920000000000009 5.2550000000000008 1.5000000000000002 4.1650000000000009 4.6550000000000011 0.75000000000000011 4.5000000000000009 2.2500000000000004 3.5000000000000004 4.5000000000000009 6.7350000000000012 37.150000000000006 3.5000000000000004 0.28500000000000009 0.10500000000000002 49.07500000000001 0.20500000000000004 4.5000000000000009 6.5850000000000009 6.5750000000000011 1.5000000000000002 7.455000000000001 33.735000000000007
decision_type=2 2 2 2 8 2 8 2 2 8 2 2 10 2 8 10 2 10 2 2 10 10 2 10 10 10 10 10 2 2
left_child=3 2 4 8 7 6 17 10 15 -4 25 -6 13 -11 16 -1 21 -3 -10 -13 27 26 28 -9 -7 -2 -12 -5 -23 -24
right_child=1 5 9 20 11 24 -8 23 18 12 14 19 -14 -15 -16 -17 -18 -19 -20 -21 -22 22 29 -25 -26 -27 -28 -29 -30 -31
leaf_value=0.0074433640216204806 0.023244653660900689 -0.023516041493375037 0.0052821848935728439 0.020709080007828999 -0.017559697955772786 -0.010360743969509111 0.0070776639450350794 0.0030261168226698529 0.0089019262622954745 -0.00017968477328744698 0.031566888828766446 -0.0037388618434027058 0.035602845271947035 -0.0087564451296752912 0.055533378482297585 0.00011697121741958703 -0.012158199844515114 -0.038008390248238627 0.017293322749628449 -0.013977109129304305 -0.0089151824271353191 -0.0090477861091313311 0.0061777266839658012 -0.011429536554176167 -0.028163187992318858 -0.013748236715709196 -0.0016696246934826122 0.014161522989654269 0.039165811118195164 0.065497614770173171
leaf_weight=1961.1464515328407 18.571186423301697 186.94711505621672 1384.8906846418977 846.01310431957245 1058.5092631876469 304.44043876230717 38.237499799579382 954.12083571404219 1347.4806777387857 3347.9089009165764 22.620159387588501 574.62140204757452 30.932629033923149 690.82344129681587 9.4732083752751333 934.63294468820095 495.80761656165123 553.56860195286572 590.82938182353973 476.52702582255006 43.495644271373749 1034.3014236018062 25.096218660473824 144.81150952354074 111.42315020784736 845.46972890198231 1670.5506575778127 1795.1834912002087 10.096067823469637 8.9351779073476774
leaf_count=8365 242 5526 8464 3866 15995 6055 525 9526 5521 26241 184 6275 239 8197 73 4321 7456 17318 2418 6924 185 9847 234 1511 2562 12506 15188 7639 75 82
internal_value=-0.00015678 -0.00591826 -0.00401355 0.0105701 -0.00723253 -0.0263332 -0.0323156 -0.00491608 0.00763731 0.000323732 -0.00651828 -0.012986 -0.00136361 -0.00164674 -0.00482155 0.00507872 -0.00499654 -0.0343497 0.0114598 -0.00838026 0.0158509 -0.0037154 -0.00762447 0.00112123 -0.0151306 -0.0129531 -0.0012256 0.0162588 -0.00858171 0.0217526
internal_weight=21517.5 13998.7 12804.1 7518.78 7349.51 1194.62 778.753 5239.85 4834.09 5454.56 4140.92 2109.66 4069.66 4038.73 3276.88 2895.78 3267.41 740.516 1938.31 1051.15 2684.69 2771.6 1078.43 1098.93 415.864 864.041 1693.17 2641.2 1044.4 34.0314
internal_count=193560 161245 129259 32315 86118 31986 23369 56924 20625 43141 45887 29194 34677 34438 33139 12686 33066 22844 7939 13199 11690 25610 10238 11037 8617 12748 15372 11505 9922 316
is_linear=0
shrinkage=0.05


Tree=41
num_leaves=31
num_cat=0
split_feature=0 0 1 1 6 1 0 6 6 0 1 2 5 5 3 3 3 1 6 2 2 8 1 7 5 8 7 8 3 7
split_gain=481.65 203.552 65.8778 43.3528 35.6776 31.9939 25.2513 20.8917 18.6676 15.0799 14.9938 14.8865 13.9476 13.6409 13.1687 12.9082 12.7386 12.2983 12.8559 12.1739 12.1063 16.6868 11.9863 11.2268 10.8285 10.8078 12.6581 10.6669 10.4908 9.99426
threshold=1.5000000000000002 5.5000000000000009 4.5250000000000012 5.0650000000000004 5.5000000000000009 4.6450000000000005 3.5000000000000004 1.5000000000000002 1.5000000000000002 4.5000000000000009 6.3850000000000007 6.035000000000001 6.8650000000000011 6.8450000000000006 68.020000000000024 36.705000000000005 45.250000000000007 3.4650000000000003 1.5000000000000002 5.8950000000000005 5.0750000000000011 0.15500000000000003 1.5650000000000002 1.0000000180025095e-35 6.7350000000000012 0.34500000000000003 -1.0000000180025095e-35 0.095000000000000015 28.265000000000004 0.75000000000000011
decision_type=2 2 2 2 8 2 2 10 8 2 2 2 10 10 2 2 2 2 8 2 2 10 2 10 8 10 10 10 2 10
left_child=3 2 9 25 6 24 12 -7 -5 17 13 -10 15 28 -15 -4 -6 -2 23 -9 21 -14 -11 -19 -3 -1 -27 -20 -8 -30
right_child=1 5 4 8 16 7 10 19 11 22 -12 -13 20 14 -16 -17 -18 18 27 -21 -22 -23 -24 -25 -26 26 -28 -29 29 -31
leaf_value=0.0048190853899048661 -0.017189111552526861 -0.024019688415698789 -0.0023202443637963528 0.017100383697870918 -0.01170172671222032 -0.0062693399554804505 -0.011053293142412456 -0.031852796540065793 0.0074780733324966075 0.0024084991392650818 0.00051341683005656986 0.013905004317048893 0.0040977133478705728 -0.012464450934855122 0.077610742466873384 0.0034247679011486427 0.0091947413871470724 0.00033723353505306559 -0.0051554111763764 -0.017958186322128721 0.0092670971759523657 -0.021038432911407685 -0.021000405626984589 0.044236675866767911 -0.044169728767609183 -0.052433494376370827 0.0033378225472910569 -0.014217461492572456 -0.0024210933675326164 0.030453477627721895
leaf_weight=2269.0929224938154 373.74268333986402 91.700378958135843 2635.1652149036527 1591.0821248441935 1084.3679626360536 199.24717566743493 401.15554060414433 312.44605938531458 1855.5299608409405 61.554126963019371 1160.0063979625702 1751.4875200837851 298.01332786679268 751.38047543168068 4.0796515904366961 1554.532939106226 78.190701831132174 253.13208935409784 738.73327860236168 318.18301974609494 834.7796613201499 84.817910939455032 489.98962534219027 15.452987387776373 244.30271820351481 18.031937137246132 23.34608681499958 579.44429067894816 1337.5375985130668 23.525706067681313
leaf_count=10130 5688 2895 20353 6980 12602 3795 4439 9265 7614 981 10127 7401 2616 8821 41 11170 811 2772 9587 7491 6308 791 9434 163 8540 82 108 8303 14072 180
internal_value=-0.000151338 -0.00565507 -0.00382776 0.0100559 -0.00204897 -0.0256534 -0.000993605 -0.0203831 0.0125889 -0.0110841 -0.00418995 0.0105988 0.00118033 -0.006357 -0.011978 -0.000188632 -0.0102963 -0.00902933 -0.00710739 -0.0248423 0.00589082 -0.00147131 -0.0183879 0.00286298 -0.0386705 0.00435729 -0.0209665 -0.00913891 -0.00394727 -0.00185286
internal_weight=21434.1 13925.5 12759.6 7508.57 10247.6 1165.88 9084.99 829.876 5198.1 2512.05 3677.69 3607.02 5407.31 2517.68 755.46 4189.7 1162.56 1960.51 1586.76 630.629 1217.61 382.831 551.544 268.585 336.003 2310.47 41.378 1318.18 1762.22 1361.06
internal_count=193560 161245 129259 32315 92331 31986 78918 20551 21995 36928 37680 15015 41238 27553 8862 31523 13413 26513 20825 16756 9715 3407 10415 2935 11435 10320 190 17890 18691 14252
is_linear=0
shrinkage=0.05


Tree=42
num_leaves=31
num_cat=0
split_feature=0 0 1 1 6 1 3 6 1 0 2 3 6 5 2 3 8 5 0 5 5 4 7 5 4 4 4 8 6 8
split_gain=436.047 190.098 61.3476 40.6257 35.0963 31.3639 21.7586 20.0284 19.922 18.05 17.9739 17.7482 16.0462 14.4219 14.1763 14.0543 13.4188 11.6255 11.2753 11.505 10.8411 10.5061 10.3283 10.3022 9.79142 9.67103 12.1121 9.66901 9.42366 9.3538
threshold=1.5000000000000002 5.5000000000000009 5.8750000000000009 6.1650000000000009 3.5000000000000004 4.6450000000000005 45.025000000000006 2.5000000000000004 3.9750000000000005 4.5000000000000009 4.8250000000000011 36.010000000000012 2.5000000000000004 6.5850000000000009 3.9450000000000007 38.145000000000003 -0.014999999999999998 7.0750000000000011 4.5000000000000009 6.8650000000000011 6.7350000000000012 39.735000000000007 1.0000000180025095e-35 6.785000000000001 39.540000000000006 28.335000000000004 28.245000000000001 -0.11499999999999998 5.5000000000000009 0.26500000000000007
decision_type=2 2 2 2 8 2 2 10 2 2 2 2 8 10 2 2 8 10 2 10 8 2 8 8 2 2 2 8 8 8
left_child=3 2 4 11 10 20 8 22 23 16 13 14 21 -2 -1 18 -10 -5 19 -14 -3 24 -7 -6 -4 26 -16 -23 -18 -13
right_child=1 5 12 17 6 7 -8 -9 9 -11 -12 29 15 -15 25 -17 28 -19 -20 -21 -22 27 -24 -25 -26 -27 -28 -29 -30 -31
leaf_value=-0.0011711954630493689 0.019381362034511365 -0.023348129871900679 0.0044512925637134769 0.015113750888798419 -0.0098255649088898629 -0.014926751692223237 0.0032768224141365085 -0.026214244600079907 0.0020082821607986232 -0.018883485299659386 1.5666461890743825e-05 0.011684166390126798 -0.0052840048698074848 -0.0073206945982775802 0.01099383825557515 0.0035575001233251109 -0.007098788503627794 -0.021229603258777822 -0.011946288123906034 0.0034141601861888424 -0.043790485189336648 0.045794391218795805 0.006459082360251521 -0.025090748585745989 0.038576701245100042 0.0046646421498247577 0.067704359414245407 -0.0047491048972633891 -0.01524653999843815 -0.004408498662185522
leaf_weight=776.88146258890629 51.820250798016787 89.673358201980591 2041.8452375233173 2465.365582793951 157.33165528252721 257.84494256228209 262.13779526948929 484.37541482783854 296.50904201716185 450.84790100157261 1887.2884936593473 1757.9489431232214 1205.0116886422038 2092.0699943713844 635.67352664470673 789.79088982194662 1194.721752628684 22.202241122722626 388.9707368388772 555.37840466201305 234.35015232115984 9.6715834215283376 72.284119710326195 371.5224817879498 21.238498888909817 1736.1872220635414 9.556820333003996 437.04341431707144 504.84049170836806 95.185979187488556
leaf_count=3526 550 2895 13421 10861 2715 5920 3242 13407 3342 8234 17111 7443 10174 24385 2664 6839 13700 94 4859 4762 8540 65 1224 6435 140 7278 40 2881 6404 409
internal_value=-0.000146103 -0.0054021 -0.00364986 0.00956587 -0.00665646 -0.0249756 -0.010533 -0.0197414 -0.0117495 -0.00984759 -0.00354276 0.00697303 0.00036104 -0.00667528 0.00469377 -0.00214627 -0.00780667 0.0147894 -0.00424214 -0.00253986 -0.0381331 0.00329728 -0.0102442 -0.0205494 0.0048026 0.00660708 0.0118338 -0.00365482 -0.00951901 0.0108576
internal_weight=21355.6 13856.6 12718 7499 7269.09 1138.53 3237.91 814.504 2975.77 2446.92 4031.18 5011.43 5448.95 2143.89 3158.3 2939.15 1996.07 2487.57 2149.36 1760.39 324.024 2509.8 330.129 528.854 2063.08 2381.42 645.23 446.715 1699.56 1853.13
internal_count=193560 161245 129259 32315 86118 31986 44072 20551 40830 31680 42046 21360 43141 24935 13508 26634 23446 10955 19795 14936 11435 16507 7144 9150 13561 9982 2704 2946 20104 7852
is_linear=0
shrinkage=0.05


Tree=43
num_leaves=31
num_cat=0
split_feature=0 0 1 2 6 1 0 6 5 5 2 3 1 2 0 1 4 5 1 5 8 8 7 7 1 6 5 8 4 2
split_gain=394.694 177.352 56.2536 38.0503 32.5915 30.6979 27.8195 19.8106 19.6448 15.4129 15.1037 14.3632 13.0833 12.5882 12.4254 11.7681 13.0108 11.7205 11.1685 10.8403 10.834 10.7229 10.2021 10.0226 9.92925 9.67227 9.47539 13.0257 10.7723 9.6708
threshold=1.5000000000000002 5.5000000000000009 4.5250000000000012 6.035000000000001 1.5000000000000002 4.6450000000000005 3.5000000000000004 1.5000000000000002 6.6550000000000011 6.785000000000001 8.1150000000000002 37.815000000000005 3.7950000000000004 6.0950000000000006 4.5000000000000009 6.9750000000000005 29.180000000000003 7.0050000000000008 7.6050000000000013 6.7350000000000012 0.19500000000000003 0.055000000000000007 1.7500000000000002 1.0000000180025095e-35 6.4150000000000009 4.5000000000000009 6.8650000000000011 -0.094999999999999987 31.535000000000004 5.0750000000000011
decision_type=2 2 2 2 8 2 2 10 10 8 2 2 2 2 2 2 2 8 2 8 10 10 10 8 2 10 10 10 2 2
left_child=3 2 11 7 -4 19 15 20 23 -8 -11 14 -9 -10 21 26 -17 18 -5 -3 -1 -2 -16 24 -7 -15 27 28 -6 -28
right_child=1 5 4 17 6 8 9 12 13 10 -12 -13 -14 25 22 16 -18 -19 -20 -21 -22 -23 -24 -25 -26 -27 29 -29 -30 -31
leaf_value=0.01322281260495811 -0.0048240893850385611 -0.022681640987140685 0.0032976785513177823 0.014029286189622407 -0.0034482946222695755 -0.02601526912731519 -0.0029063263486798266 -0.0060259981552999321 -0.027508072811024409 -0.010448310229955383 0.024162957776983213 -0.0044211447710243911 0.0053689766449439898 -0.0084703137462874539 -0.02156474104927486 0.023648492305371329 0.0023988152455005256 -0.0048851870054535977 0.035315955979353185 -0.043403347322748552 2.0813324898917227e-05 -0.013996039897415366 0.066918663219226529 0.029674540668491307 0.019965748403872073 -0.027403755162700567 -0.00421879704841967 -0.0037625551612699114 0.033935351238717576 0.0052066488036712558
leaf_weight=1213.4392008036375 513.66552200168371 87.742792312055826 2368.6333488449454 2470.9730581343174 35.266763441264629 30.4675068333745 1380.6949833780527 273.34101982414722 404.67144841887057 1853.0686508305371 32.065588966012001 739.35780161619186 3211.4490632265806 221.96303282678127 372.52519100159407 92.789054840803146 322.04648865014315 79.936458423733711 63.195766687393188 224.85935665480793 178.22285237908363 839.38238148018718 3.28641253709793 26.76124132424593 19.101881813257933 96.902835987508297 410.51831296086311 2864.8192782849073 42.483957499265671 807.37449277192354
leaf_count=5183 6747 2895 16197 10719 291 773 14900 1452 11758 22336 323 10491 13570 4849 7421 652 2300 336 293 8540 762 12227 42 379 334 2458 4028 24239 343 6722
internal_value=-0.000140974 -0.00515945 -0.00347981 0.00909827 -0.00184222 -0.0243011 -0.00339488 0.00648911 -0.0191087 -0.00691995 -0.00985958 -0.0102537 0.00447517 -0.0216538 -0.012748 -0.00087869 0.00715187 0.0139655 0.0145601 -0.0375871 0.0115321 -0.010514 -0.020791 0.00501621 -0.00829619 -0.0142242 -0.00167941 -0.00321452 0.0169786 0.00202959
internal_weight=21281 13790.4 12678 7490.56 10209.8 1112.47 7841.13 4876.45 799.868 3265.83 1885.13 2468.22 3484.79 723.537 1728.86 4575.3 414.836 2614.11 2534.17 312.602 1391.66 1353.05 375.812 76.3306 49.5694 318.866 4160.46 2942.57 77.7507 1217.89
internal_count=193560 161245 129259 32315 92331 31986 76134 20967 20551 37559 22659 36928 15022 19065 26437 38575 2952 11348 11012 11435 5945 18974 7463 1486 1107 7307 35623 24873 634 10750
is_linear=0
shrinkage=0.05


Tree=44
num_leaves=31
num_cat=0
split_feature=0 0 1 1 0 1 2 6 8 6 6 3 7 1 3 6 5 1 7 4 3 0 4 5 2 2 3 4 4 1
split_gain=357.247 165.335 52.6957 35.5678 31.4872 29.987 21.534 18.6683 18.3576 18.7581 15.7114 14.1681 14.5872 13.8769 13.6684 12.6756 12.0214 11.7092 12.9293 11.3867 11.1109 11.0705 11.6391 10.8256 10.3269 11.3133 10.1518 9.90993 10.4639 13.8282
threshold=1.5000000000000002 5.5000000000000009 5.8750000000000009 6.285000000000001 4.5000000000000009 4.6450000000000005 4.8250000000000011 2.5000000000000004 0.19500000000000003 2.5000000000000004 5.5000000000000009 38.085000000000008 -1.0000000180025095e-35 7.2250000000000005 29.275000000000002 2.5000000000000004 6.8350000000000009 4.6650000000000009 1.0000000180025095e-35 31.025000000000002 52.645000000000003 2.5000000000000004 34.140000000000008 6.7350000000000012 6.3250000000000011 6.8050000000000006 33.82500000000001 29.735000000000003 35.465000000000011 7.0250000000000012
decision_type=2 2 2 2 2 2 2 10 10 10 8 2 10 2 2 8 10 2 10 2 2 2 2 8 2 2 2 2 2 2
left_child=3 2 4 8 6 23 10 -7 9 17 14 12 -4 15 -2 -14 -17 -1 -19 24 -8 22 -21 -3 -15 -26 -27 -5 -29 -30
right_child=1 5 11 27 -6 7 20 -9 -10 -11 -12 -13 13 19 -16 16 -18 18 -20 21 -22 -23 -24 -25 25 26 -28 28 29 -31
leaf_value=0.0048312916410574239 -0.011756122140458273 -0.022020893435232683 -0.0046018770681272242 0.019424182931280072 -0.013200290762879058 -0.0092629943382273143 -0.0019676702862922034 -0.02492572306338442 -0.0012613745861759121 0.0044033487006121729 -0.016455696032494565 0.0043171903922761806 0.0046434991990399604 0.067791622363281429 -0.0038129973564942736 -0.0088804580639672732 0.0021526451350526244 0.013616327751545004 -0.011362874828027305 -0.018016302830813916 0.016196768583957237 -0.0035237890373351535 0.049011974118181728 -0.043007950658311249 -0.028522110733367745 0.044865280717086592 -0.027140201627185664 0.0074331454821838288 0.011947544629051864 0.026865896882769403
leaf_weight=618.60728159546852 753.1312549598515 85.904275065287948 1763.9137942716479 621.96541941165924 1290.4350129440427 322.97245751135051 2718.9576592817903 462.92307212203741 670.43620002269745 2327.1915295571089 418.95522689074278 1618.0586698874831 892.88846080005169 15.43817939609289 1928.2168976031244 513.35495257377625 475.6360247656703 1678.3127091228962 53.453070268034935 8.914103686809538 86.877393677830696 86.185541167855263 23.684791103005409 215.81008436158299 9.3605064824223501 30.161953814327717 5.8433314040303221 697.76919934153557 605.07997715473175 208.98225270211697
leaf_count=2718 9215 2895 14564 2778 22234 7144 25788 13407 2896 9978 6085 12111 5918 109 22097 4705 4493 6958 222 58 699 693 154 8540 72 222 42 3122 2677 966
internal_value=-0.000135972 -0.00492663 -0.00331703 0.00865394 -0.00612477 -0.0236331 -0.00457884 -0.018489 0.00647635 0.0075854 -0.00745101 0.000394989 -0.00126402 0.00159204 -0.00604405 0.000324769 -0.0035743 0.0107361 0.0128453 0.0148716 -0.00140524 0.0058639 0.0306832 -0.0370325 0.0324688 0.0204483 0.0331794 0.0141117 0.0119262 0.0157773
internal_weight=21209.4 13727.6 12640 7481.8 7196.57 1087.61 5906.14 785.896 5348 4677.56 3100.3 5443.44 3825.38 2061.47 2681.35 1881.88 988.991 2350.37 1731.77 179.588 2805.84 118.784 32.5989 301.714 60.804 45.3658 36.0053 2133.8 1511.83 814.062
internal_count=193560 161245 129259 32315 86118 31986 63884 20551 22772 19876 37397 43141 31030 16466 31312 15116 9198 9898 7180 1350 26487 905 212 11435 445 336 264 9543 6765 3643
is_linear=0
shrinkage=0.05


Tree=45
num_leaves=31
num_cat=0
split_feature=0 0 1 1 1 6 7 0 6 5 3 0 1 8 5 8 5 3 3 1 8 4 3 4 4 1 2 5 4 3
split_gain=323.358 153.938 48.3838 33.1524 29.7005 29.0549 23.5117 19.6545 15.6054 13.7275 13.1512 13.0155 12.8591 12.1647 11.4841 11.3373 11.3267 11.0808 11.9067 10.91 12.7598 10.8897 10.836 10.8123 11.1178 10.7344 10.3902 10.2753 10.3492 10.2613
threshold=1.5000000000000002 5.5000000000000009 4.5250000000000012 5.0650000000000004 6.2350000000000012 5.5000000000000009 0.75000000000000011 3.5000000000000004 1.5000000000000002 6.7550000000000008 40.805000000000007 4.5000000000000009 7.5050000000000008 0.055000000000000007 6.8650000000000011 -0.084999999999999978 6.785000000000001 36.380000000000003 34.865000000000002 6.8550000000000013 -0.16499999999999998 32.270000000000003 45.250000000000007 30.025000000000002 30.945000000000004 5.0850000000000009 6.0650000000000004 6.6550000000000011 20.055000000000003 41.07500000000001
decision_type=2 2 2 2 2 8 8 2 8 10 2 2 2 10 10 10 10 2 2 2 10 2 2 2 2 2 2 10 2 2
left_child=3 2 10 -1 6 7 9 14 -5 -3 11 13 16 -2 15 21 17 18 -9 20 -10 -4 -7 -22 -25 26 -20 28 -6 -17
right_child=1 4 5 8 27 22 -8 12 19 -11 -12 -13 -14 -15 -16 29 -18 -19 25 -21 23 -23 -24 24 -26 -27 -28 -29 -30 -31
leaf_value=0.0032729498251417178 -0.0035127260392577124 -0.020855108296905719 -0.0016908725742914152 0.01463107001151203 0.12795135191130402 -0.010509299735040327 0.0051844968725772139 -0.0024773112695324613 -0.040398745264331425 -0.035884138648457957 -0.0020361554071174812 -0.019109215650345002 0.016899773274661148 -0.01267570996637488 0.0054743348276648082 -0.0018141521240099203 -0.0069015049416593617 0.0034224092624791213 0.0027496095562881137 0.015243568427384009 0.011890370728065078 0.024895140931203662 0.0087267547057793948 -0.0081421362172324867 0.006588925095032911 -0.023778512504774297 0.11506535170836832 -0.013563689215533673 0.0084238684629223456 0.0044880846799546913
leaf_weight=2322.1977460384369 585.81122030690312 226.83697151951492 68.863181464374065 1566.9571218788624 1.9131845571100701 1058.7131869010627 48.254690162837505 956.65230102092028 13.843926504254339 460.16468595340848 474.80084780976176 420.27882990986109 75.340414717793465 949.00092909112573 1223.2556887045503 3213.4208235219121 1713.9076762981713 750.6838324777782 17.271695256233219 533.73249958455563 1025.5922719836235 87.404156394302845 78.649921711534262 137.48887993395329 1872.1946822553873 119.2931315600872 2.3378427177667609 292.9258382357657 33.895835116505623 808.36214578151703
leaf_count=10320 7741 7386 510 6980 24 12602 787 9684 57 16540 6609 8564 600 14014 9715 24730 19132 6883 224 2419 4236 614 811 569 7734 1129 28 6679 570 5669
internal_value=-0.000130956 -0.00470315 -0.00316143 0.00823264 -0.0229663 -0.00164749 -0.0285521 -0.000699565 0.0104691 -0.0309218 -0.00950043 -0.0113132 -0.00354181 -0.00917836 0.00121348 -3.40198e-05 -0.0039744 -0.00125709 -0.00446353 0.00864889 0.00749452 0.0131793 -0.00917911 0.00771296 0.00558113 -0.0181431 0.0161399 -0.010473 0.0148099 -0.000547428
internal_weight=21140 13668 12604 7472.01 1063.99 10174.2 735.256 9036.79 5149.81 687.002 2429.89 1955.09 3635.49 1534.81 5401.31 4178.05 3560.15 1846.24 1095.55 3582.85 3049.12 156.267 1137.36 3035.28 2009.68 138.903 19.6095 328.735 35.809 4021.78
internal_count=193560 161245 129259 32315 31986 92331 24713 78918 21995 23926 36928 30319 37680 21755 41238 31523 37080 17948 11065 15015 12596 1124 13413 12539 8303 1381 252 7273 594 30399
is_linear=0
shrinkage=0.05


Tree=46
num_leaves=31
num_cat=0
split_feature=0 0 1 2 6 1 3 1 7 6 0 8 7 2 1 5 0 5 8 3 1 5 4 6 5 7 5 1 5 1
split_gain=292.655 143.229 45.9234 31.458 29.7102 29.2928 18.5681 17.0767 16.2511 15.6123 15.0501 14.9337 14.0359 13.9164 13.1445 12.9773 12.6177 12.2447 11.9502 11.3411 12.9289 10.6992 10.6661 11.9011 10.1746 17.5201 10.0133 9.64639 9.50737 9.75957
threshold=1.5000000000000002 5.5000000000000009 5.8750000000000009 6.1550000000000011 3.5000000000000004 4.8450000000000006 45.025000000000006 3.9750000000000005 1.0000000180025095e-35 4.5000000000000009 4.5000000000000009 0.19500000000000003 1.7500000000000002 4.8250000000000011 6.8350000000000009 6.5850000000000009 3.5000000000000004 7.0050000000000008 -0.014999999999999998 46.025000000000013 4.705000000000001 6.785000000000001 29.735000000000003 2.5000000000000004 6.6250000000000009 2.2500000000000004 6.785000000000001 7.1850000000000014 6.745000000000001 7.5050000000000008
decision_type=2 2 2 2 8 2 2 2 8 10 2 10 10 2 2 10 2 8 8 2 2 10 2 10 10 10 8 2 8 2
left_child=3 2 4 9 13 12 7 26 14 11 18 19 -3 15 21 -2 -4 22 -9 20 -1 -7 -5 -24 25 -10 -6 -25 -18 -30
right_child=1 5 16 17 6 8 -8 10 24 -11 -12 -13 -14 -15 -16 -17 28 -19 -20 -21 -22 -23 23 27 -26 -27 -28 -29 29 -31
leaf_value=0.0023891123282659601 0.019105341552461352 -0.036814523798320085 0.0024427210206960218 0.018521586670921932 -0.0080391145731496996 -0.014997057609909249 0.0034946519462391717 0.0024867941220451033 0.099470845665519364 -0.00023540213954865823 -0.017125311045735753 -0.0010028671877045142 0.016660774080309318 0.00035152783135260928 -0.0033420776369511556 -0.00619830547925556 0.0019820591337507813 -0.0075996943386194048 -0.0084438126370454912 0.01736239406696265 0.0092047750120154825 -0.029444119540437342 0.014994611689955773 0.0041535676705308977 -0.0051457903682766036 -0.0031313009048517908 -0.023405858930789815 0.021931114526301448 -0.0056812486472974863 0.016410481288655625
leaf_weight=980.13798436522484 51.955679923295975 313.55320657230914 3226.2841401398182 680.38676001131535 151.56053775921464 235.69846067018807 261.12399404495955 294.2517299503088 6.8460503183305272 926.57475447654724 430.66244506835938 519.19323806464672 12.770577926188706 1876.8782263956964 103.65374801307917 2049.12803177163 779.54045636951923 72.42510786652565 1664.6059959568083 300.59203071892262 2398.5295781195164 280.86520954780281 864.00296407938004 634.01672512292862 77.422491233795881 10.607086978852749 352.74801985174417 86.746705129742622 1379.4467596039176 51.873190648853779
leaf_count=4369 550 12685 22314 2994 2715 6423 3242 3342 110 4129 8234 2232 198 17111 2325 24385 6542 306 20104 1281 10022 8439 3928 2663 1676 130 6435 391 13834 451
internal_value=-0.000126197 -0.004489 -0.0030127 0.00783138 -0.00565128 -0.0223083 -0.00927474 -0.010427 -0.0166435 0.00563895 -0.00866245 0.00693539 -0.0347218 -0.00277748 -0.0195916 -0.0055726 0.000448819 0.0126382 -0.00680186 0.00805558 0.00722758 -0.0228522 0.0132852 0.0110371 0.00262837 0.0371147 -0.0187877 0.00629317 -0.00246086 -0.00488061
internal_weight=21074.1 13611.5 12570.1 7462.61 7132.91 1041.42 3154.95 2893.83 715.093 5125.03 2389.52 4198.45 326.324 3977.96 620.217 2101.08 5437.14 2337.58 1958.86 3679.26 3378.67 516.564 2265.15 1584.77 94.8756 17.4531 504.309 720.763 2210.86 1431.32
internal_count=193560 161245 129259 32315 86118 31986 44072 40830 19103 22033 31680 17904 12883 42046 17187 24935 43141 10282 23446 15672 14391 14862 9976 6982 1916 240 9150 3054 20827 14285
is_linear=0
shrinkage=0.05


Tree=47
num_leaves=31
num_cat=0
split_feature=0 0 6 1 1 1 0 6 3 0 8 6 7 2 1 8 2 2 2 5 3 5 3 8 4 2 7 1 4 1
split_gain=264.864 133.157 42.4139 39.3867 29.0297 28.57 18.1708 17.1149 15.8114 16.4522 15.2201 15.2377 15.0719 26.8127 22.1043 14.4844 13.1022 17.2428 11.9083 11.6 11.4833 11.0603 10.8039 11.137 10.8766 14.0233 10.297 12.9413 10.2399 14.835
threshold=1.5000000000000002 5.5000000000000009 1.5000000000000002 5.0050000000000008 6.285000000000001 4.6450000000000005 4.5000000000000009 1.5000000000000002 40.805000000000007 4.5000000000000009 0.19500000000000003 2.5000000000000004 1.0000000180025095e-35 7.5450000000000008 6.6350000000000007 0.075000000000000025 5.9750000000000005 5.455000000000001 5.8950000000000005 6.6150000000000011 35.515000000000008 6.7350000000000012 49.230000000000011 1.0000000180025095e-35 35.465000000000011 5.2550000000000008 -1.0000000180025095e-35 3.0550000000000002 21.595000000000002 7.0750000000000011
decision_type=2 2 8 2 2 2 2 10 2 2 10 10 10 2 2 10 2 2 2 10 2 8 2 8 2 2 10 2 2 2
left_child=4 2 19 8 10 21 12 -7 9 15 11 -1 20 16 -15 -4 17 -14 22 -2 28 -3 -9 24 25 -24 27 -21 29 -5
right_child=1 5 3 6 -6 7 -8 18 -10 -11 -12 -13 13 14 -16 -17 -18 -19 -20 26 -22 -23 23 -25 -26 -27 -28 -29 -30 -31
leaf_value=0.0093465620436372059 0.012529720569596031 -0.019854578248883918 -0.0041928967787892178 0.0022225012797500413 0.012420185048434031 -0.0035750499319947442 -0.0081235552608706334 -0.030592847592139722 -0.001617893430007867 -0.018708529420362816 -0.0015555110296106092 0.0036375318908539209 0.0022983957612976646 0.14774578770992994 0.031440291459427984 -0.012573344218016484 -0.0044043783232086756 0.045469766262892793 -0.013885567287863705 -0.037826232514634323 0.0012602604821976432 -0.041923478267831785 0.35642572200045503 -0.0064331994372603292 -0.0047108740526418218 0.031190128062898864 0.0041760533500988101 -0.0014463267904957294 -0.0045434909672839871 0.052015811432334171
leaf_weight=2344.9489830583334 264.93469018116593 80.28756589628756 958.77016426250339 351.11367163062096 2107.3252147585154 188.82555157504976 1086.5024343878031 259.41975327581167 591.29353309050202 511.89871619269252 670.26088532805443 2330.2286535203457 55.498283483088017 6.0025107413530376 12.789714351296423 1115.4289349317551 123.33613455295563 39.655217863619328 286.31425048224628 25.060164999216795 2101.41056997329 193.84790389612317 0.7350412998348459 8.8444695100188238 1.058363005518913 0.60359128937125206 1493.2265931740403 996.16922579333186 2788.456009529531 15.62407126277685
leaf_count=9898 1913 2895 12282 3115 9543 3795 14806 8894 7836 10429 2896 9978 490 44 87 15784 958 324 7491 389 17043 8540 24 294 33 20 11512 7697 24431 119
internal_value=-0.000121568 -0.00428398 -0.00287061 -0.00442273 0.00745016 -0.0216572 -0.00221534 -0.0165837 -0.00899424 -0.0106808 0.00549083 0.00650103 -0.0010469 0.0112795 0.06859 -0.0086996 0.00635019 0.0202901 -0.0209939 0.00257849 -0.00160331 -0.03546 -0.0285134 0.0194752 0.115072 0.209777 0.00152998 -0.00233906 -0.00351049 0.00434384
internal_weight=21009.9 13557.1 12537.2 9757.78 7452.76 1019.94 6580.39 745.801 3177.39 2586.1 5345.44 4675.18 5493.89 237.282 18.7922 2074.2 218.49 95.1535 556.975 2779.39 5256.6 274.135 270.661 11.2415 2.397 1.33863 2514.46 1021.23 3155.19 366.738
internal_count=193560 161245 129259 107748 32315 31986 61417 20551 46331 38495 22772 19876 46611 1903 131 28066 1772 814 16756 21511 44708 11435 9265 371 77 44 19598 8086 27665 3234
is_linear=0
shrinkage=0.05


Tree=48
num_leaves=31
num_cat=0
split_feature=0 0 6 2 1 1 1 6 3 0 1 0 5 7 1 3 4 3 6 4 4 5 8 5 3 8 1 3 5 2
split_gain=239.674 123.675 39.7783 27.7868 27.7227 22.0849 19.8096 16.6898 16.0521 12.9737 12.3735 11.5911 10.9846 10.9162 14.8097 14.2953 12.152 13.2335 10.8141 10.7161 13.1511 10.6981 10.5573 11.7016 10.4918 10.3883 10.3452 10.3437 9.94291 10.745
threshold=1.5000000000000002 5.5000000000000009 4.5000000000000009 5.535000000000001 4.6450000000000005 4.1450000000000005 5.4450000000000012 4.5000000000000009 39.715000000000011 4.5000000000000009 6.9750000000000005 4.5000000000000009 6.7350000000000012 1.0000000180025095e-35 6.8350000000000009 49.900000000000006 16.775000000000002 55.940000000000005 1.5000000000000002 33.065000000000005 36.255000000000003 6.6250000000000009 0.19500000000000003 6.6450000000000005 29.005000000000006 0.10500000000000002 3.1750000000000003 33.525000000000013 6.5650000000000004 8.1150000000000002
decision_type=2 2 8 2 2 2 2 10 2 2 2 2 8 8 2 2 2 2 10 2 2 10 10 10 2 8 2 2 10 2
left_child=3 2 5 18 12 -2 11 13 9 28 27 25 -3 14 15 -6 17 -17 -1 22 -21 -15 -10 -24 -8 -4 -20 -5 -7 -30
right_child=1 4 6 10 7 8 24 -9 19 -11 -12 -13 -14 21 -16 16 -18 -19 26 20 -22 -23 23 -25 -26 -27 -28 -29 29 -31
leaf_value=0.0083502604924613633 -0.0082008216104221422 -0.019225903014173627 -0.0053610472585819621 0.0062196460897511012 -0.020884887471863779 0.019374893949276831 -0.0097410929790503059 -0.028039242945775662 0.0015684508445801639 -0.0069347899735707069 0.017457846340840952 -0.019977744949643578 -0.041495104998685028 0.037455005423845812 0.0056714400779988069 0.28619574429153133 0.011742164378493951 0.008309422318694493 -0.016165844834527845 0.014330743318703938 0.0029637591010646608 -0.0045311522031440945 0.042889490306460054 -0.019040462895469658 -0.0010313750316091302 -0.014599455490815814 0.0029763397134706755 0.012018612413619421 -0.001099827028573799 0.016454552059972261
leaf_weight=1092.5577026158571 975.86374260485172 78.805645069107413 701.80285818874836 1572.2270272821188 347.11068185977638 61.784335002303123 497.92114876955748 207.06433141604066 864.30177857726812 942.14320819824934 510.96376812458038 324.83709663152695 186.24974942207336 19.53283129259944 75.426831763237715 0.88655430078506714 15.673743173480032 0.82909444160759449 72.482925325632095 385.00238542258739 750.43133899196982 67.950965913012624 8.2176734916865808 106.21059076115489 1131.5125779211521 537.22778613492846 2691.3847300559282 1505.1494973748922 5129.5073725320399 88.679098129272461
leaf_count=4667 15153 2895 9510 6714 10039 412 5342 6734 7050 12476 2424 6970 8540 260 1625 25 437 24 411 3097 6081 1407 65 895 11567 7910 11622 6477 42151 580
internal_value=-0.000117377 -0.0040881 -0.00273537 0.00708561 -0.0210126 -0.00108402 -0.00755095 -0.0160103 -0.000250911 -0.00152985 0.0102523 -0.0115708 -0.0348741 -0.0112876 -0.0144954 -0.0186686 0.0255708 0.151906 0.00413903 0.00351308 0.00681807 0.00484325 -0.000321061 -0.014593 -0.00369288 -0.0093667 0.00247433 0.00905593 -0.000565407 -0.000801504
internal_weight=20949.7 13505 12505.4 7444.77 999.53 9312.14 3193.3 734.475 8336.28 6222.11 3588.34 1563.87 265.055 527.411 439.927 364.5 17.3894 1.71565 3856.43 2114.16 1135.43 87.4838 978.73 114.428 1629.43 1239.03 2763.87 3077.38 5279.97 5218.19
internal_count=193560 161245 129259 32315 31986 87960 41299 20551 72807 55619 15615 24390 11435 13817 12150 10525 486 49 16700 17188 9178 1667 8010 960 16909 17420 12033 13191 43143 42731
is_linear=0
shrinkage=0.05


Tree=49
num_leaves=31
num_cat=0
split_feature=0 0 1 2 2 6 7 3 2 2 3 5 5 5 2 1 8 7 1 5 3 8 2 0 8 2 5 8 8 3
split_gain=216.861 114.79 37.2758 27.1125 25.5053 24.103 18.7445 14.1527 13.988 13.6382 13.1913 11.7378 11.1023 11.0618 11.058 10.9305 10.9092 10.8077 15.3094 12.198 12.4681 12.4107 11.4674 11.4029 14.1255 13.6937 20.4107 14.5756 11.3969 10.9957
threshold=1.5000000000000002 5.5000000000000009 5.8750000000000009 6.0950000000000006 6.1550000000000011 4.5000000000000009 1.0000000180025095e-35 30.020000000000003 2.8850000000000002 4.6550000000000011 33.965000000000011 6.6250000000000009 7.0050000000000008 6.7650000000000006 7.3950000000000005 3.2650000000000001 0.19500000000000003 -1.0000000180025095e-35 6.955000000000001 6.9250000000000007 30.420000000000005 0.12500000000000003 8.0050000000000008 4.5000000000000009 -0.12499999999999999 7.3350000000000009 7.0150000000000006 0.095000000000000015 -0.16499999999999998 37.975000000000001
decision_type=2 2 2 2 2 8 10 2 2 2 2 10 8 10 2 2 8 10 2 10 2 10 2 2 10 2 10 10 10 2
left_child=4 2 5 6 10 7 15 8 -2 -7 -1 -8 -6 -5 -9 -3 -12 29 23 21 22 28 -21 24 -19 -26 -27 -28 -20 -4
right_child=1 3 17 13 12 9 11 14 -10 -11 16 -13 -14 -15 -16 -17 -18 18 19 20 -22 -23 -24 -25 25 26 27 -29 -30 -31
leaf_value=0.0023580004901297084 -0.016931091678243016 -0.04490462270593313 -0.0040972463665975003 0.0019116932734365257 0.01171600297441662 -0.013922665822256264 0.03261802206594798 -0.0016856191878400488 -0.004858275488546145 -0.0055955289903859848 0.0087087567404255592 -0.013728701931938961 -0.0082006161931614981 -0.016609433392394842 0.027844733708108933 -0.026405009845602484 -0.0013986133687172633 0.037489758359188885 0.092951003736434001 0.068452521632702545 0.01142650401397045 0.020809145028643953 -0.0172198372226747 -0.0070473453893462532 0.00037047661972999151 0.011192916987082992 0.032773388719097553 0.17858734443527868 0.0020033839388909867 0.0031510549225351584
leaf_weight=2690.0062940716743 295.32509087771177 96.118236687034369 1739.9019682332873 140.86796825192869 2242.7474739998579 970.50582571327686 17.249499868601561 3472.9961841143668 1279.0223679840565 996.66938490048051 2126.1288751363754 65.670255642384291 72.224925845861435 188.48897515051067 31.993459396064281 471.65660278312862 305.30279105901718 28.118371196091175 3.4751146659255019 24.174270316958431 39.770291075110435 126.14346501976252 4.6586529910564414 390.81392940878868 1733.088446341455 191.2313591837883 3.7963209971785536 3.1242523416876793 392.66670879721642 748.24067494273186
leaf_count=11609 4137 4417 14497 3081 9976 15995 264 38196 14328 13199 9106 1782 306 4961 263 17481 1318 195 22 196 314 897 37 4430 12632 1338 30 22 2849 5682
internal_value=-0.000113138 -0.00390014 -0.00260577 -0.0203771 0.00673924 -0.00500478 -0.0262937 -0.00318493 -0.00712296 -0.00970372 0.00477053 -0.00408736 0.0110946 -0.00868783 -0.00141607 -0.0295368 0.00743962 0.00050788 0.00255977 0.00975416 0.0295759 0.00715053 0.0546101 0.000750935 0.00230638 0.00179412 0.0142457 0.0986002 0.00280121 -0.00191752
internal_weight=20892.2 13455.8 12475.7 980.052 7436.41 7046.51 650.695 5079.34 1574.35 1967.18 5121.44 82.9198 2314.97 329.357 3504.99 567.775 2431.43 5429.2 2941.06 590.889 68.6032 522.285 28.8329 2350.17 1959.36 1931.24 198.152 6.92057 396.142 2488.14
internal_count=193560 161245 129259 31986 32315 86118 23944 56924 18465 29194 22033 2046 10282 8042 38459 21898 10424 43141 22962 4315 547 3768 233 18647 14217 14022 1390 52 2871 20179
is_linear=0
shrinkage=0.05


Tree=50
num_leaves=31
num_cat=0
split_feature=0 0 0 1 5 1 6 1 1 3 8 1 7 6 1 3 1 5 6 8 5 4 5 0 8 8 3 6 3 1
split_gain=201.421 66.5099 66.3893 26.6499 24.9404 24.3282 23.0749 20.7987 19.656 14.143 14.3828 17.1999 12.3557 12.256 12.7226 16.0448 12.2226 12.1178 12.032 11.7549 11.2897 10.2614 11.1716 14.239 10.2405 10.0545 9.90879 9.71535 9.54577 9.75571
threshold=3.5000000000000004 5.5000000000000009 1.5000000000000002 3.2650000000000001 6.785000000000001 5.1250000000000009 3.5000000000000004 5.245000000000001 3.6550000000000007 40.805000000000007 -0.024999999999999998 5.8950000000000005 1.0000000180025095e-35 1.5000000000000002 3.5650000000000004 37.030000000000008 5.8950000000000005 6.8350000000000009 1.5000000000000002 0.54500000000000015 6.7550000000000008 22.015000000000004 6.9650000000000007 2.5000000000000004 0.29500000000000004 -0.12499999999999999 37.975000000000001 5.5000000000000009 36.175000000000004 7.3650000000000011
decision_type=2 2 2 2 10 2 8 2 2 2 8 2 10 10 2 2 2 10 8 10 8 2 10 2 8 10 2 8 2 2
left_child=2 6 5 -3 13 -1 12 19 -4 10 -10 27 26 14 15 -5 -6 -13 -7 -8 25 22 -19 -24 -20 -9 -2 -12 29 -23
right_child=1 3 8 4 16 18 7 20 9 -11 11 17 -14 -15 -16 -17 -18 21 24 -21 -22 28 23 -25 -26 -27 -28 -29 -30 -31
leaf_value=0.002325386800816549 -0.00559171500686811 -0.044163397615688035 -0.013629593142440206 -0.0031995340680806583 -0.033077730074084828 0.012137070347730436 -0.014891953263074418 0.07790926143440835 0.0054893119349256258 0.0046919976213843622 -0.0035300685255762812 -0.0012151888928842473 0.0087766131827774225 -0.014725584013636148 0.0013733738582974268 0.28708078447641783 -0.01641690964249921 0.012115817399630663 0.0071456789306863768 0.11272033868836767 -0.0075487807779932199 -0.00057084570831134605 0.0087716065993992381 0.086219986110179364 -0.014061753214418363 0.0024834573345650078 0.00077926800947984752 -0.012742483203033126 0.016916648008601605 0.030649409155989207
leaf_weight=2447.0943244844675 1815.1972928829491 100.1166055072099 267.43191298469901 1.0292594172060479 232.89803222194314 1511.2001719772816 990.56971459463239 4.4877870194613925 750.64462727308273 1391.2621311321855 2296.6839031204581 1479.54700525105 223.53300907835364 264.53547745943069 153.27746942639351 0.88564802892506111 208.7451414950192 71.658233553171158 3413.8103949576616 1.8078672699630249 1003.2164421156049 448.45805882662535 10.749411351978779 13.249749384820461 57.88790374994278 285.63736951351166 919.44050830230117 326.92599180713296 120.72483423352242 26.500880442559719
leaf_count=10785 20062 4708 4311 37 9728 6861 17668 51 6321 11032 23353 10181 2153 8655 3261 33 5564 508 14430 34 12444 3345 78 96 239 3192 9023 4366 860 181
internal_value=-0.000109035 -0.00765782 0.00309198 -0.0197466 -0.0169087 0.00640808 -0.00544128 -0.00921451 -0.000328231 0.000184601 -0.000946293 -0.00195388 -0.00252579 -0.00818143 0.00297351 0.131056 -0.0252029 0.00133837 0.00841308 -0.0146595 -0.00503661 0.00680326 0.0220044 0.0515303 0.00679206 0.00365018 -0.00344966 -0.00467802 0.00436221 0.00117112
internal_weight=20839.2 6205.38 14633.8 961.488 861.371 7429.99 5243.89 2285.72 7203.84 6936.4 5545.14 4794.5 2958.17 419.728 155.192 1.91491 441.643 2170.89 4982.9 992.378 1293.34 691.341 95.6574 23.9992 3471.7 290.125 2734.64 2623.61 595.684 474.959
internal_count=193560 96613 96947 31986 27278 32315 64627 33389 64632 60321 49289 42968 31238 11986 3331 70 15292 15249 21530 17702 15687 5068 682 174 14669 3243 29085 27719 4386 3526
is_linear=0
shrinkage=0.05


Tree=51
num_leaves=31
num_cat=0
split_feature=0 0 0 1 5 1 1 1 6 2 6 8 6 7 5 1 6 1 8 5 8 4 2 5 1 2 1 7 3 2
split_gain=182.831 62.0527 60.018 26.0454 23.6229 22.9542 21.8807 18.7423 17.2933 14.6583 13.6495 12.5718 12.6973 12.1714 12.3799 11.8782 11.2599 10.1664 11.2008 11.0332 12.6072 16.9501 10.4142 12.3792 9.87302 10.818 9.47691 17.1465 14.4982 9.71323
threshold=3.5000000000000004 5.5000000000000009 1.5000000000000002 3.2650000000000001 6.785000000000001 6.285000000000001 5.6250000000000009 2.7350000000000008 3.5000000000000004 5.9750000000000005 1.5000000000000002 0.19500000000000003 2.5000000000000004 1.2500000000000002 6.8350000000000009 5.8950000000000005 1.5000000000000002 4.1650000000000009 -0.044999999999999991 6.8650000000000011 -0.094999999999999987 31.535000000000004 4.0550000000000006 6.8350000000000009 3.5650000000000004 3.7550000000000003 1.3350000000000002 -1.0000000180025095e-35 27.715000000000003 3.0100000000000002
decision_type=2 2 2 2 10 2 2 2 8 2 8 10 10 10 10 2 10 2 10 10 10 2 2 8 2 2 2 8 2 2
left_child=2 6 5 -3 16 11 8 9 13 -4 -9 12 -1 14 26 -6 24 18 -12 20 21 -19 -23 -24 25 -5 27 -2 -29 -28
right_child=1 3 7 4 15 -7 -8 10 -10 -11 17 -13 -14 -15 -16 -17 -18 19 -20 -21 -22 22 23 -25 -26 -27 29 28 -30 -31
leaf_value=0.00788129754543067 -0.023035742698581961 -0.04381219806312172 -0.031223120052896871 0.041562143269910222 -0.032452709343785628 0.010554054182246008 -0.0019548872582070705 0.0038949578143709866 -0.012767492687499278 0.1385867038592041 0.01732672273646876 -0.0020431202771926853 0.0026691635447702606 0.032778113275463185 -0.012859321178839193 -0.015839644588575921 -0.014187771037216494 -0.0088718885306155858 -0.010029596406512735 0.0030818255637740754 -0.0026022004591314506 0.080702876103178556 0.01442712812007564 0.09681929542743041 0.0013030799929036275 0.29382331452246235 -0.011377323452760853 0.23180841248578099 0.055378007716655742 7.6637851903455865e-05
leaf_weight=2340.4586086422205 6.5442138612270355 95.978169724345207 60.762521654367447 1.6036285683512681 225.69869170151651 2077.7733551263809 2608.171677198261 1661.2472607642412 1222.2020775787532 1.2980126664042462 40.562712233513594 670.26870508491993 2333.4582427293062 21.427741266787052 380.71773217990994 205.61634281463921 260.92879281565547 40.167541690170765 482.54571413993835 1453.9806320331991 3404.5025654248893 9.7536214515566808 40.258102245628834 5.1411018148064604 153.46368724666536 0.57824517227709282 248.64970818907022 1.4020122848451118 6.8709776327013969 724.14443404227495
leaf_count=9898 105 4708 1024 52 9728 9543 25383 11329 21202 19 581 2896 9978 211 5123 5564 8655 339 7602 13392 29902 92 309 43 3261 18 3685 23 106 8789
internal_value=-0.000105172 -0.00732758 0.00293944 -0.0191255 -0.016331 0.00609458 -0.00519437 -0.000312862 -0.00842915 -0.0276715 -7.50005e-05 0.00436078 0.00527913 -0.00461385 -0.0051994 -0.0245329 -0.00783887 -0.00127916 -0.00790834 -0.000579138 -0.00210006 0.0158345 0.033828 0.0237574 0.00280463 0.108417 -0.00224655 0.0374395 0.0852774 -0.00285104
internal_weight=20786.2 6164 14622.2 943.868 847.889 7421.96 5220.13 7200.22 2611.96 62.0605 7138.16 5344.19 4673.92 1389.76 1368.33 431.315 416.574 5476.91 523.108 4953.8 3499.82 95.3204 55.1528 45.3992 155.646 2.18187 987.611 14.8172 8.27299 972.794
internal_count=193560 96613 96947 31986 27278 32315 64627 64632 39244 1043 63589 22772 19876 18042 17831 15292 11986 52260 8183 44077 30685 783 444 352 3331 70 12708 234 129 12474
is_linear=0
shrinkage=0.05


Tree=52
num_leaves=31
num_cat=0
split_feature=0 0 5 0 6 2 1 1 7 2 1 6 1 1 7 0 5 1 8 8 4 8 6 7 3 1 1 7 5 1
split_gain=168.039 83.1105 31.0507 29.7597 21.9184 21.6719 20.8226 19.9186 11.8844 22.6285 16.389 11.8266 11.5598 11.1656 11.2038 12.3427 11.1364 10.7396 13.2597 10.074 9.90509 9.87353 9.92501 9.82976 9.80866 9.6758 9.36573 9.28634 8.9769 8.73687
threshold=4.5000000000000009 1.5000000000000002 6.785000000000001 5.5000000000000009 1.5000000000000002 5.2550000000000008 4.8650000000000011 4.1450000000000005 1.0000000180025095e-35 7.5450000000000008 6.6350000000000007 5.5000000000000009 4.6450000000000005 6.2350000000000012 1.2500000000000002 5.5000000000000009 6.535000000000001 6.9750000000000005 -0.19499999999999998 -0.044999999999999991 42.735000000000007 0.34500000000000003 3.5000000000000004 -1.0000000180025095e-35 38.085000000000008 3.0550000000000002 1.8350000000000002 1.0000000180025095e-35 6.9750000000000005 7.0050000000000008
decision_type=2 2 10 2 8 2 2 2 10 2 2 8 2 2 8 2 10 2 8 10 2 10 10 10 2 2 2 10 8 2
left_child=1 5 13 12 16 21 -5 19 11 -10 -11 -9 26 14 15 -2 20 18 -7 -6 -3 22 -1 25 -20 -18 -4 -8 29 -12
right_child=2 4 3 6 7 17 27 8 9 10 28 -13 -14 -15 -16 -17 23 -19 24 -21 -22 -23 -24 -25 -26 -27 -28 -29 -30 -31
leaf_value=0.0050138113462713085 -0.006344136267278761 0.042306972498021983 0.002043483372467928 -0.042099177680769734 0.008622592530889624 -0.058652923745292324 -0.022161889985638873 -0.001111585770750916 0.004508278138174223 0.12302447401678325 -0.042606969918556066 -0.0071046774747557237 -0.0082200311338291015 0.0003958729588914946 0.014609734663641747 -0.019133684682650389 -0.038879794296247043 0.014955823784398579 0.0057781660610647066 -0.011137389572213557 -0.050557166502568168 -0.019288791025666066 -0.00091118565393825252 0.0054607116819424097 0.011624977030796107 -0.00048779010739000259 -0.023219295474084103 0.0059559356511856504 0.10414431697522711 0.049524141293140408
leaf_weight=2200.4130284786224 641.35253238305449 27.991453811526302 42.684250667691231 145.4440593700856 70.164822742342949 7.6172769069671631 292.47883655317128 5813.9717791490257 288.89154449850321 6.7352423071861294 4.9553877487778628 958.9616946876049 803.04093121737242 494.26730440557003 48.288934338837862 267.24976997077465 16.700905170291662 516.33165927231312 2609.6150124520063 799.1196436882019 3.1996925622224799 49.955139800906181 1041.2617543637753 1347.4970166087151 989.23273976147175 946.67069587856531 261.14283445850015 32.641569891944528 2.9506345540285119 5.3529731556773186
leaf_count=9391 10363 175 816 7497 1022 32 9596 52636 2590 44 33 11023 11747 6812 600 10153 253 2494 11169 12987 19 226 4718 9382 4285 6729 5837 877 18 36
internal_value=-0.000101465 0.00175998 -0.010985 -0.0158409 -0.00114727 0.00579601 -0.0263737 -0.0023995 -0.00152271 0.00806856 0.0595101 -0.00196013 -0.011363 -0.00570658 -0.0088587 -0.010106 0.00310396 0.00821141 0.00724583 -0.00954245 0.0327807 0.00277069 0.00311064 0.00270339 0.00738531 -0.00115335 -0.0196702 -0.0193389 0.0272463 0.0052353
internal_weight=20736.2 17707.6 3028.59 1577.43 10293.2 7414.43 470.564 7951.1 7081.82 308.886 19.9942 6772.93 1106.87 1451.16 956.891 908.602 2342.06 4122.8 3606.47 869.284 31.1911 3291.63 3241.67 2310.87 3598.85 963.372 303.827 325.12 13.259 10.3084
internal_count=193560 129262 64298 36370 96947 32315 17970 80389 66380 2721 131 63659 18400 27928 21116 20516 16558 17980 15486 14009 194 14335 14109 16364 15454 6982 6653 10473 87 69
is_linear=0
shrinkage=0.05


Tree=53
num_leaves=31
num_cat=0
split_feature=0 0 6 0 2 1 3 1 0 7 8 8 5 3 4 4 7 1 7 1 1 1 1 1 6 1 1 2 2 5
split_gain=153.128 75.1087 29.4188 22.9421 20.9798 19.9962 18.6872 15.8321 15.5974 16.8432 13.9045 12.6784 11.8087 11.3493 13.9476 11.0672 11.0325 10.8499 10.6545 10.6502 10.2366 9.80673 9.66887 9.66081 9.62822 9.50774 9.50283 12.0292 12.0528 11.4931
threshold=4.5000000000000009 1.5000000000000002 4.5000000000000009 5.5000000000000009 4.5650000000000004 5.0650000000000004 37.815000000000005 6.3750000000000009 5.5000000000000009 1.2500000000000002 0.17500000000000002 0.40500000000000008 6.5650000000000004 33.525000000000013 28.855000000000004 27.250000000000004 0.75000000000000011 6.2950000000000008 -1.0000000180025095e-35 6.9150000000000009 2.9050000000000007 7.3350000000000009 1.3350000000000002 7.3850000000000007 5.5000000000000009 5.0050000000000008 7.2650000000000006 6.0950000000000006 5.6750000000000007 6.7750000000000012
decision_type=2 2 10 2 2 2 2 2 2 8 10 8 8 2 2 2 10 2 10 2 2 2 2 2 10 2 2 2 2 10
left_child=1 5 7 21 10 -1 11 8 22 20 12 18 -3 14 16 -12 24 -14 -6 -8 -10 -4 -2 -23 -7 -5 -20 28 -28 -29
right_child=2 4 3 25 6 13 19 -9 9 -11 15 -13 17 -15 -16 -17 -18 -19 26 -21 -22 23 -24 -25 -26 -27 27 29 -30 -31
leaf_value=0.0016875789819027242 0.026091376876229068 0.032922678669870094 -0.013974234041688561 -0.042609182951214387 -0.00357421598886614 0.012670864584588075 0.0027682186986337592 -0.00038397538878375237 -0.040957955695276368 0.012802894116295699 -0.024590508772679091 -0.032821845945618898 -0.0043508107254653415 0.0096894758668484605 0.0025460061601172228 -0.007904464162567201 -0.062348773982103062 0.0071401569368333391 0.00041502838671720769 0.012741714543591125 -0.017748085590652388 0.12125171571479015 -0.0074300416144978745 0.0098903808225148208 -0.0081004597306967921 -0.023088225959712411 0.010417429304955129 -0.0084011587966583232 0.12083108866856695 0.02502374848738402
leaf_weight=2338.4659469425678 21.961071316152811 22.756617713719606 601.75500650703907 100.98217300884426 2360.9514633081853 711.72224642336369 1947.8408871330321 588.91156375780702 54.745930416509509 40.936820212751627 126.58346340805292 31.776752825826406 2174.8490994386375 2484.8310678601265 1805.9718362689018 462.28760534897447 5.1548137366771689 226.85263263434172 2503.4771765433252 310.31417193263769 359.23578991554677 2.2677457630634335 1050.8625814840198 13.792422272264956 60.535391837358475 163.1544653903693 4.752934128046034 46.29854542016983 5.1493994519114494 57.855239279568195
leaf_count=10320 358 200 11270 5221 21037 3077 15562 8330 2871 583 1668 302 26403 10847 7797 5973 22 1645 21386 2001 13332 27 16463 159 252 5684 31 296 32 411
internal_value=-9.77056e-05 0.00167348 -0.0105457 -0.018218 -0.00109187 0.00551225 0.000362388 -0.00734887 -0.0100337 -0.017792 -0.00459965 -0.00133965 -0.00292576 0.00727694 0.00495644 -0.0114913 0.010556 -0.00326543 -0.0011387 0.00413877 -0.0208174 -0.0129451 -0.00674385 0.0256149 0.0110427 -0.0305513 0.00105807 0.0151725 0.0678346 0.0101657
internal_weight=20687 17688.4 2998.61 881.952 10281.7 7406.68 7268.42 2116.65 1527.74 454.919 3013.33 5010.26 2424.46 5068.22 2583.38 588.871 777.412 2401.7 4978.48 2258.16 413.982 617.815 1072.82 16.0602 772.258 264.137 2617.53 114.056 9.90233 104.154
internal_count=193560 129262 64298 22361 96947 32315 61058 41937 33607 16786 35889 43495 28248 21995 11148 7641 3351 28048 43193 17563 16203 11456 16821 186 3329 10905 22156 770 63 707
is_linear=0
shrinkage=0.05


Tree=54
num_leaves=31
num_cat=0
split_feature=0 0 0 1 6 6 2 1 1 2 2 1 3 8 1 6 5 6 8 4 6 8 7 5 3 1 4 4 5 0
split_gain=140.447 49.379 43.0756 24.8282 21.1583 19.4286 19.2642 18.897 16.6797 14.3446 12.1639 11.7166 11.706 12.5623 15.8544 11.5211 10.3891 10.1167 9.93197 10.643 9.8171 9.78252 9.68015 10.9118 9.37008 9.28568 9.20446 8.99571 9.2992 11.3893
threshold=3.5000000000000004 5.5000000000000009 1.5000000000000002 3.2650000000000001 2.5000000000000004 1.5000000000000002 6.1550000000000011 5.245000000000001 2.7350000000000008 6.0050000000000008 5.7950000000000008 1.5650000000000002 40.805000000000007 -0.024999999999999998 5.8950000000000005 4.5000000000000009 6.8350000000000009 2.5000000000000004 0.24500000000000002 46.695000000000007 5.5000000000000009 0.19500000000000003 -1.0000000180025095e-35 6.6250000000000009 46.025000000000013 4.6650000000000009 28.135000000000002 22.015000000000004 6.9650000000000007 2.5000000000000004
decision_type=2 2 2 2 10 8 2 2 2 2 2 2 2 8 2 10 10 8 8 2 8 10 10 10 2 2 2 2 10 2
left_child=2 5 6 -3 -5 22 15 11 9 -4 -6 18 13 -10 20 21 -16 -8 19 -7 -15 24 -2 -24 25 -1 -19 28 -18 -30
right_child=1 3 8 4 10 7 17 -9 12 -11 -12 -13 -14 14 16 -17 27 26 -20 -21 -22 -23 23 -25 -26 -27 -28 -29 29 -31
leaf_value=0.00061028893996015405 -0.0047666277354504998 -0.042862642456837997 -0.030168248071336185 -0.0051120812099749412 -0.028818614960105057 0.013697987322144259 0.01220295487873818 -0.0033535076257214616 0.0049346040818143821 0.13779415225963207 -0.012661464884839952 -0.01109738282302335 0.0040715739881769129 -0.0033101395280556211 -0.0010999541452762431 -0.0015035535852234751 0.011345699368806484 0.013863509346732281 -0.045732382204426048 0.12484703358516876 -0.012323599461702287 -0.0017744193086504994 0.022307890303306946 0.0026354918501095654 0.01404500590377292 0.0064503261334659711 0.0029730000732339501 0.0040206097614496851 0.0082070320146384133 0.076437936303864668
leaf_weight=946.53798100352287 413.0845556370914 86.054777240380645 58.401276275515556 339.91101325675845 256.74332368932664 52.295661970973015 1207.0015878081322 2388.6681082509458 773.4336664788425 1.299452707171439 213.23949818499386 1612.7714823558927 1429.7150099761784 2402.5391784831882 1476.6494649648666 928.03482885658741 72.24916734546423 253.78640811145306 6.8180926553905001 2.2462490275502196 345.54071303084493 518.52378317713737 79.74483247846365 607.30962744355202 299.03179571032524 2423.0272606909275 823.83085778355598 597.90136158466339 10.81773778796196 14.072108224034309
leaf_count=4196 3894 4708 1026 9144 11594 934 5649 26514 6619 17 6540 27003 11531 25349 10181 4129 508 1090 127 40 4841 2232 625 5490 1281 10195 3543 4386 78 96
internal_value=-9.40735e-05 -0.00649255 0.00256445 -0.0173281 -0.014615 -0.0046122 0.00524179 -0.00620828 -0.000193836 -0.0265124 -0.0214878 -0.0102815 2.67527e-05 -0.00098901 -0.00192026 0.00353683 0.00127266 0.00905911 0.0111632 0.0182755 -0.00444348 0.00465399 0.00128209 0.00491882 0.00556258 0.00480981 0.00553779 0.0063134 0.0204258 0.0467831
internal_weight=20641.3 6058.89 14582.4 895.949 809.894 5162.94 7399.77 4062.8 7182.62 59.7007 469.983 1674.13 7122.92 5693.2 4919.77 5115.16 2171.69 2284.62 61.36 54.5419 2748.08 4187.12 1100.14 687.054 3668.6 3369.57 1077.62 695.04 97.139 24.8898
internal_count=193560 96613 96947 31986 27278 64627 32315 54618 64632 1043 18134 28104 63589 52058 45439 22033 15249 10282 1101 974 30190 17904 10009 6115 15672 14391 4633 5068 682 174
is_linear=0
shrinkage=0.05


Tree=55
num_leaves=31
num_cat=0
split_feature=0 0 5 0 1 6 1 1 6 1 7 2 1 6 8 2 4 8 5 8 3 1 1 7 3 8 4 3 1 1
split_gain=129.223 60.8195 28.0372 25.6401 20.1527 18.4349 17.9987 16.4033 11.1983 10.6571 10.3278 18.9368 13.2498 10.2293 9.56492 9.49767 12.5866 11.8961 9.30531 8.86303 9.60332 8.92288 8.78535 8.68122 8.65144 16.5412 8.63089 9.5348 8.55328 8.34348
threshold=4.5000000000000009 1.5000000000000002 6.785000000000001 5.5000000000000009 4.8650000000000011 1.5000000000000002 6.4050000000000011 4.1450000000000005 4.5000000000000009 4.6450000000000005 1.0000000180025095e-35 7.5450000000000008 6.6350000000000007 5.5000000000000009 0.065000000000000016 5.7950000000000008 38.995000000000012 0.47500000000000003 6.535000000000001 0.19500000000000003 46.025000000000013 4.6650000000000009 1.4450000000000001 1.0000000180025095e-35 40.805000000000007 -0.11499999999999998 8.4500000000000011 24.930000000000003 2.9050000000000007 7.245000000000001
decision_type=2 2 10 2 2 8 2 2 10 2 10 2 2 8 10 2 2 8 10 10 2 2 2 10 2 10 2 2 2 2
left_child=1 6 15 9 -5 18 8 14 19 -4 13 -12 -13 -9 22 16 29 24 -3 20 21 -1 -7 -6 -18 -26 -21 -28 -20 -2
right_child=2 5 3 4 23 7 -8 10 -10 -11 11 12 -14 -15 -16 -17 17 -19 28 26 -22 -23 -24 -25 25 -27 27 -29 -30 -31
leaf_value=0.00064155798159823754 -0.011812055661719056 0.02971330941847071 -0.018479220119708633 -0.041051861619432257 -0.020536216694703544 0.066490654017130876 0.0094289435201066543 -0.00094870489917781302 -0.001068281577138084 -0.0073251400669145511 0.0042806971115831273 0.10823927951432875 0.024496987055407812 -0.0065483339031557827 -0.013120958616759094 2.6955742800895932e-05 -0.0030491218939617641 0.19705372850123098 -0.022513392112061964 0.026182761787891209 0.013760915990466409 0.0062261226118536794 -0.0032791318728299201 0.006918991324782609 0.19223269265975934 0.017949363419911737 -0.019484022550138758 3.7702415778396059e-05 0.0029276022583076449 0.045648131088886844
leaf_weight=966.28591023385525 655.95921016670763 31.985691875219345 293.92122800648212 131.48105497285724 277.95934563316405 4.5709487423300734 1742.0380503982306 5798.0433033294976 1040.9529027044773 788.99889489635825 289.61441319435835 7.2473665848374393 13.563326649367808 949.08697712793946 499.48919605091214 603.32625655271113 119.52672678045928 0.79783522337674995 33.523012842983007 27.40272830426693 323.18900071084499 2753.3494371622801 349.5500998236239 32.118946518748999 1.4155707266181696 35.598635630682111 72.250548079609871 465.78308045864105 2280.0853996239603 6.3790533766150466
leaf_count=4277 15058 194 6653 7497 9596 71 8163 52636 4573 11747 2590 44 87 11023 8649 9212 2788 17 511 118 1375 11506 5289 877 27 746 311 1992 15853 80
internal_value=-9.05481e-05 0.00152802 -0.00978171 -0.0144931 -0.024648 -0.000963688 0.00498574 -0.00211792 0.0036156 -0.0103525 -0.00132611 0.00759108 0.0536604 -0.00173638 -0.00866446 -0.00473429 -0.00823883 0.00447351 0.00292927 0.00467363 0.00549368 0.00477537 -0.00237855 -0.0176923 0.003492 0.0246147 -0.00118968 -0.0025838 0.00255898 -0.0112587
internal_weight=20595.5 17648 2947.48 1524.48 441.559 10256.8 7391.25 7911.17 5649.21 1082.92 7057.56 310.425 20.8107 6747.13 853.61 1423 819.677 157.339 2345.59 4608.26 4042.82 3719.64 354.121 310.078 156.541 37.0142 565.436 538.034 2313.61 662.338
internal_count=193560 129262 64298 36370 17970 96947 32315 80389 24152 18400 66380 2721 131 63659 14009 27928 18716 3578 16558 19579 17158 15783 5360 10473 3561 773 2421 2303 16364 15138
is_linear=0
shrinkage=0.05


Tree=56
num_leaves=31
num_cat=0
split_feature=0 0 6 0 1 3 2 1 7 0 5 5 8 3 2 1 3 8 5 1 3 6 5 1 4 5 8 1 4 4
split_gain=117.649 54.9671 26.3301 20.3719 17.6569 19.925 16.5486 13.3865 13.9367 18.1483 13.2193 10.9305 10.4024 10.327 10.3239 10.0288 9.85495 9.84837 9.84291 9.61066 9.50809 11.4139 10.7493 9.86235 9.96094 14.9205 9.80757 9.34608 9.30075 9.29272
threshold=4.5000000000000009 1.5000000000000002 4.5000000000000009 5.5000000000000009 6.5150000000000006 28.265000000000004 6.1550000000000011 6.3750000000000009 1.7500000000000002 5.5000000000000009 6.9050000000000011 6.9250000000000007 0.20500000000000004 33.965000000000011 2.8850000000000002 2.9050000000000007 54.230000000000011 0.38500000000000006 7.0050000000000008 1.3350000000000002 21.580000000000002 3.5000000000000004 6.7550000000000008 6.2250000000000005 40.900000000000006 6.6950000000000012 0.25500000000000006 5.0050000000000008 29.735000000000003 36.045000000000009
decision_type=2 2 10 2 2 2 2 2 8 2 8 10 8 2 2 2 2 8 8 2 2 8 10 2 2 10 10 2 2 2
left_child=1 6 7 -4 5 14 13 8 9 19 -10 -6 16 -1 -3 -11 -7 20 28 -2 21 22 -16 24 -23 -26 -24 -5 -8 -30
right_child=2 4 3 27 11 12 18 -9 10 15 -12 -13 -14 -15 17 -17 -18 -19 -20 -21 -22 23 26 -25 25 -27 -28 -29 29 -31
leaf_value=0.0010281869528012567 0.02652653739809091 -0.015014043876195163 -0.011850142046746264 -0.041614895035521515 0.0019061034767551073 -0.00015186887182781964 0.013852927577067124 7.0417778360347977e-05 0.011909867585239748 -0.039850802400622026 0.15493787544794521 0.013843767251969886 -0.006090359663955297 0.0055293833092311577 -0.0056586841701391421 -0.015850118690198867 0.012178412910629786 -0.045817355146162073 -0.00994460595263294 -0.0070002844641174032 -0.007787740070354654 -0.013635804178373498 0.013170047750538597 0.016270077818510763 0.1443421029742252 0.0050573049618567179 -0.029467651694928584 -0.021438723274223415 0.0028353894151292827 0.010601177755303002
leaf_weight=2686.2054397314787 21.835034139454365 288.31185750290751 602.58381972461939 91.271896582096815 1978.5277904495597 5086.4408963099122 659.82625666260719 584.2520357593894 50.752456620335579 49.704150857403874 1.6686113812029351 212.33118844777346 740.15730123966932 2424.2447752654552 149.43490647897124 350.126036176458 167.38250666484237 14.523228760808705 71.658803522586823 1014.8047950901091 970.48937373608351 271.52543992176652 262.69469039514661 40.695525445044041 2.0027097165584555 48.135659605264664 14.216856040060518 154.65202553756535 762.50263707339764 778.55459381639957
leaf_count=11609 352 3817 11456 5221 13711 49927 2994 8330 616 2877 24 1600 8016 10424 1280 13432 1472 172 306 16306 10109 3393 2314 372 24 603 137 5684 3451 3531
internal_value=-8.71584e-05 0.00145288 -0.00938011 -0.0167995 -0.000916947 -0.00199932 0.00474198 -0.00634345 -0.0088603 -0.0097844 0.0164626 0.00306306 -0.00054085 0.00316342 -0.00623887 -0.0188337 0.000240964 -0.0048125 0.00829181 -0.0062941 -0.00447398 -0.000396443 0.00514877 -0.00692085 -0.00985487 0.0106208 0.010981 -0.0289269 0.00888557 0.00675873
internal_weight=20551.5 17629.9 2921.65 848.508 10246.9 8056.01 7382.99 2073.14 1488.89 1436.47 52.4211 2190.86 5993.98 5110.45 2062.03 399.83 5253.82 1773.72 2272.54 1036.64 1759.2 788.706 426.346 362.359 321.664 50.1384 276.912 245.924 2200.88 1541.06
internal_count=193560 129262 64298 22361 96947 81636 32315 41937 33607 32967 640 15311 59415 22033 22221 16309 51399 18404 10282 16658 18232 8123 3731 4392 4020 627 2451 10905 9976 6982
is_linear=0
shrinkage=0.05


Tree=57
num_leaves=31
num_cat=0
split_feature=0 0 0 1 5 6 1 1 1 1 2 3 1 3 3 1 2 8 5 7 5 1 7 2 3 4 8 8 1 8
split_gain=107.797 39.5316 30.8779 23.4599 18.9647 16.3889 16.0654 15.722 15.1941 14.8267 11.8407 11.2544 10.5653 10.2323 9.89906 9.76627 9.11584 9.08056 9.06162 8.65533 9.40511 8.57766 8.44234 8.3533 15.6484 8.34556 8.26493 8.2109 7.92551 7.85435
threshold=3.5000000000000004 5.5000000000000009 1.5000000000000002 3.2650000000000001 6.7350000000000012 1.5000000000000002 5.245000000000001 6.1650000000000009 6.1450000000000005 2.7350000000000008 6.0050000000000008 36.010000000000012 1.5650000000000002 35.515000000000008 12.600000000000001 3.3350000000000004 3.9450000000000007 0.24500000000000002 7.0750000000000011 -1.0000000180025095e-35 6.6250000000000009 7.285000000000001 1.0000000180025095e-35 7.5450000000000008 28.495000000000001 46.695000000000007 0.25500000000000006 -0.18499999999999997 6.455000000000001 0.49500000000000005
decision_type=2 2 2 2 10 8 2 2 2 2 2 2 2 2 2 2 2 10 10 10 10 2 10 2 2 2 10 8 2 8
left_child=2 5 7 -3 15 19 12 11 22 10 -4 16 17 14 21 -5 -1 25 -9 -2 -21 -11 23 -6 -25 -7 -8 -18 -20 -14
right_child=1 3 9 4 8 6 26 18 -10 13 -12 -13 29 -15 -16 -17 27 -19 28 20 -22 -23 -24 24 -26 -27 -28 -29 -30 -31
leaf_value=-0.0035700949862194804 -0.004410794504378257 -0.041891357555814489 -0.02905489651769786 0.20043730982629859 -0.029097089031748565 0.013308659941355433 -0.0022964200370106371 0.0081671555962346942 -0.0081553328066711721 0.0045231026491717148 0.11469268199992 0.0060201656703913094 -0.010342342218675762 0.002366606907386081 -0.0023194985929332859 -0.0022607335526546191 -0.05031628080236366 -0.045142732721739916 -0.07136812034654072 0.020777807382462155 0.0026288224333175739 0.050053194382783717 -0.0013436274830626485 0.23225812115711397 -0.024209899243770185 0.10698603638256864 -0.016769157655502194 0.0028131091541622358 -0.0049941788154700554 0.055075374001835944
leaf_weight=782.7964795678854 410.54248574376106 77.660913813859224 56.056490749120712 0.59566057659685512 278.6681756451726 52.574877895414829 2267.8250383101404 2343.8525978922844 212.90439452789724 427.49742474406958 1.4701471626758564 1849.9546198397875 1575.6824745945632 2936.1511674001813 3736.219547662884 251.06445068120956 7.2944881170988083 6.4538896493613711 6.3197399675846126 80.898279223591089 606.94832533225417 10.601082757115362 32.530987333506346 0.88079060241579954 1.8315001390874384 2.4901404008269301 103.1315950602293 2371.7961812913418 15.597982704639433 4.6017804555594912
leaf_count=3526 3894 4708 1026 24 13237 934 25337 10861 5812 4038 17 7852 26923 24704 34778 7014 31 127 26 625 5490 69 1094 31 66 40 1177 9951 68 80
internal_value=-8.39284e-05 -0.00574289 0.00223764 -0.0156864 -0.0130722 -0.00407731 -0.0055586 0.00450839 -0.0184661 -9.95129e-05 -0.0253813 0.00292257 -0.00936046 0.000105027 -0.00148573 -0.00178096 0.00111023 0.0109684 0.00786792 0.00133434 0.00476334 0.00562484 -0.0254591 -0.0282472 0.0590756 0.0175449 -0.00292595 0.00265021 -0.0241324 -0.0101518
internal_weight=20512.9 5967.29 14545.6 856.137 778.476 5111.15 4012.76 7377.61 526.816 7168 57.5266 5011.84 1641.8 7110.47 4174.32 251.66 3161.89 61.5189 2365.77 1098.39 687.847 438.099 313.911 281.38 2.71229 55.065 2370.96 2379.09 21.9177 1580.28
internal_count=193560 96613 96947 31986 27278 64627 54618 32315 20240 64632 1043 21360 28104 63589 38885 7038 13508 1101 10955 10009 6115 4107 14428 13334 97 974 26514 9982 94 27003
is_linear=0
shrinkage=0.05


Tree=58
num_leaves=31
num_cat=0
split_feature=0 0 5 0 1 2 3 6 1 8 8 8 5 4 1 5 2 4 1 7 1 3 1 1 5 3 1 5 0 8
split_gain=99.1649 44.4769 24.8458 21.6349 19.3449 15.8167 14.8366 14.7595 12.275 11.7959 11.3684 10.943 10.759 10.4356 9.83537 9.82028 9.69345 9.66693 8.99464 8.94197 8.78685 8.55936 9.91 10.2715 8.44708 9.79793 9.35229 11.6362 10.754 10.6059
threshold=4.5000000000000009 1.5000000000000002 6.785000000000001 5.5000000000000009 4.8650000000000011 4.5650000000000004 37.815000000000005 1.5000000000000002 3.9750000000000005 0.17500000000000002 0.40500000000000008 -0.23499999999999996 6.5450000000000008 27.250000000000004 4.6450000000000005 6.5650000000000004 7.0750000000000011 27.915000000000003 6.9150000000000009 -1.0000000180025095e-35 6.2950000000000008 55.940000000000005 4.6650000000000009 3.0550000000000002 6.6250000000000009 36.565000000000005 7.1350000000000007 6.8250000000000011 2.5000000000000004 0.065000000000000016
decision_type=2 2 10 2 2 2 2 10 2 10 8 8 10 2 2 8 2 2 2 10 2 2 2 2 8 2 2 10 2 10
left_child=1 7 -2 14 -5 9 10 -1 -9 15 19 -10 -13 -11 -4 -3 -14 -15 -8 -7 21 -17 23 -23 25 -21 -26 28 29 -28
right_child=2 5 3 4 -6 6 18 8 11 13 -12 12 16 17 -16 20 -18 -19 -20 24 -22 22 -24 -25 26 -27 27 -29 -30 -31
leaf_value=0.0077833369524207057 -0.0039142569664852855 0.029898499883713854 -0.01736678812711975 -0.03992203286693654 -0.016049936986916709 -0.0031279421592957223 0.0025435343739322104 -0.0055913443943499171 -0.0698413067950438 -0.0232850833728474 -0.031479900232694494 0.062451819925141129 0.0027538331783671668 0.032067539262050006 -0.006509657451187304 -0.004090626309291143 0.0099911275892928843 -0.0081865045499944968 0.011666136417932986 0.010830972093845651 0.0066773469253652773 0.090391931177142948 0.049517263871693043 -0.011488604765892188 -0.00023997155154189425 0.067788490726297501 0.051554611435723867 0.027945525432268244 -0.010553892837875604 -0.0038176146581015316
leaf_weight=2141.5705788135529 1400.1856671748683 23.395367726683617 285.19945684075356 118.92346988990903 296.31985964998603 2343.8105701655149 1952.3886393681169 397.43737903237343 5.073756530880928 122.09184004738927 30.551177710294724 7.7605725377798072 4300.5268639475107 15.44123864546418 776.57965980097651 2105.5826397426426 518.43958236277103 437.24503657221794 313.60129497200251 85.458668753504753 228.02411637455225 2.772915635257962 16.099755115807056 22.945890944451094 2349.9222116358578 8.2821865454316121 17.258257806301117 67.906853996217251 66.616863928735256 17.332790277898312
leaf_count=9641 27928 200 6653 7497 10473 21037 15562 2015 22 1668 302 33 18257 203 11747 25948 2347 5770 2001 570 1645 42 129 284 20385 51 105 473 467 105
internal_value=-8.08058e-05 0.00132621 -0.00868638 -0.0132103 -0.0228868 -0.000807818 0.000451219 0.0042871 0.00285526 -0.00387883 -0.00107311 0.00355003 0.00362718 -0.0103123 -0.00942594 -0.00233732 0.00353244 -0.00681343 0.00380606 -0.000885686 -0.00265481 -0.00364576 0.0187536 -0.000504186 0.00112574 0.0158633 0.000577317 0.0119339 0.00119067 0.0238088
internal_weight=20474.7 17597.5 2877.21 1477.02 415.243 10226.7 7253.13 7370.81 5229.24 2973.6 4987.14 4831.8 4826.73 574.778 1061.78 2398.82 4818.97 452.686 2265.99 4956.59 2375.43 2147.4 41.8186 25.7188 2612.78 93.7409 2519.04 169.115 101.208 34.591
internal_count=193560 129262 64298 36370 17970 96947 61058 32315 22674 35889 43495 20659 20637 7641 18400 28248 20604 5973 17563 43193 28048 26403 455 326 22156 621 21535 1150 677 210
is_linear=0
shrinkage=0.05


Tree=59
num_leaves=31
num_cat=0
split_feature=0 0 6 0 6 1 1 1 7 0 6 1 1 7 2 1 6 5 3 4 5 3 2 5 8 1 4 2 2 4
split_gain=90.1716 40.1888 23.6508 18.1213 15.1926 14.0425 13.2513 11.4801 12.3784 15.9117 9.58084 9.50545 9.18023 9.0527 15.9865 11.0359 9.02813 8.98255 9.55244 9.74692 8.94562 18.1459 25.751 13.5198 8.82738 8.76792 9.2353 8.49599 12.6084 13.5237
threshold=4.5000000000000009 1.5000000000000002 4.5000000000000009 5.5000000000000009 1.5000000000000002 6.4050000000000011 4.1450000000000005 6.3750000000000009 0.75000000000000011 5.5000000000000009 4.5000000000000009 2.9050000000000007 3.9450000000000007 1.0000000180025095e-35 7.5450000000000008 6.6350000000000007 5.5000000000000009 6.7750000000000012 45.025000000000006 33.735000000000007 6.9850000000000012 41.435000000000009 6.6250000000000009 7.1450000000000005 -0.044999999999999991 7.3350000000000009 27.250000000000004 5.9750000000000005 5.7150000000000007 57.790000000000006
decision_type=2 2 10 2 8 2 2 2 8 2 10 2 2 10 2 2 8 8 2 2 10 2 2 10 10 2 2 2 2 2
left_child=1 5 7 25 -3 10 17 8 9 -2 -1 -11 -5 16 27 -16 -8 24 -19 -20 -9 23 -23 -22 -6 -4 -27 28 29 -15
right_child=2 4 3 12 6 -7 13 20 -10 11 -12 -13 -14 14 15 -17 -18 18 19 -21 21 22 -24 -25 -26 26 -28 -29 -30 -31
leaf_value=0.00385007419437357 -0.005645292565148452 0.002760118693619027 -0.011860876980677738 -0.050777114816447033 0.026080750766067657 0.0080283832459887901 -0.00076097966695302043 -0.00052139474572676365 0.011861577091184296 -0.039520451292205099 -0.0014612103072148453 -0.014816169376798151 -0.023120559145257014 0.0033486665344037341 0.096839492949090791 0.022120808622780232 -0.0060438900425336629 -0.013981823821808735 0.027597950149056607 -0.015618996654464638 -0.0034048175214850458 0.0157499839065415 0.33324750445431661 0.16127813881519792 -0.0036406770025250281 0.12935362427978536 0.011741245132350787 -0.0054823293396741761 0.04310519167599957 0.11990341131943072
leaf_weight=4601.6569907367229 1011.6007745079696 2348.7218759171665 573.13971285149455 35.457734021358192 27.400500420480967 1721.9983598589897 5779.6932556480169 564.03332887776196 75.863213662058115 44.264721984043717 1041.1858925372362 323.53967757243663 195.12593028973788 132.54119627922773 7.6840493977069881 13.847916491329668 940.27225263416767 474.68748090043664 29.409148927778006 23.449431791901588 11.823027407750486 1.4160699769854539 1.1632507964968679 1.3931204713881005 283.07560544833541 1.8919604346156145 14.170382395386694 128.21026916056871 26.758056364953518 2.5363367795944205
leaf_count=19579 16516 16558 11270 2393 390 8163 52636 8062 1082 2848 4573 13161 8512 1349 44 87 11023 8228 434 347 201 21 22 24 4610 21 165 1001 215 25
internal_value=-7.77549e-05 0.00126048 -0.00831989 -0.0154903 -0.00076892 0.00407615 -0.00182218 -0.00543149 -0.00780193 -0.00888337 0.00287007 -0.0177893 -0.0273734 -0.00111387 0.00721784 0.0487854 -0.00150018 -0.00776541 -0.0117366 0.0084258 0.000517901 0.0376297 0.158939 0.0139545 -0.00101767 -0.0108398 0.0255946 0.00413201 0.0117487 0.0055372
internal_weight=20438 17583.1 2854.88 819.786 10218.3 7364.84 7869.57 2035.1 1455.27 1379.41 5642.84 367.804 230.584 7031.54 311.578 21.532 6719.97 838.022 527.546 52.8586 579.829 15.7955 2.57932 13.2161 310.476 589.202 16.0623 290.046 161.836 135.078
internal_count=193560 129262 64298 22361 96947 32315 80389 41937 33607 32525 24152 16009 10905 66380 2721 131 63659 14009 9009 781 8330 268 43 225 5000 11456 186 2590 1589 1374
is_linear=0
shrinkage=0.05


Tree=60
num_leaves=31
num_cat=0
split_feature=0 0 6 1 6 1 6 1 2 0 8 2 7 8 5 2 5 8 3 1 8 4 3 5 2 3 5 0 2 5
split_gain=82.7454 31.4204 23.0024 21.9054 17.379 16.9607 14.0265 13.3735 13.1668 11.9583 10.9969 10.2748 10.2426 10.036 9.99542 9.80848 9.69957 11.5582 9.57274 9.5892 9.51614 13.8022 9.49697 9.41037 9.30763 11.9798 13.2631 10.7043 9.62453 9.25395
threshold=3.5000000000000004 5.5000000000000009 1.5000000000000002 3.2650000000000001 4.5000000000000009 3.9750000000000005 3.5000000000000004 5.245000000000001 7.3650000000000011 1.5000000000000002 -0.23499999999999996 7.1950000000000012 0.75000000000000011 0.54500000000000015 6.7550000000000008 6.0950000000000006 6.8650000000000011 -0.094999999999999987 41.07500000000001 6.8350000000000009 0.085000000000000006 22.685000000000006 37.975000000000001 6.6250000000000009 4.5650000000000004 29.540000000000003 6.6050000000000013 2.5000000000000004 4.6350000000000007 6.535000000000001
decision_type=2 2 10 2 10 2 8 2 2 2 8 2 10 10 8 2 10 10 2 2 10 2 2 8 2 2 10 2 2 10
left_child=2 6 12 -3 15 -4 -2 13 9 10 -7 16 24 -8 20 23 17 -11 19 -19 -9 -22 -23 -5 25 -1 -27 -26 -29 -12
right_child=1 3 5 4 -6 8 7 14 -10 11 29 -13 -14 -15 -16 -17 -18 18 -20 -21 21 22 -24 -25 27 26 -28 28 -30 -31
leaf_value=-0.0078371840743999884 -0.0013259107280962905 -0.040854713797431302 -0.0062790537649459414 0.014407226662548574 -0.024149246220984497 -0.072658283847103683 -0.011470400874123042 0.012641833731688062 0.0082414899696166676 0.015822651703743498 0.06791502625663759 -0.015419896859530697 -0.02352846210918369 0.1030620879100354 -0.0057042183664318662 0.0010750333965095372 0.0029808318552963266 -0.0048009366922492167 0.0032350953832345586 0.0059019843916700843 0.055056580073283068 -0.020113139214341613 0.012491154807757164 -0.015219403197474843 0.0086140368908662768 0.026145870367041649 0.0026015792349080983 0.052322522850858671 4.2431980100261015e-05 0.0026874256732567145
leaf_weight=258.96248488873243 2895.5882295370102 70.200572001747787 791.65874774381518 29.464176019653678 202.95851852465421 4.8378438204526901 915.12295538187027 166.69774586707354 643.62786751613021 88.214671283960342 5.444123610854148 118.93208147585392 30.59921196475625 1.9166965559124935 968.81051108986139 222.32244829833508 1376.6944343186915 2338.9513697996736 586.74691200628877 229.83997093886137 8.5988783426582795 77.693945083767176 31.345151655375957 296.75174958445132 2191.8585315197706 65.304142944514751 711.67242232710123 8.9458946809172613 552.38334057480097 4510.7265534996986
leaf_count=1660 31238 4708 8718 666 9322 21 17668 1892 3832 741 23 895 173 34 12444 5491 13229 22582 4896 1650 103 907 341 11799 11070 378 4406 73 3386 19214
internal_value=-7.50187e-05 -0.00507475 0.00195288 -0.0141441 -0.011649 0.000763407 -0.00360364 -0.00664272 0.00132633 0.000845707 0.00268535 -0.000909169 0.00528354 -0.011231 -0.00328505 -0.00702391 -0.000535658 -0.00202811 -0.00252713 -0.0038433 0.00495772 -0.00593097 -0.0107405 -0.0125435 0.00551621 0.00147631 0.00458045 0.0070363 0.000875619 0.00276606
internal_weight=20402.9 5887.47 14515.4 821.697 751.497 10695.7 5065.77 2170.19 9904.02 9260.39 4521.01 4739.38 3819.73 917.04 1253.15 548.538 4620.45 3243.75 3155.54 2568.79 284.336 117.638 109.039 326.216 3789.13 1035.94 776.977 2753.19 561.329 4516.17
internal_count=193560 96613 96947 31986 27278 75801 64627 33389 67083 63251 19258 43993 21146 17702 15687 17956 43098 29869 29128 24232 3243 1351 1248 12465 20973 6444 4784 14529 3459 19237
is_linear=0
shrinkage=0.05


Tree=61
num_leaves=31
num_cat=0
split_feature=0 0 5 1 0 1 2 6 1 4 3 6 5 8 3 0 1 2 8 1 3 5 3 4 8 4 8 1 1 6
split_gain=75.8026 32.9757 21.9506 19.0839 13.9384 13.3532 12.7921 12.6192 10.2496 13.988 20.3705 11.023 12.7841 9.35165 11.0145 11.9514 11.1601 10.9315 8.51943 8.40255 10.6833 10.636 13.0012 10.0535 14.9271 12.5163 8.41698 8.22595 8.01663 7.78752
threshold=4.5000000000000009 1.5000000000000002 6.785000000000001 4.6450000000000005 5.5000000000000009 3.4650000000000003 5.2550000000000008 1.5000000000000002 6.9150000000000009 26.100000000000005 47.840000000000011 3.5000000000000004 7.1650000000000009 0.17500000000000002 31.285000000000004 5.5000000000000009 4.9250000000000007 7.1250000000000009 0.34500000000000003 6.495000000000001 28.055000000000003 7.0150000000000006 28.605000000000004 29.180000000000003 -0.024999999999999998 28.755000000000006 -0.014999999999999998 7.6050000000000013 1.8350000000000002 5.5000000000000009
decision_type=2 2 10 2 2 2 2 8 2 2 2 10 8 10 2 2 2 2 10 2 2 10 2 2 10 2 10 2 2 8
left_child=1 6 -2 4 28 -3 18 -7 11 10 -10 12 13 -5 15 16 -15 -17 -1 20 26 -22 -23 24 -24 -26 -9 -8 -4 -28
right_child=2 5 3 8 -6 7 27 19 9 -11 -12 -13 -14 14 -16 17 -18 -19 -20 -21 21 22 23 -25 25 -27 29 -29 -30 -31
leaf_value=0.0017004308460407608 -0.00318639592813574 -0.010714728245656393 0.0041182260352653722 -0.0078806512713750759 -0.038732594463852493 0.0028838756599071365 0.0052907249950914113 0.0029414274258130445 0.030714890078127652 -0.0023272716051403416 0.24698885167591694 -0.015301584364226151 0.13873738912244091 0.1780609678022019 -0.0044588946238094196 -0.029620729072791653 0.04986910041452812 0.18960255306651283 -0.019138527724062736 0.0018070226151371265 -0.0014653843866701917 0.089504969782976895 0.10398196638683439 0.0019194753372934359 0.010115840577015898 0.13693798737181392 -0.0056255523231439966 0.023132414267122835 -0.019790522253575259 -0.015895718831567415
leaf_weight=3241.4881906509399 1380.6370423370972 321.73601610958576 41.18909552320838 354.45374985598028 91.615525791421533 2295.7503209486604 3996.1879811137915 232.79289828985929 18.158545980229977 114.07827897556126 1.1582081392407406 522.3967997636646 1.5549582391977299 1.944429669529202 32.417871259152889 6.7813109066337338 13.385582458227871 0.62070357613265503 49.79888354241848 1651.5915820151567 4226.1491051204503 5.1500579491257659 5.9265351705253115 125.80246660113335 31.58596358448267 2.0731595791876307 1080.1457638703287 65.664756745100021 235.63559119030833 222.62237050011754
leaf_count=14109 27928 5688 816 6700 6566 15653 17647 2452 296 1879 17 13121 28 33 638 242 180 17 226 12516 43945 59 64 1387 357 24 11691 333 5837 3111
internal_value=-7.22185e-05 0.0011494 -0.00768751 -0.0120169 -0.0218278 -0.000690444 0.0037019 -0.000363996 -0.00862904 0.00433533 0.0436824 -0.0104815 -0.00435737 -0.00490059 0.0142525 0.0409367 0.0661287 -0.0112375 0.00138513 -0.00134718 -0.00222534 -0.000971376 0.0112708 0.00883461 0.0308108 0.0179272 -0.00581573 0.00557916 -0.0162331 -0.00738056
internal_weight=20370.5 17554.5 2816.03 1435.39 368.44 10201.3 7353.14 9879.59 1066.95 133.395 19.3168 933.555 411.159 409.604 55.1499 22.732 15.33 7.40201 3291.29 7583.84 5932.25 4396.69 170.538 165.388 39.5857 33.6591 1535.56 4061.85 276.825 1302.77
internal_count=193560 129262 64298 36370 13219 96947 32315 91259 23151 2192 313 20959 7838 7810 1110 472 213 259 14335 75606 63090 45836 1891 1832 445 381 17254 17980 6653 14802
is_linear=0
shrinkage=0.05


Tree=62
num_leaves=31
num_cat=0
split_feature=0 0 5 0 1 2 3 8 6 8 8 8 4 1 7 4 1 5 3 7 7 4 1 4 4 8 7 1 3 5
split_gain=68.9112 29.7913 20.2759 18.0358 17.8816 12.5561 12.3586 12.2225 13.1977 12.5755 10.6279 10.5493 9.76433 8.5877 10.4772 8.577 8.47087 8.24397 7.79505 7.77631 7.76893 7.93709 7.67727 7.63272 9.96811 9.67839 10.2184 7.62049 8.34491 7.53159
threshold=4.5000000000000009 1.5000000000000002 6.785000000000001 5.5000000000000009 4.8650000000000011 4.5650000000000004 37.815000000000005 0.19500000000000003 2.5000000000000004 -0.23499999999999996 0.17500000000000002 0.40500000000000008 27.250000000000004 4.6650000000000009 1.0000000180025095e-35 27.915000000000003 4.6450000000000005 6.5650000000000004 43.085000000000008 1.0000000180025095e-35 -1.0000000180025095e-35 21.255000000000006 6.8350000000000009 29.275000000000002 31.830000000000002 0.075000000000000025 1.0000000180025095e-35 6.9150000000000009 37.975000000000001 6.5750000000000011
decision_type=2 2 10 2 2 2 2 10 10 10 10 8 2 2 10 2 2 8 2 10 10 2 2 2 2 10 10 2 2 8
left_child=1 7 -2 16 -5 10 11 8 13 -10 17 20 -12 -1 -15 18 -4 -3 -14 22 21 -7 -6 25 -25 -11 -27 -8 -29 -22
right_child=2 5 3 4 19 6 27 -9 9 23 12 -13 15 14 -16 -17 -18 -19 -20 -21 29 -23 -24 24 -26 26 -28 28 -30 -31
leaf_value=0.0011680716802188931 -0.0030355445239828721 0.027211412876285875 -0.015659631452251133 -0.038373584820896506 -0.021106789524581258 0.0076831995838035948 0.002351990051383489 -0.0022721088760492467 -0.076797713260646619 0.0015342004060689177 -0.022301398801661269 -0.03059790753758268 0.044333296114803716 0.0082151964815855693 -0.0093411582541539605 -0.0075045254366125653 -0.0053877736464100889 -0.0022413790302811491 -0.056316369394320699 0.0095143877908214179 0.026489738574033684 -0.0036593067296902871 0.0019791882576159501 -0.0063841083739415508 0.0020975076022182047 0.013182454058086164 -0.038803801589493973 0.061058546073459688 0.009404685448479215 0.00083433625094539584
leaf_weight=629.67881390452385 1376.8839544458315 24.000618875026703 272.7491785697639 104.96774756256491 207.81306884437799 166.05564957484603 1956.3858224637806 810.52772045135498 5.0636098533868781 537.65241450071335 118.90087790414691 29.791287962347269 13.535322416573761 2631.1556465923786 87.816613599658012 431.4389362744987 759.92056383192539 2357.5060839243233 2.2423805743455878 30.794017000123858 28.927273198962212 2166.7224829755723 43.560987485572696 427.31292143464088 1829.7807738333941 379.41163669526577 9.6939925700426084 8.0223876386880857 308.55047784745693 2581.9647641070187
leaf_count=2718 27928 200 6653 7497 8359 1520 15562 3551 23 2334 1668 302 177 11841 396 5770 11747 28048 26 877 184 19517 1237 1854 7917 1640 41 51 1950 21972
internal_value=-6.96746e-05 0.0010924 -0.00735873 -0.0115512 -0.0207551 -0.000656996 0.000462179 0.00351934 0.00423736 0.00193526 -0.00340837 -0.000933738 -0.00956624 0.00642965 0.00764817 -0.00618036 -0.00810078 -0.00194456 0.0300286 -0.014201 -0.000754978 -0.00285191 -0.0171062 0.00206047 0.000491768 0.00588102 0.0118873 0.00351659 0.0107137 0.00111858
internal_weight=20338.8 17542.1 2796.69 1419.81 387.136 10194 7246.42 7348.09 6537.57 3188.92 2947.62 4973.46 566.118 3348.65 2718.97 447.217 1032.67 2381.51 15.7777 282.168 4943.67 2332.78 251.374 3183.85 2257.09 926.758 389.106 2272.96 316.573 2610.89
internal_count=193560 129262 64298 36370 17970 96947 61058 32315 28764 13809 35889 43495 7641 14955 12237 5973 18400 28248 203 10473 43193 21037 9596 13786 9771 4015 1681 17563 2001 22156
is_linear=0
shrinkage=0.05


Tree=63
num_leaves=31
num_cat=0
split_feature=0 0 1 6 6 2 1 2 1 5 7 2 5 3 1 5 5 3 5 8 5 3 4 2 8 1 5 3 4 2
split_gain=63.5255 25.7519 20.762 18.8439 15.9382 15.3793 17.1416 13.2615 13.0849 12.2673 16.259 13.2106 11.5402 10.3846 10.4605 9.98875 12.9196 9.93501 9.87411 9.80485 9.35163 10.2421 8.92268 8.8412 8.34268 10.7666 14.7547 9.00752 8.15631 10.5134
threshold=3.5000000000000004 5.5000000000000009 3.2650000000000001 4.5000000000000009 1.5000000000000002 5.455000000000001 2.4750000000000005 5.7950000000000008 3.8250000000000006 6.8450000000000006 2.2500000000000004 8.1150000000000002 6.7150000000000007 68.020000000000024 6.9050000000000011 7.0050000000000008 7.0250000000000012 36.495000000000012 6.705000000000001 0.20500000000000004 6.5850000000000009 37.975000000000001 29.125000000000004 6.6550000000000011 -0.054999999999999993 3.5650000000000004 6.7150000000000007 41.970000000000006 23.550000000000004 6.6550000000000011
decision_type=2 2 2 10 10 2 2 2 2 8 8 2 10 2 2 10 8 2 10 10 10 2 2 2 10 2 10 2 2 2
left_child=3 9 -3 5 24 6 -1 -6 12 20 11 13 -5 14 -11 -16 -17 18 -7 -8 -2 -22 -10 -18 27 26 -26 -4 29 -23
right_child=1 2 4 8 7 17 19 -9 22 10 -12 -13 -14 -15 15 16 23 -19 -20 -21 21 28 -24 -25 25 -27 -28 -29 -30 -31
leaf_value=-0.02793350648334858 0.014631538844188902 -0.039967659122047812 0.039495861736820466 0.03287225551104609 -0.022533864914143654 -0.0017439451132073753 0.0018045395359437607 -0.0067294318273211822 0.0035789854349153518 -0.0089573428226364521 0.16801349938841695 0.031126724744770282 -0.017525732125892229 0.043318472987524698 0.0017658970011064736 0.13850632097908866 -0.0329247226081434 0.0070402879432319354 0.0042796515841891525 -0.0045458999253948588 -0.0038085513457718928 -0.017664080397154589 -0.0027425041649159058 0.068658960210382078 0.21332193673822092 -0.0040098111242566443 -0.051114321997780793 -0.033751649574126324 0.0035677428416919961 0.024313219600776474
leaf_weight=51.61991274356842 87.825446166098118 64.797314019873738 23.722923249006275 12.113001525402067 276.43371340818703 900.33438121154904 4874.2272256277502 255.33260733447969 775.5436416529119 1443.5181600749493 1.3292272388935078 22.48103255033493 182.39906600862741 9.998304430395363 103.27003986388445 3.0764257460832569 4.185275673866272 2222.9688517302275 2784.3186533078551 694.41146403923631 2263.5958472080529 91.629132997244596 1991.921685166657 4.3871563225984573 1.3169692121446126 167.08935230132192 0.87997765280306328 5.0994189986959091 970.74573230370879 17.816366378217936
leaf_count=596 773 4708 514 157 14226 5036 32907 8248 6272 21443 13 219 2434 115 1025 33 43 12289 16103 5165 28879 1092 15988 45 36 4101 45 108 10801 146
internal_value=-6.69101e-05 -0.00447989 -0.0128435 0.00170516 -0.0104354 0.00261915 0.000746778 -0.0149452 -0.00185204 -0.00315694 -0.00678413 -0.00693017 -0.0143873 -0.00747566 -0.00780153 0.0067168 0.0506078 0.00440044 0.0028078 0.00101264 -0.00147394 -0.00189696 -0.000970995 0.0190633 0.00166982 -0.00256393 0.107403 0.0265365 0.00210889 -0.0108307
internal_weight=20308.4 5818.53 794.672 14489.9 729.875 11527.9 5620.26 531.766 2961.98 5023.86 1592.25 1590.92 194.512 1568.44 1558.44 114.919 11.6489 5907.62 3684.65 5568.64 3431.61 3343.79 2767.47 8.57243 198.109 169.286 2.19695 28.8223 1080.19 109.445
internal_count=193560 96613 31986 96947 27278 72096 38668 22474 24851 64627 22936 22923 2591 22704 22589 1146 121 33428 21139 38072 41691 40918 22260 88 4804 4182 81 622 12039 1238
is_linear=0
shrinkage=0.05


Tree=64
num_leaves=31
num_cat=0
split_feature=0 0 6 0 1 1 6 1 5 1 5 4 1 6 8 8 2 8 1 2 8 1 2 3 5 2 5 4 7 4
split_gain=57.8156 25.8771 18.9715 14.839 11.2375 11.1232 10.6532 9.33504 9.06064 12.6424 8.893 8.66113 10.1322 8.40448 7.78032 13.4653 7.65572 8.51929 7.66947 7.54307 7.41925 8.76532 11.0996 8.12677 13.7437 20.0758 13.3808 10.2194 7.89772 9.39059
threshold=4.5000000000000009 1.5000000000000002 4.5000000000000009 5.5000000000000009 6.7750000000000012 3.4650000000000003 1.5000000000000002 3.9450000000000007 6.785000000000001 4.745000000000001 7.1450000000000005 29.655000000000005 7.3350000000000009 1.5000000000000002 0.49500000000000005 0.59500000000000008 7.3350000000000009 -0.084999999999999978 3.1750000000000003 8.6450000000000014 0.065000000000000016 6.5150000000000006 8.1650000000000009 36.495000000000012 6.9850000000000012 6.205000000000001 6.8050000000000006 29.605000000000004 -1.0000000180025095e-35 50.335000000000008
decision_type=2 2 10 2 2 2 8 2 10 2 8 2 2 10 10 8 2 10 2 2 10 2 2 2 8 2 10 2 10 2
left_child=1 4 8 11 13 -3 -7 -5 14 -10 20 12 -4 -1 -2 -16 18 -18 -15 -19 -11 22 -22 28 25 26 -25 -28 -23 -30
right_child=2 5 3 7 -6 6 -8 -9 9 10 -12 -13 -14 16 15 -17 17 19 -20 -21 21 23 -24 24 -26 -27 27 -29 29 -31
leaf_value=0.0053870345079761227 -0.0014990098414853258 -0.0098707186599300001 -0.0015880424007933232 -0.050658792396080024 0.008561184265537234 0.0026391016613153753 -0.0012456414806454002 -0.020482361501038986 -0.018559990465065197 -0.010255979758195028 0.064530840318959351 -0.013265527652535573 0.083430267329031901 -0.015066842286369798 0.16362685831222024 -0.05433681654890761 -0.047101976690991754 0.016927080810072621 0.0012732664843582888 -0.030175371439224191 -0.0053635999170914932 -0.025939549051555863 0.14261606181839617 0.19479788863385061 0.18683144604365232 0.00083755591128901921 0.15317025562525258 0.0030949125470964263 0.010069405287275074 0.12234961430985601
leaf_weight=1846.9519229829311 1137.8276377012953 315.92691729962826 167.34958273917437 29.910804519429803 879.54878060519695 2301.4122300595045 7568.8636655136943 179.00076856929809 215.84569435101002 326.29282804019749 4.6264714673161498 397.76341883093119 3.5794120132923117 73.010111421346664 1.8314982242882241 1.1557051325216892 5.872993752360343 148.47917513549328 4375.0964775383472 9.0157539099454862 217.4892662614584 16.071749778464437 1.2746215593069781 2.3999557420611444 1.4443523716181506 18.863727051764727 1.6814698502421377 3.4861569199711084 33.235072441399097 1.9727355353534211
leaf_count=8187 22057 5688 3450 2393 4325 15653 75606 8512 7370 6284 80 7969 37 417 32 23 26 653 18668 39 4771 290 27 36 20 301 26 59 533 28
internal_value=-6.45791e-05 0.00099531 -0.00678662 -0.0134069 0.00325905 -0.000635453 -0.000339852 -0.0248029 -0.00419383 -0.00811915 -0.00453538 -0.00922057 0.00019232 0.00253697 -0.00128744 0.0792999 0.00139549 0.0120258 0.00100506 0.0142307 -0.00504728 0.000657493 -0.0045014 0.0149153 0.0366448 0.0284377 0.0972367 0.0519272 0.00310313 0.0163606
internal_weight=20287.3 17524.2 2763.1 777.604 7337.98 10186.2 9870.28 208.912 1985.5 844.684 628.838 568.692 170.929 6458.43 1140.81 2.9872 4611.47 163.368 4448.11 157.495 624.212 297.919 218.764 79.1552 27.8757 26.4313 7.56758 5.16763 51.2796 35.2078
internal_count=193560 129262 64298 22361 32315 96947 91259 10905 41937 19825 12455 11456 3487 27990 22112 55 19803 718 19085 692 12375 6091 4798 1293 442 422 121 85 851 561
is_linear=0
shrinkage=0.05


Tree=65
num_leaves=31
num_cat=0
split_feature=0 0 1 6 7 5 1 7 3 2 5 1 3 7 3 3 1 4 2 5 7 5 1 4 3 5 8 4 4 2
split_gain=52.9003 22.4767 19.7104 16.4126 14.3532 13.034 12.4616 11.2892 11.5688 10.5118 10.1127 9.56695 9.23863 9.12741 9.10581 8.66454 8.50068 8.1744 8.01834 7.77284 8.66967 9.43069 7.6385 8.62845 8.06818 7.44504 10.6957 12.3787 11.3469 10.7367
threshold=3.5000000000000004 5.5000000000000009 3.2650000000000001 1.5000000000000002 1.0000000180025095e-35 6.7650000000000006 3.9750000000000005 1.0000000180025095e-35 37.975000000000001 7.3650000000000011 6.5850000000000009 6.1450000000000005 36.95000000000001 0.75000000000000011 47.230000000000011 39.715000000000011 5.0450000000000008 30.525000000000002 7.1650000000000009 6.6250000000000009 2.2500000000000004 6.5250000000000012 7.5050000000000008 40.040000000000006 43.375000000000007 6.7950000000000008 0.03500000000000001 46.360000000000007 29.975000000000005 4.6950000000000012
decision_type=2 2 2 10 8 10 2 10 2 2 8 2 2 10 2 2 2 2 2 10 10 8 2 2 2 10 10 2 2 2
left_child=3 7 -3 13 5 14 -5 8 10 15 12 -7 17 -1 -4 -8 -15 -2 -17 20 21 -6 25 24 -24 -10 -27 28 -28 -30
right_child=1 2 4 6 19 11 9 -9 22 -11 -12 -13 -14 16 -16 18 -18 -19 -20 -21 -22 -23 23 -25 -26 26 27 -29 29 -31
leaf_value=0.0045847040392376671 -0.02038953207358607 -0.039274235568641284 -0.0066304389417966309 -0.005533479711204165 -0.054434573664328162 -0.025981282299701338 -0.00019668554547099001 0.0062839239552545407 0.0029173730567670433 0.0072076376679033648 -0.005471628190534537 -0.0092374054493010102 0.088440683412262272 0.023314485708196941 0.031472864741180676 0.0040952069181684784 -0.037980665308523474 0.028797079396107195 -0.015486700279525922 -0.0002743099648125947 0.0076942113671932587 0.087715078290008769 0.061140477059124787 -0.032771542545817087 -0.0022458777114534845 -0.012768087755782226 -0.0091725584378079157 -0.029155801791623356 -0.0037559910149753818 0.018232174952471186
leaf_weight=3785.9766743257642 13.098254188895224 61.095930626615882 238.94855172000825 781.51495152711868 1.3538202513009299 203.87719656992704 7291.3990658856928 315.08724718540907 797.17169534042478 642.81212350726128 3196.0884071663022 146.69201125018299 4.3416344486176959 7.5041530802845982 16.780675142072141 1896.4196635037661 22.972278729081154 23.787283342331648 53.759435407817364 85.893203628249466 15.111099202185869 8.4457319024950266 14.807080462574964 5.0376757085323325 7.5953944250941268 235.92323127016425 118.55105305835605 31.748051654547453 90.031482968479395 144.82233763113618
leaf_count=20973 131 4708 8146 8718 23 11481 50500 3531 8617 3832 43705 4480 36 51 538 12436 122 221 315 2294 183 133 100 35 56 3030 1587 405 1464 1709
internal_value=-6.21872e-05 -0.00410784 -0.0120122 0.00155142 -0.00968957 -0.0127136 0.00054456 -0.00287713 -0.00349352 0.00102512 -0.00515424 -0.018975 0.0194511 0.00436532 -0.00413014 0.000595089 -0.0228881 0.0113306 0.0035554 0.00685743 0.031448 0.0680769 0.000225313 0.0263541 0.0396498 -0.000280225 -0.00438445 0.000750903 0.00343757 0.00980299
internal_weight=20258.6 5776.29 778.198 14482.4 717.102 606.298 10665.9 4998.09 4683 9884.39 3237.32 350.569 41.2272 3816.45 255.729 9241.58 30.4764 36.8855 1950.18 110.804 24.9107 9.79955 1445.69 27.4402 22.4025 1418.25 621.076 385.153 353.405 234.854
internal_count=193560 96613 31986 96947 27278 24645 75801 64627 61096 67083 44093 15961 388 21146 8684 63251 173 352 12751 2633 339 156 17003 191 156 16812 8195 5165 4760 3173
is_linear=0
shrinkage=0.05


Tree=66
num_leaves=31
num_cat=0
split_feature=0 0 6 0 8 6 8 1 3 5 1 2 5 8 2 6 2 4 1 7 0 5 1 7 4 8 4 1 8 1
split_gain=48.4418 22.496 17.1203 13.3109 10.3609 10.3831 11.5241 10.2241 14.8337 9.72773 9.28657 8.63217 11.0095 8.56685 9.57537 8.52957 8.2329 12.7683 8.15222 9.72359 10.5841 9.96118 8.62749 9.29815 11.154 8.30061 8.08543 8.46511 7.88279 7.79894
threshold=4.5000000000000009 1.5000000000000002 4.5000000000000009 5.5000000000000009 0.19500000000000003 2.5000000000000004 -0.23499999999999996 6.5150000000000006 28.265000000000004 6.9250000000000007 3.9450000000000007 5.9750000000000005 6.5550000000000006 -0.014999999999999998 2.6550000000000007 4.5000000000000009 6.6050000000000013 12.615000000000002 6.3750000000000009 1.7500000000000002 5.5000000000000009 6.9050000000000011 1.3350000000000002 -1.0000000180025095e-35 42.015000000000008 0.095000000000000015 29.655000000000005 7.3350000000000009 0.20500000000000004 2.9050000000000007
decision_type=2 2 10 2 10 10 10 2 2 10 2 2 8 10 2 8 2 2 2 8 2 8 2 10 2 10 2 2 8 2
left_child=1 4 18 26 5 -1 -7 8 13 11 -5 -9 -13 -3 -15 -16 -11 -18 19 20 22 25 23 -2 -25 -21 27 -4 -10 -22
right_child=2 7 3 10 -6 6 -8 9 28 16 -12 12 -14 14 15 -17 17 -19 -20 21 29 -23 -24 24 -26 -27 -28 -29 -30 -31
leaf_value=0.0056309019386095518 -0.012977412188047483 0.0025374355010440472 -0.0012562167236277533 -0.050608175974351223 -0.0023176636488428364 -0.074426599736197363 0.0017580031242384942 0.0073582454207882526 0.00048697763146159984 0.0023393179517130465 -0.019373569379047648 0.042916549326452072 -0.00089833680332582991 -0.016254333531681816 -0.0026490577445088363 -0.010939053537299542 0.065922114274034535 0.015417293182876358 0.0012340658797504681 0.02664982028269184 -0.035842439498805952 0.12723831318175358 -0.004738127716437739 0.037334098015100618 0.18338570283974037 -0.014795811933138118 -0.012618310951990001 0.074002109530622473 -0.0050722797946384218 -0.011583914562468531
leaf_weight=3334.864498719573 8.660616200417282 307.36066780239344 166.33831736072898 27.593295195139945 809.17863795161247 4.971560686826705 3179.6761584877968 454.63756158202887 5226.7144287116826 103.56623396277428 172.9711174974218 14.473597288131712 1521.0124750360847 220.47913563996553 1053.1308953687549 439.88703696429729 14.359991885721682 97.367709338665009 572.80682285502553 31.865613877773285 37.044984712265432 1.909629140049218 971.20278269425035 11.53253050893545 1.474376194179057 19.457235686480999 391.88652954623103 3.8223484233021727 726.25889249518514 313.66194463893771
leaf_count=14955 147 3147 3450 2393 3551 23 13786 3155 51399 787 8512 73 10483 3074 10078 5922 98 715 8330 376 2877 24 16306 183 22 240 7969 37 8016 13432
internal_value=-5.99243e-05 0.00090638 -0.00625194 -0.0126127 0.00301865 0.00368097 0.00163907 -0.000614378 -0.00144775 0.00239872 -0.0236708 0.00130651 -0.000485335 -0.00514909 -0.00652787 -0.00509153 0.0124948 0.0219085 -0.00378915 -0.00584908 -0.00667945 0.0151093 -0.00404196 0.0271625 0.0538895 0.0109372 -0.00866661 0.000434324 -0.000191248 -0.0141463
internal_weight=20240.2 17507.9 2732.23 762.612 7328.69 6519.51 3184.65 10179.2 7973.83 2205.42 200.564 1990.12 1535.49 2020.86 1713.5 1493.02 215.294 111.728 1969.62 1396.81 1343.58 53.2325 992.87 21.6675 13.0069 51.3228 562.047 170.161 5952.97 350.707
internal_count=193560 129262 64298 22361 32315 28764 13809 96947 81636 15311 10905 13711 10556 22221 19074 16000 1600 813 41937 33607 32967 640 16658 352 205 616 11456 3487 59415 16309
is_linear=0
shrinkage=0.05


Tree=67
num_leaves=31
num_cat=0
split_feature=0 0 1 2 1 6 6 7 1 6 5 7 2 7 1 3 8 1 3 1 8 1 1 5 0 2 5 5 3 5
split_gain=44.0863 18.8675 18.1664 15.3711 15.0045 13.5069 11.8806 11.5835 10.5448 11.7212 10.3481 12.2523 11.4325 9.40487 12.687 12.25 9.49063 9.06076 9.0516 8.96973 8.85063 8.83174 8.77428 8.54087 8.49242 8.38 8.18702 18.3802 7.92277 8.26768
threshold=3.5000000000000004 5.5000000000000009 3.2650000000000001 4.5650000000000004 2.7350000000000008 5.5000000000000009 1.5000000000000002 0.75000000000000011 6.2950000000000008 4.5000000000000009 6.8450000000000006 2.2500000000000004 8.1150000000000002 1.0000000180025095e-35 6.8750000000000009 52.645000000000003 0.015000000000000001 7.0750000000000011 68.020000000000024 6.9050000000000011 0.46500000000000002 6.9750000000000005 7.245000000000001 6.785000000000001 2.5000000000000004 4.6350000000000007 7.0050000000000008 7.0150000000000006 28.175000000000004 6.7150000000000007
decision_type=2 2 2 2 2 10 10 10 2 10 8 8 2 8 2 2 10 2 2 2 10 2 2 10 2 2 10 8 2 8
left_child=3 10 -3 4 -1 13 7 24 9 28 -2 12 18 14 15 23 -16 -18 19 -12 21 -8 -10 -4 -5 -26 -21 -28 29 -6
right_child=1 2 5 6 8 -7 20 -9 22 -11 11 -13 -14 -15 16 -17 17 -19 -20 26 -22 -23 -24 -25 25 -27 27 -29 -30 -31
leaf_value=-0.020182954870364898 -0.0010992705064933814 -0.038332593180626297 -0.0073016613127679488 0.0069670460504407741 -0.01503701312298978 -0.026894888288603876 0.00092281193869424381 -0.027973506124274801 0.0099880444072230224 -0.0068697723733327949 -0.0080713464394570125 0.13472003251334938 0.028845390466637973 0.0073435048340986676 0.034501528878312905 0.03651325532143785 0.023569132715358956 -0.020908323733078521 0.040036970754676347 0.0018426036848878721 -0.042082507442330344 0.0066909122781708521 -0.015358781911327292 -0.021600899173013388 0.047079658523941109 -0.00069290601691494738 0.17930141058921056 0.017101107130954609 0.0014592356795493453 -0.0017575122953501208
leaf_weight=101.29109982401133 3408.4956865310669 56.678856922313571 231.08366591110826 2182.4714084714651 151.52128711715341 90.898973441682756 6852.1510214209557 26.009540930390358 330.09143736213446 797.38200401514769 1418.1767964474857 1.5451613515615452 23.000808801501989 105.480483725667 25.895216166973114 12.473942659795282 19.097911542281508 28.595414949581027 10.304999634623526 103.09862998872995 11.676896434277294 734.78456676751375 38.082272045314312 190.5287572927773 9.3335408866405469 556.80746649205685 2.1113699823617909 10.108794458210468 2168.1831691041589 517.58618848398328
leaf_count=1280 41691 4708 8524 11070 1112 4822 45071 142 1886 8363 21443 13 219 2377 632 477 478 702 115 1025 89 4377 218 9266 73 3386 20 101 15839 4041
internal_value=-5.77314e-05 -0.00376681 -0.0111005 0.00141223 -0.00117791 -0.00890823 0.00243701 0.00523726 -0.000696995 -0.00151376 -0.00264582 -0.00600694 -0.00614573 -0.00624175 -0.00906438 -0.0123188 0.0101329 -0.00309815 -0.00666705 -0.0069809 0.0014145 0.00148144 0.00736628 -0.0137636 0.00555152 9.46843e-05 0.00642925 0.0451257 -8.52977e-06 -0.00476469
internal_weight=20214.9 5737.58 760.733 14477.4 4104.14 704.054 10373.2 2774.62 4002.85 3634.67 4976.84 1568.35 1566.8 613.155 507.675 434.086 73.5885 47.6933 1543.8 1533.5 7598.61 7586.94 368.174 421.612 2748.61 566.141 115.319 12.2202 2837.29 669.107
internal_count=193560 96613 31986 96947 32739 27278 64208 14671 31459 29355 64627 22936 22923 22456 20079 18267 1812 1180 22704 22589 49537 49448 2104 17790 14529 3459 1146 121 20992 5153
is_linear=0
shrinkage=0.05


Tree=68
num_leaves=31
num_cat=0
split_feature=0 0 6 1 7 0 1 7 1 8 8 1 2 0 7 3 7 2 5 8 3 2 3 1 1 8 1 4 6 8
split_gain=40.6186 19.2398 15.3396 12.8814 10.9255 11.5622 9.9103 9.36336 12.5998 13.715 11.5639 10.2715 9.33214 8.90422 8.70058 8.41354 8.25492 7.92104 11.5837 9.41697 8.95276 8.34814 7.89956 12.2146 10.5237 7.84344 13.8562 7.83981 9.70201 7.74038
threshold=4.5000000000000009 1.5000000000000002 5.5000000000000009 6.3750000000000009 0.75000000000000011 5.5000000000000009 2.9050000000000007 -1.0000000180025095e-35 4.8850000000000007 0.38500000000000006 -0.14499999999999999 2.7350000000000008 6.1550000000000011 5.5000000000000009 1.0000000180025095e-35 23.820000000000004 0.75000000000000011 7.3350000000000009 6.9850000000000012 0.13500000000000004 36.010000000000012 7.3950000000000005 50.115000000000002 3.7350000000000008 3.6550000000000007 0.095000000000000015 5.9850000000000012 28.245000000000001 2.5000000000000004 0.085000000000000006
decision_type=2 2 10 2 8 2 2 10 2 10 10 2 2 2 10 2 8 2 10 10 2 2 2 2 2 8 2 2 8 10
left_child=1 12 3 4 5 -2 -7 11 15 10 -10 -3 -1 16 27 -9 -4 -12 20 -20 -19 -22 25 24 -24 -13 -27 -14 -29 -6
right_child=2 7 13 -5 29 6 -8 8 9 -11 17 22 14 -15 -16 -17 -18 18 19 -21 21 -23 23 -25 -26 26 -28 28 -30 -31
leaf_value=0.0016004314672519655 -0.0050703848444579522 -0.02162272954879307 -0.011284760380243937 0.0015844041184431678 0.024821386527901959 -0.038308972557495151 -0.012250190938786867 -0.012108460251848268 0.033669395059603008 -0.029847357695470936 0.0015561301198199669 -0.0006635999813442015 0.011649098670526029 -0.028307335725875502 -0.0090267557434857044 -0.0015480402120815111 0.1025262077615889 0.00044591687010254701 0.026173333427117463 0.10769068682876687 0.064183758251329145 0.013504324021190723 0.03196638476137318 0.0061213119620685289 0.1596005080209851 -0.0082052085353801277 0.0011002632052376337 0.0081492823904747488 0.00042589420338251624 -0.0068755713667690878
leaf_weight=5092.4464692473412 1196.18373606354 66.889309633523226 264.08180146664381 669.40287822857499 45.885972455143929 40.649322882294655 356.17753252480179 229.38132725283504 29.574952442198992 32.998245779424906 3569.7132262736559 2903.1419252976775 497.41840502619743 96.856200002133846 98.759952038526535 1061.0161243826151 1.6029242128133763 208.39212932437658 12.927116766572 4.8803590461611739 8.6044091284275037 146.08678866177797 5.2432465367019168 141.68849695846438 2.3338712938129902 1127.4194893501699 620.06165358424187 855.43230381608009 775.00529597699642 33.193244626745582
leaf_count=22033 21431 1281 5549 10185 635 3522 16779 3388 208 295 28412 27268 2305 5654 445 14231 30 1459 90 30 55 906 80 1142 31 13410 4661 4147 3385 513
internal_value=-5.56409e-05 0.000826109 -0.00575871 -0.00427687 -0.00662336 -0.00752386 -0.0149195 -0.000580724 0.000872573 0.0022545 0.00252064 -0.00216445 0.002781 -0.0153293 0.00548106 -0.00342526 -0.0105981 0.00228746 0.00914148 0.0485142 0.00721044 0.0163233 -0.00189329 0.00942892 0.0712797 -0.00225669 -0.00490333 0.00615441 0.00447808 0.0115167
internal_weight=20193.4 17489.4 2704.03 2341.49 1672.09 1593.01 396.827 10170.4 5303.57 4013.18 3980.18 4866.78 7319.06 362.541 2226.62 1290.4 265.685 3950.6 380.891 17.8075 363.083 154.691 4799.89 149.266 7.57712 4650.62 1747.48 2127.86 1630.44 79.0792
internal_count=193560 129262 64298 53065 42880 41732 20301 96947 49074 31455 31160 47873 32315 11233 10282 17619 5579 30952 2540 120 2420 961 46592 1253 111 45339 18071 9837 7532 1148
is_linear=0
shrinkage=0.05


Tree=69
num_leaves=31
num_cat=0
split_feature=0 6 5 1 8 0 0 1 8 4 1 3 5 6 5 8 2 5 2 2 1 1 5 1 5 3 4 4 4 5
split_gain=36.8599 18.4027 14.5108 14.8808 13.7937 12.9889 10.9272 8.94778 8.78222 9.37842 8.21003 12.5431 8.71585 7.91142 8.87796 7.89839 11.1531 24.7075 11.8407 9.0484 7.64558 7.57288 12.2457 8.68266 8.45273 16.1326 8.32618 7.3461 10.4343 9.04088
threshold=4.5000000000000009 4.5000000000000009 6.785000000000001 4.6450000000000005 0.20500000000000004 1.5000000000000002 5.5000000000000009 5.4250000000000007 -0.11499999999999998 19.580000000000002 6.9750000000000005 26.330000000000002 6.7550000000000008 3.5000000000000004 7.2150000000000007 0.085000000000000006 7.5050000000000008 6.8950000000000005 7.9050000000000011 8.3350000000000026 1.8350000000000002 4.9050000000000011 6.8650000000000011 6.5850000000000009 6.8450000000000006 29.945000000000004 41.07500000000001 29.180000000000003 38.480000000000011 6.9650000000000007
decision_type=2 10 10 2 10 2 2 2 8 2 2 2 10 10 8 10 2 10 2 2 2 2 10 2 10 2 2 2 2 10
left_child=1 4 -2 6 5 7 20 8 9 -1 -6 12 -12 14 15 -5 21 19 -19 -18 -4 22 24 -23 26 -26 -17 29 -29 -9
right_child=2 -3 3 13 10 -7 -8 27 -10 -11 11 -13 -14 -15 -16 16 17 18 -20 -21 -22 23 -24 -25 25 -27 -28 28 -30 -31
leaf_value=0.049505322946726452 -0.0018310655855661537 -0.0023348087669789928 0.0066985168178021835 -0.0068906736179059807 -0.0038586088353603728 0.0007334781076384617 -0.035485462207466505 0.010767549363657508 0.0020505889019046186 -0.025897262361909829 0.0030755453198256541 0.003015664901583517 0.081714348977884418 -0.010169692396501956 0.14917495944093714 0.025779504152309542 -0.012356629422552216 0.27647823204392213 0.078085033823468153 0.12841425094794376 -0.017203633631116315 -0.0062923282879081667 -0.010512666423781312 0.022752362303793589 0.40126077325941778 0.073726716113296495 0.17877317366689849 0.0020213599042909177 0.0093286951901057104 -0.012756061111620368
leaf_weight=4.5327431708574286 1345.2174338055775 3720.7540559545159 39.480805333703756 277.30646260455251 1385.1533479616046 6878.8240804746747 72.788605935871601 830.85603804886341 2173.4663171172142 45.707839384675026 5.5121969729661933 65.267299644649029 9.7663981020450574 556.37593734543771 0.97826721146702666 5.073237704113124 7.052833538502453 1.5056529231369489 1.5026687104254959 1.3619665596634147 219.24719347432256 119.07750329189003 7.0708326073363423 32.824009696021676 0.55031967721879471 1.186538992449641 1.0782934539020059 1615.6730394512415 700.25647276639938 42.957144737243652
leaf_count=20 27928 35554 816 5195 10471 58814 6566 3806 9162 194 33 381 60 14406 15 124 107 22 23 22 5837 2473 173 520 14 32 25 7373 3204 190
internal_value=-5.358e-05 0.000784926 -0.00550257 -0.00917613 0.00162864 0.00217533 -0.0183711 0.00400747 0.00157286 -0.0190944 -0.00295622 0.0125622 0.0533431 -0.00616681 -0.00128888 -0.00161196 0.00659866 0.0543952 0.17738 0.0104277 -0.0135563 0.00332656 0.0372696 -1.61353e-05 0.0800996 0.177505 0.0525976 0.00570474 0.00423084 0.00961112
internal_weight=20168.4 17478.7 2689.68 1344.46 13758 12292.3 331.517 5413.45 2223.71 50.2406 1465.7 80.5459 15.2786 1012.94 456.569 455.59 178.284 11.4231 3.00832 8.4148 258.728 166.861 14.9592 151.902 7.88839 1.73686 6.15153 3189.74 2315.93 873.813
internal_count=193560 129262 64298 36370 93708 82763 13219 23949 9376 214 10945 474 93 23151 8745 8730 3535 174 45 129 6653 3361 368 2993 195 46 149 14573 10577 3996
is_linear=0
shrinkage=0.05


Tree=70
num_leaves=31
num_cat=0
split_feature=0 6 2 1 0 1 3 1 6 5 1 4 8 1 3 5 4 0 3 4 8 1 7 1 5 4 1 1 3 2
split_gain=33.9048 16.3515 12.7168 13.729 12.2847 11.6371 9.96112 9.33774 10.4378 8.9751 9.49252 12.6491 9.66474 8.83979 8.80177 8.7854 8.23594 12.5061 11.8082 11.0719 10.3502 9.22626 8.73185 8.08558 8.01035 8.33408 7.94929 7.89587 14.5196 11.9344
threshold=3.5000000000000004 5.5000000000000009 4.5650000000000004 2.4750000000000005 5.5000000000000009 4.285000000000001 37.745000000000012 6.2950000000000008 5.5000000000000009 6.6450000000000005 7.2250000000000005 29.655000000000005 -0.064999999999999988 6.8850000000000007 28.175000000000004 6.6650000000000009 28.855000000000004 2.5000000000000004 8.4200000000000017 28.605000000000004 0.065000000000000016 4.8050000000000006 0.75000000000000011 5.4050000000000011 6.6850000000000014 40.550000000000004 7.245000000000001 4.705000000000001 31.915000000000003 5.0050000000000008
decision_type=2 10 2 2 2 2 2 2 10 10 2 2 10 2 2 10 2 2 2 2 10 2 10 2 8 2 2 2 2 2
left_child=2 5 3 -1 -3 -2 16 8 14 27 -11 12 -12 -8 24 -14 17 19 21 22 -21 -19 -4 -10 25 -5 -9 28 29 -7
right_child=1 4 6 7 -6 9 13 26 23 10 11 -13 15 -15 -16 -17 -18 18 -20 20 -22 -23 -24 -25 -26 -27 -28 -29 -30 -31
leaf_value=-0.024132999437077675 -0.0080201850628286841 -0.0078625400775073975 0.0057387848459784473 -0.024142422955643447 -0.027346585441937955 0.10894542461558539 0.0034433526890708904 0.0093202670411091631 -0.0064115853169045825 -0.0025561703047033203 0.10963155242793694 0.0014745202426256849 -0.063387732219242973 0.011068699217140003 0.00082466529064231613 0.029944002067702979 0.00010089833744717598 -0.031461784444036169 -0.0070098564781951467 0.0070699108399374161 0.057369259046176249 0.018256186693499963 -0.038050013646461801 -0.027169626703574409 -0.0032846918681752736 0.016387553225893445 -0.014837048243498938 0.0040233699458863126 0.0053719192809461545 -0.0068198811236151978
leaf_weight=63.821175210177898 756.12658318504691 618.73299534060061 1460.7350952364504 87.399367190897465 93.068654446862638 7.9423767272382992 2701.4474591240287 330.29504514485598 303.49150038138032 3670.0225668121129 3.5925113409757605 151.77895674109459 2.6793414056301108 442.2961774840951 2496.3704094141722 42.775120792910457 5225.6624466739595 10.500273920595644 386.92895203828812 20.832304261624813 20.090742208063602 83.8124630600214 11.474084571003912 55.488357476890087 705.16704031825066 14.836843796074389 37.968939155340195 317.59302605129778 20.515297750011086 3.093394260853529
leaf_count=831 19720 10728 8260 635 5654 132 16226 1886 3587 54506 41 1658 19 2468 19168 452 32910 131 3287 116 115 633 62 428 5882 104 218 3346 309 48
internal_value=-5.15766e-05 -0.00332187 0.00123493 -0.00112411 -0.0104101 -0.00230795 0.00216702 -0.00075982 -0.00152288 -0.00128444 -0.00197696 0.00860783 0.0306823 0.00451617 -0.000643046 0.0244425 0.00114415 0.00387768 -0.00314307 0.00611059 0.0317639 0.0127209 0.0053975 -0.0096202 -0.00518099 -0.0182606 0.00682959 0.00639332 0.0302492 0.0764957
internal_weight=20146.5 5687.92 14458.6 4094.84 711.802 4976.12 10363.8 4031.02 3662.75 4219.99 3870.85 200.826 49.047 3143.74 3303.77 45.4545 7220.04 1994.37 481.242 1513.13 40.923 94.3127 1472.21 358.98 807.403 102.236 368.264 349.144 31.5511 11.0358
internal_count=193560 96613 96947 32739 16382 80231 64208 31908 29804 60511 56676 2170 512 18694 25789 471 45514 12604 4051 8553 231 764 8322 4015 6621 739 2104 3835 489 180
is_linear=0
shrinkage=0.05


Tree=71
num_leaves=31
num_cat=0
split_feature=0 6 5 1 1 0 8 8 0 5 5 8 1 1 7 8 2 8 2 8 3 1 8 5 8 5 3 1 6 5
split_gain=31.2836 16.1594 12.9475 13.5904 12.2321 10.5245 9.93774 9.60523 9.25106 8.96345 8.62937 8.59649 8.58816 8.46608 7.78181 12.7898 15.9953 10.1818 9.0764 7.46813 7.40502 7.14357 7.30427 7.03909 6.99643 9.07973 15.608 6.97747 6.93784 7.46746
threshold=4.5000000000000009 1.5000000000000002 6.785000000000001 4.6450000000000005 3.9750000000000005 5.5000000000000009 0.10500000000000002 0.29500000000000004 1.5000000000000002 6.5450000000000008 6.6050000000000013 0.26500000000000007 1.4450000000000001 5.1850000000000014 1.0000000180025095e-35 0.025000000000000005 7.5450000000000008 -0.12499999999999999 7.9050000000000011 -0.23499999999999996 34.385000000000012 1.8350000000000002 0.22500000000000003 6.7650000000000006 -0.034999999999999996 6.6950000000000012 31.915000000000003 4.0750000000000011 3.5000000000000004 7.1450000000000005
decision_type=2 10 10 2 2 2 10 8 2 10 10 8 2 2 10 10 2 10 2 10 2 2 8 10 10 10 2 2 10 8
left_child=1 10 -2 5 6 21 12 8 9 -6 11 -1 20 -13 -10 17 -17 -16 -18 -11 -3 22 -4 24 -19 -26 -27 -9 29 -5
right_child=2 4 3 28 7 -7 -8 27 14 19 -12 13 -14 -15 15 16 18 23 -20 -21 -22 -23 -24 -25 25 26 -28 -29 -30 -31
leaf_value=0.009144379009978337 -0.0016262224789769864 0.094491874038135679 0.014580685026338608 -0.0016827709513090707 0.055799710501461736 -0.034745668133938132 -0.011072831989400293 0.046958881268321449 -0.0010110847026767247 -0.059894602672338475 0.002668717360292019 0.088137884258814067 -0.0017794262223368021 0.013724911028005896 0.053974962950456867 0.010110011346603692 0.11517654624047341 -0.025040434578742488 0.033492742641664755 0.0021888216105360975 -0.0066027667461163288 -0.016383542653542079 -0.052519742507807436 -0.022722676106228926 -0.013108892901635874 0.1566663359472738 0.011924444684867148 -0.0095893478988761278 -0.0095098046204461252 0.0773003149347265
leaf_weight=337.75424367561936 1340.1408376097679 4.3371719345450392 34.845414362847805 452.44608269166201 7.7909634858369818 69.508402795530856 442.69618365168571 5.5576605945825568 6671.2474089451134 4.8489664494991294 4123.8206821717322 6.9649183154106131 557.08509233593941 8.4713053405284864 5.9977159276604644 199.75249867886305 5.49778127670288 8.815958861261608 8.9161229208111745 4690.8424076288939 3.1104218848049641 214.50409529730678 4.5899294465780249 58.589375551789999 6.2878596559166891 3.0221856012940407 4.8538517169654369 295.49544287100434 548.33143950160593 3.0124966129660598
leaf_count=1850 27928 67 713 8701 33 6566 6126 71 64572 22 24261 48 6758 45 47 1827 32 75 50 20178 46 5837 103 497 49 26 38 2544 14406 44
internal_value=-4.96244e-05 0.000720771 -0.00509295 -0.00859338 -0.000172361 -0.0175065 -0.0054644 0.000272664 0.00050002 0.00221362 0.00331114 0.010812 -0.00106637 0.0473005 -0.000655855 0.00719818 0.0137806 -0.00890072 0.0646487 0.00212471 0.0522706 -0.0127878 0.00677078 -0.0135239 0.00992921 0.0316952 0.0674647 -0.00854543 -0.00572134 -0.00116036
internal_weight=20129.1 17461.8 2667.38 1327.24 12984.7 323.448 1007.23 11977.5 11676.5 4703.48 4477.01 353.19 564.533 15.4362 6972.98 301.733 214.166 87.5669 14.4139 4695.69 7.44759 253.939 39.4353 81.5692 22.9799 14.1639 7.87604 301.053 1003.79 455.459
internal_count=193560 129262 64298 36370 103058 13219 12997 90061 87446 20233 26204 1943 6871 93 67213 2641 1909 732 82 20200 113 6653 816 685 188 113 64 2615 23151 8745
is_linear=0
shrinkage=0.05


Tree=72
num_leaves=31
num_cat=0
split_feature=0 6 2 4 7 0 1 1 6 5 0 1 3 3 4 8 5 8 2 5 4 4 5 1 4 8 5 3 0 2
split_gain=28.6483 18.0514 14.2344 13.3125 15.55 13.018 11.2374 11.1662 10.9678 9.77013 9.46714 10.1005 9.45636 9.36521 8.92679 12.1611 8.51405 8.50691 8.42779 8.1645 7.97259 11.9178 11.8519 7.72187 11.841 13.1639 14.0697 9.79414 9.57365 8.29893
threshold=2.5000000000000004 5.5000000000000009 4.8250000000000011 28.855000000000004 1.0000000180025095e-35 5.5000000000000009 3.6950000000000007 3.0550000000000002 3.5000000000000004 6.5950000000000006 5.5000000000000009 1.8350000000000002 42.120000000000012 29.275000000000002 12.615000000000002 0.045000000000000005 6.6050000000000013 0.065000000000000016 3.2250000000000005 6.535000000000001 39.865000000000002 39.245000000000012 6.6450000000000005 6.6450000000000005 39.345000000000006 -0.12499999999999999 6.7550000000000008 52.645000000000003 5.5000000000000009 5.955000000000001
decision_type=2 10 2 2 10 2 2 2 8 8 2 2 2 2 2 10 8 10 2 8 2 2 10 2 2 10 10 2 2 2
left_child=2 6 7 4 -4 -3 10 14 12 -10 11 18 -5 -9 15 -1 -8 -14 -2 -13 21 22 -11 27 29 26 -26 28 -18 -25
right_child=1 5 3 8 -6 -7 16 13 9 20 -12 19 17 -15 -16 -17 23 -19 -20 -21 -22 -23 -24 24 25 -27 -28 -29 -30 -31
leaf_value=0.13155388925290848 0.0054785827162371886 -0.0064985188638700207 0.0074972582366056367 0.0021096272255967589 -0.013916007123410769 -0.026389050014136085 0.0083062022054092733 -0.0043537522723899619 -0.059817311302058952 0.039134792897254626 -0.027841023008892865 0.10332065645953348 0.0028083709328636883 0.0012871703338406856 -0.020280949841800081 -0.0036282261522756184 -0.0017222679570952 0.014880240825942177 0.088639689373229635 -0.01067976941179207 0.0047736327251198312 -0.028542055931372393 -0.0029529648110428971 0.01248601086779986 0.15734629800813055 -0.0083254691176468786 -0.0057179531275874454 0.0093335424694271224 -0.0096814129973976024 0.0021976517836630408
leaf_weight=2.2909817062318307 92.975086443126202 1008.3920990116894 1848.5680369697511 3026.7030046768486 88.857539497315884 89.567372711375356 247.55094957537949 1039.9284136593342 7.1843399181962004 16.956838682293892 56.611505622975528 1.5778839588165272 281.95856796205044 2515.9233928322792 104.83223582059145 6.0761456601321697 5321.4679937139153 302.50833652168512 3.1497975364327422 338.71882891096175 401.12419920414686 45.108506768941879 1233.7573440037668 251.00347869470716 2.5022610016167155 284.08244079723954 2.8065329641103745 187.23863479029387 406.69474085606635 894.55798781104386
leaf_count=19 1749 15595 10279 15966 485 5654 2287 7105 42 101 4680 20 1453 16235 1057 65 59334 1562 48 6668 2441 275 7546 2423 20 2659 26 2184 17220 8362
internal_value=-4.78127e-05 -0.00210522 0.00168316 0.00296703 0.00651517 -0.00812111 -0.00128885 -0.000854696 0.00167373 -0.00163254 -0.00860381 -0.00610841 0.00323398 -0.000362549 -0.0163142 0.0333856 -0.000814179 0.00905653 0.00820359 -0.0101512 -0.0013862 -0.00329299 -0.00238235 -0.00112134 0.00216907 -0.00686768 0.0711412 -0.00191953 -0.00228736 0.00445193
internal_weight=20110.7 9188.9 10921.8 7252.73 1937.43 1097.96 8090.94 3669.05 5315.3 1704.13 493.033 436.422 3611.17 3555.85 113.199 8.36713 7597.91 584.467 96.1249 340.297 1696.95 1295.82 1250.71 7350.35 1434.95 289.391 5.30879 5915.4 5728.16 1145.56
internal_count=193560 128929 64631 40150 10764 21249 107680 24481 29386 10405 13165 8485 18981 23340 1141 84 94515 3015 1797 6688 10363 7922 7647 92228 13490 2705 46 78738 76554 10785
is_linear=0
shrinkage=0.05


Tree=73
num_leaves=31
num_cat=0
split_feature=0 6 6 8 0 2 3 3 7 8 8 1 3 5 5 8 5 3 8 3 3 4 2 4 1 4 1 3 3 1
split_gain=26.3313 14.0455 12.0415 11.9445 11.5077 16.187 10.8754 7.4013 9.14403 7.96029 7.21253 7.08467 11.2642 7.30394 6.97505 7.13874 6.62973 15.5906 8.98826 10.6633 11.829 20.8162 15.2642 27.045 7.0969 6.39705 6.37474 6.34337 10.4958 9.54443
threshold=4.5000000000000009 4.5000000000000009 1.5000000000000002 0.20500000000000004 5.5000000000000009 5.7750000000000012 37.745000000000012 38.335000000000008 0.75000000000000011 0.03500000000000001 0.055000000000000007 6.9750000000000005 26.725000000000005 6.7550000000000008 7.0150000000000006 0.075000000000000025 6.6950000000000012 49.900000000000006 0.015000000000000001 37.030000000000008 34.045000000000009 32.985000000000007 6.0050000000000008 32.985000000000007 7.205000000000001 42.125000000000007 2.4750000000000005 29.275000000000002 30.145000000000003 5.0050000000000008
decision_type=2 10 10 10 2 2 2 2 10 10 10 2 2 10 10 10 10 2 10 2 2 2 2 2 2 2 2 2 2 2
left_child=1 3 -2 6 7 -6 -1 8 -4 -9 -10 26 13 -13 -8 -16 17 18 -7 20 22 -22 23 -20 -21 -24 -5 -3 -29 -30
right_child=2 27 4 11 5 16 14 9 10 -11 -12 12 -14 -15 15 -17 -18 -19 19 24 21 -23 25 -25 -26 -27 -28 28 29 -31
leaf_value=0.00088260282832362813 0.0013764215814763439 -0.0049684552234438425 -0.0069696346316114642 -0.030730062250517994 -0.021142598559962714 -0.030602275556277588 0.0038053680359436369 -0.0075052021987747491 0.08746390839686892 0.0067083841676680222 0.0018812776198438433 0.0036454384390713608 0.0021191561808440468 0.073466711709917268 0.0079467460283584295 0.043293392267263725 -0.0066241662352997839 0.17241638321608529 0.43455264585802039 -0.043376039136323652 -0.006139025690206538 0.28906124756390433 -0.0042225231766138622 0.0042810160129960872 0.10336310395680781 0.14839759348395923 -0.0032924812642059426 0.012926420159537029 -0.0059351201030663908 0.0008799494573966789
leaf_weight=8349.1747881881893 624.17520832736045 1252.773103646934 1072.9242430385202 21.5043965280056 280.13356699049473 9.2603423483669811 3870.8401674702764 158.92700518295169 4.5621257461607438 259.10081370733678 5.3473876435309649 5.8177159503102329 64.549013234674931 10.516227394342421 39.512743573635817 22.372525095939636 210.03473068308085 1.5575299020856608 0.61702227592468506 5.7186342701315871 1.0909368377178901 1.3194595575332639 8.3544544856995309 0.89488204196095467 0.96269187331199635 0.74806612357497293 1359.4401966109872 135.58658004179597 769.74998890981078 1544.7368432767689
leaf_count=57312 10587 12455 20270 351 17976 249 25012 2575 63 4363 85 35 376 63 269 170 7535 39 21 161 32 40 228 32 22 20 10120 1310 9387 12402
internal_value=-4.60344e-05 0.000658835 -0.00469411 0.00139521 -0.00656845 -0.0129732 0.00190374 -0.00434646 -0.00652806 0.00130462 0.0412817 -0.00287734 0.0115054 0.0485982 0.00407162 0.0207251 -0.00345983 0.0183139 0.0100278 0.0291207 0.0554634 0.155455 0.0327567 0.179879 -0.0222328 0.00832015 -0.00371975 -0.00207434 -0.000594521 -0.0013866
internal_weight=20092.3 17446.6 2645.73 13743.7 2021.55 520.692 12281.9 1500.86 1082.83 418.028 9.90951 1461.83 80.883 16.3339 3932.73 61.8853 240.559 30.524 28.9665 19.7061 13.0248 2.4104 10.6144 1.5119 6.68133 9.10252 1380.94 3702.85 2450.07 2314.49
internal_count=193560 129262 64298 93708 53711 26355 82763 27356 20418 6938 148 10945 474 98 25451 439 8379 844 805 556 373 72 301 53 183 248 10471 35554 23099 21789
is_linear=0
shrinkage=0.05


Tree=74
num_leaves=31
num_cat=0
split_feature=0 6 2 4 7 0 1 3 4 1 0 1 3 4 8 5 4 5 5 8 8 2 3 5 8 5 3 1 4 8
split_gain=24.7432 15.7373 12.5994 12.0526 14.0377 11.793 10.0265 9.89546 11.0325 9.88623 8.58614 9.31626 8.22476 8.06285 9.95206 7.5531 8.3497 7.53832 7.42357 10.2922 7.06287 6.9559 6.91655 11.7285 6.88399 6.86187 6.84841 6.80856 10.7185 11.4451
threshold=2.5000000000000004 5.5000000000000009 4.8250000000000011 28.855000000000004 1.0000000180025095e-35 5.5000000000000009 3.0550000000000002 34.865000000000002 34.07500000000001 3.6950000000000007 5.5000000000000009 1.8350000000000002 29.275000000000002 12.615000000000002 0.045000000000000005 6.6050000000000013 28.605000000000004 6.6050000000000013 6.6050000000000013 0.015000000000000001 0.13500000000000004 3.2250000000000005 29.735000000000003 6.8750000000000009 -0.19499999999999998 6.535000000000001 23.410000000000004 6.6450000000000005 39.345000000000006 -0.12499999999999999
decision_type=2 10 2 2 10 2 2 2 2 2 2 2 2 2 10 10 2 8 10 8 10 2 2 8 8 8 2 2 2 10
left_child=2 9 6 4 15 -3 13 24 -9 10 11 21 -8 14 -1 -4 -17 -11 19 -12 -16 -2 23 -14 -5 -13 -27 -19 -29 -30
right_child=1 5 3 7 -6 -7 12 8 -10 17 18 25 22 -15 20 16 -18 27 -20 -21 -22 -23 -24 -25 -26 26 -28 28 29 -31
leaf_value=0.11593173179759593 0.0053852302268914201 -0.0060819244833634654 0.027232907738793628 -0.057017325212805774 -0.013287515702255068 -0.025366386951618625 -0.004107630149442639 -0.00039939003932026738 0.0065732469134615092 0.0077984806943930882 0.21277403934128639 0.090072708609275187 0.0037943967796558301 -0.019424976570381117 -0.061811921021790533 0.005981347067059422 0.026195841029874503 -0.0017988448378298859 -0.030607349117989111 -0.015972574386173895 0.046600405561025043 0.078357907841018787 0.00076068154744218883 0.051237105543234324 -0.00031672535092069974 -0.027683757914318152 -0.0072672968302834769 0.0042012142156439671 0.064581317685025758 -0.0079812938014904421
leaf_weight=2.4629905223846418 93.109266262501478 1000.40938571468 45.341754004359245 5.3629734218120575 88.67660454288125 86.100363850593567 1037.7613751776516 917.17808200418949 1487.1790495254099 249.01679487153888 0.7556032706052056 1.7153053507208813 45.166478380560875 103.27446610853076 2.7834483236074448 1751.6383133158088 52.618558675050735 5901.765538119711 52.149007416330278 1.4081697808578613 3.2640408463776112 3.3843761757016173 2453.5412561967969 18.307185769081116 2905.0739461705089 47.929961306974292 287.1554430089891 1148.9388416856527 5.5407652258872977 282.49880594015121
leaf_count=19 1749 15595 239 27 485 5654 7105 5013 8085 2287 31 20 292 1057 27 9747 293 78738 4575 74 38 48 15817 126 16261 1040 5628 10785 46 2659
internal_value=-4.45864e-05 -0.00196066 0.00156305 0.00277061 0.00614569 -0.00761012 -0.000825705 0.00153974 0.00391343 -0.00120054 -0.00810176 -0.00575271 -0.000362045 -0.0155702 0.0312079 0.00707739 0.00657087 -0.000757054 -0.026842 0.0639072 -0.00329801 0.00794464 0.00118225 0.0174779 -0.000421206 -0.00967701 -0.0101876 -0.00104736 0.00203904 -0.00658547
internal_weight=20081.5 9161.88 10919.6 7253.07 1938.28 1086.51 3666.56 5314.79 2404.36 8075.37 487.607 433.294 3554.78 111.785 8.51048 1849.6 1804.26 7587.76 54.3128 2.16377 6.04749 96.4936 2517.01 63.4737 2910.44 336.801 335.085 7338.74 1436.98 288.04
internal_count=193560 128929 64631 40150 10764 21249 24481 29386 13098 107680 13165 8485 23340 1141 84 10279 10040 94515 4680 105 65 1797 16235 418 16288 6688 6668 92228 13490 2705
is_linear=0
shrinkage=0.05


Tree=75
num_leaves=31
num_cat=0
split_feature=0 7 0 2 8 6 3 2 6 5 5 3 8 8 5 4 7 1 4 1 3 1 8 1 5 3 1 7 1 2
split_gain=22.7923 14.2386 16.6978 13.8524 9.8842 9.27709 8.9155 8.71365 7.55605 7.55545 7.4661 7.55917 7.45061 7.21249 7.3277 7.17741 6.98576 7.50103 6.22625 6.19815 6.16255 6.26475 9.07913 6.13556 9.78988 6.49937 11.1625 7.5662 8.13202 8.1803
threshold=3.5000000000000004 1.0000000180025095e-35 5.5000000000000009 5.7550000000000008 -0.28499999999999998 1.5000000000000002 37.975000000000001 7.3650000000000011 5.5000000000000009 6.7550000000000008 6.5850000000000009 36.95000000000001 0.46500000000000002 0.25500000000000006 6.6550000000000011 30.525000000000002 0.75000000000000011 5.0450000000000008 45.320000000000007 2.9050000000000007 51.240000000000002 7.245000000000001 1.0000000180025095e-35 6.8150000000000004 6.9750000000000005 55.215000000000011 6.5750000000000011 1.0000000180025095e-35 3.5150000000000001 4.3250000000000011
decision_type=2 8 2 2 8 10 2 2 10 10 8 2 10 10 10 2 10 2 2 2 2 2 8 2 8 2 2 10 2 2
left_child=4 2 6 8 -1 16 10 12 19 18 11 15 23 14 -3 -2 -6 -18 -5 -4 21 -21 -23 25 -25 -7 27 28 -27 -30
right_child=1 13 3 9 5 7 -8 -9 -10 -11 -12 -13 -14 -15 -16 -17 17 -19 -20 20 -22 22 -24 24 -26 26 -28 -29 29 -31
leaf_value=-0.077531295752524279 -0.020410933437314809 0.021710336423174614 -0.035538011352559656 0.0039214336756762625 0.0033388015525150764 -0.00059784855786997743 0.00083636265141115494 0.0059051317698229355 -0.037424934807924547 -0.010068542975223974 -0.0042045341177511892 0.077105406677740046 -0.030069791309667554 -0.013535334950325818 0.0046616775411928053 0.025452065761499033 0.02232924770907041 -0.035227839190767933 0.05896034417266275 -0.014900082610454413 0.03089893109973213 0.20698820884444025 0.0024865912343514343 0.0052434405543765788 -0.018188155328433774 0.072258635103068444 -0.034076433995925547 -0.03746207298649188 -0.0084423769389634883 0.019813562315493444
leaf_weight=4.0047892667353153 13.072108279913662 79.255975344218314 33.34990902338177 111.20975469611585 3779.2125849500299 8922.7656950466335 1429.416808180511 644.77842474356294 45.289135662838817 169.645468050614 3120.5646494366229 4.6481000222265711 20.684075649827719 42.548230002634227 307.80144329369068 24.554705541580915 7.5508333183825043 22.612337194383144 5.3873071745038024 226.36502998694777 7.9013768183067432 0.77154259011149318 1.8301513418555262 824.69647333025932 47.124502681195736 6.0619690530002108 13.622663773596285 7.0526695512235156 33.563287697732449 108.15961112082005
leaf_count=23 131 854 3353 2954 20970 65382 17003 3844 3783 6214 43705 36 201 708 4887 221 51 122 135 12194 363 21 51 4933 283 70 80 53 264 671
internal_value=-4.28945e-05 -0.00274339 -0.00346696 -0.0112986 0.00100867 0.00103045 -0.00244073 0.000271675 -0.0185244 -0.00333404 -0.00392178 0.0169497 -9.21505e-05 0.00600467 0.00815265 0.00951859 0.00314751 -0.0208194 0.00646448 -0.0153567 -0.0125152 -0.0140134 0.0631324 -2.99145e-05 0.00397689 -0.000414155 0.00931546 0.0131331 0.0155476 0.0131219
internal_weight=20065.5 5623.61 5194.01 601.75 14441.9 14437.9 4592.26 10628.5 315.507 286.243 3162.84 42.2749 9983.73 429.606 387.057 37.6268 3809.38 30.1632 116.597 270.218 236.868 228.967 2.60169 9963.05 871.821 9091.23 168.46 154.838 147.785 141.723
internal_count=193560 96613 90164 29068 96947 96924 61096 75781 19765 9303 44093 388 71937 6449 5741 352 21143 173 3089 15982 12629 12266 72 71736 5216 66520 1138 1058 1005 935
is_linear=0
shrinkage=0.05


Tree=76
num_leaves=31
num_cat=0
split_feature=0 0 1 7 1 1 3 2 1 8 5 3 7 5 1 4 3 2 8 4 8 5 3 2 1 2 1 3 1 1
split_gain=21.288 14.5668 14.3453 11.2846 10.0207 10.3319 12.8772 14.0278 10.1393 10.039 9.32146 12.4904 9.09246 9.14827 8.9971 13.0299 12.1281 11.261 14.8982 9.92526 8.7729 8.70924 20.8887 8.65787 8.17275 8.28708 7.7382 7.71461 10.488 19.0104
threshold=1.5000000000000002 5.5000000000000009 3.2650000000000001 -1.0000000180025095e-35 1.3350000000000002 6.955000000000001 29.425000000000004 7.3350000000000009 3.4650000000000003 0.16500000000000004 6.9150000000000009 31.375000000000004 1.0000000180025095e-35 6.7650000000000006 3.5150000000000001 44.415000000000006 59.470000000000006 3.6750000000000003 0.055000000000000007 45.015000000000008 0.23500000000000001 6.785000000000001 27.715000000000003 8.0050000000000008 7.0250000000000012 6.0850000000000009 5.4850000000000012 17.535000000000004 3.5650000000000004 3.5150000000000001
decision_type=2 2 2 10 2 2 2 2 2 10 10 2 8 10 2 2 2 2 8 2 10 10 2 2 2 2 2 2 2 2
left_child=-1 3 -3 14 20 6 8 -8 -6 10 -7 23 13 -4 15 16 -2 19 -19 -17 21 22 -5 -12 25 -11 -15 28 29 -10
right_child=1 2 12 4 5 9 7 -9 27 24 11 -13 -14 26 -16 17 -18 18 -20 -21 -22 -23 -24 -25 -26 -27 -28 -29 -30 -31
leaf_value=0.0021147214467917503 -0.015865230457111482 -0.035296481839286777 -0.0017278857934260568 0.23882810046227074 -0.021857338293629569 0.0012258156211829106 0.00077576181484311467 0.014845194870500487 0.20544478708562852 0.10331220396771848 0.052172397566663101 -0.00012690046180201348 0.0067145957358632109 -0.025431466746663963 -0.0020614745024472559 0.10740300148956639 0.13641751697670443 0.27012347703683165 0.033691838249829346 -0.012025588011702455 -0.053243475753534331 0.016784400111355454 0.043828572315762822 -0.020260987756982502 0.014175145179828111 0.030279132508866425 -0.008877795946347725 -0.0051071004998029489 0.001424452478897934 -0.025643532164995809
leaf_weight=7287.9336124807596 220.28849017247558 45.797546667046845 243.61195094883442 1.7003832496702722 73.174694549292326 443.70417776703835 3661.5133759826422 186.17224039882421 1.7437189407646647 5.3802599832415607 29.88443211466074 35.138627365231514 110.73610635939986 108.63347451109439 5484.9809659328312 2.182388884946703 1.3152756206691254 1.0818330068141211 1.7346352972090247 8.5755779482424241 2.6479157097637644 12.780127335339783 7.1408888027071953 4.7861900255084029 75.713782116770744 13.968763358891009 201.63398789148778 1216.6959234345704 560.24072950333357 1.817704850807786
leaf_count=32315 4527 4708 8684 21 1629 3135 38726 1389 38 37 222 266 2633 8109 58303 43 22 19 36 178 50 215 105 35 522 98 7852 13503 6104 36
internal_value=-4.13135e-05 -0.00127228 -0.00822993 -0.000862239 0.000591545 0.000468209 -0.000192815 0.00145652 -0.00361635 0.00666091 0.00389787 0.0208813 -0.00636482 -0.00897977 -0.00247208 -0.0120486 -0.0149614 0.0355035 0.124508 0.012202 0.0326584 0.0431786 0.0813315 0.0421732 0.0215864 0.050587 -0.0146737 -0.00286668 0.00196818 0.0875003
internal_weight=20052.7 12764.8 710.413 12054.4 6334.2 6309.93 5701.36 3847.69 1853.67 608.576 513.513 69.8092 664.616 553.879 5720.16 235.178 221.604 13.5744 2.81647 10.758 24.2693 21.6214 8.84127 34.6706 95.0628 19.349 310.267 1780.5 563.802 3.56142
internal_count=193560 161245 31986 129259 66131 65740 61425 40115 21310 4315 3658 523 27278 24645 63128 4825 4549 276 55 221 391 341 126 257 657 135 15961 19681 6178 74
is_linear=0
shrinkage=0.05


Tree=77
num_leaves=31
num_cat=0
split_feature=6 0 0 1 2 1 4 5 3 4 5 3 5 4 4 3 1 4 1 5 5 1 3 5 5 4 8 7 3 2
split_gain=20.5962 16.5713 13.9203 9.54339 9.15562 7.91812 7.43205 8.49982 7.7828 8.62758 7.40781 7.28809 7.15998 7.81715 7.3719 6.6911 6.54861 6.45452 15.6399 8.47027 6.104 9.25908 7.30951 6.59696 6.00087 9.44361 11.2849 5.91643 5.82435 7.11595
threshold=4.5000000000000009 5.5000000000000009 2.5000000000000004 3.9450000000000007 5.5050000000000008 3.9750000000000005 29.425000000000004 6.7750000000000012 25.565000000000001 28.755000000000006 6.785000000000001 36.495000000000012 6.6050000000000013 37.885000000000012 12.615000000000002 17.535000000000004 2.4750000000000005 28.605000000000004 4.1450000000000005 6.9250000000000007 6.705000000000001 7.1850000000000014 36.380000000000003 6.8350000000000009 6.7250000000000005 41.07500000000001 -0.084999999999999978 1.7500000000000002 23.105 7.6750000000000007
decision_type=10 2 2 2 2 2 2 10 2 2 10 2 8 2 2 2 2 2 2 8 10 2 2 10 10 2 10 10 2 2
left_child=2 5 4 -3 16 24 7 -7 9 28 -10 20 13 14 27 -15 -1 -12 -19 -20 -6 22 -22 -24 25 26 -2 -4 -9 -30
right_child=1 3 12 -5 11 6 -8 8 10 -11 17 -13 -14 15 -16 -17 -18 18 19 -21 21 -23 23 -25 -26 -27 -28 -29 29 -31
leaf_value=-0.020691546653148454 0.15108350673232154 -0.050458323513048908 0.10741262120597993 -0.01401209631916186 -0.0019471688652219444 0.0099157929726617564 -0.0031709682826202602 -0.0022219317842244088 -0.022291051105462634 -0.047693879931440988 0.0019155688294603579 0.0063994281360757049 -0.001217549292863582 -0.059838407148232742 0.00085045446176680757 0.025819244782764407 0.00070380511402970576 0.14146545817019812 0.0014241533244683938 0.03947117910074794 0.0027667561172804978 0.014862089747302871 -0.0078509033351036785 -0.089316156037666128 -0.011043659963852719 0.088988299377403934 -0.0036651827984473073 -0.0052488287060272329 -0.025739420755993666 0.06973521885585908
leaf_weight=36.053935695439577 1.2228630371391762 20.431241652928293 2.9598159138113251 148.57476604636759 676.69852265715599 244.48923159390688 2696.2157784905285 230.30842965468764 28.281959924846888 12.662152260541914 490.9828631374985 1626.1933439746499 6535.5054575297982 2.3692243741825214 195.22464262414724 60.43375385645777 4453.0686127915978 2.4809301625937215 45.606862097978592 21.536047779023647 1878.1244474612176 165.66446191072464 6.4930787757039052 4.0258826017379761 366.78296328894794 3.4413151964545241 32.186130557209253 1.9220901653170583 44.7354308180511 2.040653094649314
leaf_count=362 22 2393 30 8512 3570 2478 27952 2499 290 133 5123 8510 83202 25 1878 579 26472 34 478 233 10034 906 36 21 6669 61 543 20 478 17
internal_value=-4.01395e-05 -0.00306569 0.000809228 -0.0184181 0.0021167 -0.00245127 -0.00174744 0.00166995 -0.000624546 -0.00733329 0.00267631 0.00374941 -0.000892098 0.00719809 0.00236805 0.0225878 0.000531971 0.00393588 0.018183 0.0136277 0.00217145 0.00352814 0.00253397 -0.0390298 -0.00911125 0.0101227 0.00199905 0.0630559 -0.0054889 -0.0215742
internal_weight=20036.7 4391.98 15644.7 169.006 8846.32 4222.97 3819.34 1123.12 878.635 289.747 588.889 4357.2 6798.41 262.91 200.107 62.803 4489.12 560.607 69.6238 67.1429 2731.01 2054.31 1888.64 10.519 403.633 36.8503 33.409 4.88191 277.085 46.7761
internal_count=193560 57915 135645 10905 49911 47010 39715 11763 9285 3127 6158 23077 85734 2532 1928 604 26834 5868 745 711 14567 10997 10091 57 7295 626 565 50 2994 495
is_linear=0
shrinkage=0.05


Tree=78
num_leaves=31
num_cat=0
split_feature=6 0 0 1 8 2 1 3 4 1 3 4 3 3 5 4 4 4 4 3 8 1 1 1 2 3 5 0 2 7
split_gain=18.6375 15.3287 12.5648 9.36947 8.36336 8.26924 7.2855 7.1894 9.54784 7.72274 6.75355 8.26308 8.82735 7.37874 6.43217 6.9013 6.40006 13.1786 6.34848 6.16927 7.43667 7.17433 7.47133 8.97225 7.43964 6.80944 6.65163 7.95909 7.79939 17.8715
threshold=4.5000000000000009 5.5000000000000009 2.5000000000000004 3.9450000000000007 0.28500000000000009 6.6950000000000012 5.0050000000000008 40.040000000000006 45.015000000000008 4.9050000000000011 29.195000000000004 29.425000000000004 34.385000000000012 33.82500000000001 6.6050000000000013 37.885000000000012 29.655000000000005 32.845000000000006 12.615000000000002 17.535000000000004 1.0000000180025095e-35 6.1250000000000009 5.5850000000000009 5.6250000000000009 5.0050000000000008 27.290000000000003 6.7750000000000012 3.5000000000000004 5.8450000000000006 -1.0000000180025095e-35
decision_type=10 2 2 2 10 2 2 2 2 2 2 2 2 2 8 2 2 2 2 2 10 2 2 2 2 2 10 2 2 10
left_child=2 6 4 -3 5 -1 7 -2 9 -9 19 12 13 -12 15 18 -7 -18 -4 -8 21 22 -21 -24 -23 26 -25 28 29 -28
right_child=1 3 14 -5 -6 16 10 8 -10 -11 11 -13 -14 -15 -16 -17 17 -19 -20 20 -22 24 23 25 -26 -27 27 -29 -30 -31
leaf_value=0.0015429765919143942 -0.0069107597680591734 -0.050435800117168209 0.057395661812884559 -0.013496512974082227 -0.0068744218928861456 0.010667846000429316 0.0025731754093845718 0.0079081338541871146 -0.03004558622354625 -0.024899085482079128 0.011969055471303299 -0.001043440474566839 0.0014429857753137706 0.044637557084921779 -0.0011577536046139605 0.021132204013879906 -0.005831502109642648 0.0066673316723431884 0.00080746278420031526 -0.0024197425342428855 -0.0095844008276361557 0.029416517524588966 0.11131851340850939 0.073516321237850471 -0.01529113321349952 -0.016461773091541666 0.0083794056927977596 -0.029255592851044371 0.0014098187951667349 0.16616838382434615
leaf_weight=7019.0017179064453 1167.2600307110697 19.443258369341493 5.0853403471410266 146.58961144834757 257.14259848371148 440.61908112466335 236.68149801343679 216.6724748481065 20.926318064332008 19.557025827467442 150.09594352170825 1410.7240769639611 298.00653044879436 19.53431261330843 6529.555451749824 63.734372342936695 280.57750351727009 849.19149725139141 195.3351176129654 37.470576394349337 528.2867659330368 11.007243957370518 3.0339690633118144 7.6945157200098064 60.179785590618849 8.8170710727572423 4.2393430247902879 6.0286272354423991 6.9929576143622398 3.1116941794753084
leaf_count=39964 17562 2393 50 8512 1621 2344 2239 2934 287 220 1398 13007 2688 174 83202 604 1480 4502 1878 415 5089 91 28 63 532 88 32 90 49 24
internal_value=-3.86126e-05 -0.00292047 0.000768875 -0.0178223 0.00201079 0.00227679 -0.00233365 -0.00524346 0.00232458 0.00519208 -0.000849082 0.000865906 0.00662585 0.0157311 -0.000848309 0.00680075 0.00555666 0.00356325 0.0022433 -0.00437531 -0.00680502 0.00307755 0.0136153 0.0286672 -0.00837824 0.0218685 0.0339097 0.0189507 0.0392113 0.0751715
internal_weight=20022.6 4382.35 15640.2 166.033 8846.53 8589.39 4216.32 1424.42 257.156 236.23 2791.9 1878.36 467.637 169.63 6793.71 264.155 1570.39 1129.77 200.42 913.544 676.863 148.576 77.3888 39.9182 71.187 36.8842 28.0671 20.3726 14.344 7.35104
internal_count=193560 57915 135645 10905 49911 48290 47010 21003 3441 3154 26007 17267 4260 1572 85734 2532 8326 5982 1928 8740 6501 1412 789 374 623 346 258 195 105 56
is_linear=0
shrinkage=0.05


Tree=79
num_leaves=31
num_cat=0
split_feature=6 0 2 8 1 3 0 8 2 4 1 7 3 8 4 2 6 5 5 8 2 2 8 5 3 1 3 7 1 1
split_gain=17.5445 20.3862 13.4521 10.5118 8.64735 9.56908 8.01883 10.4754 7.84979 8.5968 7.48137 7.30938 10.938 6.93106 8.92246 8.89624 7.58414 6.69275 6.53489 7.22893 7.50068 6.46553 6.42368 6.35034 6.86975 6.34931 6.24935 8.61826 7.85883 8.09517
threshold=1.5000000000000002 5.5000000000000009 5.7750000000000012 0.29500000000000004 5.245000000000001 40.805000000000007 4.5000000000000009 0.10500000000000002 6.5650000000000004 30.945000000000004 1.4450000000000001 0.75000000000000011 34.865000000000002 0.14500000000000005 41.685000000000009 1.9750000000000003 2.5000000000000004 6.8550000000000013 6.6150000000000011 -0.054999999999999993 4.5650000000000004 5.535000000000001 -0.064999999999999988 6.6950000000000012 40.920000000000009 6.6750000000000007 26.330000000000002 2.7500000000000004 4.1850000000000014 4.0050000000000008
decision_type=10 2 2 10 2 2 2 10 2 2 2 10 2 10 2 2 10 10 10 8 2 2 8 10 2 2 2 10 2 2
left_child=18 3 -3 4 5 6 7 8 10 -10 -2 -5 -13 14 -9 16 -15 21 22 -20 25 -16 -1 24 -7 26 27 28 29 -21
right_child=1 2 -4 11 -6 23 -8 13 9 -11 -12 12 -14 15 17 -17 -18 -19 19 20 -22 -23 -24 -25 -26 -27 -28 -29 -30 -31
leaf_value=-0.010386779688542036 0.053375372750976292 -0.01873281067124859 -0.0022117563555624992 -0.0096326881793353646 0.00062160453926311593 0.068316147836764082 -0.0091687935026513005 -0.012382514512945867 0.044412568276190931 0.0012916883952165557 -0.00067805047366601518 -0.012425637378682585 0.11573654050062286 -0.034500018286325672 -0.014123285038578518 -0.00087230411768348933 -0.0076816870176791997 0.026271085556016899 0.0085796334268427848 -0.0059944618339564642 0.0026130611468586779 0.040948321264297413 0.0094884159657495203 0.0041298809115226714 -0.0092625425239781477 0.013595089545166587 -0.0012911637348133657 0.09116664623167231 -0.019112125707037318 0.04329958422997026
leaf_weight=44.438095899298787 6.4195678308606139 259.52840888267383 234.58139099553227 378.35926803015172 8789.0742794945836 2.9169791527092448 464.40921620838344 477.72060283273458 20.518905941396952 26.468413829803467 2261.579642675817 3.8704193904995909 2.9213656187057495 35.636638063937426 34.978603716939688 802.56531093269587 101.29677714407444 27.041329305619001 371.12219054251909 41.388718002475798 3033.2518823100254 6.2875334955751887 477.38888349384069 842.35106512904167 131.3788142837584 61.118518255650997 928.48973728530109 2.0258949100971213 129.65145340654999 10.426914947107432
leaf_count=314 93 17976 8379 4131 66253 25 11503 5002 166 193 21947 40 24 388 363 8411 1431 269 2864 597 19856 54 3169 8881 1240 366 8446 27 1047 105
internal_value=-3.71194e-05 -0.000902972 -0.0108893 -0.000560683 -0.000336983 -0.00194435 -0.00296667 -0.00220879 -0.000105976 0.0201222 -0.000525052 -0.00870983 0.042701 -0.00548573 -0.00996565 -0.00288204 -0.0146611 0.00693711 0.00249456 0.00189021 0.00130001 -0.00573228 0.00779587 0.00252004 -0.00757749 -0.0020951 -0.00295749 -0.0113892 -0.0125342 0.00392503
internal_weight=20009.2 14909.9 494.11 14415.8 14030.6 5241.57 4264.92 3800.51 2314.99 46.9873 2268 385.151 6.79179 1485.53 546.028 939.499 136.933 68.3075 5099.3 4577.48 4206.35 41.2661 521.827 976.647 134.296 1173.1 1111.98 183.493 181.467 51.8156
internal_count=193560 156769 26355 130414 126219 59966 49820 38317 22399 359 22040 4195 64 15918 5688 10230 1819 686 36791 33308 30444 417 3483 10146 1265 10588 10222 1776 1749 702
is_linear=0
shrinkage=0.05


Tree=80
num_leaves=31
num_cat=0
split_feature=6 0 7 0 1 2 2 2 2 5 3 4 3 1 3 5 1 8 5 5 8 0 3 5 7 0 8 3 2 3
split_gain=16.7989 12.9105 10.7623 10.3999 9.9445 9.95531 11.0615 9.52891 13.8512 12.3972 8.27918 8.05835 9.62171 7.5668 7.50746 10.9909 13.5866 14.5101 8.72126 7.2479 11.2839 9.32247 6.92984 7.67175 7.36889 10.4579 9.16761 8.21286 12.0477 7.57968
threshold=5.5000000000000009 1.5000000000000002 -1.0000000180025095e-35 5.5000000000000009 6.955000000000001 7.3950000000000005 8.7700000000000014 7.4850000000000012 7.4150000000000009 6.7950000000000008 32.395000000000003 18.795000000000005 38.875000000000007 2.7350000000000008 27.915000000000003 6.8350000000000009 7.6550000000000011 0.19500000000000003 6.8650000000000011 6.8050000000000006 -0.13499999999999998 1.5000000000000002 29.425000000000004 7.1250000000000009 1.2500000000000002 5.5000000000000009 0.25500000000000006 29.540000000000003 5.9750000000000005 43.235000000000007
decision_type=10 2 8 2 2 2 2 2 2 10 2 2 2 2 2 10 2 10 10 10 10 2 2 8 8 2 10 2 2 2
left_child=1 -1 13 19 5 22 11 8 14 10 -10 12 -7 -3 15 16 17 -6 -17 20 -2 -22 23 -4 25 -24 29 28 -27 -26
right_child=3 2 4 -5 7 6 -8 -9 9 -11 -12 -13 -14 -15 -16 18 -18 -19 -20 -21 21 -23 24 -25 26 27 -28 -29 -30 -31
leaf_value=0.0021758079340766494 0.071937237653903793 -0.015233520706139342 -0.0026468636865080129 -0.022404816630324439 -0.0055669054011113807 0.020671899242039844 -0.042019698523304831 -0.0038588339378576655 -0.034310567529028155 0.12678713065739303 0.058730067057431737 0.0090358652524149454 0.094509222035259216 -0.0019786680627297457 0.0052505962785031239 0.090163884495488955 0.10354820665253835 0.065296760213537072 0.030128562236413487 -0.0056958863675365973 0.010549669023721633 -0.0038138540608044858 0.001256264915791794 -0.03785061100776721 0.032978942246727642 -0.051020904939441308 -0.032063864014285591 -0.011903855792577623 0.2734291911777974 -0.013077994100442129
leaf_weight=6728.1564057394862 5.5694220438599578 109.99264045339078 1643.7986328131519 77.350040369201452 56.522478161379695 16.481022369116548 9.8849107529968006 154.55162565596402 3.5593905150890333 4.515738569200038 7.284089770168066 221.40513532981277 6.0249583031982175 5103.0833466220647 337.83969813771546 7.6493646409362546 3.5801077149808398 8.2822416480630618 28.919766996055841 1328.4477297123522 159.93927776813507 384.64222307689488 3327.7025944720954 15.623023002408443 47.553200097754598 0.53605400910600909 8.2191259097307903 180.73150857770815 0.6136696208268404 10.999342288821934
leaf_count=29878 63 3442 21738 5654 475 152 84 1202 28 38 51 1910 47 59894 2715 68 25 68 251 15921 707 5551 33900 210 511 35 102 8703 17 120
internal_value=-3.57712e-05 0.000441339 -0.000589983 -0.00443709 0.000835265 0.000160936 0.00983205 0.00687697 0.0104985 0.0571779 0.0281893 0.0119334 0.0404385 -0.00225834 0.00887937 0.0205602 0.00872799 0.00348969 0.0426865 -0.00369728 0.00112876 0.000404599 -0.000307856 -0.0029783 0.000931224 0.00061817 0.0173856 -0.0110564 0.122156 0.024327
internal_weight=19999.5 18043.5 11315.4 1955.95 6102.28 5489.57 253.796 612.705 458.153 15.3592 10.8435 243.911 22.506 5213.08 442.794 104.954 68.3848 64.8047 36.5691 1878.6 550.151 544.582 5235.78 1659.42 3576.36 3509.58 66.7717 181.881 1.14972 58.5525
internal_count=193560 165664 135786 27896 72450 67529 2193 4921 3719 117 79 2109 199 63336 3602 887 568 543 319 22242 6321 6258 65336 21948 43388 42655 733 8755 52 631
is_linear=0
shrinkage=0.05


Tree=81
num_leaves=31
num_cat=0
split_feature=1 6 0 5 0 1 1 7 2 8 5 3 3 5 7 8 4 4 4 3 8 2 2 5 8 8 1 2 1 2
split_gain=15.6089 13.9648 12.4323 10.0397 11.0307 11.0112 8.71179 11.579 8.58437 8.4315 13.7325 8.26798 8.02969 9.38275 8.75193 7.5818 7.39636 9.06851 7.21187 11.1099 7.19565 7.06792 6.90441 7.06473 10.492 8.43545 11.5897 6.80055 6.76217 8.31259
threshold=3.6150000000000007 1.5000000000000002 4.5000000000000009 6.6050000000000013 5.5000000000000009 1.5650000000000002 3.5150000000000001 -1.0000000180025095e-35 3.6550000000000007 0.49500000000000005 6.6950000000000012 57.260000000000012 45.250000000000007 6.6050000000000013 0.75000000000000011 0.29500000000000004 46.695000000000007 49.07500000000001 22.685000000000006 34.935000000000009 -0.28499999999999998 6.0950000000000006 7.3650000000000011 6.9350000000000014 0.095000000000000015 0.015000000000000001 7.0050000000000008 1.385 7.535000000000001 6.5050000000000008
decision_type=2 10 2 10 2 2 2 10 2 10 10 2 2 10 10 10 2 2 2 2 8 2 2 10 10 10 2 2 2 2
left_child=3 -2 15 6 5 8 7 -1 16 12 -11 -7 14 -14 28 20 -5 -18 19 21 -3 -16 -22 -24 25 26 -25 -9 -4 -30
right_child=1 2 9 4 -6 11 -8 27 -10 10 -12 -13 13 -15 18 -17 17 -19 -20 -21 22 -23 23 24 -26 -27 -28 -29 29 -31
leaf_value=-0.016465527113499759 0.0025554203089883094 -0.076327017097385957 -0.0065561151590554732 0.0024115100338028307 -0.030495018890000065 -0.0089862974606700566 0.11203054719827431 -0.0076171918431295477 0.061091954792353888 0.25290117579600374 0.01913907176762213 0.031775265719240504 0.11061921873936052 0.0046557418309291203 -0.053769617786025972 -0.0076439644753660959 0.18460805418943158 0.015730098160785133 0.012164943980901002 0.22197902180357248 -6.7484827103526639e-05 0.10500541173615791 0.003172150254701508 0.0044783883567185078 0.042551136850872473 -0.013342322017851597 0.079903930985613283 0.079251337214691936 0.070239582781505369 0.0042243615594040615
leaf_weight=13.536320297978822 4919.4654931677505 3.06905722245574 1564.4562180875801 69.556346975266933 49.69325240701437 676.5141645912081 2.5152385365217915 3.222652168944478 7.8112519532442084 0.81283778697252218 2.7668018117547035 12.673559479415415 2.1168858725577584 159.11395434616134 1.2673548813909326 314.1708057038486 1.2558178119361394 2.1660222820937634 20.481481968425214 1.0881250342354176 11350.809843774885 1.5682433247566221 685.07517732679844 17.210773959755901 29.515413880348206 28.172353155910969 7.233600713312625 7.4877541912719607 5.980627732351425 23.529431590810418
leaf_count=184 33833 19 41001 1270 5340 10725 22 69 84 13 68 166 32 3634 24 2884 18 37 405 21 88202 26 4414 108 182 182 45 96 102 354
internal_value=-3.46378e-05 0.000259235 -0.000535226 -0.00667913 -0.00766308 -0.00618954 0.0234575 0.0142693 0.0112743 -0.00443958 0.07222 -0.00823673 -0.00459378 0.00604699 -0.00565387 2.46469e-05 0.00594207 0.0777084 0.0240615 0.0861605 0.000223412 0.0340418 0.0002428 0.00483345 0.0186906 0.00530601 0.0267984 0.0531135 -0.00610884 0.0176033
internal_weight=19984.3 19137.9 14218.4 846.432 819.67 769.977 26.762 24.2467 80.7894 1783.18 3.57964 689.188 1779.6 161.231 1618.37 12435.3 72.9782 3.42184 24.4052 3.92372 12121.1 2.8356 12118 767.207 82.1321 52.6167 24.4444 10.7104 1593.97 29.5101
internal_count=193560 175549 141716 18011 17640 12300 371 349 1409 45680 81 10891 45599 3666 41933 96036 1325 55 476 71 93152 50 93133 4931 517 335 153 165 41457 456
is_linear=0
shrinkage=0.05


Tree=82
num_leaves=31
num_cat=0
split_feature=6 0 7 0 1 5 3 3 1 5 1 5 8 0 3 1 3 4 8 2 2 4 4 1 2 8 1 2 4 3
split_gain=14.8426 11.3265 9.57825 9.43429 8.73869 9.31049 9.19649 8.12842 15.0818 7.17563 6.65581 6.60591 9.67534 8.36798 6.348 13.3994 6.32483 9.89293 7.49502 8.25746 7.54112 7.41742 7.51222 8.37146 6.95334 7.71786 11.4933 8.50031 6.31586 6.27898
threshold=5.5000000000000009 1.5000000000000002 -1.0000000180025095e-35 5.5000000000000009 6.5150000000000006 6.8350000000000009 29.425000000000004 31.155000000000005 7.0550000000000006 7.0850000000000009 2.7350000000000008 6.8050000000000006 -0.13499999999999998 1.5000000000000002 29.640000000000004 6.2950000000000008 35.185000000000009 27.445000000000004 0.24500000000000002 6.7750000000000012 4.0050000000000008 53.035000000000004 39.625000000000007 4.5450000000000008 4.4350000000000014 0.045000000000000005 3.9150000000000005 4.9850000000000012 26.235000000000003 24.625000000000004
decision_type=10 2 8 2 2 10 2 2 2 10 2 10 10 2 2 2 2 2 8 2 2 2 2 2 2 8 2 2 2 2
left_child=1 16 10 11 6 -6 -4 8 -7 -10 -3 12 -2 -14 15 -8 17 24 21 20 -20 22 -18 -24 -1 26 -26 29 -29 -27
right_child=3 2 4 -5 5 7 14 -9 9 -11 -12 -13 13 -15 -16 -17 18 -19 19 -21 -22 -23 23 -25 25 27 -28 28 -30 -31
leaf_value=-0.0018026806622771837 0.065149102874056244 -0.014425612172902584 -0.0035604773684111274 -0.021551478975138372 0.0014985308239162506 0.0083712726413669118 0.012247342670758622 0.0042427242154093169 0.034248404360101098 0.11176645385470829 -0.0018686823509505416 -0.0053973913113326598 0.010043848114285726 -0.0035723619883267265 0.00099310939104652464 0.11635910672463259 0.0036035961331729142 -0.00065871683138847288 -0.021113679020224166 -0.044987086680194882 0.0039400098185480899 -0.016986785361558492 -0.0041319701026654079 0.013958360556313935 0.085282473541902409 0.042132712953921708 -0.00020315961548372341 0.0061757843628059955 0.026147219220954327 0.01280229658831551
leaf_weight=254.93819297850132 5.8386703580617896 107.76228105602786 1459.6958955149166 75.153239218983799 1022.0020965132862 134.7200934085995 33.491804426535964 256.21387847326696 58.756520081311464 3.1451470106840125 5093.4303506817669 1322.6207418814301 159.96925432980061 382.96515222080052 3131.8317918567918 3.4046416487544766 2161.1592824161053 2990.6436534523964 42.23527467250824 12.927449777722357 103.98032015562057 39.60168781876564 77.640338346362114 362.70746092498302 3.9932633042335501 36.793097496032715 255.72976246476173 300.20416143536568 45.60031546652317 36.199902206659317
leaf_count=1136 63 3442 20264 5654 8266 1244 469 2224 490 24 59894 15921 707 5551 39440 29 9654 13239 192 59 443 179 348 1623 18 157 1144 1330 203 153
internal_value=-3.35291e-05 0.000414315 -0.000552259 -0.00418144 0.000791306 0.00414294 -0.000276685 0.0101111 0.017758 0.038187 -0.00212885 -0.00348387 0.00112797 0.000439495 0.00123602 0.0218543 0.00203924 0.000743863 0.00385451 -0.00668346 -0.0032969 0.00448949 0.00481642 0.0107687 0.00523749 0.00788267 0.00111119 0.0120821 0.00880936 0.0275867
internal_weight=19975.4 18028.8 11304.5 1946.55 6103.26 1474.84 4628.42 452.836 196.622 61.9017 5201.19 1871.39 548.773 542.934 3168.73 36.8964 6724.35 3924.1 2800.25 159.143 146.216 2641.11 2601.51 440.348 933.459 678.521 259.723 418.797 345.804 72.993
internal_count=193560 165664 135786 27896 72450 12248 60202 3982 1758 514 63336 22242 6321 6258 39938 498 29878 17380 12498 694 635 11804 11625 1971 4141 3005 1162 1843 1533 310
is_linear=0
shrinkage=0.05


Tree=83
num_leaves=31
num_cat=0
split_feature=1 6 0 7 0 1 3 8 2 5 5 8 4 1 8 8 4 5 1 2 4 4 3 8 1 1 3 6 5 7
split_gain=13.6239 12.5746 11.3688 10.2684 9.3211 10.8911 9.33339 8.60834 7.34988 10.0317 11.3259 8.51696 8.44887 6.91188 8.13229 6.60498 6.53686 6.11259 7.81703 11.4519 11.4057 9.99946 13.3872 9.6878 8.99001 7.08629 8.81449 6.93984 9.26226 8.99737
threshold=3.5150000000000001 1.5000000000000002 3.5000000000000004 0.75000000000000011 5.5000000000000009 1.5650000000000002 57.260000000000012 0.23500000000000001 1.4750000000000003 6.7350000000000012 6.8050000000000006 0.085000000000000006 46.695000000000007 5.6250000000000009 0.25500000000000006 -0.28499999999999998 80.475000000000009 6.7350000000000012 5.7150000000000007 4.6050000000000013 36.735000000000007 35.725000000000009 36.380000000000003 0.075000000000000025 5.6550000000000011 6.4050000000000011 51.865000000000009 4.5000000000000009 6.705000000000001 -1.0000000180025095e-35
decision_type=2 10 2 10 2 2 2 8 2 10 8 10 2 2 8 8 2 10 2 2 2 2 2 8 2 2 2 10 10 10
left_child=4 -2 15 13 5 7 -7 8 12 -10 11 -11 -1 16 17 -3 -4 18 19 20 23 -21 -23 -15 -24 -20 27 28 29 -27
right_child=1 2 3 -5 -6 6 -8 -9 9 10 -12 -13 -14 14 -16 -17 -18 -19 25 21 -22 22 24 -25 -26 26 -28 -29 -30 -31
leaf_value=0.0055032189138072667 0.0023963081655673998 -0.075862045110562659 -0.0054473045433939167 0.020368014305049077 -0.028275796300717127 -0.0085295397615607668 0.034623475663936719 -0.032635335746939595 -0.028285067931520913 0.07873934636735834 0.036163770583100364 0.23244959361971873 0.090105268445218212 0.2233362302426346 -0.016155317085093067 0.0003666538521265967 0.092703374252687543 -0.0020859229656838489 -0.0038786235264861991 -0.014580829611650491 -0.002099551694888604 0.0040158666432736374 0.054642210915458116 0.051409939916210359 0.21625507345959485 0.0023399226123473936 -0.041161063764105554 0.029068748619317433 -0.0076327766274282439 0.027855751471101697
leaf_weight=56.500776376575232 4941.9605795620009 2.8424579948186874 1803.460211453028 47.248785652220249 47.001959942746907 586.61725075170398 12.803661949932573 9.6727594919502717 3.1357462331652632 2.1088824011385419 7.0232784189283857 1.5736810527741907 3.1136809177696696 1.9714061766862896 86.557273933663964 10312.764659263194 1.6979761673137534 1527.2901017107069 217.29152447171509 12.269047430716457 1.8689299514517186 5.031298562884329 1.7998228464275601 1.4021386057138443 1.6487725749611852 74.967641307041049 8.7046217713505012 40.21106981113553 75.736459093168378 64.081024212762713
leaf_count=992 34050 17 39568 717 5207 9551 163 202 38 22 109 28 44 30 1299 72127 33 23031 2970 186 27 77 23 20 19 839 85 546 859 681
internal_value=-3.2156e-05 0.000222272 -0.000529643 -0.00280214 -0.00673882 -0.00525573 -0.00760779 0.0117043 0.017543 0.0503661 0.0734031 0.144425 0.00992201 -0.00308099 -0.00114547 0.000345649 -0.00535498 -0.000506806 0.00425029 0.0309587 0.0969859 0.0142761 0.0560274 0.151879 0.131909 0.00280704 0.00831608 0.010005 0.00643603 0.014099
internal_weight=19960.4 19230.8 14288.8 3973.24 729.552 682.55 599.421 83.1288 73.456 13.8416 10.7058 3.68256 59.6145 3925.99 2120.83 10315.6 1805.16 2034.27 506.984 25.9914 5.24247 20.7489 8.47989 3.37354 3.4486 480.992 263.701 254.996 214.785 139.049
internal_count=193560 177204 143154 71010 16356 11149 9714 1435 1233 197 159 50 1036 70293 30692 72144 39601 29393 6362 382 77 305 119 50 42 5980 3010 2925 2379 1520
is_linear=0
shrinkage=0.05


Tree=84
num_leaves=31
num_cat=0
split_feature=6 0 8 3 1 1 3 1 4 1 4 6 5 5 8 8 3 4 8 8 4 1 4 4 2 5 4 1 7 8
split_gain=13.1104 11.2947 9.40364 9.61867 9.13306 7.13769 12.5212 6.03845 6.20229 8.13545 9.20388 8.86555 6.50437 7.40992 8.09952 6.21755 6.49675 6.99994 6.63557 6.18037 9.7564 5.89975 5.82428 7.56863 16.2322 5.65539 6.40898 10.5712 8.64982 7.63889
threshold=4.5000000000000009 5.5000000000000009 0.20500000000000004 37.745000000000012 3.9450000000000007 6.9750000000000005 28.495000000000001 3.9750000000000005 29.425000000000004 4.1250000000000009 28.605000000000004 5.5000000000000009 6.7750000000000012 6.785000000000001 0.15500000000000003 -0.12499999999999999 25.565000000000001 28.755000000000006 -0.105 0.14500000000000005 8.4500000000000011 6.6550000000000011 34.455000000000005 29.525000000000002 5.7750000000000012 7.0150000000000006 34.205000000000005 6.035000000000001 -1.0000000180025095e-35 0.065000000000000016
decision_type=10 2 10 2 2 2 2 2 2 2 2 8 10 10 10 10 2 2 10 8 2 2 2 2 2 10 2 2 10 10
left_child=2 7 3 -1 -3 -4 -7 -2 9 10 -9 -12 -11 -14 15 -15 17 19 -18 -17 -21 -16 23 24 -8 -5 28 29 -27 -28
right_child=1 4 5 25 -6 6 22 8 -10 12 11 -13 13 14 21 16 18 -19 -20 20 -22 -23 -24 -25 -26 26 27 -29 -30 -31
leaf_value=0.00016080163998533699 -0.0078619463027018478 -0.050381115788834835 -0.0037470684816281797 0.0027421744843967345 -0.011453513217309579 0.040848643493766143 0.12238044578864882 0.01692648011716295 -0.0026646162504457898 0.0083436998945750039 0.033029354752067731 0.18858614857737566 -0.02268535740123484 -0.033284086424964721 -0.013331543639294669 -0.0038268568328715443 0.056556550433691115 -0.047348908869153057 0.0059588917537028987 0.10642367269251055 -0.012415264806822233 0.014810810912919315 0.01523059242156116 -0.034351655265649449 -0.0096521634015006696 0.04499845232632408 -0.013957754611060431 0.071985524463925463 -0.010071494110957107 0.045770893549544056
leaf_weight=9455.3022580901161 393.79091981425881 16.896953870076686 1552.0836416161619 4431.8018332226202 139.1642541103065 24.850015362724662 2.7281899675726917 27.641069091856483 2674.6100150831044 238.3355907201767 2.107904694974422 1.6197779104113577 37.659307941794395 11.876936368644236 146.9319273121655 188.40043889731169 6.5811359398066989 8.9472860954701883 420.56171510927379 3.3025128562003365 3.6203973833471537 21.326169237494469 32.714184906333685 20.460465747863054 15.863774053752421 9.3814999712631089 12.066373627632858 11.415047492831944 29.717205185443163 9.6216016858816129
leaf_count=82899 7295 2393 15089 36322 8512 170 20 427 27952 2379 26 24 388 116 1696 1995 57 97 4312 33 40 173 230 144 107 88 122 79 273 102
internal_value=-3.12563e-05 -0.00246095 0.000644876 0.00106665 -0.0156683 -0.00292625 0.0102596 -0.00196872 -0.00135696 0.0017688 0.0268725 0.100623 0.00104472 -0.00100378 2.33526e-06 0.00255696 0.00323113 -0.00410293 0.00673847 -0.00212194 0.0442758 -0.00976459 -0.000332147 -0.013369 0.00972234 0.00296832 0.0168492 0.0330389 0.00314221 0.0125401
internal_weight=19951.4 4343.37 15608 13959.3 156.061 1648.7 96.6166 4187.31 3793.52 1118.91 31.3688 3.72768 1087.54 849.208 811.549 643.29 631.413 204.271 427.143 195.323 6.92291 168.258 71.7666 39.0524 18.592 4504 72.2017 33.103 39.0987 21.688
internal_count=193560 57915 135645 119885 10905 15760 671 47010 39715 11763 477 50 11286 8907 8519 6650 6534 2165 4369 2068 73 1869 501 271 127 36986 664 303 361 224
is_linear=0
shrinkage=0.05


Tree=85
num_leaves=31
num_cat=0
split_feature=0 5 1 8 8 6 3 5 1 5 2 2 0 1 2 2 1 1 8 4 4 3 3 4 1 6 2 3 3 2
split_gain=12.4428 8.5135 10.0863 8.36151 8.26972 9.10416 7.90208 9.22635 9.07991 9.57957 13.296 7.45969 7.00276 6.81953 6.76505 6.63852 6.53299 6.04702 6.52296 5.8644 13.3404 9.47923 7.5366 10.5552 9.06535 14.5727 8.18375 6.6292 6.62506 7.40303
threshold=4.5000000000000009 6.785000000000001 4.6450000000000005 -0.28499999999999998 0.20500000000000004 2.5000000000000004 29.195000000000004 7.4150000000000009 1.5650000000000002 6.9050000000000011 1.1600000000000001 3.9450000000000007 5.5000000000000009 3.8250000000000006 3.7150000000000003 6.6950000000000012 1.4450000000000001 1.8350000000000002 0.22500000000000003 29.525000000000002 33.260000000000005 34.385000000000012 33.735000000000007 27.555000000000003 3.1750000000000003 4.5000000000000009 3.7550000000000003 31.590000000000003 35.185000000000009 4.7750000000000012
decision_type=2 10 2 8 10 10 2 8 2 10 2 2 2 2 2 2 2 2 8 2 2 2 2 2 2 10 2 2 2 2
left_child=3 -2 12 -1 5 15 8 19 9 10 -7 14 17 -10 -6 16 -5 18 -3 21 -21 22 24 -24 25 27 -26 -8 29 -23
right_child=1 2 -4 4 11 6 7 -9 13 -11 -12 -13 -14 -15 -16 -17 -18 -19 -20 20 -22 28 23 -25 26 -27 -28 -29 -30 -31
leaf_value=-0.073228858860681895 -0.00045475480944513584 0.014424015973039868 -0.0037330373282484508 0.053076960413371711 -0.0060384925442328631 0.23164451013159165 0.20300721033247349 0.095829710546354585 -0.013029273487662746 -0.052863777659699129 0.014895263168816543 -0.00091556965295769592 -0.030414151911941713 -0.0020734982862505762 -0.024935424961660436 0.0052112277214979592 0.0013393286112629165 -0.014095281282855303 -0.052236963845659616 -0.0046363184284017953 0.0015555756919677542 -0.033483916840081424 0.0441837993538607 0.0033868685756228418 -0.009188455895982571 -0.010974185986532646 0.0088662231926645817 0.068556423771702901 0.001804318022084123 -0.002376538130429178
leaf_weight=3.8498368225991726 1309.5047793029808 34.885390546172857 963.88580233603716 6.107917394489049 389.26497478224337 1.3972931206226347 1.7311214767396443 2.5500150024890891 151.01397874578834 1.0847049504518507 1.4332838952541349 1433.6817753426731 54.832216747105122 2389.9928129166365 53.922571547329426 1414.4104358553886 5833.9801340252161 202.15464017912745 4.1012247595936051 1228.8258667886257 2978.0515950880945 28.636990565806627 33.779365431517363 29.87788474932313 75.989620920270681 3.4745307303965092 360.62849443033338 1.948972627520561 894.31400491669774 57.58659328892827
leaf_count=25 27928 713 23151 64 4210 23 26 20 2227 22 22 10929 6566 19801 544 7811 36838 5837 103 10142 24398 305 292 254 742 65 2866 25 7169 442
internal_value=-3.01361e-05 -0.00327781 -0.0062121 0.00045005 0.000466376 0.00084601 -0.000290957 0.000743745 -0.00260737 0.0734769 0.121892 -0.00266816 -0.0142856 -0.00272461 -0.00833768 0.00213779 0.00139344 -0.0106182 0.00741157 0.000701168 -0.000253072 0.00339906 0.00894664 0.0250355 0.00663876 0.0624651 0.00572396 0.131802 0.000528171 -0.0127081
internal_weight=19946.9 2569.36 1259.86 17377.5 17373.7 15496.8 8242.32 5697.4 2544.92 3.91528 2.83058 1876.87 295.973 2541.01 443.188 7254.5 5840.09 241.141 38.9866 5694.85 4206.88 1487.97 507.43 63.6573 443.773 7.15462 436.618 3.68009 980.538 86.2236
internal_count=193560 64298 36370 129262 129237 113554 68841 46746 22095 67 45 15683 13219 22028 4754 44713 36902 6653 816 46726 34540 12186 4270 546 3724 116 3608 51 7916 747
is_linear=0
shrinkage=0.05


Tree=86
num_leaves=31
num_cat=0
split_feature=0 7 1 8 6 1 5 1 3 8 4 2 2 4 1 1 8 5 4 5 8 0 1 3 1 5 8 1 3 0
split_gain=11.9207 9.63306 8.89797 8.36306 9.78493 6.81668 6.77535 9.00725 8.95 8.44115 7.9629 7.49599 9.43992 8.35155 7.40864 9.49681 7.36186 8.58456 7.34342 10.5808 6.82727 6.73439 6.44186 5.91835 5.89523 11.9532 7.0115 10.3329 8.21347 7.28521
threshold=1.5000000000000002 -1.0000000180025095e-35 2.7350000000000008 -0.044999999999999991 3.5000000000000004 7.6050000000000013 6.5850000000000009 3.8250000000000006 39.015000000000008 -0.024999999999999998 32.435000000000009 6.7350000000000012 6.5850000000000009 54.345000000000006 7.5050000000000008 7.5650000000000004 0.10500000000000002 7.1150000000000011 36.045000000000009 6.5550000000000006 0.27500000000000008 5.5000000000000009 6.455000000000001 29.640000000000004 5.0650000000000004 6.9350000000000014 0.025000000000000005 7.0250000000000012 30.235000000000003 3.5000000000000004
decision_type=2 8 2 10 8 2 10 2 2 10 2 2 2 2 2 2 10 8 2 10 10 2 2 2 2 10 10 2 2 2
left_child=5 2 -2 -3 6 -1 7 10 9 -9 -5 12 14 -14 -8 -16 17 -13 -12 -20 -18 -4 -10 -17 -6 -26 27 -27 -29 -28
right_child=1 3 21 4 24 -7 11 8 22 -11 18 16 13 -15 15 23 20 -19 19 -21 -22 -23 -24 -25 25 26 29 28 -30 -31
leaf_value=0.0014371064980944141 -0.015619810055478451 0.0058170591190371398 -0.001776901763795251 0.0073619666612231007 -0.0065154753282780937 0.017339383379776842 0.00023727614155472489 0.1004899113854747 -0.026789709367508158 0.015881542422284005 0.21000628570723331 0.0011508460505243625 -0.014766546474129694 0.062176915524160485 0.095521919956748469 0.053964543868072479 0.014947068256748595 0.093219213039280727 -0.022804021753063258 0.16995120516491702 -0.010864496116696053 -0.010136129963761084 0.022872456390080169 -0.007822086852027536 -0.0034611847461102881 -0.011635850145934802 0.019316176896688804 0.1021504411678909 0.0033346611447177864 0.0020137029985191957
leaf_weight=7194.1341405510902 125.04098531510681 631.46879464015365 5560.0779588129371 3.1827109800651661 742.48555256566033 68.027037173509598 2903.6229570242576 3.081900428980588 22.525384474545721 67.806719345971942 1.3175805658102033 453.96393543854356 137.36727060750127 3.6195875201374283 4.3599626906216171 5.842611730098727 235.97892224229872 2.5460440516471854 1.5223288675770166 1.3374135121703146 28.738787451758981 251.85208421666175 9.1954355761408788 11.512673687189816 1141.1722754808143 71.714525301940739 135.99545324966311 3.7356251776218397 4.8112589847296476 110.08048626966774
leaf_count=31954 4212 7615 60644 46 16630 361 33348 23 181 550 19 3522 1116 30 31 39 1834 18 21 24 218 12086 57 80 14606 953 1186 42 47 2067
internal_value=-2.91683e-05 -0.000954551 -0.00242306 0.000339189 -0.000227179 0.00158607 0.00127984 0.0135143 0.00968185 0.0195599 0.0669441 0.000924616 -0.000154162 -0.0127912 0.000454878 0.0295513 0.00551108 0.00166433 0.11234 0.0673417 0.0121449 -0.00213914 -0.0123933 0.0129782 -0.00288494 -0.00104807 0.00739039 -0.00544246 0.0465245 0.011576
internal_weight=19938.1 12676 5936.97 6738.99 6107.52 7262.16 3897.52 109.969 102.609 70.8886 7.36003 3787.55 3066.33 140.987 2925.34 21.7152 721.228 456.51 4.17732 2.85974 264.718 5811.93 31.7208 17.3553 2210 1467.51 326.337 80.2614 8.54688 246.076
internal_count=193560 161245 76942 84303 76688 32315 41157 921 811 573 110 40236 34644 1146 33498 150 5592 3540 64 45 2052 72730 238 119 35531 18901 4295 1042 89 3253
is_linear=0
shrinkage=0.05


Tree=87
num_leaves=31
num_cat=0
split_feature=6 0 5 2 4 0 8 4 8 5 3 2 7 2 3 5 3 5 8 8 0 8 7 2 1 8 1 5 3 2
split_gain=11.5071 8.56177 7.83902 10.8781 7.73345 7.727 7.55698 7.43726 7.91413 6.78173 10.183 10.1709 6.29387 6.51221 12.2245 8.05641 7.71322 6.24315 7.90721 6.84441 6.54779 6.44222 6.12667 9.22415 6.7739 7.33671 10.3429 10.4619 7.10551 8.69952
threshold=5.5000000000000009 1.5000000000000002 7.0050000000000008 7.0550000000000006 38.57500000000001 5.5000000000000009 -0.084999999999999978 45.015000000000008 0.20500000000000004 7.0650000000000004 46.695000000000007 4.8250000000000011 1.0000000180025095e-35 6.6250000000000009 31.915000000000003 6.7150000000000007 34.490000000000002 6.8050000000000006 -0.13499999999999998 0.19500000000000003 1.5000000000000002 -0.17499999999999996 -1.0000000180025095e-35 8.7700000000000014 6.5150000000000006 -0.12499999999999999 6.6950000000000012 6.7350000000000012 29.425000000000004 7.5750000000000011
decision_type=10 2 10 2 2 2 10 2 10 10 2 2 10 2 2 10 2 10 10 8 2 10 8 2 2 10 2 10 2 2
left_child=1 -1 22 4 9 12 -6 8 -5 10 -4 -12 17 15 -15 -14 -16 18 21 -19 -20 -2 -3 24 28 26 27 -26 -24 -30
right_child=5 2 3 7 6 -7 -8 -9 -10 -11 11 -13 13 14 16 -17 -18 19 20 -21 -22 -23 23 -25 25 -27 -28 -29 29 -31
leaf_value=0.0017788195496716173 -0.011875880573662578 -0.0019750315087297709 0.0032646237047568184 0.018544574479107873 0.1144887159799116 -0.019869568726222701 0.016757311302773137 0.11943337327387538 0.10104315162089533 -0.010333985402224568 -0.006181758664935995 0.095335479045290134 0.08354230971425769 -0.013758072216201681 0.16494689662354442 -0.00017708510098933246 0.051939866767623133 -0.0041862991992105292 0.0088070634819445211 -0.015508469506125553 -0.003347684537865265 0.099642389448660315 -0.0034301571863746281 -0.029601377608944462 0.15252278412377579 0.0030624623713396827 0.0093557138297398028 0.030816247207147429 0.00054722525671738772 0.020641200586303921
leaf_weight=6714.3414711356163 2.0152668692171574 5101.9080652333796 145.18231332022697 24.837259783409543 2.0453656930476418 71.14531827904284 60.029161870013922 2.4265248496085396 3.2923855762928715 94.145972169470042 4.1104457350447756 6.1721042487770319 3.0534643679857245 4.9599657692015153 2.2597428094595671 48.789576031267643 4.5507841072976589 1106.3166126292199 157.66600012779236 151.79465006291866 372.76038300804794 3.6236660927534095 1368.2670456897467 25.513678042218089 2.9846561979502466 1390.4982494302094 16.939984114840627 4.3234781380742788 2974.5231161736883 54.858040686696768
leaf_count=29878 21 62238 2076 222 26 5654 850 18 30 1269 66 68 35 49 20 585 40 13231 697 2077 5449 38 19006 203 22 11494 133 39 37544 482
internal_value=-2.82444e-05 0.000365138 -0.000476192 0.00697534 0.00418426 -0.00369839 0.0199776 0.0354455 0.0282005 0.000256693 0.00667017 0.054754 -0.0030791 0.0123766 0.0459509 0.00475384 0.0894358 -0.00362709 0.000891361 -0.00555235 0.00026524 0.0597875 -0.000709306 0.000396847 0.000528525 0.00353795 0.0308043 0.0805214 -0.000439622 0.0009111
internal_weight=19925.3 17996.4 11282.1 342.242 311.685 1928.94 62.0745 30.5562 28.1296 249.611 155.465 10.2825 1857.79 63.6135 11.7705 51.843 6.81053 1794.18 536.065 1258.11 530.426 5.63893 10939.8 5837.91 5812.39 1414.75 24.2481 7.30813 4397.65 3029.38
internal_count=193560 165664 135786 4625 4355 27896 876 270 252 3479 2210 134 22242 729 109 620 60 21513 6205 15308 6146 59 131161 68923 68720 11688 194 61 57032 38026
is_linear=0
shrinkage=0.05


Tree=88
num_leaves=31
num_cat=0
split_feature=1 6 0 0 1 3 3 5 2 8 7 8 7 8 3 3 2 5 5 8 3 1 6 5 5 4 1 3 5 4
split_gain=10.9547 9.68034 8.80005 8.11865 9.40638 8.22815 7.73958 7.9152 13.7844 11.7812 21.8846 9.8729 7.69995 7.28362 6.93053 6.66815 6.15715 8.43205 8.12507 7.08 6.053 6.01481 8.91739 7.35826 14.8433 8.79263 7.03475 6.27533 7.62676 7.06454
threshold=3.5150000000000001 1.5000000000000002 4.5000000000000009 5.5000000000000009 1.5650000000000002 57.260000000000012 45.250000000000007 6.745000000000001 3.8450000000000002 0.065000000000000016 -1.0000000180025095e-35 -0.014999999999999998 0.75000000000000011 0.23500000000000001 45.475000000000009 48.105000000000011 1.4750000000000003 6.7350000000000012 6.8050000000000006 0.21500000000000002 44.010000000000012 6.6850000000000014 5.5000000000000009 7.0050000000000008 7.0150000000000006 31.235000000000003 7.0550000000000006 37.150000000000006 6.9250000000000007 27.915000000000003
decision_type=2 10 2 2 2 2 2 10 2 10 10 10 10 10 2 2 2 10 8 8 2 2 10 8 10 2 2 2 10 2
left_child=3 -2 -3 4 13 -6 12 8 9 10 11 -8 20 16 -10 -11 19 -18 -19 -1 21 -4 23 -23 -25 26 -26 -24 29 -29
right_child=1 2 6 -5 5 -7 7 -9 14 15 -12 -13 -14 -15 -16 -17 17 18 -20 -21 -22 22 27 24 25 -27 -28 28 -30 -31
leaf_value=0.0063746449594642212 0.0021061670248773384 5.8240015641185387e-06 -0.0062703717889597173 -0.026844515108900582 -0.0078330368222447929 0.032249455006321898 -0.053212708323708863 -0.0008704913975920329 0.096237551250991343 -0.054107449047469072 0.28566854685879406 0.14770663162326086 0.022439378545018186 -0.031232257931603363 0.0074025125076450267 0.084181585787715563 -0.027854224689373677 0.12124543542142306 0.033333443246166626 0.11786277937752368 -0.02450085216109241 0.0037624984754252473 -0.029484106499810037 0.17117608274108911 0.013356099448574691 -0.039553800210993778 0.18271479725490233 0.14288821260134735 0.12413055574829253 -0.017939543293521706
leaf_weight=58.856317330151796 4943.8304211040959 12482.844610951841 1247.3739499314688 44.196610864251852 578.6375283729285 13.093345958739517 1.2053065262734888 110.76795739401132 2.3184250071644774 1.6743810297921302 1.6194388046860684 1.2409000359475615 25.500981045886874 9.1225088164210302 41.416499456390738 1.8183802440762518 3.0865354165434828 4.1336727961897823 7.2169778272509584 1.4593283720314492 39.829681904986501 241.36985539458692 33.436569916084409 1.983414078131317 1.4756742268800738 3.3861891683191061 1.049053333699703 0.7566646058112364 1.4112384803593157 6.9959669038653374
leaf_count=1009 34050 97018 35956 5207 9551 163 29 2735 37 37 36 26 480 202 765 40 38 50 109 27 946 3989 744 30 25 56 15 11 37 142
internal_value=-2.73148e-05 0.000199793 -0.00046162 -0.00608308 -0.00472491 -0.00694612 -0.00376453 0.00664894 0.0228871 0.0852365 0.143095 0.0487087 -0.00481629 0.0109455 0.0121117 0.0178878 0.0160927 0.0454232 0.0653492 0.00907208 -0.00525645 -0.00475848 0.00170305 0.00531611 0.0528181 0.0131029 0.0837266 -0.0194377 0.0172189 -0.00224259
internal_weight=19913.1 19193.3 14249.5 719.803 675.606 591.731 1766.63 162.061 51.2933 7.55841 4.06565 2.44621 1604.57 83.8753 43.7349 3.49276 74.7528 14.4372 11.3507 60.3156 1579.07 1539.24 291.865 249.264 7.89433 5.91092 2.52473 42.6004 9.16387 7.75263
internal_count=193560 177204 143154 16356 11149 9714 46136 3705 970 168 91 55 42431 1435 802 77 1233 197 159 1036 41951 41005 5049 4115 126 96 40 934 190 153
is_linear=0
shrinkage=0.05


Tree=89
num_leaves=31
num_cat=0
split_feature=6 8 0 1 5 4 1 4 1 5 1 3 2 5 2 8 3 1 8 3 8 8 2 3 3 1 1 4 4 1
split_gain=10.0189 7.83849 7.72836 7.36386 6.9676 9.51171 8.74884 9.42377 7.85126 6.95099 7.63592 6.60749 8.57879 6.87516 6.85542 6.59769 6.31312 6.93186 6.1676 10.4652 5.95041 5.6928 5.94975 9.51121 8.75983 5.6429 5.60142 14.1091 12.5166 10.3879
threshold=5.5000000000000009 -0.28499999999999998 1.5000000000000002 3.3350000000000004 7.0050000000000008 35.675000000000004 7.0250000000000012 31.465000000000003 7.1750000000000007 7.2750000000000012 3.8550000000000004 45.250000000000007 8.1650000000000009 6.705000000000001 7.3650000000000011 0.23500000000000001 46.025000000000013 6.0850000000000009 0.26500000000000007 29.945000000000004 0.31500000000000006 0.30500000000000005 5.9250000000000007 22.185000000000002 36.085000000000008 7.6050000000000013 4.5450000000000008 42.125000000000007 36.660000000000004 4.205000000000001
decision_type=10 8 2 2 10 2 2 2 2 8 2 2 2 10 2 10 2 2 8 2 10 8 2 2 2 2 2 2 2 2
left_child=1 -1 25 -2 -4 6 15 8 -8 10 -7 13 -13 14 21 -6 18 -18 26 -20 -21 22 -5 -24 -25 -3 27 28 29 -12
right_child=3 2 4 11 5 9 7 -9 -10 -11 16 12 -14 -15 -16 -17 17 -19 19 20 -22 -23 23 24 -26 -27 -28 -29 -30 -31
leaf_value=-0.071426949799355641 -0.019139496014903629 0.001555876256897326 -0.00066507723412258897 0.0026161223093047873 0.00057417935741347617 -0.029533574281583205 0.14414633536365096 -0.007507178850715359 0.039226376210184689 0.083993976050847047 0.028865203987630535 0.0061377706350176694 0.09708862694044923 -0.0043184434401865633 -0.05322142014894643 -0.032112821805112678 0.02201337301094795 0.10334959309287138 -0.030758009050217989 0.18082013820581244 0.059870191534869756 0.10470724850644171 -0.060721852704785084 0.068934702819954591 -0.0096385061211282669 0.016418518348612392 0.0066588305344509871 0.13325099607816998 -0.02068312951849556 0.22487209337190028
leaf_weight=3.8039348162710667 72.068346927408129 6644.3438687473536 10929.56330469111 42.583627679385245 194.51222152030095 8.5869191251695138 2.6818362493067962 6.2610165812075129 5.3203248381614685 3.8644732395187011 1.8207894265651687 128.38451442075893 2.6461388170719138 1648.8319277502596 3.8208103999495497 16.768531371373683 6.3193653821945173 4.474166925996542 2.0065512964501968 1.6839552801102398 2.5670843916013837 1.7480418635532249 2.2783295437693623 13.133458673954012 4.8597867563366881 64.482966795563698 75.250423924997449 3.2045194758102289 7.5300188735127449 1.0750913918018339
leaf_count=34 2308 29517 131143 583 2607 235 24 50 40 48 38 1522 23 23181 40 286 84 35 29 21 33 23 26 129 61 347 878 60 137 18
internal_value=-2.66596e-05 0.000339867 0.000355048 -0.00345956 -0.000444574 0.00656272 0.000538571 0.0384396 0.0743891 0.0180399 0.0158143 -0.00284817 0.00797451 -0.00367396 0.0118563 -0.00202006 0.0194902 0.0557291 0.0153789 0.0633578 0.107782 0.0157051 0.0132299 0.0355259 0.0477129 0.00169873 0.012001 0.0414937 0.0132911 0.101632
internal_weight=19906.5 17986.1 17982.3 1920.35 11273.5 343.927 225.544 14.2632 8.00216 118.383 114.519 1848.29 131.031 1717.26 68.4241 211.281 105.932 10.7935 95.1384 6.25759 4.25104 64.6032 62.8552 20.2716 17.9932 6708.83 88.8808 13.6304 10.4259 2.89588
internal_count=193560 165664 165630 27896 135766 4623 3007 114 64 1616 1568 25588 1545 24043 862 2893 1333 119 1214 83 54 822 799 216 190 29864 1131 253 193 56
is_linear=0
shrinkage=0.05


Tree=90
num_leaves=31
num_cat=0
split_feature=1 5 0 6 1 0 3 6 1 1 8 2 8 1 7 8 8 7 4 3 5 4 5 7 2 8 1 3 4 3
split_gain=9.60806 8.48069 8.52682 8.31608 8.01221 7.90371 7.59654 12.3161 10.6394 19.3459 15.1362 8.22499 8.91703 7.10351 9.32684 6.15961 6.12559 6.5368 9.79745 6.03301 9.46524 5.95374 11.1933 8.7857 8.82049 10.6775 9.13421 7.3562 18.0622 6.24271
threshold=3.6150000000000007 6.6050000000000013 5.5000000000000009 1.5000000000000002 1.5650000000000002 5.5000000000000009 49.900000000000006 3.5000000000000004 6.5950000000000006 6.4150000000000009 -0.044999999999999991 5.7950000000000008 0.51500000000000012 3.5150000000000001 -1.0000000180025095e-35 0.23500000000000001 0.29500000000000004 0.75000000000000011 31.675000000000004 39.615000000000002 6.4750000000000005 24.645000000000003 6.6650000000000009 -1.0000000180025095e-35 7.5450000000000008 0.115 7.3050000000000006 35.695000000000007 22.265000000000004 39.515000000000008
decision_type=2 10 2 10 2 2 2 10 2 2 10 2 10 2 10 10 10 10 2 2 10 2 10 10 2 10 2 2 2 2
left_child=1 13 4 -2 15 16 11 8 9 10 -8 12 -7 14 -1 -3 19 -18 -19 20 -5 22 -13 -24 26 -26 27 -25 29 -29
right_child=3 2 -4 5 -6 6 7 -9 -10 -11 -12 21 -14 -15 -16 -17 17 18 -20 -21 -22 -23 23 24 25 -27 -28 28 -30 -31
leaf_value=-0.014905295111550696 0.0019724284821244597 0.014431802931027311 -0.027707236446591194 0.10874847166257118 -0.0068067371964639954 -0.016284966692667175 0.25783723447442708 -0.019772039651216638 -0.032788574673246383 0.26427370183626947 0.028901838107531205 0.17586615819049661 0.238472292813869 0.099577041543821743 0.0471512126833976 -0.030054941108522623 -0.0077616432932637149 -0.030927944445891031 0.091892974487979492 0.0019566322164279197 -0.00062103800681806995 -0.0050812824721575755 -0.028646936941437079 -0.0054005969052730134 0.047294986438320585 0.2771021852227748 0.21968186440400697 0.091037538000705229 0.26136121900775788 -0.051553973686473291
leaf_weight=13.119170677848164 4923.5768596157432 73.56517194211483 43.746352056972682 1.9786174371838559 670.7427633292973 199.12466114386916 0.80708142835646768 9.5104671833105368 2.5544257685542098 1.2627264354377983 6.8478047847747829 1.0957267489284301 0.34407785069197316 2.6745521444827309 11.244315923191607 8.7012699078768474 337.500617435202 2.7346058264374724 3.9969577379524708 2964.2331484910101 10403.811191443354 184.68868649285287 8.7709086667746323 12.971655160188684 1.5105541236698621 0.75964077748358239 0.55177361145615478 1.4032681416720145 0.95899546984583128 1.6944377291947601
leaf_count=184 33833 1209 5340 14 10891 13075 32 478 62 31 294 29 14 22 165 200 3488 24 35 24079 92223 6758 358 478 45 22 15 56 39 67
internal_value=-2.58184e-05 -0.00531266 -0.00624721 0.000202533 -0.00500048 -0.000413352 -0.00704977 0.0223004 0.057179 0.0829499 0.0530393 -0.00853776 -0.0158455 0.0222265 0.0137352 0.00972647 -0.000202922 -0.00678857 0.0419987 -3.33639e-05 -0.000600242 -0.00173911 0.0190323 0.0130281 0.0314423 0.124192 0.0194651 0.0129774 0.0717428 0.0130403
internal_weight=19896.5 823.794 796.756 19072.7 753.009 14149.1 434.857 20.9825 11.472 8.91761 7.65489 413.874 199.469 27.038 24.3635 82.2664 13714.3 344.232 6.73156 13370 10405.8 214.406 29.717 28.6212 19.8503 2.27019 17.5801 17.0284 4.0567 3.09771
internal_count=193560 18011 17640 175549 12300 141716 21853 897 419 357 326 20956 13089 371 349 1409 119863 3547 59 116316 92237 7867 1109 1080 722 67 655 640 162 123
is_linear=0
shrinkage=0.05


Tree=91
num_leaves=31
num_cat=0
split_feature=6 8 1 4 3 2 0 1 3 5 5 4 1 4 2 4 4 8 5 6 3 1 5 6 3 1 3 3 4 2
split_gain=8.81211 7.32771 7.0493 11.5009 10.2031 8.42968 9.56651 8.73612 8.84572 8.65415 8.24982 9.46987 9.01968 8.77837 13.0296 7.91451 9.63498 9.93679 7.85119 12.5818 10.2359 8.62862 8.03078 8.03421 7.53147 7.15024 7.11359 7.51148 8.87637 10.2061
threshold=5.5000000000000009 -0.28499999999999998 6.5150000000000006 29.425000000000004 61.20000000000001 6.7350000000000012 5.5000000000000009 1.0000000180025095e-35 32.915000000000006 6.7350000000000012 6.6450000000000005 19.580000000000002 7.1350000000000007 28.445000000000004 6.1350000000000007 34.140000000000008 34.455000000000005 0.23500000000000001 6.8250000000000011 2.5000000000000004 22.185000000000002 7.0250000000000012 7.0250000000000012 2.5000000000000004 47.505000000000003 4.205000000000001 53.375000000000007 40.225000000000001 35.305000000000007 5.6550000000000011
decision_type=10 8 2 2 2 2 2 2 2 10 10 2 2 2 2 2 2 8 10 10 2 2 10 10 2 2 2 2 2 2
left_child=1 -1 5 4 10 6 7 8 -3 -8 11 -4 13 -12 -15 18 17 -17 19 21 -21 -5 -20 -24 -23 -7 27 -18 29 -29
right_child=-2 2 3 15 -6 25 9 -9 -10 -11 12 -13 -14 14 -16 16 26 -19 22 20 -22 24 23 -25 -26 -27 -28 28 -30 -31
leaf_value=-0.07028257074420019 -0.0032503992212423241 -0.0044768113895372877 0.069356198445445785 0.0046144883326557137 -0.036599626065950283 -0.037758591854194785 0.00068364534227098801 -0.00036551648270140898 0.091261675134579362 -0.014544205677621212 0.00098680749154574326 0.016458644748538295 0.015280021058352029 0.037130199430144742 0.0034110632616322018 0.016271398344104165 0.00051487959103540789 0.11417557518749294 0.0067804677925075475 0.027530878762849806 -0.014845806705697054 -0.012572200992030394 -0.085929228253039336 -0.0086496865170109516 0.031636954188571514 0.0041223064825715817 -0.016968532406174863 0.099678055748531766 0.0058155823013918851 0.021382821123646836
leaf_weight=3.6745298192836344 1914.195499186404 4.4799603428691608 9.7988871261477453 318.04381411336362 13.385298389941452 10.277462179772554 157.7939695934765 12431.090687695891 5.2284835800528526 228.27934930985793 604.99559397064149 61.960237182676792 207.84011266566813 44.826664142310619 79.387331929057837 77.588162498548627 1294.121039332822 2.6812569797039023 255.81780156120658 14.937289223074911 309.65815452113748 147.53767393901944 4.4593667685985592 13.682158600538967 10.306748781353233 1215.3921761959791 48.940341847017407 4.6910394243895999 359.17723688110709 36.926069017499685
leaf_count=34 27896 51 55 2032 96 120 6115 107006 58 14600 4428 395 1450 321 589 556 9538 22 2003 122 2579 952 26 106 63 9242 341 29 2488 247
internal_value=-2.52862e-05 0.000318125 0.000332559 0.00220721 0.00676734 -0.000190483 -0.000569034 -0.000328489 0.0470832 -0.00832035 0.00734275 0.0236819 0.0060915 0.00347257 0.0155797 0.000599063 0.00260425 0.0195417 -0.00280522 -0.00530564 -0.0128957 -0.00012858 0.00450077 -0.0276458 -0.00968548 0.00377113 0.00182462 0.00236727 0.00834843 0.0302082
internal_weight=19891.2 17977 17973.3 3920.76 1022.19 14052.5 12826.9 12440.8 9.70844 386.073 1008.81 71.7591 937.05 729.21 124.214 2898.57 1824.13 80.2694 1074.44 800.484 324.595 475.888 273.959 18.1415 157.844 1225.67 1743.86 1694.92 400.794 41.6171
internal_count=193560 165664 165630 28438 7334 137192 127830 107115 109 20715 7238 450 6788 5338 910 21104 13221 578 7883 5748 2701 3047 2135 132 1015 9362 12643 12302 2764 276
is_linear=0
shrinkage=0.05


Tree=92
num_leaves=31
num_cat=0
split_feature=1 0 0 1 3 7 8 6 8 4 4 2 4 3 6 1 2 3 1 2 5 6 2 1 5 2 2 8 3 0
split_gain=8.65286 7.44862 6.9853 7.50683 7.31165 6.05215 7.24761 7.64918 5.9909 5.5571 11.3026 7.69982 8.27322 12.249 6.46541 6.37348 7.15919 7.18915 6.71434 11.4429 12.1449 8.62142 7.87672 5.47312 5.40523 5.40429 10.2446 7.46065 6.97715 5.25714
threshold=3.5150000000000001 1.5000000000000002 5.5000000000000009 1.5650000000000002 57.260000000000012 -1.0000000180025095e-35 -0.044999999999999991 3.5000000000000004 0.23500000000000001 26.685000000000006 27.090000000000003 7.3150000000000004 18.795000000000005 49.230000000000011 2.5000000000000004 7.1750000000000007 6.2750000000000012 39.960000000000008 6.1650000000000009 4.9850000000000012 6.7750000000000012 2.5000000000000004 2.9900000000000007 7.6050000000000013 6.535000000000001 8.1150000000000002 8.2250000000000032 0.095000000000000015 43.085000000000008 5.5000000000000009
decision_type=2 2 2 2 2 8 10 8 10 2 2 2 2 2 8 2 2 2 2 2 10 10 2 2 10 2 2 10 2 2
left_child=2 23 3 8 24 29 -7 9 -1 11 15 -8 13 14 -13 16 17 18 19 20 -11 22 -22 -2 -5 -9 27 -27 -28 -3
right_child=1 5 -4 4 -6 6 7 25 -10 10 -12 12 -14 -15 -16 -17 -18 -19 -20 -21 21 -23 -24 -25 -26 26 28 -29 -30 -31
leaf_value=0.014100237829856966 0.0013320280504258868 -0.0014472256014905671 -0.025326155068249652 0.056682224606132439 0.030374098447963883 0.0056560016230522052 -0.0036475734619717363 -0.0028103152347927836 -0.02984190966003902 0.0057292070293715573 0.0019686335875941283 0.0084120502703731431 -0.0048811481323879245 0.12064469292088303 0.064330302958110958 0.11189771703361823 -0.022758815633367294 -0.010783910767446571 0.10213361438547355 -0.017796340131409752 0.15362776961664026 0.21515242975712062 0.001172280815052119 0.015721733908376785 -0.0074542936973301128 0.010291102086635294 -0.0049435890908305913 0.13003367391085316 0.071263822916781558 -0.0090025741290242229
leaf_weight=76.640463922172785 6988.5901805013418 5425.618696603924 41.579328169114888 3.3041874766349784 13.332501541823147 610.35599635681137 777.75539197959006 2057.224801056087 8.6299874391406757 4.0421761516481691 2880.4214351521805 22.229838268831376 28.412896560505033 3.4840782471001139 6.7355308905243865 2.2548748925328246 6.33004799298942 6.1637129094451657 4.8577238842844954 6.1888325707986942 1.6687395535409453 1.6653763540089128 1.7209672965109346 66.710893973708153 567.56867236271501 2.2058678083121803 22.722382801584903 3.1705248188227415 3.4609461966902009 240.44338791212067
leaf_count=1233 30871 58303 5207 28 163 6944 8042 31490 202 55 28406 152 223 22 58 15 51 62 38 63 22 26 23 361 9523 25 246 34 36 11636
internal_value=-2.43513e-05 0.000176499 -0.00544051 -0.00420547 -0.00622824 -0.000575416 0.000471583 -7.0004e-05 0.00965297 0.0012795 0.00231129 -0.00230734 0.0148194 0.0320694 0.0214151 0.0305978 0.0249809 0.0364679 0.0509262 0.0346532 0.0703344 0.121994 0.0762255 0.00146809 -0.00708307 -0.00249531 0.0180384 0.0809048 0.0051296 -0.00176784
internal_weight=19885.5 19174.4 711.055 669.476 584.205 12119.1 6453.07 5842.72 85.2705 3753.93 2915.31 838.618 60.8623 32.4494 28.9654 34.8925 32.6376 26.3075 20.1438 15.2861 9.09726 5.05508 3.38971 7055.3 570.873 2088.78 31.5597 5.37639 26.1833 5666.06
internal_count=193560 177204 16356 11149 9714 145972 76033 69089 1435 37258 28761 8497 455 232 210 355 340 289 227 189 126 71 45 31232 9551 31831 341 59 282 69939
is_linear=0
shrinkage=0.05


Tree=93
num_leaves=31
num_cat=0
split_feature=8 3 0 2 8 4 5 4 7 5 1 1 3 3 2 8 2 5 3 5 0 3 4 2 7 4 8 1 1 5
split_gain=8.09007 9.37819 8.28744 8.74896 8 7.7771 7.35801 8.95658 8.04413 7.70847 7.56282 7.85698 7.29968 7.56509 7.22149 9.04832 7.51335 7.1054 8.59379 10.753 7.60269 6.82221 9.53471 8.08136 6.52369 9.11393 10.6713 6.21174 7.03093 6.17436
threshold=0.20500000000000004 39.615000000000002 4.5000000000000009 4.3050000000000006 0.055000000000000007 54.345000000000006 6.7950000000000008 45.320000000000007 -1.0000000180025095e-35 6.6550000000000011 7.6050000000000013 7.8750000000000009 45.250000000000007 52.645000000000003 3.9450000000000007 -0.024999999999999998 3.2850000000000006 6.8250000000000011 43.085000000000008 6.535000000000001 2.5000000000000004 42.735000000000007 52.065000000000005 5.495000000000001 1.7500000000000002 34.335000000000008 0.055000000000000007 3.5150000000000001 3.5650000000000004 7.4700000000000015
decision_type=10 2 2 2 10 2 8 2 10 10 2 2 2 2 2 10 2 10 2 10 2 2 2 2 10 2 10 2 2 8
left_child=1 2 29 24 6 17 7 10 9 -9 -3 -12 -11 -14 15 -10 -17 18 27 20 -20 23 -23 -16 -4 -26 -27 -6 -29 -1
right_child=-2 4 3 -5 5 -7 -8 8 14 12 11 -13 13 -15 21 16 -18 -19 19 -21 -22 22 -24 -25 25 26 -28 28 -30 -31
leaf_value=0.00013183825008515536 -0.0029343766711826483 0.0010323602423286627 -0.010446961773362599 -0.0013908288479826197 -0.030249726386986971 -0.015972657548779145 -0.0032093709432851414 -0.060205709927907296 0.1609759542968805 0.038002514982118964 0.050807536965522419 -0.011904344246436592 -0.04281929216962739 0.044304714162846648 0.0068174600299364674 -0.028468998175573357 0.098862212209103309 0.0091478185368379702 0.11926929345237665 0.0057788891131563018 0.012384948422324481 0.033507528763199422 -0.02508231070353539 0.088960099164890866 -0.0067473275632560677 0.032499617930850509 0.19678525483415465 0.084215493548196629 -0.0010423778833025183 0.059775948269946727
leaf_weight=11800.94288260676 2131.1943052485585 1083.3111264021136 449.8943439507857 1244.904524133075 18.328116918448359 45.279999303165823 906.64865438221022 4.7162388646975186 2.2634831760078669 11.658031156286599 15.216758590191604 7.4348654858767977 8.5615933574736101 3.5143497651442877 5.1092141252011043 2.1836142800748339 2.4678336288779974 685.40168415335938 3.5696377381682387 802.58133285213262 3.1160024264827371 17.768331790342931 11.398411442525683 7.2333154566586018 8.0801678337156755 3.3984440304338923 1.3938748668879268 2.4282789323478928 579.97840924886987 4.340670082718133
leaf_count=88491 23279 8922 15923 28160 377 423 8650 35 31 106 92 54 70 29 41 22 29 6861 20 6692 21 138 88 49 99 42 21 33 4732 30
internal_value=-2.36364e-05 0.000325984 -0.000317175 -0.00357285 0.00238051 0.00452873 0.000179644 0.00277734 0.0192801 -0.00182104 0.00163024 0.0302238 0.00978072 -0.0174644 0.0316775 0.0789851 0.0390868 0.00497175 0.00294176 0.00630493 0.0694533 0.0237967 0.0106105 0.054957 -0.00944278 0.0256534 0.0802831 -0.00158885 -0.000686905 0.000153769
internal_weight=19874.3 17743.1 13513 1707.67 4230.17 2140.68 2089.49 1182.84 76.8744 28.4502 1105.96 22.6516 23.734 12.0759 48.4242 6.91493 4.65145 2095.4 1410 809.267 6.68564 41.5093 29.1667 12.3425 462.767 12.8725 4.79232 600.735 582.407 11805.3
internal_count=193560 170281 132766 44245 37515 19159 18356 9706 638 240 9068 146 205 99 398 82 51 18736 11875 6733 41 316 226 90 16085 162 63 5142 4765 88521
is_linear=0
shrinkage=0.05


Tree=94
num_leaves=31
num_cat=0
split_feature=6 8 1 0 5 2 3 4 8 4 3 2 5 2 7 5 8 4 3 8 4 4 3 8 1 2 1 7 4 3
split_gain=7.62556 6.85814 6.41976 6.07807 6.37188 8.45727 6.21815 6.1025 6.33807 5.90496 5.7136 6.9198 6.18911 6.31603 5.61976 7.67993 6.53356 5.9343 10.1725 9.19058 8.87431 8.50639 10.4492 8.41082 10.3665 7.78207 6.97818 6.19675 6.0284 7.96221
threshold=5.5000000000000009 -0.28499999999999998 3.3350000000000004 1.5000000000000002 7.0050000000000008 7.0550000000000006 50.115000000000002 44.415000000000006 0.20500000000000004 26.685000000000006 45.250000000000007 8.1650000000000009 6.705000000000001 7.3650000000000011 1.0000000180025095e-35 6.535000000000001 0.28500000000000009 27.295000000000005 34.645000000000003 0.115 26.375000000000004 53.035000000000004 14.010000000000002 0.115 6.6150000000000011 4.7750000000000012 5.6750000000000007 -1.0000000180025095e-35 53.035000000000004 55.215000000000011
decision_type=10 8 2 2 10 2 2 2 10 2 2 2 10 2 10 10 10 2 2 8 2 2 2 10 2 2 2 10 2 2
left_child=1 -1 -2 14 -5 6 -6 8 -7 -8 12 -12 13 -4 16 -16 17 19 21 25 -21 -19 26 -24 27 -3 -23 -25 29 -20
right_child=2 3 10 4 5 7 9 -9 -10 -11 11 -13 -14 -15 15 -17 -18 18 28 20 -22 22 23 24 -26 -27 -28 -29 -30 -31
leaf_value=-0.069203629807733744 -0.017912579161354716 -0.0043780626951473219 0.01509892738540012 -0.00061101209028317912 0.0023665764949807357 0.014973716711924595 -0.015382906830272389 0.098851487414720274 0.086162192754271366 0.060527184550924179 0.0058766640572365733 0.084847386813198145 -0.0038537309134567123 -0.052266346118565281 0.049732474221575305 -0.0074990496848474798 -0.0079985814714363824 -0.0013111235075753489 0.003491763167189613 0.0085114211707360173 0.030965627770700319 -0.044734630449545863 0.042787690688206342 -0.026775271245840445 -0.065974893042926683 0.0054367163564522179 0.017656282769588909 0.04289133868919278 -0.014952215483057626 0.020105212001940691
leaf_weight=3.548882728908211 69.798842155840248 298.50032648444176 64.846025369130075 10913.969652667176 300.66890311706811 25.181214650161571 3.6117472010664633 2.9913257844746104 3.5698947627097359 8.8132831100374442 128.6507983179763 2.8350990861654273 1637.3546669245698 3.6767479106783858 6.0139831006526938 231.55475488305092 166.42332190275192 2607.3389112651348 2176.4322682321072 351.96217507123947 50.290018364787102 9.9062154740095156 33.260492518544197 4.6307682245969781 4.4162198305129996 624.49461595714092 8.1843449175357801 10.273028835654259 42.561918303370476 74.591419845819473
leaf_count=34 2308 1302 822 131143 4202 219 46 21 30 105 1522 23 23181 40 26 1022 735 11558 9766 1559 223 42 151 20 22 2825 37 45 193 338
internal_value=-2.28561e-05 0.000296301 -0.00302894 0.000310035 -0.000399579 0.00629221 0.00379899 0.0308843 0.0238129 0.0384614 -0.00246353 0.00757943 -0.00323762 0.0114843 0.00150233 -0.00605025 0.00177994 0.00203839 0.0012459 0.00501137 0.0113187 -0.000847187 0.0162693 0.0275466 0.00130819 0.00226258 -0.0165084 0.0212452 0.0036898 0.00404228
internal_weight=19870.4 17963.2 1907.16 17959.6 11258.8 344.836 313.094 31.7424 28.7511 12.425 1837.36 131.486 1705.88 68.5228 6700.83 237.569 6463.27 6296.84 4971.6 1325.25 402.252 2678.01 70.6711 52.5805 19.32 922.995 18.0906 14.9038 2293.59 2251.02
internal_count=193560 165664 27896 165630 135766 4623 4353 270 249 151 25588 1545 24043 862 29864 1048 28816 28081 22172 5909 1782 11875 317 238 87 4127 79 65 10297 10104
is_linear=0
shrinkage=0.05


Tree=95
num_leaves=31
num_cat=0
split_feature=1 5 0 4 4 6 1 0 7 2 2 8 2 5 4 8 5 3 8 5 8 2 2 3 3 4 0 2 8 2
split_gain=7.34361 7.2779 7.2871 6.71795 7.83554 6.60906 6.55267 6.22413 7.89734 6.12976 5.60939 5.29069 8.4876 7.84212 5.40446 5.14994 6.46742 5.10825 5.09844 5.03161 6.3555 6.35509 6.94626 6.85993 9.1651 5.85629 5.38845 4.9759 5.69042 5.21395
threshold=3.6150000000000007 6.6050000000000013 5.5000000000000009 39.540000000000006 44.415000000000006 1.5000000000000002 1.5650000000000002 3.5000000000000004 0.75000000000000011 1.385 5.9050000000000011 0.20500000000000004 8.2250000000000032 6.8150000000000004 46.695000000000007 0.50500000000000012 6.9250000000000007 36.95000000000001 0.24500000000000002 6.6250000000000009 0.085000000000000006 7.1650000000000009 7.0050000000000008 43.235000000000007 40.355000000000011 30.365000000000006 4.5000000000000009 7.455000000000001 0.015000000000000001 4.9350000000000014
decision_type=2 10 2 2 2 10 2 2 10 2 2 8 2 10 2 10 8 2 10 8 10 2 2 2 2 2 2 2 10 2
left_child=1 3 6 9 -5 17 18 15 11 -1 -4 -9 14 -14 -13 -7 -17 -2 -3 20 27 22 23 24 -22 -26 -25 29 -29 -19
right_child=5 2 10 4 -6 7 -8 8 -10 -11 -12 12 13 -15 -16 16 -18 19 -20 -21 21 -23 -24 26 25 -27 -28 28 -30 -31
leaf_value=-0.029859981304382461 0.00044125562344918658 0.012565611784850031 -0.027232247521126598 0.11592898392489236 -0.023793889808722171 0.00031352559931468706 -0.0060902924406114212 -0.0017025715354222178 0.017956128152160796 0.026585231716459136 0.27641664865192511 -0.0072288597980168711 0.010943842868791007 0.16322422345143936 -0.035022399925626668 -0.051016671488191181 0.039058871382932889 0.015521728464489175 -0.03178301393901798 0.0027448278485467498 0.023436473799984196 -0.017789531769619844 0.092777776611819268 0.047074315238748332 0.034337838900484308 -0.033855668874384418 -0.016242113772631604 -0.00086218000753980931 0.06863514861855724 -0.0055345410163154564
leaf_weight=6.9424315141514006 2957.3523027673364 76.173167800530791 40.767264932394028 3.3733454430475822 1.4282248821109531 10214.717128600925 662.23224069736898 3456.6072353995405 48.598818542435765 15.657813663594423 0.15266361460089584 369.44907391211018 2.230226824060082 1.361613458022475 18.359773870091885 9.5958478152751887 2.5150785408914098 42.364007802680135 7.0832582116127005 1707.1267696367577 44.345022516325116 10.367380999028681 3.4772743172943583 28.381827317178249 4.0483644772321012 14.160669583827255 3.811510205268859 5.7483573257923108 6.0405944250524044 96.071715425699949
leaf_count=121 20627 1236 5324 45 22 71329 10891 61874 716 183 16 7269 29 21 372 85 21 311 173 11579 267 60 19 155 30 91 55 35 37 567
internal_value=-2.18483e-05 -0.00467319 -0.00555581 0.0206574 0.0743685 0.00017689 -0.00442817 -0.000373015 -0.00207348 0.00924617 -0.0260994 -0.00232644 -0.00783607 0.0686711 -0.00854467 0.000274891 -0.0323107 0.0017544 0.00879254 0.00372975 0.0102262 0.0194417 0.0233714 0.0208241 0.0111725 -0.0186944 0.039578 0.0035646 0.0347479 0.000909085
internal_weight=19860.5 813.81 786.409 27.4018 4.80157 19046.7 745.489 14123.4 3896.61 22.6002 40.9199 3848.01 391.401 3.59184 387.809 10226.8 12.1109 4923.3 83.2564 1965.94 258.817 108.592 98.2247 94.7474 62.5541 18.209 32.1933 150.225 11.789 138.436
internal_count=193560 18011 17640 371 67 175549 12300 141716 70281 304 5340 69565 7691 50 7641 71435 106 33833 1409 13206 1627 677 617 598 388 121 210 950 72 878
is_linear=0
shrinkage=0.05


Tree=96
num_leaves=31
num_cat=0
split_feature=1 3 5 3 0 7 3 8 2 4 1 2 3 3 4 4 5 2 8 4 0 3 7 1 2 2 5 5 1 3
split_gain=7.11473 9.05491 10.5452 9.71661 8.62978 7.70342 7.45004 8.30458 7.40262 10.5579 10.7013 7.37133 9.61904 7.06024 7.45502 9.83005 7.69982 6.796 6.76882 9.11351 7.57448 6.58168 6.5621 6.32375 6.28108 12.5132 15.956 9.5167 7.90502 6.27006
threshold=6.5150000000000006 54.230000000000011 6.995000000000001 39.615000000000002 5.5000000000000009 1.0000000180025095e-35 52.645000000000003 0.085000000000000006 4.205000000000001 36.735000000000007 6.7250000000000005 7.5450000000000008 20.075000000000003 29.275000000000002 22.685000000000006 25.055000000000003 6.7350000000000012 2.1750000000000003 0.32500000000000007 47.080000000000005 2.5000000000000004 53.375000000000007 -1.0000000180025095e-35 5.6950000000000012 6.6550000000000011 6.5850000000000009 7.0050000000000008 6.8050000000000006 4.205000000000001 40.225000000000001
decision_type=2 2 8 2 2 8 2 10 2 2 2 2 2 2 2 2 10 2 10 2 2 2 10 2 2 2 8 10 2 2
left_child=4 3 -3 -2 13 6 11 -8 9 10 22 -6 -13 14 16 17 -1 -16 -17 -20 -21 -9 -5 -18 25 -15 27 -27 -26 -10
right_child=1 2 -4 8 5 -7 7 21 29 -11 -12 12 -14 24 15 18 23 -19 19 20 -22 -23 -24 -25 28 26 -28 -29 -30 -31
leaf_value=-0.0074915714328701649 0.00082536981219849363 -0.015691727969664403 0.065186229055093137 0.11615565826717025 -0.012438663587207351 0.0063886232341715671 0.064310267329395696 0.15311958403832712 0.017821455232774893 0.00035579784172250483 0.019315344356797229 0.20010078072858178 0.01745834038233109 0.00018795424339525669 -0.039597378588049376 -0.0021383744457845353 0.0006513232209660111 -0.010666666099549551 -0.02527505737244401 0.13366323518863657 -0.0010404968680008421 -0.040036768603099425 0.046450874146431585 0.0099470031551055025 -0.046505138878567366 -0.0077580956191966189 0.077640569673161824 -0.036845695246225461 0.0043870441990402761 0.0039786707944658092
leaf_weight=178.99242961034179 3176.5747478138655 103.29533881321549 4.1938907057046881 5.7455095443874589 368.83074121223763 86.070907769724727 6.9039570232853276 0.48991696117445815 90.943588133901358 29.040355768986046 22.252037655562162 0.79291036818176319 7.9365635542199016 9502.3219929095358 23.233142673969269 3214.779809191823 509.91281458549201 160.73245834931731 52.826418707147241 1.6626064926385868 2.8030286524444818 4.4187704566866159 8.1885426156222803 285.33918788656592 7.6854578461498013 69.698308665305376 4.3865961059927931 47.13712440431118 1062.815237486735 813.8120546117425
leaf_count=1461 24336 732 32 38 23783 2360 323 34 654 211 155 25 262 84575 260 30156 5495 1484 647 13 47 244 58 2082 86 481 39 344 7340 5803
internal_value=-2.10904e-05 0.00179144 -0.0125361 0.00216285 -0.000515366 -0.0071482 -0.0101405 0.0289603 0.00654292 0.0228109 0.0408318 -0.0113639 0.034048 -0.000306858 -0.00198526 -0.00307425 0.00187782 -0.0143203 -0.00244196 -0.019477 0.0491112 -0.0207586 0.0751927 0.00398665 0.000388465 -1.56851e-05 -0.0159785 -0.0194935 0.00402167 0.00537011
internal_weight=19853.8 4254.05 107.489 4146.56 15599.8 475.444 389.373 11.8126 969.982 65.2264 36.1861 377.56 8.72947 15124.3 4430.28 3456.04 974.244 183.966 3272.07 57.2921 4.46564 4.90869 13.9341 795.252 10694 9623.54 121.222 116.835 1070.5 904.756
internal_count=193560 32019 764 31255 161541 27031 24671 601 6919 462 251 24070 287 134510 41645 32607 9038 1744 30863 707 60 278 96 7577 92865 85439 864 825 7426 6457
is_linear=0
shrinkage=0.05


Tree=97
num_leaves=31
num_cat=0
split_feature=8 8 6 1 5 0 2 1 4 8 3 2 3 3 3 8 4 5 8 4 0 6 3 8 1 6 8 2 3 1
split_gain=6.84212 6.78079 7.92524 6.43778 9.70836 7.00808 6.95437 9.70126 6.93028 11.298 7.99197 7.52469 6.82774 7.59471 6.47088 7.3905 6.26787 9.47473 8.14579 6.999 7.70909 6.45569 10.1178 8.52715 6.98105 14.447 6.141 5.98396 7.52819 8.25292
threshold=-0.28499999999999998 0.20500000000000004 2.5000000000000004 7.2250000000000005 6.9250000000000007 3.5000000000000004 5.1350000000000007 7.8750000000000009 30.750000000000004 0.085000000000000006 36.495000000000012 6.9750000000000005 22.185000000000002 30.020000000000003 30.915000000000003 0.045000000000000005 40.32500000000001 7.245000000000001 -0.16499999999999998 29.375000000000004 4.5000000000000009 4.5000000000000009 17.535000000000004 -0.024999999999999998 3.6550000000000007 5.5000000000000009 -0.074999999999999997 6.8650000000000011 37.655000000000008 6.1450000000000005
decision_type=8 10 10 2 10 2 2 2 2 8 2 2 2 2 2 10 2 8 10 2 2 10 2 8 2 10 10 2 2 2
left_child=-1 2 -2 16 6 12 7 26 9 11 14 -7 -6 -14 15 -10 19 18 -18 -4 27 -20 23 -23 25 -25 -5 28 29 -21
right_child=1 -3 3 4 5 8 -8 -9 10 -11 -12 -13 13 -15 -16 -17 17 -19 21 20 -22 22 -24 24 -26 -27 -28 -29 -30 -31
leaf_value=-0.066923320363857827 0.001450183258905109 -0.0026779645525129908 0.0005817207815400706 0.040818205680903254 -0.043050464305457121 -0.024563968543046384 0.0049205322668571319 0.075181365537740547 0.10472087680430775 0.22141621938427469 0.095651067228439593 0.12155478816881929 0.068104811454168676 0.0074819566188697147 -0.055512122753902909 -0.030322331140178474 0.058100701122669421 0.061174967660122419 0.0044302858068118031 -0.0040774018800258964 -0.0074757210760343813 -0.042102486522862248 -0.0046076097129189534 0.22172196718934858 0.022526887566381514 -0.052004104195469573 -0.039892803817787481 -0.0067827022921586782 0.0023695656573207184 0.0022978540903777728
leaf_weight=3.8208316578529775 8211.9534024246968 2122.9274366698228 2680.593244063668 2.6442485600709977 4.5493804812431362 1.6108215954154723 295.73519770056009 2.3541720099747172 2.1796716004610044 1.438768872991204 3.2930817827582359 1.9448950253427026 6.9708811715245274 19.956552997231483 2.9269334711134434 1.8930473644286392 6.4120136899873605 6.7692187745124093 819.55620822031051 2075.1488973908126 693.29835798684508 4.9710953249596059 506.69012525165454 1.2638004794716828 39.418274961877614 0.77927700290456403 21.676085134968162 529.99641298875213 1104.7486239075661 672.03286309540272
leaf_count=39 63129 23279 30513 21 26 25 2431 19 32 20 43 21 41 116 42 26 66 67 8235 19583 20817 66 6691 29 505 25 188 3652 9073 4740
internal_value=-2.0451e-05 -7.57041e-06 0.000312303 -0.000670177 0.00580313 0.0270931 0.00271511 -0.021736 0.0548675 0.103196 0.0314165 0.0553596 0.013604 0.0231758 0.00119652 0.0419512 -0.000931592 0.00216562 0.00187598 -0.00148502 -0.00257662 0.00161334 -0.0025605 0.0197785 0.0271978 0.117317 -0.0311174 -0.00180149 -0.00111612 -0.00251785
internal_weight=19849.6 19845.7 17722.8 9510.85 369.174 46.764 322.41 26.6745 15.2872 4.99449 10.2927 3.55572 31.4768 26.9274 6.99965 4.07272 9141.68 1385.86 1379.09 7755.82 5075.23 1372.68 553.123 46.4324 41.4614 2.04308 24.3203 4381.93 3851.93 2747.18
internal_count=193560 193521 170242 107113 3051 392 2659 228 209 66 143 46 183 157 100 58 104062 15684 15617 88378 57865 15551 7316 625 559 54 209 37048 33396 24323
is_linear=0
shrinkage=0.05


Tree=98
num_leaves=31
num_cat=0
split_feature=8 0 7 1 8 5 3 8 1 2 5 2 4 2 8 1 1 8 2 7 3 3 4 6 3 1 5 4 1 4
split_gain=6.42179 6.374 6.53404 6.9964 6.48603 7.19311 6.74151 6.27899 5.89004 8.8407 9.58158 8.81763 7.64943 6.89861 6.46048 6.41943 10.3456 13.487 8.50467 9.13833 10.2042 7.42388 7.06962 6.94354 6.4523 6.3453 6.03399 6.5633 5.84295 10.3094
threshold=-0.28499999999999998 1.5000000000000002 -1.0000000180025095e-35 2.7350000000000008 -0.044999999999999991 6.5850000000000009 39.015000000000008 -0.024999999999999998 6.955000000000001 7.3950000000000005 7.0450000000000008 6.0950000000000006 44.245000000000012 8.7700000000000014 -0.034999999999999996 6.7550000000000008 6.6550000000000011 0.12500000000000003 7.4850000000000012 1.0000000180025095e-35 28.895000000000003 40.920000000000009 34.57500000000001 1.5000000000000002 44.690000000000005 6.5850000000000009 7.0250000000000012 47.480000000000011 1.7050000000000003 25.940000000000001
decision_type=8 2 8 2 10 8 2 10 2 2 8 2 2 2 10 2 2 8 2 10 2 2 2 10 2 2 8 2 2 2
left_child=-1 -2 3 -3 28 6 7 -6 9 -7 13 -10 14 15 -13 16 18 21 25 24 -21 22 -18 -22 -20 -11 27 -14 29 -4
right_child=1 2 4 -5 5 8 -8 -9 11 10 -12 12 26 -15 -16 -17 17 -19 19 20 23 -23 -24 -25 -26 -27 -28 -29 -30 -31
leaf_value=-0.066054062528029658 0.0011748071777974755 -0.013881689279887435 0.18132297895582264 -0.0016557728986317036 0.082853706870358729 -0.0013310756672978606 -0.0060792211618995035 0.01698118567315075 0.015903620518462037 0.026166594576937888 0.067212203964435543 -0.036309778164310851 -0.04487525009942997 -0.034822963686094478 0.0043506422057943963 -0.0049278441016352096 0.10147313107198806 -0.017373541796191293 -0.0058296092546908295 -0.043352264450732828 0.0080002514157636855 0.13058112573408578 0.015353941463444857 0.094612454519308248 0.036042877718274864 0.11193432018752539 0.060436568164376397 -0.006325870306537907 0.0047390960493196993 0.018678972830354548
leaf_weight=3.6811018474400043 7238.8600728735328 119.44405243545771 1.2731794766150404 5760.8731577298604 3.7936284672468892 5131.7546273511834 35.410547741688788 77.96607122104615 129.59943974204361 27.550233379006389 6.7148172967135897 10.014451922848819 18.317283719778061 9.6227978970855457 398.97445803135633 65.366255225613713 4.0294681563973409 5.6721287798136499 95.866438195109367 2.7356506511569014 3.5005457475781423 4.1021354831755152 5.8324167151004076 6.8267261311411858 10.176859699189661 2.3396042399108401 2.3536689057946196 27.797601759433746 630.26704054232687 4.1506047556176782
leaf_count=39 32301 4211 33 72722 31 68647 285 677 1058 244 56 87 156 90 3274 535 40 48 918 29 28 32 51 52 85 25 15 225 7425 141
internal_value=-1.98931e-05 -7.64191e-06 -0.000686849 -0.00190411 0.000377996 -0.000123948 0.0121448 0.0200377 -0.000364774 -0.0008835 0.00829156 0.00439086 0.00112925 0.00666756 0.00335504 0.00837379 0.0135299 0.0476443 0.00903392 0.00304973 0.0425098 0.0740542 0.0505414 0.0652543 -0.00181115 0.03288 -0.0176525 -0.0216381 0.00518378 0.056858
internal_weight=19844.9 19841.2 12602.3 5880.32 6722.01 6086.32 117.17 81.7597 5969.15 5382.09 250.336 587.057 457.457 243.621 408.989 233.998 168.632 19.6361 148.996 119.106 13.0629 13.964 9.86188 10.3273 106.043 29.8898 48.4686 46.1149 635.691 5.42378
internal_count=193560 193521 161220 76933 84287 76688 993 708 75695 70880 2233 4815 3757 2177 3361 2087 1552 171 1381 1112 109 123 91 80 1003 269 396 381 7599 174
is_linear=0
shrinkage=0.05


Tree=99
num_leaves=31
num_cat=0
split_feature=6 0 8 2 8 8 2 8 4 1 1 1 1 3 3 2 6 5 3 4 2 1 3 3 3 4 8 1 7 5
split_gain=6.24952 5.92083 5.67378 5.66216 5.517 5.31441 5.7434 10.5378 6.89448 11.0823 8.39237 7.6535 7.56886 7.20476 6.20266 8.11115 6.11896 7.65327 17.4261 7.47155 5.9989 11.0386 6.6657 14.1085 8.75255 8.45945 8.29436 8.34899 7.66967 6.88841
threshold=5.5000000000000009 5.5000000000000009 -0.28499999999999998 5.0050000000000008 0.84500000000000008 0.28500000000000009 6.7350000000000012 0.21500000000000002 28.010000000000002 6.0850000000000009 4.3650000000000011 6.2150000000000007 5.6750000000000007 14.010000000000002 53.375000000000007 7.4150000000000009 2.5000000000000004 6.745000000000001 8.4200000000000017 34.140000000000008 6.5850000000000009 4.3650000000000011 39.015000000000008 39.235000000000007 32.250000000000007 38.480000000000011 0.015000000000000001 5.4050000000000011 0.75000000000000011 7.0250000000000012
decision_type=10 2 8 2 8 10 2 10 2 2 2 2 2 2 2 2 8 10 2 2 2 2 2 2 2 2 10 2 10 8
left_child=2 -2 -1 -3 5 6 20 8 11 10 -10 12 -8 -14 -12 -16 -11 18 -18 -20 -4 -22 24 -24 26 -26 -23 -28 -29 -25
right_child=1 3 4 -5 -6 -7 7 -9 9 16 14 -13 13 -15 15 -17 17 -19 19 -21 21 22 23 29 25 -27 27 28 -30 -31
leaf_value=-0.06641283353153081 -0.0022175495077778225 -0.036355661770712595 0.00022510181781643229 -0.0061185456579948517 0.062866767221753161 -0.0045433246357342505 0.012770680711572819 0.015909004016579156 -0.042303881544300398 0.0016198674068919582 0.0085817602058461048 0.0097730193620338066 -0.044385701610139799 -0.0056217401837352354 0.02089624427244783 0.10606658545873962 0.1054118585204879 -0.0009703422393513724 -0.021829469814070648 -0.0049046277833956712 0.082801467882548066 0.010393838052282703 0.094938994629553852 -0.00047263955340574447 -0.022602171954844243 0.0027333657098349471 0.036178194364557645 -0.012646511291713772 0.065842776065672959 0.077792203607409793
leaf_weight=3.1894550919532776 1831.6516204643995 24.766255704220384 13736.252627901733 41.302616361528635 3.5205367747694245 555.94458342855796 51.045329626183957 137.91465632431209 7.8165559107437721 1046.2543591018766 310.8286413224414 453.14749956130981 13.782445583492516 92.004838591441512 11.857455642893909 3.6577220074832431 3.1706240437924853 616.45008475147188 118.42382290400565 145.11089948192239 3.5778982359915963 83.605910209007561 4.0806776322424403 166.04965079948306 143.40862176287919 42.774741110391915 9.8309362642467004 168.72605655528605 3.170897562056779 2.8598412424325934
leaf_count=34 22242 3050 132390 2604 28 6210 434 1027 92 6804 2421 3245 110 683 85 23 25 5158 964 1153 39 639 28 1211 1102 320 93 1298 25 23
internal_value=-1.93659e-05 -0.00274797 0.000269295 -0.0174531 0.000281153 0.000268866 0.000422833 0.00240818 0.00176021 0.000488842 0.0088955 0.00647813 -0.00304202 -0.0106721 0.0101218 0.0409753 -0.000967134 -0.0040319 -0.0111082 -0.0125101 6.60852e-06 -0.00477185 -0.00527357 0.00307189 -0.00847098 -0.0167815 -0.00263956 -0.00863571 -0.0111987 0.000852479
internal_weight=19836.2 1897.72 17938.5 66.0689 17935.3 17931.7 17375.8 3011.46 2873.55 2263.57 334.16 609.98 156.833 105.787 326.344 15.5152 1929.41 883.155 266.705 263.535 14364.3 628.085 624.507 172.99 451.517 186.183 265.334 181.728 171.897 168.909
internal_count=193560 27896 165664 5654 165630 165602 159392 22224 21197 16725 2621 4472 1227 793 2529 108 14104 7300 2142 2117 137168 4778 4739 1262 3477 1422 2055 1416 1323 1234
is_linear=0
shrinkage=0.05


Tree=100
num_leaves=31
num_cat=0
split_feature=1 5 0 1 1 7 0 2 4 4 8 2 5 5 1 1 3 1 4 1 5 2 2 5 5 4 2 4 8 1
split_gain=6.05684 6.34111 6.50104 6.08216 5.79379 7.71828 5.30137 5.41898 6.56842 10.2311 8.6793 6.38955 8.94325 10.1492 7.86325 7.14237 6.89234 5.94077 5.86729 5.79164 5.53782 5.18315 5.07368 6.90688 7.89566 6.45745 5.21019 9.12389 14.7007 10.9879
threshold=3.6150000000000007 6.6050000000000013 5.5000000000000009 1.5650000000000002 3.5150000000000001 -1.0000000180025095e-35 2.5000000000000004 6.6950000000000012 29.655000000000005 32.845000000000006 0.26500000000000007 6.5850000000000009 6.7650000000000006 6.9750000000000005 5.6250000000000009 6.6350000000000007 30.235000000000003 5.2750000000000012 45.320000000000007 6.6650000000000009 6.7350000000000012 6.0050000000000008 1.4750000000000003 6.7350000000000012 6.785000000000001 46.695000000000007 1.0000000180025095e-35 27.090000000000003 -0.024999999999999998 1.4450000000000001
decision_type=2 10 2 2 2 10 2 2 2 2 10 2 10 10 2 2 2 2 2 2 10 2 2 10 8 2 2 2 8 2
left_child=1 4 3 22 5 -1 7 11 10 -10 -9 -2 14 -14 17 16 -15 -13 19 20 -16 -4 25 -24 -25 26 27 28 -3 -29
right_child=6 2 21 -5 -6 -7 -8 8 9 -11 -12 12 13 15 18 -17 -18 -19 -20 -21 -22 -23 23 24 -26 -27 -28 29 -30 -31
leaf_value=-0.015070139607819803 0.00061229607629433415 0.23507356444344785 -0.026133845956748499 -0.0056611485296621453 0.086779618984185528 0.040633863667185736 -0.00076709198257064769 0.0090991546704575019 -0.0060363722921493264 0.0039495462226534382 -0.025989814265907046 0.0015713632420941666 -0.020713697679886456 -0.0018244326263567334 -0.023568229889081766 -0.023318243561900362 0.0816904307864844 0.069490707177509298 0.056325611962398207 0.010580046020405326 0.012604341063954276 0.25748194590694368 -0.030120936337532829 0.11654105354367768 0.027460625120531958 0.066702434555328441 -0.01716307877217485 -0.017177290610892532 0.032454806192772752 0.064246057949534738
leaf_weight=13.038472134154294 8349.1818169504404 1.0403551310300825 38.959429972572252 657.11749110743403 2.8477007932960978 11.88867424055934 8503.9922203482129 530.84431244432926 341.55292722582817 1030.0301534086466 18.228290561586618 5.7633388414978963 124.03113560378551 4.2368048653006536 42.314086854457855 5.6332064792513838 5.9257656559348106 7.2944008484482765 4.1654177904129019 38.76071647554636 14.108830809593199 0.16176055790856381 3.4275452159345177 3.3014694191515419 10.089402060955763 3.6959579903632394 28.389582064002752 21.879697207361463 6.4158142842352381 5.1113555803894988
leaf_count=184 49518 19 5328 10891 22 165 114147 2919 1864 5626 102 29 688 24 224 29 31 37 22 213 76 12 46 32 151 48 508 382 121 102
internal_value=-1.86983e-05 -0.00426034 -0.00509673 -0.00404724 0.0192157 0.0114972 0.000161294 0.000911621 0.00331288 0.00146284 0.00793426 0.000375432 -0.00746501 -0.0159065 0.00303561 0.0218408 0.0468728 0.0395129 -0.00175871 -0.00430059 -0.0145231 -0.0249611 0.0086764 0.0332122 0.0494231 0.00247414 -0.00130366 0.0117668 0.0607261 -0.00175797
internal_weight=19833.4 807.365 779.59 740.469 27.7748 24.9271 19026.1 10522.1 1920.66 1371.58 549.073 8601.42 252.234 139.827 112.407 15.7958 10.1626 13.0577 99.3491 95.1836 56.4229 39.1212 83.3512 16.8184 13.3909 66.5328 62.8368 34.4472 7.45617 26.9911
internal_count=193560 18011 17640 12300 371 349 175549 61402 10511 7490 3021 50891 1373 772 601 84 55 66 535 513 300 5340 1409 229 183 1180 1132 624 140 484
is_linear=0
shrinkage=0.05


Tree=101
num_leaves=31
num_cat=0
split_feature=8 3 1 1 4 3 8 5 2 1 2 4 2 2 7 3 7 1 3 3 4 3 3 2 5 2 2 8 4 1
split_gain=5.82624 6.84619 5.75764 6.07651 7.55191 6.34599 5.53096 5.72062 8.44654 5.40533 7.57198 5.75925 5.4595 6.82528 7.3686 11.1565 11.1428 9.77333 8.13114 10.1348 8.14282 6.40664 8.11806 9.43266 7.67646 10.0003 6.83464 6.16527 5.7235 5.46829
threshold=0.20500000000000004 37.745000000000012 7.6550000000000011 8.0050000000000008 32.010000000000012 42.735000000000007 0.18500000000000003 6.9850000000000012 4.9850000000000012 4.6650000000000009 6.9750000000000005 42.895000000000003 4.0550000000000006 4.1450000000000005 -1.0000000180025095e-35 34.725000000000001 1.0000000180025095e-35 3.6950000000000007 32.395000000000003 25.060000000000006 35.465000000000011 21.270000000000007 22.185000000000002 4.5650000000000004 6.8850000000000007 4.6550000000000011 6.6950000000000012 1.0000000180025095e-35 70.295000000000016 4.2650000000000006
decision_type=10 2 2 2 2 2 10 8 2 2 2 2 2 2 10 2 10 2 2 2 2 2 2 2 10 2 2 8 2 2
left_child=1 9 6 4 5 -4 -3 -8 -9 10 12 -12 -1 14 17 16 -16 -14 19 -19 27 26 23 -23 25 -25 28 -20 -15 -24
right_child=-2 2 3 -5 -6 -7 7 8 -10 -11 11 -13 13 21 15 -17 -18 18 20 -21 -22 22 29 24 -26 -27 -28 -29 -30 -31
leaf_value=-0.0045938119860558374 -0.0024972335966857153 0.0012818022831677985 0.10936463916947683 -0.011617793302238014 0.01400828900670115 0.032958426128021696 0.0084572443908599356 0.11105194126875378 0.0044125974849306112 0.00014438441801466849 -0.061464921276697962 0.020588880790165087 -0.058311401987226091 -0.011246724508142269 0.037397639279983186 -0.034074432178464543 0.17899352738116836 0.033549534068019818 0.12039667114662866 -0.035180945738138091 -0.0064111415670727286 -0.021892758762781989 0.0044324521420013785 0.14678387541607715 0.15249040646454792 0.018558874782131959 0.094792981778548391 0.038059116181245779 0.078855841655449177 -0.0033905813980165526
leaf_weight=1249.7625209274702 2116.7870856202208 5267.8510563236196 4.2011219542473537 14.425033517181872 36.116960911080241 7.6956688798964024 163.89774399576709 3.4206233778968445 4.0618437528610229 9766.075648214668 9.1270216549746674 2.7928772699087849 5.9708278626203528 178.43591026868671 26.557039662729952 5.3361989939585319 1.4661230240017165 8.5491184247657674 3.2290384313091645 14.394655953161417 7.086273073218762 5.1294670444913235 409.98963424144313 1.8609088854864229 1.8596148886717845 8.3142994861118478 1.5587622309103597 7.682872351258994 1.7800756320357312 490.7685629222542
leaf_count=21251 23279 47354 29 97 239 52 1574 50 33 84517 113 32 108 2296 371 78 21 99 36 188 95 80 5536 21 29 101 22 88 29 5742
internal_value=-1.80548e-05 0.000278279 0.00174269 0.0168396 0.0253891 0.0599398 0.00156939 0.0104091 0.053163 -0.000381688 -0.00248586 -0.0422394 -0.00229084 0.000148351 0.0142234 0.0321879 0.0448057 0.00144889 0.0101641 -0.00957117 0.0353223 -0.000879052 0.000819241 0.0348823 0.059081 0.0420095 -0.00945506 0.0624243 -0.0103567 0.000170155
internal_weight=19826.2 17709.4 5501.67 62.4388 48.0138 11.8968 5439.23 171.38 7.48247 12207.7 2441.65 11.9199 2429.73 1179.97 80.2721 33.3594 28.0232 46.9128 40.942 22.9438 17.9982 1099.7 917.922 17.1643 12.0348 10.1752 181.775 10.9119 180.216 900.758
internal_count=193560 170281 49428 417 320 81 49011 1657 83 120853 36336 145 36191 14940 1084 470 392 614 506 287 219 13856 11509 231 151 122 2347 124 2325 11278
is_linear=0
shrinkage=0.05


Tree=102
num_leaves=31
num_cat=0
split_feature=0 1 8 5 8 1 1 4 4 4 3 1 8 8 1 4 4 4 3 5 5 5 5 2 4 2 5 1 1 5
split_gain=5.78557 8.05049 5.52076 5.41632 6.72899 7.44716 5.17758 13.3832 11.5578 11.5093 5.13216 8.77814 8.46892 14.7583 7.83112 7.48599 9.31143 8.832 7.1691 6.45308 7.05761 8.26466 8.18233 8.98425 6.36651 7.14515 6.43149 6.27915 9.55269 13.7737
threshold=5.5000000000000009 2.9050000000000007 -0.28499999999999998 6.785000000000001 0.20500000000000004 4.8650000000000011 3.4050000000000007 35.465000000000011 37.965000000000011 47.080000000000005 29.275000000000002 6.7950000000000008 0.21500000000000002 0.22500000000000003 6.7350000000000012 22.685000000000006 38.125000000000007 37.375000000000007 17.535000000000004 6.8350000000000009 6.5850000000000009 6.6050000000000013 6.6350000000000007 7.245000000000001 25.055000000000003 2.8850000000000002 7.0750000000000011 4.8050000000000006 4.8450000000000006 6.7650000000000006
decision_type=2 2 8 10 10 2 2 2 2 2 2 2 8 10 2 2 2 2 2 10 10 10 10 2 2 2 10 2 2 8
left_child=2 -2 -1 6 5 -5 7 -3 -9 -10 11 14 19 -14 15 18 17 24 27 20 -13 -22 23 -23 25 -17 -26 -4 29 -29
right_child=1 3 10 4 -6 -7 -8 8 9 -11 -12 12 13 -15 -16 16 -18 -19 -20 -21 21 22 -24 -25 26 -27 -28 28 -30 -31
leaf_value=-0.065199198176488699 -0.030152854191849709 -0.022322367900372488 -0.0023686731741315034 -0.025649499677441769 -0.031131027120034672 -0.0021006175113476499 0.00011777751127048157 0.39556113987250097 -0.050771403811721377 0.36482079856003313 0.00067291655758350548 0.049927032755640713 0.098138619603248017 0.014025949750174261 -0.015844832846345691 -0.035056668638079429 0.0013106484817351637 -0.016898677802971756 -0.0034628761447855032 0.0099780354083222871 -0.074203243210071795 0.05811553806781803 -0.0028206697409951364 -0.023573263527475789 -0.0025096880486401873 -0.0082054925136311376 -0.025118514244022807 0.16791911993696634 0.0072891374808371212 0.022434708888364085
leaf_weight=3.23230866715312 29.521445507183671 1.7568401466123753 196.72391792945564 40.161097346339375 29.790892668999732 204.66053356882185 348.14678846951574 0.44705504877492763 0.54229547502472997 0.24045981373637915 13628.467580616474 6.6667039319872847 6.0582534074783316 37.466894082725048 97.838319208472967 29.142277566716075 1083.2835596203804 129.93752521462739 368.63375377655029 205.50584964081645 3.9191099256277075 11.25623754411936 346.35656948387623 4.8016734346747389 2321.0780233889818 165.34852848388255 31.88756344653666 2.2220466025173637 482.63287470117211 6.0740923918783674
leaf_count=28 4331 154 2439 4375 1787 9366 11887 25 46 15 112289 36 40 253 682 348 9907 1207 3413 1405 22 67 2347 31 21491 1480 352 17 3662 58
internal_value=-1.75515e-05 -0.00463747 0.000140378 -0.00343371 -0.00869387 -0.00596363 0.00068013 0.0662322 0.192736 0.0768971 0.000151398 -0.00113228 0.00446385 0.0257336 -0.00184054 -0.00155609 -0.00260073 -0.00418329 0.00216311 0.00286358 -0.00105616 -0.00198398 -0.001203 0.0336888 -0.00353472 -0.0122288 -0.00281608 0.00517906 0.00820357 0.0614014
internal_weight=19823.8 655.267 19168.5 625.746 274.613 244.822 351.133 2.98665 1.22981 0.782755 19165.3 5536.83 622.031 43.5251 4914.8 4816.96 3760.68 2677.39 1056.29 578.506 373 366.334 362.414 16.0579 2547.46 194.491 2352.97 687.653 490.929 8.29614
internal_count=193560 31986 161574 27655 15528 13741 12127 240 86 61 161546 49257 4201 293 45056 44374 34785 24878 9589 3908 2503 2467 2445 98 23671 1828 21843 6176 3737 75
is_linear=0
shrinkage=0.05


Tree=103
num_leaves=31
num_cat=0
split_feature=7 8 4 2 1 3 2 2 5 3 0 4 3 2 5 4 4 5 4 1 1 1 5 3 4 4 3 2 2 8
split_gain=5.72451 8.26952 8.289 10.808 7.30188 9.02399 7.87636 8.12326 9.09886 7.43177 8.03522 7.23627 7.15941 7.1514 6.65509 6.42909 7.07638 6.49943 7.08049 7.36586 6.69765 5.72573 6.13612 7.44297 6.77244 7.17736 6.73856 5.65866 6.82641 9.17312
threshold=-1.0000000180025095e-35 0.30500000000000005 49.07500000000001 4.8850000000000007 3.1750000000000003 59.470000000000006 4.535000000000001 4.7550000000000008 6.7650000000000006 34.205000000000005 1.5000000000000002 53.035000000000004 34.32500000000001 1.8350000000000002 7.2750000000000012 33.525000000000013 33.260000000000005 6.8350000000000009 40.775000000000013 3.2650000000000001 4.1450000000000005 5.3850000000000007 6.8750000000000009 22.590000000000003 47.480000000000011 44.750000000000007 29.945000000000004 8.7700000000000014 6.7350000000000012 0.10500000000000002
decision_type=8 10 2 2 2 2 2 2 10 2 2 2 2 2 8 2 2 10 2 2 2 2 10 2 2 2 2 2 2 10
left_child=1 4 -3 -4 5 6 11 8 -8 14 12 -1 -11 -13 15 16 -6 20 -19 -20 -17 -21 24 -24 25 26 -23 28 -2 -30
right_child=27 2 3 -5 9 -7 7 -9 -10 10 -12 13 -14 -15 -16 17 -18 18 19 21 -22 22 23 -25 -26 -27 -28 -29 29 -31
leaf_value=-0.015170141345052075 0.00027762720121503082 -0.013037796821466541 0.14425841077103668 -0.01722402996123016 -0.00080979791562995793 0.11469904608899731 0.010903040062166481 -0.0026047984687967768 0.15902571491102982 0.029867616436206553 -0.00068991146914237477 0.0013664050438358538 0.0032458398803452658 0.16069867073344007 0.081875131407600776 -0.012747187544222044 0.011598158055794932 -0.011908122179711433 0.11014859602829891 0.0086054851057733757 -0.0011792636368252044 -0.016212446555224448 0.0098528757355814192 -0.027729092526044521 0.041731881633609184 -0.055407461923744218 0.040624862225897319 -0.017817069657626246 0.0011828577276561214 0.0087716605804823329
leaf_weight=176.03091612551361 8409.426086331252 179.0866399067454 1.9475025390274812 2.2143255826085806 2351.8339154114947 1.4321212312206615 2.0796364108100516 7.4293055993039161 2.0674947560764849 25.637458920478821 2837.4771688100882 1.8000658228993409 1691.7652416676283 1.1568377418443558 2.3693798733875147 137.35569750890136 120.81085914606228 422.1034700893797 1.4977113627828647 83.565214990638196 1405.4753401228227 12.493843700736766 17.863251419737935 50.189378361217678 10.352522033266721 5.7474013604223719 8.9508354682475311 40.64071349427104 1218.7050873190165 591.46991639724001
leaf_count=4858 86088 2183 27 25 22770 19 26 95 40 112 33405 65 7541 27 18 1854 1178 4641 28 1113 12423 107 175 470 78 58 70 300 9224 4542
internal_value=-1.71139e-05 -0.000897371 -0.0114167 0.0583407 -0.00069181 -0.0103423 -0.011282 0.0286882 0.0847475 -0.000490094 0.000943893 -0.0138672 0.00364325 0.0637024 -0.00190063 -0.00194352 -0.000203558 -0.0039394 -0.00829589 -0.000298749 -0.00220914 -0.00117323 -0.00891169 -0.0178641 0.00731535 -0.00578765 0.00751099 0.000803131 0.000877178 0.00366248
internal_weight=19821 9560.73 183.248 4.16183 9377.49 191.996 190.564 11.5764 4.14713 9185.49 4554.88 178.988 1717.4 2.9569 4630.61 4628.24 2472.64 2155.59 612.764 190.66 1542.83 189.162 105.597 68.0526 37.5446 27.1921 21.4447 10260.2 10219.6 1810.18
internal_count=193560 93406 2235 52 91171 5130 5111 161 66 86041 41058 4950 7653 92 44983 44965 23948 21017 6740 2099 14277 2071 958 645 313 235 177 100154 99854 13766
is_linear=0
shrinkage=0.05


Tree=104
num_leaves=31
num_cat=0
split_feature=6 7 8 8 0 4 8 0 1 5 8 8 8 0 8 5 5 2 2 8 8 5 1 4 8 1 3 2 2 8
split_gain=5.37971 5.6156 6.70813 5.81267 9.21377 5.88519 9.38082 5.55577 6.32182 5.44068 6.94351 5.66281 5.43486 5.31875 5.28517 5.22331 8.97595 9.309 17.1767 9.8839 5.02227 5.01464 8.16602 8.20492 12.5248 9.43865 8.2491 6.35339 12.8647 8.19335
threshold=5.5000000000000009 1.0000000180025095e-35 0.045000000000000005 0.055000000000000007 2.5000000000000004 38.295000000000009 0.18500000000000003 5.5000000000000009 5.0650000000000004 6.8050000000000006 -0.13499999999999998 0.19500000000000003 0.095000000000000015 1.5000000000000002 -0.17499999999999996 7.1650000000000009 7.1350000000000007 5.6750000000000007 6.035000000000001 0.20500000000000004 -0.28499999999999998 6.8850000000000007 6.1950000000000012 31.165000000000003 0.075000000000000025 6.3650000000000011 36.085000000000008 6.7550000000000008 7.5450000000000008 0.025000000000000005
decision_type=10 10 10 10 2 2 10 2 2 10 10 8 10 2 10 10 8 2 2 10 8 10 2 2 10 2 2 2 2 10
left_child=20 7 -3 4 -4 15 12 9 -9 10 14 21 -7 -12 -2 16 17 -5 -19 -20 -1 -11 -23 24 -24 -26 -25 29 -29 -28
right_child=1 2 3 5 -6 6 -8 8 -10 11 13 -13 -14 -15 -16 -17 -18 18 19 -21 -22 22 23 26 25 -27 27 28 -30 -31
leaf_value=-0.064781137597819324 -0.010440878078170216 -0.01081419649726921 0.0049707913062594193 -0.017899896879022173 0.17699140159008298 0.035741733440297976 -0.00092741933535077999 -0.042311687540769888 -0.0071587975624030978 -0.0069929741211436254 0.008759022647114062 -0.013620983623497875 0.12901567785908025 -0.0022384662278141891 0.09045680620277409 -0.037180634417242536 0.14361432325211568 0.15961481403375455 -0.026438373840974628 0.10091482979047058 0.00026174892838564962 -0.0036542509511306152 -0.023357172529035377 0.0078395925437382916 0.067780035543383063 0.0025758859526496848 0.021824935279700544 -0.02096478733500701 0.080161068994368839 0.085044073918168997
leaf_weight=2.9683323171921074 1.9663691893219946 22.482403656467795 1.6037333086132997 13.685577793046841 1.5126286842860279 2.741746948566286 5.3512917449697852 18.551733508007601 41.178178898990154 476.4607106950134 157.27196648716927 146.39940214343369 3.6286762477830052 365.32087544351816 3.8177752234041682 5.6528554763644925 1.3065322316251684 2.4821692015975696 5.5833402313292027 2.0952498633414507 17920.764668639284 447.4119758438319 37.27496424689889 65.260054621845484 7.7878658547997501 19.31520976126194 9.5599431432783621 9.5622897408902627 4.6862210333347312 11.04798912629485
leaf_count=34 21 319 10 263 30 39 81 2709 2651 5703 697 2077 53 5449 38 78 18 39 65 28 165630 6070 336 589 68 172 78 81 36 98
internal_value=-1.66231e-05 -0.00255306 0.0115412 0.0225527 0.0884666 0.0177226 0.0478759 -0.0030798 -0.0180771 -0.00257174 0.00167419 -0.00438865 0.0888718 0.00107118 0.0561558 0.00624909 0.0160095 0.00901807 0.045274 0.00831238 0.000250977 -0.00314678 -0.00015194 0.00937406 -0.00455159 0.0213118 0.0183287 0.0379669 0.0122947 0.055717
internal_weight=19814.7 1891 68.1262 45.6438 3.11636 42.5274 11.7217 1822.87 59.7299 1763.14 528.377 1234.77 6.37042 522.593 5.78414 30.8057 25.1529 23.8463 10.1608 7.67859 17923.7 1088.37 611.907 164.495 64.378 27.1031 100.116 34.8564 14.2485 20.6079
internal_count=193560 27896 1023 704 40 664 173 26873 5360 21513 6205 15308 92 6146 59 491 413 395 132 93 165664 13231 7528 1458 576 240 882 293 117 176
is_linear=0
shrinkage=0.05


Tree=105
num_leaves=31
num_cat=0
split_feature=6 0 2 8 8 7 3 2 4 5 2 2 1 1 4 4 8 1 4 2 5 5 5 8 0 1 3 3 1 4
split_gain=5.16577 7.25964 8.3012 4.72442 4.72326 5.18907 8.38315 4.62334 4.58265 6.60142 5.16634 13.4948 4.52182 6.07004 4.48845 4.48296 7.14361 6.99359 5.97007 4.76571 5.22703 4.39541 5.39439 6.14288 6.30412 7.04785 7.88328 8.02014 7.46785 5.8524
threshold=1.5000000000000002 5.5000000000000009 5.7750000000000012 0.51500000000000012 0.29500000000000004 0.75000000000000011 34.865000000000002 8.6450000000000014 16.775000000000002 6.8250000000000011 6.1750000000000007 5.5850000000000009 5.2750000000000012 4.0450000000000008 11.190000000000001 30.440000000000001 0.56500000000000006 4.6050000000000013 31.085000000000004 7.5750000000000011 6.6550000000000011 6.4750000000000005 6.6150000000000011 -0.054999999999999993 5.5000000000000009 7.2650000000000006 41.970000000000006 26.725000000000005 6.6650000000000009 24.150000000000002
decision_type=10 2 2 10 10 10 2 2 2 10 2 2 2 2 2 2 10 2 2 2 10 8 10 8 2 2 2 2 2 2
left_child=7 4 3 -3 -2 8 -7 21 9 -6 11 12 13 -11 -15 16 17 -10 -17 20 -19 -1 29 24 -24 26 27 -26 -29 -23
right_child=1 2 -4 -5 5 6 -8 -9 15 10 -12 -13 -14 14 -16 18 -18 19 -20 -21 -22 22 23 -25 25 -27 -28 28 -30 -31
leaf_value=-0.031902500468654317 -0.00014640781132174585 -0.013922944591113026 3.9792114590859514e-05 0.13493598212236771 -0.015025447225752093 -0.012796478700494711 0.096580484941831649 -0.018200686445325593 -0.042026989217513133 -0.030549613351368972 -0.017799157302318767 0.17147743801570028 -0.045063989073319037 0.10231021806210171 0.014236971708913998 0.029511670992878769 0.071032783055184845 0.056302090084295812 -0.0064954475561014059 -0.074691809244814417 -0.011563631213645261 -0.013268108211069319 0.0054603553564611931 0.00043962792208467857 -0.026095133460209582 0.14829770279598556 -0.039668695289014906 0.075564165379474968 -0.0091718283199042124 0.0078469541682165151
leaf_weight=9.846630930900572 13895.908660378307 223.37537660240196 224.40442271064967 0.53428904805332322 11.946116579696538 3.8847897201776496 3.1906804218888283 30.045037979260087 25.332057386636734 2.1029381547123176 3.6306009069085112 1.9267991855740536 1.78935346007347 3.7127611413598061 2.3700349666178226 12.126872994005678 2.2252127844840279 2.9737431220710269 226.96217806264758 2.8338288441300383 61.803941983729601 35.236706111580133 347.73065253347158 4174.8466469566338 3.7315805810503759 1.2392500638961781 3.8113841707818201 11.269517802633343 3.3800126761198035 477.74107851367444
leaf_count=71 126219 17942 8379 34 134 40 24 188 437 49 31 21 16 59 21 141 27 25 2576 18 576 243 2255 30291 100 21 108 304 57 3153
internal_value=-1.62352e-05 -0.000491527 -0.00675647 -0.0135677 -0.000294632 -0.00587934 0.036527 0.00135524 -0.0067088 0.0129192 0.0344116 0.0503381 0.0269387 0.0426781 0.0679943 -0.00832237 -0.0175003 -0.0196199 -0.00466912 -0.0112246 -0.00844813 0.00147116 0.00153611 0.000987656 0.00715189 0.0322545 0.0257746 0.0393445 0.0560135 0.00639655
internal_weight=19811.9 14713 448.314 223.91 14264.7 368.812 7.07547 5098.88 361.736 27.4786 15.5325 11.9019 9.97509 8.18573 6.0828 334.258 95.1688 92.9436 239.089 67.6115 64.7777 5068.83 5058.99 4546.01 371.162 23.4317 22.1925 18.3811 14.6495 512.978
internal_count=193560 156769 26355 17976 130414 4195 64 36791 4131 331 197 166 145 129 80 3800 1083 1056 2717 619 601 36603 36532 33136 2845 590 569 461 361 3396
is_linear=0
shrinkage=0.05


Tree=106
num_leaves=31
num_cat=0
split_feature=7 1 3 8 4 2 3 0 3 3 5 4 2 2 4 5 4 2 4 5 4 8 1 8 1 1 3 4 2 8
split_gain=5.12686 7.22629 6.63844 6.48929 7.53978 9.32339 6.65931 7.13312 6.47286 6.18978 11.0968 6.42838 6.07982 9.28429 6.28175 5.88084 5.84746 6.99179 6.04671 5.79252 6.45909 6.57133 6.92499 9.11961 6.10312 5.88581 5.49307 6.25929 5.35585 5.33116
threshold=-1.0000000180025095e-35 3.1750000000000003 59.470000000000006 0.30500000000000005 49.07500000000001 4.8850000000000007 34.205000000000005 1.5000000000000002 34.32500000000001 48.400000000000006 6.7150000000000007 8.4500000000000011 4.535000000000001 4.6950000000000012 53.035000000000004 7.2750000000000012 33.525000000000013 8.2250000000000032 31.905000000000005 6.8350000000000009 40.775000000000013 -0.13499999999999998 5.1650000000000009 0.19500000000000003 4.1450000000000005 5.205000000000001 1.0000000180025095e-35 57.790000000000006 1.8350000000000002 -0.11499999999999998
decision_type=8 2 2 10 2 2 2 2 2 2 8 2 2 2 2 8 2 2 2 10 2 8 2 8 2 2 2 2 2 8
left_child=1 2 12 6 9 -6 15 8 -8 11 -11 -5 14 -14 -1 16 17 -3 -19 24 -21 -22 23 26 -18 -24 -23 -28 -16 -9
right_child=-2 3 -4 4 5 -7 7 29 -10 10 -12 -13 13 -15 28 -17 19 18 -20 20 21 22 25 -25 -26 -27 27 -29 -30 -31
leaf_value=-0.014561677818210064 0.00076009986983586585 -0.00046251100843184342 0.088808794307569813 0.039590702443329573 0.1322076371509788 -0.016347444919959469 0.028390112291125688 0.014439867853066482 0.0030555541432666111 0.1041399250055106 -0.0096789230741511582 -0.016233185657911139 0.13862352687987678 0.0066333654095334232 0.0010863396646122315 0.076012565523629602 -0.012224321657816416 0.0091448248017287053 0.060668195777741123 -0.011345348907596736 0.083047978647421111 0.072619828895736982 -0.071925735128459178 -0.041826682770980311 -0.0011395757894890686 -0.0068822221094680738 0.016916466214040568 -0.051606355093127956 0.13362135531353383 -0.00096217308624507638
leaf_weight=182.5595228553284 10261.189318038756 2445.1326552617829 1.6767263123765577 5.3376756547950199 2.0498001463711253 2.1788694933056831 25.593783617019653 57.342694576596841 1690.7593335658312 3.1370436344295713 6.7475611371919522 152.39320678333752 1.519435959868132 10.818261940730734 1.8096313530113541 2.4266087873838833 136.21856052218936 18.005808465182785 8.3282978460192663 419.30315453722142 2.3389937118627131 4.1185338688082984 3.5898673702031365 7.402739872224628 1404.6968504576944 111.68035121168941 57.885478757787496 3.5362854804843655 1.3170409207232294 2778.0726803550497
leaf_count=5167 100154 23738 21 72 22 25 112 675 7541 28 65 1704 25 142 67 18 1854 146 64 4641 28 58 38 115 12423 1035 782 43 27 32730
internal_value=-1.58248e-05 -0.000849709 -0.010261 -0.000648663 -0.0102753 0.055663 -0.000468389 0.000889292 0.00343334 -0.0119388 0.0264434 -0.0143441 -0.0110998 0.0228885 -0.0133581 -0.00180467 -0.00184552 -0.00018652 0.0254394 -0.00375189 -0.0078765 -0.000243429 -0.00127852 0.010778 -0.00211948 -0.00890788 0.0167196 0.0129713 0.0569138 -0.000650686
internal_weight=19809.2 9547.98 199.701 9348.28 171.844 4.22867 9176.43 4551.77 1716.35 167.615 9.8846 157.731 198.024 12.3377 185.686 4624.66 4622.24 2471.47 26.3341 2150.77 609.855 190.552 188.213 72.943 1540.92 115.27 65.5403 61.4218 3.12667 2835.42
internal_count=193560 93406 5449 87957 1916 47 86041 41058 7653 1869 93 1776 5428 167 5261 44983 44965 23948 210 21017 6740 2099 2071 998 14277 1073 883 825 94 33405
is_linear=0
shrinkage=0.05


Tree=107
num_leaves=31
num_cat=0
split_feature=8 1 3 5 3 2 4 1 2 6 3 3 0 2 7 7 7 2 3 2 2 3 0 1 8 8 5 4 8 5
split_gain=5.09316 4.88265 8.38021 9.29838 8.11102 6.68053 9.35735 9.38923 6.19279 6.0712 6.0419 7.78382 6.93765 6.76813 7.08436 8.34001 6.55801 6.06277 10.9805 5.81759 5.81649 5.77662 18.084 23.7859 9.62759 8.85518 7.45788 5.66059 9.44538 8.54115
threshold=-0.28499999999999998 6.5150000000000006 54.230000000000011 6.995000000000001 39.615000000000002 4.205000000000001 36.735000000000007 6.7250000000000005 3.2850000000000006 1.5000000000000002 54.230000000000011 61.20000000000001 5.5000000000000009 6.8250000000000011 0.75000000000000011 1.0000000180025095e-35 1.0000000180025095e-35 7.5450000000000008 19.370000000000005 5.9450000000000012 6.1850000000000014 40.225000000000001 5.5000000000000009 6.8150000000000004 0.015000000000000001 0.27500000000000008 6.6350000000000007 33.675000000000004 0.045000000000000005 7.0250000000000012
decision_type=8 2 2 8 2 2 2 2 2 10 2 2 2 2 8 8 8 2 2 2 2 2 2 2 8 8 10 2 10 10
left_child=-1 10 4 -4 -3 6 7 -6 -8 -10 12 13 -2 14 15 -12 17 -14 -19 -13 -21 22 25 -24 -25 -7 -23 -28 -29 -30
right_child=1 2 3 -5 5 21 8 -9 9 -11 11 19 16 -15 -16 -17 -18 18 -20 20 -22 26 23 24 -26 -27 27 28 29 -31
leaf_value=-0.063000627584905475 -0.00038434760340551387 0.00062955869892906741 -0.015329805344302248 0.059461118535035287 0.069960476933829757 0.015260198018280406 -0.012927874556366962 0.017932148685102095 -0.010047785389505307 0.083648663625059322 0.010324989988955103 0.0031970782124498935 -0.010583443591418409 0.039780627086432048 0.091381122515482582 -0.039611087040540248 0.0059194616730300692 0.21420708975528752 0.014309282165224008 -0.061980848856071885 -0.010544170914647299 0.019535562182528207 -0.052229516586347072 0.33208622378981978 0.13021959655401158 -0.068616037344544897 -0.0026627043356985841 -0.0023889626437738377 0.011688044108421374 0.08440115076224472
leaf_weight=3.2090725768357515 14717.369443114847 3174.6233905777335 102.84918954595923 4.3307402003556481 14.161941692233084 84.225750163197517 22.03847977984697 22.366540603339672 3.1653506755828849 3.8097560154274106 187.13988495152444 117.69806971680373 358.17849894892424 19.878524294123054 2.5869085509330025 8.7524318788200599 84.067113076802343 0.74888935219496389 8.3104316955432278 6.4780167806893578 36.259707983583212 65.825858280062675 1.2390551269054406 1.039518082514405 1.3678534030914309 3.2688562348484984 349.69631461985409 181.09597571752965 213.91162529587746 4.1163170011714092
leaf_count=39 131601 24333 732 32 96 540 164 155 17 30 1754 1096 23896 135 30 112 2277 19 270 48 269 403 35 24 33 21 2545 1297 1526 31
internal_value=-1.53856e-05 -5.17766e-06 0.00149601 -0.0123078 0.00185286 0.005851 0.0212661 0.0381033 6.77453e-05 0.0411286 -0.000415838 0.0058215 -0.000571598 0.0119652 0.00917939 0.00809386 -0.00667796 -0.00956173 0.0308338 -0.00254028 -0.0183407 0.00473558 0.0166733 0.125771 0.217387 0.0121265 0.00340001 0.0019816 0.00605075 0.0130609
internal_weight=19803.8 19800.6 4253.13 107.18 4145.95 971.329 65.5421 36.5285 29.0136 6.97511 15547.5 378.794 15168.7 218.358 198.479 195.892 451.305 367.238 9.05932 160.436 42.7377 905.787 91.141 3.64643 2.40737 87.4946 814.646 748.82 399.124 218.028
internal_count=193560 193521 32014 764 31250 6917 462 251 211 47 161507 3444 158063 2031 1896 1866 26462 24185 289 1413 317 6455 653 92 57 561 5802 5399 2854 1557
is_linear=0
shrinkage=0.05


Tree=108
num_leaves=31
num_cat=0
split_feature=8 0 5 7 8 2 4 4 2 2 2 8 3 2 3 0 8 5 1 5 8 8 8 4 4 4 3 8 2 4
split_gain=4.79298 4.73445 6.71803 5.966 6.71789 7.61977 9.12769 8.53819 8.45011 7.59861 7.42979 7.31182 7.21976 7.18014 7.33908 7.1944 7.80985 7.02323 14.9513 8.20772 15.238 6.21989 6.07606 8.39019 6.12741 7.80168 9.76144 6.0828 5.70962 5.67718
threshold=-0.28499999999999998 3.5000000000000004 6.785000000000001 -1.0000000180025095e-35 0.045000000000000005 6.0650000000000004 27.555000000000003 23.885000000000002 6.205000000000001 2.8850000000000002 6.1750000000000007 0.095000000000000015 49.900000000000006 6.785000000000001 31.915000000000003 4.5000000000000009 0.12500000000000003 6.6050000000000013 3.8250000000000006 6.6750000000000007 0.10500000000000002 0.44500000000000006 -0.12499999999999999 34.280000000000008 35.975000000000001 39.735000000000007 34.790000000000006 -0.15499999999999997 3.7850000000000006 32.435000000000009
decision_type=8 2 10 8 8 2 2 2 2 2 2 10 2 2 2 2 10 8 2 10 10 10 10 2 2 2 2 10 2 2
left_child=-1 -2 3 4 -3 7 13 12 10 11 -8 -9 -6 -7 15 -15 -17 18 -13 20 -19 -11 23 28 27 -26 -27 -25 -5 -12
right_child=1 2 -4 22 5 6 8 9 -10 21 29 17 -14 14 -16 16 -18 19 -20 -21 -22 -23 -24 24 25 26 -28 -29 -30 -31
leaf_value=-0.06234374461051792 0.00047157538599827014 0.0022255764514973768 -0.0030114571136694128 -0.055434920462612197 -0.036628851169302132 0.0071780147157442424 0.0090924880981295541 -0.01329832348999635 -0.0049473234650269995 -0.010681261135646122 -0.0024982910124185169 -0.053070149235885877 0.055413592703514342 0.17982892477976842 0.025746606924712548 -0.02218174216798386 0.13527632321327701 0.18764918727158827 0.17176542805260617 0.020167566722972943 -0.03344807488250811 0.098465661663750176 0.0022394393124285533 0.036560533492211042 -0.019998337805272534 0.0037124299808914372 0.12558691026163965 0.16873411636688757 0.015720502296822848 0.1003477834947562
leaf_weight=3.0839119697920978 14341.543164836243 552.00032316800207 2731.1241843362805 3.5609361389651957 36.267804192844778 18.103230182081465 16.714622202329341 36.492899082135409 193.30269360169768 350.65936007769778 1.8635306134819973 1.1851793075911694 2.2634904743172219 1.9007960334420184 7.8515692539513111 1.5728823915123942 1.5771385896950958 0.82385264430194993 1.9659230429679153 52.84885868197307 14.408550068270413 1.310145828872918 1396.1523320376873 1.5658446997404101 4.112680194899438 3.1260759932920337 3.463010614272207 1.9601272414438415 13.535249380394815 4.7930616568773985
leaf_count=39 96924 8593 54480 60 722 245 225 811 2338 6180 27 35 38 19 95 29 28 13 27 1352 342 24 20508 20 60 36 38 26 164 62
internal_value=-1.50617e-05 -5.35285e-06 -0.00125888 0.000497387 -0.00195597 -0.00505049 0.00211701 -0.00861361 -0.00151396 -0.0067186 0.0268833 0.00490113 -0.0312219 0.027491 0.0559919 0.103009 0.0566537 0.0142249 0.0872012 0.0108472 -0.0214899 -0.010275 0.00272806 0.0245064 0.0528725 0.0340381 0.0677657 0.110037 0.000899657 0.0715558
internal_weight=19801.1 19798 5456.51 2725.38 1297.91 745.906 247.68 498.226 216.674 459.695 23.3712 107.725 38.5313 31.0056 12.9024 5.05082 3.15002 71.2324 3.1511 68.0813 15.2324 351.97 1427.48 31.3239 14.2277 10.7018 6.58909 3.52597 17.0962 6.65659
internal_count=193560 193521 96597 42117 21205 12612 3068 9544 2652 8784 314 2580 760 416 171 76 57 1769 62 1707 355 6204 20912 404 180 134 74 46 224 89
is_linear=0
shrinkage=0.05


Tree=109
num_leaves=31
num_cat=0
split_feature=8 6 1 5 0 5 4 4 3 5 2 2 7 4 5 8 5 2 4 4 3 3 1 5 5 5 0 1 8 4
split_gain=4.62657 5.44726 5.18019 8.35296 8.27015 11.7905 7.08049 5.75189 6.16041 6.05057 5.3481 7.01436 6.56871 5.25286 7.58491 5.95117 7.5174 7.25905 5.80399 5.86313 9.12805 17.3414 9.42505 13.3441 8.07532 8.03306 9.52917 9.34469 7.48836 7.36471
threshold=0.20500000000000004 2.5000000000000004 7.2250000000000005 6.9350000000000014 2.5000000000000004 6.9450000000000012 24.645000000000003 27.445000000000004 34.205000000000005 6.8750000000000009 7.3650000000000011 6.9450000000000012 -1.0000000180025095e-35 40.32500000000001 7.3650000000000011 -0.15499999999999997 6.745000000000001 4.9350000000000014 29.375000000000004 25.055000000000003 29.735000000000003 30.750000000000004 6.4150000000000009 6.785000000000001 6.6450000000000005 6.8150000000000004 2.5000000000000004 6.7750000000000012 -0.084999999999999978 24.395000000000003
decision_type=10 10 2 10 2 10 2 2 2 10 2 2 10 2 8 10 8 2 2 2 2 2 2 10 10 10 2 2 10 2
left_child=1 -1 13 7 -5 -6 -7 9 -9 10 11 -4 -12 18 15 16 -15 -18 19 24 25 22 28 -24 29 -21 27 -27 -22 -3
right_child=-2 2 3 4 5 6 -8 8 -10 -11 12 -13 -14 14 -16 -17 17 -19 -20 20 21 -23 23 -25 -26 26 -28 -29 -30 -31
leaf_value=0.00119165248598506 -0.0022294569063903281 0.048180341345472888 0.028395282665377691 0.0033185372098419896 0.13945930313638844 0.11623518147084384 0.021433605571176434 -0.007593775040836504 0.0071124341098017622 -0.02397695268062229 0.08564946356557511 -0.037075368093170379 0.020432038520962967 0.13791487115083531 0.098347196211522422 0.0016366148676301177 -0.060624416978369601 0.054587195960565819 -0.0023094866091109023 0.0039880809511306445 0.12259418683079491 0.0042908674772220356 0.15296770388494571 0.024873997574614563 -0.0019436045546149163 -0.0040793243976743167 -0.022174765590553473 0.054836264940089585 0.020502808458860589 -0.031037765834890121
leaf_weight=8210.9560191940982 2107.3480800802354 14.2168030673638 15.461028510704638 20.185508526861668 3.0207264833152321 2.2410385757684734 16.259557258337736 138.40006838645786 146.68547835573554 6.7521408144384614 7.0054802056401959 5.5630520954728118 8.6014717593789083 1.7017865944653721 2.0410798024386159 1374.9598580412567 1.957213646965102 4.5351677089929581 5048.6185954227112 192.5593552114442 1.8798840306699265 763.87310210987926 3.7579785138368589 4.4298366662114859 1460.6042570671998 91.120302246883512 91.017309191869572 7.267237275838851 40.33686674409546 3.6968207294121376
leaf_count=63142 23279 142 130 110 30 21 175 1176 1194 56 55 45 59 17 20 15580 29 43 57879 2144 24 8450 33 50 16787 601 1737 44 469 39
internal_value=-1.48758e-05 0.000248944 -0.000567676 0.00523046 0.0263085 0.0478714 0.0329172 0.00255411 -2.6968e-05 0.0195153 0.0275321 0.0110715 0.0497061 -0.000803315 0.00203193 0.0018898 0.0443741 0.0198551 -0.00131182 0.000571282 0.00317382 0.00616522 0.0345707 0.0836654 -0.00153438 -0.0032033 -0.0105145 0.000272381 0.0250489 0.0318322
internal_weight=19797.1 17689.7 9478.75 370.176 41.7068 21.5213 18.5006 328.469 285.086 43.3832 36.631 21.0241 15.607 9108.57 1385.2 1383.15 8.19417 6.49238 7723.38 2674.76 1196.24 814.278 50.4046 8.18782 1478.52 381.964 189.405 98.3875 42.2168 17.9136
internal_count=193560 170281 107139 3051 336 226 196 2715 2370 345 289 175 114 104088 15689 15669 89 72 88399 30520 13552 9026 576 83 16968 4526 2382 645 493 181
is_linear=0
shrinkage=0.05


Tree=110
num_leaves=31
num_cat=0
split_feature=8 7 1 2 6 5 3 8 4 2 3 2 5 5 4 4 4 4 1 5 0 0 8 4 5 3 1 2 2 2
split_gain=4.50731 4.46202 6.50627 5.99131 8.08113 6.00567 6.01019 5.78786 6.65512 7.55005 5.88411 6.96467 8.10137 10.6956 6.04108 11.039 10.8818 6.43362 10.8979 9.62465 11.4699 9.48275 11.1186 9.05568 8.56685 8.42932 8.38173 7.83181 7.3449 6.93303
threshold=-0.28499999999999998 -1.0000000180025095e-35 3.1750000000000003 3.6550000000000007 5.5000000000000009 6.7550000000000008 27.020000000000007 0.30500000000000005 49.07500000000001 4.8850000000000007 32.985000000000007 8.1150000000000002 6.7350000000000012 6.705000000000001 21.255000000000006 25.765000000000004 25.940000000000001 29.425000000000004 4.1250000000000009 6.8050000000000006 2.5000000000000004 4.5000000000000009 0.015000000000000001 27.295000000000005 6.8250000000000011 18.775000000000002 4.3450000000000006 2.4550000000000005 7.5450000000000008 5.2550000000000008
decision_type=8 8 2 2 10 10 2 10 2 2 2 2 10 8 2 2 2 2 2 10 2 2 10 2 10 2 2 2 2 2
left_child=-1 2 3 -2 5 -5 -7 10 -9 -10 11 14 13 -13 -4 -16 -17 18 29 21 24 26 -23 25 -21 -24 -20 -25 -19 -18
right_child=1 -3 7 4 -6 6 -8 8 9 -11 -12 12 -14 -15 15 16 17 28 19 20 -22 22 23 27 -26 -27 -28 -29 -30 -31
leaf_value=-0.061710861177297155 -0.013233217754171064 0.00071828766006089273 0.0037841587606965775 -0.0037682865537806299 -0.055119117346307457 -0.010945052737370529 0.068169687855835548 -0.01131876235027667 0.11587892993559637 -0.015591384395507347 0.00068680739161274765 0.01574484402437162 0.00063370485107802166 0.089345816124320229 -0.012967863027964037 0.034932345357750146 0.023965092424254528 -0.0027673857710841881 -0.039692268916049434 -0.028686965974195011 -0.022569659653449262 -0.013176015676681746 0.13715665906546123 0.18036278629751917 0.0089773217643240588 -0.015648983516554402 0.0050228667208363871 0.060187927198226049 -0.01825608554939347 0.12243338558960637
leaf_weight=2.9598730457946658 170.49693228304386 10260.515010367846 388.75266146287322 10.941748935263609 3.8394555761478832 3.2692320658825329 9.0345441643148643 166.27081740577705 2.2195635335519901 2.1496706064790487 5179.7627060224768 16.356198824942116 38.329967617057264 7.0694575980305663 247.40380704822019 19.807649080175906 35.154179305071011 2659.4899595647585 10.921384554356335 18.197520826011896 78.973463910166174 9.8607441890053433 1.0455759046599293 1.4956355281174172 88.619936026632786 6.5960735781118274 259.36006885394454 14.493726536165921 78.809532144106925 1.8833697829395522
leaf_count=39 5009 100132 3852 133 93 66 147 1869 22 25 47035 116 330 50 2458 179 525 26307 99 114 1255 213 23 31 536 141 1788 317 631 25
internal_value=-1.4502e-05 -5.27492e-06 -0.000784252 -0.00976295 0.012082 0.0231816 0.0471481 -0.000594171 -0.00971809 0.0511953 -0.000424248 -0.00186928 0.0147912 0.0379563 -0.00213169 -0.0027828 -0.00201566 -0.00223982 0.00282148 0.000843067 -0.00812131 0.00632578 0.0314216 0.0500313 0.0025608 0.00525879 0.00321604 0.071429 -0.00321316 0.0289722
internal_weight=19794.1 19791.1 9530.61 197.582 27.085 23.2455 12.3038 9333.02 170.64 4.36923 9162.38 3982.62 61.7556 23.4257 3920.87 3532.11 3284.71 3264.9 526.602 489.564 185.791 303.773 33.4918 23.631 106.817 7.64165 270.281 15.9894 2738.3 37.0375
internal_count=193560 193521 93389 5448 439 346 213 87941 1916 47 86025 38990 496 166 38494 34642 32184 32005 5067 4517 1905 2612 725 512 650 164 1887 348 26938 550
is_linear=0
shrinkage=0.05


Tree=111
num_leaves=31
num_cat=0
split_feature=0 5 1 4 8 8 4 8 8 5 5 2 2 3 2 1 4 5 4 8 3 8 8 6 4 3 2 1 2 1
split_gain=4.47247 5.56042 6.92326 5.57507 5.37116 9.22226 5.25447 4.77528 6.69778 5.66087 4.72425 7.4754 21.6735 6.82815 8.15745 7.1918 5.98858 9.39063 10.0841 9.38175 9.22167 5.52599 6.02922 6.93599 5.09308 4.98402 7.57578 19.5376 10.5674 5.80137
threshold=4.5000000000000009 6.785000000000001 4.6450000000000005 1.0000000180025095e-35 0.48500000000000004 0.60500000000000009 37.225000000000001 0.7350000000000001 0.47500000000000003 6.6250000000000009 6.9850000000000012 4.9850000000000012 5.035000000000001 54.230000000000011 6.6950000000000012 7.3850000000000007 29.975000000000005 7.0450000000000008 25.765000000000004 0.15500000000000003 31.830000000000002 0.19500000000000003 0.17500000000000002 3.5000000000000004 33.260000000000005 34.57500000000001 5.6550000000000011 6.0550000000000006 5.4250000000000007 5.5650000000000004
decision_type=2 10 2 2 10 10 2 8 10 10 10 2 2 2 2 2 2 10 2 10 2 10 8 10 2 2 2 2 2 2
left_child=7 3 -3 -2 -5 6 -6 8 -1 -10 -4 16 24 15 -15 21 17 18 19 -12 -20 22 25 -24 -13 -14 27 28 -27 -28
right_child=1 2 10 4 5 -7 -8 -9 9 -11 11 12 13 14 -16 -17 -18 -19 20 -21 -22 -23 23 -25 -26 26 29 -29 -30 -31
leaf_value=0.00030011770934435124 -0.015570404272207367 -0.011398148843675328 -0.0035919637396273903 0.00077709426913901434 0.049440527252220701 -0.054323121789163098 0.18052125090916979 0.054135151081694269 0.047045692607799748 -0.029862779270059037 -0.034546267370324374 0.11328186431269632 -0.0023265388759626466 -0.0053894844195950132 0.18390441734083318 0.088966938248272606 -0.033867243588593686 -0.052474523698335954 0.28754671076853949 0.17509451150745439 0.064992061922176811 -0.033589971699438406 0.18639296808539801 0.016848819454261886 0.31241247154715257 -0.052205179917643556 0.088898710704067796 0.27189864287662935 0.13147666594985641 -0.00034596627188065548
leaf_weight=17256.114883031696 53.085992200765759 274.90485380915925 839.15423256112263 1231.750109385699 1.9215016593225294 1.349414770491421 1.269718083553016 4.1138314194977275 2.6188099198043373 27.702281253412366 2.7976341624744259 0.6042864080518473 38.214413210749626 1.0499786548316472 1.2428088122978804 2.7392733320593825 16.077641968615353 3.0364964986220002 0.73364321887493167 0.65946780610829581 1.2732666805386541 7.6859651468694201 1.0372107075527304 1.4417153885588048 0.68520439323037863 1.847537294961515 2.1177451508119693 1.0756372958421705 1.358986680395901 12.994883349165319
leaf_count=128909 1126 13219 20573 26712 41 30 19 33 17 303 87 21 953 24 17 37 508 98 25 22 34 218 18 43 21 63 61 25 43 260
internal_value=-1.42366e-05 -0.00199004 -0.00442044 0.000295897 0.000977191 0.0552581 0.101595 0.00027168 0.000258862 -0.0232203 -0.00237506 0.00797385 0.0159 0.0123012 0.0972176 0.00954008 -0.0159212 0.0180215 0.057198 0.00544426 0.146349 0.00632983 0.011436 0.087788 0.219095 0.00815061 0.0287942 0.0874998 0.0256427 0.01216
internal_weight=19792.7 2502.11 1212.73 1289.38 1236.29 4.54063 3.19122 17290.5 17286.4 30.3211 937.828 98.6738 74.0956 72.8062 2.29279 70.5134 24.5782 8.50051 5.46401 3.4571 2.00691 67.7741 60.0881 2.47893 1.28949 57.6092 19.3948 4.28216 3.20652 15.1126
internal_count=193560 64298 36370 27928 26802 90 60 129262 129229 320 23151 2578 1804 1762 41 1721 774 266 168 109 59 1684 1466 61 42 1405 452 131 106 321
is_linear=0
shrinkage=0.05


Tree=112
num_leaves=31
num_cat=0
split_feature=0 1 8 3 2 2 5 5 8 8 8 4 3 1 4 3 2 2 3 4 3 8 2 1 8 5 1 7 6 7
split_gain=4.25041 6.97572 4.79272 4.25169 4.15658 4.77802 8.77493 19.3654 11.8035 17.0619 4.73215 4.63178 6.91276 8.06728 7.40911 6.05957 8.39736 8.85439 8.70833 6.03312 12.5998 4.0942 3.913 7.21453 6.66661 6.24194 6.19136 6.91798 6.3626 5.45254
threshold=5.5000000000000009 2.9050000000000007 -0.18499999999999997 59.470000000000006 6.0950000000000006 6.1150000000000011 6.705000000000001 6.7350000000000012 0.095000000000000015 0.19500000000000003 0.51500000000000012 39.095000000000006 26.195000000000004 5.3650000000000011 41.685000000000009 16.760000000000005 6.8950000000000005 6.4450000000000012 22.255000000000003 38.905000000000008 34.725000000000001 -0.28499999999999998 4.5650000000000004 6.3050000000000006 0.7350000000000001 7.4150000000000009 7.2650000000000006 -1.0000000180025095e-35 1.5000000000000002 -1.0000000180025095e-35
decision_type=2 2 8 2 2 2 10 10 10 10 10 2 2 2 2 2 2 2 2 2 2 8 2 2 8 8 2 10 10 10
left_child=21 2 -2 -4 10 6 -6 -8 -9 -10 -3 19 13 -13 -15 -16 17 -17 -19 -7 -21 -1 23 24 25 29 -25 28 -28 -23
right_child=1 4 3 -5 5 11 7 8 9 -11 -12 12 -14 14 15 16 -18 18 -20 20 -22 22 -24 26 -26 -27 27 -29 -30 -31
leaf_value=-0.061679591764189662 0.22958983281616849 -0.0068414097828056733 -0.032024504362246249 0.19918269198446276 -0.053161219238533813 0.003301403733302421 0.33498611035328335 -0.030451185726968075 0.2910876580609626 -0.052126882803129548 0.084124760672183399 0.20789288199342859 -0.021268721127966999 -0.051870810206554312 -0.025025756780820748 0.018775287431775752 0.0059498851821517176 0.38131879157846604 0.11087392977599707 -0.0045912343361717619 0.2828504616346858 -0.0032274412185689357 0.00058492049274080991 0.0067449586906401767 0.095119950442944939 0.090985346026401848 0.019607016529407613 0.0048382999837707471 -0.045898165950795128 6.1867107823785052e-05
leaf_weight=2.6796015091240406 0.1785141893196851 350.8599113014061 27.123595780925832 0.20030602999031444 1.653265070170163 207.80865380214527 0.64556779153645028 2.3625018410384659 0.87556339055299737 0.6174726914614439 1.435528858564793 0.57871707249432702 41.843243102543056 2.769348484463988 1.8531224280595777 0.71038512885570559 1.7157003721222279 0.57692275196313836 0.61492061242461205 1.0556291332468379 0.59677494876086701 2578.7911276966333 13608.619138954207 435.93864152207971 1.782718976959585 1.820288186892866 4.675289228558543 28.100540839135647 17.899007279425859 2463.3765649069101
leaf_count=28 26 19589 4278 27 38 6255 20 93 37 20 31 29 1223 93 58 26 49 20 21 36 17 28228 102899 2937 18 19 26 179 128 27112
internal_value=-1.41648e-05 -0.00400291 -0.0286425 -0.0303296 -0.00290741 0.00180701 0.0453506 0.0815342 0.0390964 0.149145 -0.00647074 0.000776795 -0.0127896 0.0274407 0.0147677 0.048499 0.0861587 0.158502 0.241785 0.00405809 0.0992199 0.00012045 0.000129102 -0.000992125 -0.00155285 -0.00158701 0.00482207 -0.0117199 -0.0323316 -0.00162043
internal_weight=19789.8 646.076 27.5024 27.3239 618.573 266.278 6.15437 4.50111 3.85554 1.49304 352.295 260.123 50.6624 8.81912 8.2404 5.47105 3.61793 1.90223 1.19184 209.461 1.6524 19143.7 19141 5532.38 5045.77 5043.99 486.613 50.6748 22.5743 5042.17
internal_count=193560 31986 4331 4305 27655 8035 208 170 150 57 19620 7827 1519 296 267 174 116 67 41 6308 53 161574 161546 58647 55377 55359 3270 333 154 55340
is_linear=0
shrinkage=0.05


Tree=113
num_leaves=31
num_cat=0
split_feature=6 7 8 5 8 1 5 2 2 2 4 2 4 8 5 0 1 3 2 8 8 7 1 2 5 1 8 5 0 5
split_gain=4.22682 4.79275 5.94209 4.93766 12.207 8.20475 6.74016 6.44526 5.65569 13.0655 9.78652 6.20016 5.20367 7.22188 5.11758 4.61759 5.98759 5.09434 8.36666 5.39469 4.74455 5.93178 10.421 10.1574 9.46151 15.0707 6.30374 4.60927 4.49669 4.38534
threshold=5.5000000000000009 1.0000000180025095e-35 0.045000000000000005 6.995000000000001 0.055000000000000007 6.5150000000000006 7.0850000000000009 4.6050000000000013 6.035000000000001 5.8050000000000006 35.975000000000001 4.8850000000000007 38.365000000000002 0.23500000000000001 7.1650000000000009 5.5000000000000009 5.0650000000000004 26.495000000000001 7.4850000000000012 0.20500000000000004 -0.034999999999999996 -1.0000000180025095e-35 6.0250000000000012 6.7150000000000007 6.8450000000000006 4.7650000000000006 -0.044999999999999991 7.035000000000001 2.5000000000000004 6.745000000000001
decision_type=10 10 10 10 8 2 10 2 2 2 2 2 2 10 10 2 2 2 2 8 10 10 2 2 8 2 8 10 2 10
left_child=-1 15 -3 4 -4 12 -7 -6 9 11 -10 -9 -5 14 -14 17 -17 18 20 29 21 23 24 -2 25 -23 -26 -21 -13 -19
right_child=1 2 3 5 7 6 -8 8 10 -11 -12 28 13 -15 -16 16 -18 19 -20 27 -22 22 -24 -25 26 -27 -28 -29 -30 -31
leaf_value=0.00022272508742084249 -0.020124762042280843 -0.01048904787930624 0.15635792136873194 -0.029464534644185754 -0.021542301874511782 0.13751817996441582 0.013141671535178832 0.1083628027704799 -0.025982687823664675 0.20420830444838312 0.09305504715690413 0.087031492400263449 -0.002575166987397006 -0.061592148331061039 0.10701110963492953 -0.041568438535792493 -0.0062183848784396652 0.0089403455464327729 0.02661593436693829 -0.0081609461147636713 -0.010302623671565855 -0.018573625959793446 -0.027235634548141638 0.11383951039225196 0.0038031443957678209 0.18800229139714475 0.11061382066767525 -0.051274600441410606 -0.023402561978206476 -0.00077048763767363952
leaf_weight=17906.500770421 19.275925146415833 22.343032685574144 1.9607899119146168 12.189203718677168 5.3510594503022793 1.8636567052453745 2.6214284915477037 2.2901278696954268 5.4681392759084693 1.4981013964861629 2.5234326999634504 1.2809129357337949 1.836494375951587 1.6564346770755944 2.5371493240818381 17.042146836407483 40.317568093538284 130.53131357207894 17.660244213417172 129.16371722519398 367.39997629635036 1.3331743329763424 5.7336414419114581 1.5270563289523114 6.9884277209639549 2.6141347624361515 1.7216838374733923 6.5118409898132077 3.2876848797313869 1063.3690939098597
leaf_count=165664 238 319 25 190 130 17 24 31 62 20 32 12 28 25 30 2709 2651 1478 159 1810 4853 22 54 15 93 33 24 100 78 12634
internal_value=-1.40605e-05 -0.0022695 0.0106926 0.0209 0.0368838 0.00424315 0.064823 0.026088 0.0416781 0.0704369 0.0116049 0.0412182 -0.0106699 0.0273215 0.0609958 -0.00276122 -0.0167212 -0.00230465 -0.00707515 -0.000782436 -0.00853851 0.0079981 0.0286858 -0.010291 0.0540174 0.118233 0.0249159 -0.0102302 0.0075602 0.000291216
internal_weight=19786.4 1879.9 68.7076 46.3646 23.6602 22.7044 4.48509 21.6995 16.3484 8.35683 7.99157 6.85873 18.2193 6.03008 4.37364 1811.19 57.3597 1753.83 424.254 1329.58 406.594 39.194 18.3911 20.803 12.6574 3.94731 8.71011 135.676 4.5686 1193.9
internal_count=193560 27896 1023 704 390 314 41 365 235 141 94 121 273 83 58 26873 5360 21513 5491 16022 5332 479 226 253 172 55 117 1910 90 14112
is_linear=0
shrinkage=0.05


Tree=114
num_leaves=31
num_cat=0
split_feature=8 0 5 2 4 1 4 4 4 4 2 1 1 5 6 4 8 4 5 1 3 6 3 8 4 4 8 5 0 7
split_gain=4.00875 4.06833 4.81805 5.82229 8.19717 7.78283 6.8152 6.62025 8.66349 7.11124 6.24077 5.95623 5.6576 8.77478 6.28884 5.04864 4.77202 9.77492 8.81752 10.6637 5.66285 13.5688 8.40769 7.64957 7.12813 7.70018 6.76346 7.47715 13.0511 10.5638
threshold=-0.28499999999999998 1.5000000000000002 7.0050000000000008 4.4350000000000014 49.07500000000001 4.3250000000000011 35.395000000000003 37.470000000000006 41.465000000000011 35.595000000000006 6.4450000000000012 7.245000000000001 7.8750000000000009 6.7150000000000007 1.5000000000000002 29.975000000000005 -0.11499999999999998 32.360000000000007 6.8850000000000007 5.7250000000000005 34.645000000000003 4.5000000000000009 35.115000000000002 -0.15499999999999997 33.260000000000005 40.215000000000011 -0.12499999999999999 6.8050000000000006 3.5000000000000004 -1.0000000180025095e-35
decision_type=8 2 10 2 2 2 2 2 2 2 2 2 2 10 10 2 10 2 8 2 2 10 2 10 2 2 10 10 2 10
left_child=-1 2 12 5 7 -4 15 9 -9 11 -11 -5 -2 14 -14 -7 17 -3 20 -20 21 -19 23 -22 -24 -26 27 29 -29 -23
right_child=1 16 3 4 -6 6 -8 8 -10 10 -12 -13 13 -15 -16 -17 -18 18 19 -21 22 26 24 -25 25 -27 -28 28 -30 -31
leaf_value=-0.060540982880809516 0.0011035376019481692 -0.0050660462261039509 -0.017028046627634859 -0.0070485701387102504 -0.067805406255993253 0.027503205234799225 0.047444106140050138 0.02983060231361849 -0.018356508896813839 -0.063100278760286496 0.0029753978452183097 -0.063547844640668108 0.033669397699987585 0.051415522757230207 -0.059524994897831085 -0.016996392323207318 -0.00068837583225640178 -0.0025574751247538969 -0.04688568519618877 0.018307158195524087 0.032102790666949182 -0.0081184962471165713 0.079374980429482905 0.18491486507414912 0.008744280145272159 0.051606799452146579 -0.0048136024670072438 0.2229700563355754 0.020799257381447112 0.156137652007795
leaf_weight=2.7351932725869119 6959.2669372409582 108.13502949010581 21.437892742455006 114.8806453794241 6.0309651941061011 12.421009510755541 14.663067013025282 22.465387165546417 15.950114116072653 12.170209944248201 5.0589554011821738 4.8621458858251563 3.3432155996561077 13.348112955689428 3.9477862268686295 13.092070057988165 12308.102856889134 46.110515674110502 11.712057216791438 13.506099983118473 1.6243218295276167 3.1815070351585746 5.7947809104807666 1.6517395740374912 36.980082591995597 14.620969569310544 2.9691982031799835 1.9682226553559306 1.3429431323893366 1.4138543792068956
leaf_count=39 31120 1369 117 487 26 54 64 97 68 52 22 24 20 73 21 56 158163 504 201 140 16 49 73 24 410 151 44 22 32 22
internal_value=-1.37835e-05 -5.41466e-06 0.000940093 -0.00598047 -0.0104905 0.00729915 0.0202801 -0.00851969 0.00982332 -0.0136642 -0.0436986 -0.00934272 0.00118106 0.0273206 -0.0167916 0.00466818 -0.000549191 0.00627562 0.0148595 -0.0119703 0.02061 0.00929162 0.0312409 0.109148 0.026794 0.0208892 0.059529 0.0836921 0.140974 0.0424182
internal_weight=19784.8 19782.1 7222.94 243.032 181.418 61.614 40.1761 175.387 38.4155 136.972 17.2292 119.743 6979.91 20.6391 7.291 25.5131 12559.1 251.011 142.876 25.2182 117.658 56.9862 60.6719 3.27606 57.3958 51.6011 10.8757 7.90653 3.31117 4.59536
internal_count=193560 193521 32301 1067 776 291 174 750 165 585 74 511 31234 114 41 110 161220 3057 1688 341 1347 673 674 40 634 561 169 125 54 71
is_linear=0
shrinkage=0.05


Tree=115
num_leaves=31
num_cat=0
split_feature=8 2 5 3 3 8 4 5 3 5 0 4 4 4 4 7 2 4 8 3 1 1 2 1 4 5 3 5 5 4
split_gain=3.84258 4.79578 8.40101 8.10644 4.78024 7.03252 6.79422 6.61824 7.68142 9.039 6.7298 6.33841 6.46536 5.84396 6.03586 8.25337 8.21105 8.54819 5.36963 7.58803 7.20193 6.75117 12.7606 6.00779 5.80716 5.77932 5.23386 6.75238 7.74441 6.4145
threshold=0.20500000000000004 8.1150000000000002 6.8050000000000006 38.665000000000006 39.615000000000002 0.055000000000000007 54.345000000000006 6.8250000000000011 43.085000000000008 6.535000000000001 2.5000000000000004 25.940000000000001 20.805000000000003 14.405000000000001 29.040000000000003 1.0000000180025095e-35 7.9050000000000011 28.855000000000004 0.18500000000000003 53.375000000000007 5.7250000000000005 1.5650000000000002 1.2950000000000002 1.4450000000000001 22.015000000000004 6.745000000000001 44.420000000000009 6.6750000000000007 6.7650000000000006 34.455000000000005
decision_type=10 2 10 2 2 10 2 10 2 10 2 2 2 2 2 8 2 2 10 2 2 2 2 2 2 8 2 10 10 2
left_child=4 -2 -3 -4 -1 11 7 8 13 10 -10 12 -6 -7 15 16 17 -15 21 20 24 22 23 -11 -20 -21 -26 -28 -29 -30
right_child=1 2 3 -5 5 6 -8 -9 9 18 -12 -13 -14 14 -16 -17 -18 -19 19 25 -22 -23 -24 -25 26 -27 27 28 29 -31
leaf_value=-0.00023451468456973297 -0.0022841487179770504 -0.0028074865856076007 0.093777020580845694 -0.010552538204701188 -0.0001983173378585462 -0.029774418733136795 -0.015503359439638412 0.0081348949511272969 0.10977283414039551 -0.014365139327286459 0.0098589157905515281 0.00081111174494321648 -0.01432024241162104 0.0019948058728346983 -0.0037269849953865289 0.087226843038959556 0.081969594817614774 0.092838321375294797 -0.025128402634901511 -0.057149410988201393 0.007392634147226242 0.003451339173994978 0.2421194194934452 0.14728692596961662 0.010053495160797741 0.028870907380193152 0.018866524876304525 0.12704811612713315 0.10437742310739846 -0.019067891513174583
leaf_weight=13443.810241994448 2078.3736209671479 14.110152835026385 5.7648636288940889 2.7501079849898815 173.88007478555664 18.533268059138209 45.074035577476025 688.48050180263817 3.5905785188078871 2.486488195136189 3.1762021938338876 1763.9700299450196 151.80939118051901 101.40651141293347 470.43808996817097 3.2919356413185588 3.5192028656601897 2.6574230105616143 2.339083791710439 4.9446411523967955 19.372458279132843 750.56834844476543 0.8362505102995782 0.74757403833791602 4.3655520887114134 3.2268838803283879 4.2544912188313893 6.5974133871495706 2.0269272066652775 2.1886119330301881
leaf_count=132766 23109 103 51 16 1516 162 423 6861 20 70 21 15477 1363 897 4006 29 20 28 28 38 139 6149 18 20 52 35 35 66 20 22
internal_value=-1.33672e-05 -0.00203491 0.0208607 0.0600814 0.000226895 0.00169204 0.00370379 0.00411624 0.00215478 0.00532857 0.0628751 -0.000372144 -0.00678079 -0.00213475 -0.00125355 0.00924112 0.00685483 0.00431463 0.00484421 0.0208288 0.0295693 0.0037996 0.0680197 0.0230018 0.0493017 -0.0231805 0.0582606 0.0722279 0.0932236 0.0402874
internal_weight=19778.6 2101 22.6251 8.51497 17677.6 4233.78 2144.12 2099.05 1410.57 810.722 6.76678 2089.66 325.689 599.846 581.313 110.875 107.583 104.064 803.955 49.3161 41.1445 754.639 4.07031 3.23406 21.7721 8.17153 19.433 15.0674 10.813 4.21554
internal_count=193560 23279 170 67 170281 37515 19159 18736 11875 6733 41 18356 2879 5142 4980 974 945 925 6692 435 362 6257 108 90 223 73 195 143 108 42
is_linear=0
shrinkage=0.05


Tree=116
num_leaves=31
num_cat=0
split_feature=6 1 0 3 2 5 2 3 8 2 4 4 4 0 8 8 1 2 8 1 8 4 8 2 2 4 5 5 1 8
split_gain=3.8171 4.44424 5.34517 4.39703 5.53337 5.14784 5.93257 5.66426 5.66719 4.32335 6.12685 7.85347 4.8741 6.91068 6.62202 6.20006 4.85239 6.55887 6.45409 6.35009 5.378 4.78675 4.61621 9.6917 11.4337 7.35513 6.01909 4.58905 4.36732 4.2803
threshold=5.5000000000000009 3.3350000000000004 3.5000000000000004 45.250000000000007 8.1650000000000009 6.705000000000001 7.3650000000000011 43.085000000000008 0.30500000000000005 4.495000000000001 22.265000000000004 23.550000000000004 33.675000000000004 3.5000000000000004 0.095000000000000015 0.03500000000000001 5.1650000000000009 5.2150000000000007 0.14500000000000005 5.785000000000001 0.085000000000000006 27.665000000000003 0.025000000000000005 6.4250000000000007 6.705000000000001 37.965000000000011 6.9050000000000011 6.8850000000000007 4.5250000000000012 -1.0000000180025095e-35
decision_type=10 2 2 2 2 10 2 2 8 2 2 2 2 2 10 10 2 2 8 2 8 2 10 2 2 2 8 10 2 10
left_child=-1 2 -2 5 9 6 7 8 -3 12 29 -12 14 15 -5 -14 21 19 20 27 22 -13 23 25 -25 -19 -26 -18 -17 -11
right_child=1 3 -4 4 -6 -7 -8 -9 -10 10 11 16 13 -15 -16 28 17 18 -20 -21 -22 -23 -24 24 26 -27 -28 -29 -30 -31
leaf_value=0.00021185431416032442 -0.031229552410092537 0.01586547725811031 -0.0022992946780673639 0.064852373680852032 0.074014986996720059 -0.0029588614761415851 -0.051631500711745985 -0.040837665358917835 0.10955855804203474 0.023502463431820345 0.10797331124528392 0.062422014626984261 -0.031878259284850899 -0.044495686320466583 0.0061531283885802096 0.017279844228883536 -0.030552106999599007 -0.059985298502100139 -0.028767627846372597 0.13272267433469778 0.044174456194020432 -0.026177008904982754 -0.017431357917047436 0.15483997487049994 0.055092346138554328 0.042186009701397791 -0.044971331117500575 0.080518061069194735 0.10371495132776581 -0.043827555546744945
leaf_weight=17902.095249532722 28.50382361933589 58.960305313114077 36.29763971013017 10.253990550059827 3.0187244173139325 1611.1901756576262 3.5794445350766173 4.3184777162969104 1.6593821858987201 2.973313447088004 1.8251278679817904 1.667253198102119 3.0254544354975206 5.6070668259635559 9.0410272721201164 3.2502493225038052 1.9505582386627787 4.6402752436697687 11.326636841520658 2.0064775049686432 10.798636471852651 17.802887301426381 14.481104384176431 2.2004495617002231 4.8825841434299946 2.8392431205138564 2.1711317077279091 1.7773634623736141 2.6553541272878647 11.451979677192863
leaf_count=165664 492 757 1816 152 23 23181 40 44 21 29 25 26 27 138 131 37 25 51 122 27 103 227 129 21 41 32 21 21 20 117
internal_value=-1.30125e-05 -0.00215867 -0.0150247 -0.00169839 0.00710114 -0.00238805 0.0110346 0.0144888 0.0184302 0.00553077 5.44256e-05 0.00543975 0.0208746 -0.000988627 0.0373478 0.0263258 0.0030572 0.0101919 0.00472924 0.061004 0.0137599 -0.0185902 0.00323804 0.0211251 0.0553342 -0.0212008 0.0242928 0.0224029 0.0561439 -0.0299496
internal_weight=19778.3 1876.16 64.8015 1811.35 131.647 1679.71 68.5176 64.9382 60.6197 128.628 94.795 80.3697 33.8331 14.5381 19.295 8.93106 78.5446 59.0745 53.3401 5.7344 42.0134 19.4701 31.2148 16.7337 9.25417 7.47952 7.05372 3.72792 5.9056 14.4253
internal_count=193560 27896 2308 25588 1545 24043 862 822 778 1522 1017 871 505 222 283 84 846 593 520 73 398 253 295 166 83 83 62 46 57 146
is_linear=0
shrinkage=0.05


Tree=117
num_leaves=31
num_cat=0
split_feature=7 8 4 5 2 1 8 1 1 1 8 1 3 6 4 8 3 2 2 2 2 7 8 4 1 8 8 2 6 5
split_gain=3.81 5.57248 5.76993 8.71872 5.33543 9.36226 7.64587 6.20395 10.3009 7.27738 14.4331 7.8757 10.9063 8.32155 6.31305 6.26972 6.25154 5.16975 5.72448 5.60912 8.5891 9.24154 8.35895 12.7236 7.06277 6.77631 6.60707 6.30375 7.68592 6.27128
threshold=-1.0000000180025095e-35 0.30500000000000005 49.07500000000001 6.8650000000000011 4.5650000000000004 4.6050000000000013 -0.15499999999999997 6.2950000000000008 6.955000000000001 6.6650000000000009 0.23500000000000001 6.8150000000000004 34.045000000000009 2.5000000000000004 39.865000000000002 -0.105 75.595000000000013 8.7700000000000014 9.0050000000000008 6.7350000000000012 6.5650000000000004 0.75000000000000011 0.10500000000000002 44.010000000000012 5.6950000000000012 0.26500000000000007 0.115 8.1150000000000002 5.5000000000000009 6.5850000000000009
decision_type=8 10 2 10 2 2 10 2 2 2 10 2 2 10 2 10 2 2 2 2 2 10 10 2 2 8 8 2 10 10
left_child=1 4 -3 -4 7 6 -6 14 9 10 -9 12 -11 -14 -1 -10 -16 19 -19 20 29 24 -21 27 -22 -25 -23 -24 -29 -2
right_child=17 2 3 -5 5 -7 -8 8 15 11 -12 -13 13 -15 16 -17 -18 18 -20 22 21 26 23 25 -26 -27 -28 28 -30 -31
leaf_value=-0.0041907652220267008 0.010604342776868489 -0.010940465374038871 -0.0077458033925709366 0.134979954321123 0.068098978114094974 -0.00036978248835648788 0.0057855748129771569 0.0015523163834210887 0.055877775566190238 0.018625427695108582 0.10989828340379788 0.0060877259474638899 0.043689964030663983 0.12545767033318683 0.0022187743870502735 -0.015429256626072941 0.10005853797356755 -0.044628269066578352 -0.0042886813041665616 0.00088078450025290292 0.0092368982056648084 0.011928010851230221 0.0090380032847554078 -0.0087124427898627108 -0.010977802961526111 -0.065928169197433176 0.093532218509418841 0.023249023109850137 0.10201465160964146 0.00034256082636749142
leaf_weight=2154.1173691216391 151.75998519547284 173.90561514766887 2.8382314522750667 1.7175100271124391 4.9658153895288697 5967.7884806357324 567.03632500069216 115.22309966664761 3.2463870756328097 18.481586829759184 3.158043820410966 26.563911773264408 7.2440300937741977 5.4544797912240028 403.1259357878007 61.116242382675409 1.6393006145954121 12.928785290569065 27.502604744397104 1220.2032455215231 49.644873041659594 8.1756834965199214 502.74887754861265 49.831647354178131 333.34108288213611 5.774580216035246 3.5606807060539714 31.709059612825513 3.4324066806584588 7858.9382304584142
leaf_count=27606 1168 2183 32 20 39 49861 6680 874 19 139 26 200 45 46 5157 468 11 106 194 9224 447 69 3853 389 2586 49 29 218 33 81789
internal_value=-1.27015e-05 -0.000733228 -0.00948532 0.0460617 -0.000565985 0.000215911 0.00632655 -0.00239262 0.00528546 0.011541 0.00444265 0.0260934 0.0431373 0.0788122 -0.00311422 -0.0118326 0.00261503 0.00065572 -0.0171881 0.000726318 0.000182174 -0.00701817 0.0032481 0.0081152 -0.00835746 -0.0146542 0.0366858 0.0104691 0.0309424 0.000536967
internal_weight=19777.2 9517.62 178.461 4.55574 9339.16 6539.79 572.002 2799.37 240.488 176.125 118.381 57.744 31.1801 12.6985 2558.88 64.3626 404.765 10259.6 40.4314 10219.1 8405.42 394.722 1813.7 593.497 382.986 55.6062 11.7364 537.89 35.1415 8010.7
internal_count=193560 93406 2235 52 91171 56580 6719 34591 1817 1330 900 430 230 91 32774 487 5168 100154 300 99854 86088 3131 13766 4542 3033 438 98 4104 251 82957
is_linear=0
shrinkage=0.05


Tree=118
num_leaves=31
num_cat=0
split_feature=8 0 1 5 8 1 4 5 2 2 8 8 1 4 2 2 2 3 3 3 4 7 4 3 5 6 4 3 1 8
split_gain=3.79204 3.77884 6.46486 4.06283 6.36628 6.21781 4.78874 6.74044 11.5068 9.6565 6.10508 13.0851 4.47266 10.4148 8.89265 15.6175 5.15683 4.82538 7.94883 6.31934 7.76487 5.59404 4.97013 10.7101 15.28 6.29511 16.2983 25.365 5.73511 9.286
threshold=-0.28499999999999998 5.5000000000000009 2.9050000000000007 6.785000000000001 0.20500000000000004 4.8650000000000011 20.055000000000003 6.9450000000000012 3.1150000000000007 5.0550000000000006 -0.044999999999999991 -0.064999999999999988 3.4050000000000007 32.085000000000008 2.4550000000000005 1.2950000000000002 4.1750000000000007 46.025000000000013 44.010000000000012 46.170000000000009 31.420000000000005 -1.0000000180025095e-35 29.655000000000005 41.970000000000006 6.6950000000000012 1.5000000000000002 27.795000000000005 31.685000000000006 4.7250000000000005 0.065000000000000016
decision_type=8 2 2 10 10 2 2 10 2 2 8 10 2 2 2 2 2 2 2 2 2 8 2 2 10 8 2 2 2 10
left_child=-1 -2 -3 12 5 6 7 10 -9 -10 11 -5 13 -4 15 -15 -16 18 21 20 -19 22 23 25 -25 26 -14 -28 29 -27
right_child=1 2 3 4 -6 -7 -8 8 9 -11 -12 -13 17 14 16 -17 -18 19 -20 -21 -22 -23 -24 24 -26 28 27 -29 -30 -31
leaf_value=-0.060024049749025178 0.00012235111843769136 -0.02790316183106158 -0.05077878412809092 -0.050550578964452364 -0.029895267637807407 -0.001264427709647813 -0.030422766086623271 0.492661250511643 -0.050465043960555005 0.30078543935083618 -0.034665246840647403 0.48310751677461305 -0.018117239157611743 0.061972926316815495 -0.051077744089598837 0.50605462518700106 0.17097525027131788 0.012589603475466568 -0.040537051829209747 0.014030447175502704 0.24554729777469897 0.0054296969691295114 -0.014372801372961087 -0.051768949421103383 0.3079579551020904 -0.050722933510594273 0.33239857805020634 0.025623807606232635 -0.023989588331548236 0.11173926679334011
leaf_weight=2.6319815597962588 19130.4456856139 26.612471012864262 1.2634536428377026 0.29674671916291118 28.098392253974453 201.21304319985211 32.340913011459634 0.18415084271691717 0.6261352919973433 0.28461426496505737 3.1558861599769439 0.18740825681015849 4.4186365744099083 0.44147215550765384 0.62996345991268732 0.35895945830270648 0.44697856949642301 0.76614784821868187 12.580400804057716 30.086232693400234 0.67096139956265688 185.42926040338352 88.629169465973973 0.51289579644799121 0.6955022900365293 1.4867087923921674 1.0396908298134806 1.914672030135989 16.379932674579322 2.1537366742268205
leaf_count=39 161546 4327 117 30 1787 9363 3820 27 79 29 367 22 140 27 48 24 24 20 406 906 22 5588 3719 19 30 113 28 47 688 158
internal_value=-1.23494e-05 -4.36143e-06 -0.00377486 -0.00273296 -0.0073857 -0.00473143 -0.0235471 0.0234157 0.132189 0.0593027 -0.00930263 0.15602 0.00080924 0.0602074 0.1349 0.261125 0.0410841 0.00027124 -0.00159391 0.0189232 0.121354 2.48033e-05 -0.00852435 0.00959842 0.155274 0.00317224 0.0426691 0.133583 -0.0113735 0.0453919
internal_weight=19776 19773.4 642.905 616.292 266.387 238.289 37.0759 4.73494 1.0949 0.91075 3.64004 0.484155 349.905 3.14083 1.87737 0.800432 1.07694 346.764 315.241 31.5233 1.43711 302.66 117.231 28.6018 1.2084 27.3934 7.373 2.95436 20.0204 3.64045
internal_count=193560 193521 31975 27648 15524 13737 4374 554 135 108 419 52 12124 240 123 51 72 11884 10936 948 42 10530 4942 1223 49 1174 215 75 959 271
is_linear=0
shrinkage=0.05


Tree=119
num_leaves=31
num_cat=0
split_feature=0 5 1 5 1 5 4 4 4 6 8 2 1 4 7 2 4 1 8 1 3 6 2 1 2 8 4 3 3 3
split_gain=3.61594 4.40322 5.37707 8.13687 5.22832 8.20555 5.15432 7.54043 6.54582 6.47702 5.64678 5.43667 7.11559 6.43688 6.79126 5.07231 7.3531 4.99424 4.60742 4.20565 8.40076 6.38522 5.18706 6.1824 13.1753 11.9524 7.19758 7.43039 7.61208 10.9144
threshold=1.5000000000000002 7.0050000000000008 6.6650000000000009 7.035000000000001 7.8750000000000009 6.7150000000000007 50.335000000000008 38.205000000000005 41.465000000000011 4.5000000000000009 0.13500000000000004 5.7150000000000007 3.6950000000000007 12.615000000000002 -1.0000000180025095e-35 6.6250000000000009 32.845000000000006 6.0550000000000006 0.15500000000000003 8.0050000000000008 27.125000000000004 2.5000000000000004 8.7700000000000014 7.5050000000000008 8.5150000000000023 0.18500000000000003 40.775000000000013 44.010000000000012 37.150000000000006 32.685000000000009
decision_type=2 10 2 10 2 10 2 2 2 10 10 2 2 2 10 2 2 2 10 2 2 10 2 2 2 8 2 2 2 2
left_child=1 4 6 -4 -1 -6 7 9 -9 10 -3 12 -11 -14 -15 -5 -17 -13 -10 22 -21 -22 23 -2 25 26 27 28 29 -25
right_child=19 2 3 15 5 -7 -8 8 18 11 -12 17 13 14 -16 16 -18 -19 -20 20 21 -23 -24 24 -26 -27 -28 -29 -30 -31
leaf_value=0.0010353225713171299 -0.00055113258908976142 -0.0050183203402695137 -0.060146376856605434 -0.039614962402964929 -0.015865677076275286 0.050265087271293668 -0.05221488345789832 0.035493094780975613 0.0091654044061662242 -0.061135672248806762 0.023521016794566911 -0.051928086402412338 0.049447564520100296 -0.034430787203246403 0.0075578839965208021 0.055915675415410163 -0.02786378243782104 -0.0090240554897085667 -0.047858414193778162 0.056546927497147674 -0.049077492443394634 -0.0026213591542492776 -0.017052659033797806 0.026032757509178186 0.10248027127237612 -0.030164392869195329 -0.012686143711129836 -0.02305449098159866 0.039007091228198822 -0.010555369518009398
leaf_weight=6958.5621849447489 12291.178422573255 62.800072275102139 10.885444462299349 6.4675723463296917 7.3359819501638439 13.008669435977934 5.2041942328214637 22.462895885109901 15.717008471488954 5.5008094385266295 23.939161092042923 16.750275313854221 5.5670699030160895 15.1889131963253 26.312504917383194 5.5888265669345838 4.9286202490329742 11.398633435368536 4.5729445219039908 3.3624534197151652 15.456957530230286 14.183951035141943 47.02829606551677 51.487052090466022 3.6732130981981745 19.461512077599764 26.004229564219713 11.104456247761844 35.859167857095599 33.739134345203638
leaf_count=31132 159120 266 51 29 41 73 22 98 67 38 102 69 25 66 119 26 23 48 20 27 104 136 410 442 32 154 202 81 248 289
internal_value=-1.25528e-05 0.000878814 -0.00573355 -0.0263993 0.00110932 0.0264193 -0.0030598 -0.00184287 0.0168989 -0.00662775 0.00285825 -0.0168213 -0.00732589 -0.00103724 -0.00780936 -0.00477124 0.0166555 -0.0345545 -0.00368661 -0.000525407 -0.0183507 -0.026847 -0.000478417 -0.000415923 0.00874913 0.00681114 0.01136 0.0160903 0.0196802 0.0115483
internal_weight=19774.7 7222.19 243.285 27.8705 6978.91 20.3447 215.414 210.21 42.7528 167.457 86.7392 80.7182 52.5693 47.0685 41.5014 16.985 10.5174 28.1489 20.29 12552.5 33.0034 29.6409 12519.5 12472.5 181.329 177.656 158.194 132.19 121.085 85.2262
internal_count=193560 32315 1069 129 31246 114 940 918 185 733 368 365 248 210 185 78 49 117 87 161245 267 240 160978 160568 1448 1416 1262 1060 979 731
is_linear=0
shrinkage=0.05


Tree=120
num_leaves=31
num_cat=0
split_feature=8 6 0 2 5 4 8 4 2 4 5 5 8 7 4 1 8 0 3 1 2 1 3 2 4 5 3 3 3 5
split_gain=3.57781 3.56106 4.85846 6.36825 4.30468 10.7757 9.42914 9.7175 22.6867 4.97019 4.15583 4.65216 5.92203 5.72636 6.5041 5.61419 5.17545 4.98992 5.29439 5.08988 7.66954 9.92431 7.68967 7.00845 10.1794 7.31669 6.03235 6.54476 7.70236 6.38909
threshold=-0.28499999999999998 1.5000000000000002 5.5000000000000009 5.7750000000000012 6.6950000000000012 45.320000000000007 0.015000000000000001 26.100000000000005 6.0950000000000006 23.285000000000004 6.4750000000000005 6.6150000000000011 -0.064999999999999988 1.0000000180025095e-35 39.345000000000006 6.1150000000000011 -0.054999999999999993 5.5000000000000009 41.970000000000006 4.245000000000001 4.9150000000000009 5.7150000000000007 20.940000000000001 5.5550000000000006 26.375000000000004 6.7250000000000005 51.865000000000009 29.735000000000003 28.605000000000004 6.8050000000000006
decision_type=8 10 2 2 10 2 10 2 2 2 8 10 8 10 2 2 8 2 2 2 2 2 2 2 2 8 2 2 2 10
left_child=-1 10 -3 -4 5 6 -5 8 -8 -10 -2 12 13 15 -15 -12 17 19 -19 -13 26 22 -22 24 -23 -26 27 28 -21 -29
right_child=1 2 3 4 -6 -7 7 -9 9 -11 11 16 -14 14 -16 -17 -18 18 -20 20 21 23 -24 -25 25 -27 -28 29 -30 -31
leaf_value=-0.059527090114410264 -0.031429598253917466 -0.00024067660458515147 -0.011764132335852882 -0.030345715859462476 -0.0024621526107185174 0.16944960734613515 0.35507147191541494 0.01647631848862572 -0.018849923384421673 0.13631154066084158 -0.0414214501659457 -0.01420449677252578 0.0073205052244472149 -0.0022434441208485857 0.088049924206785826 -7.9095054787017981e-05 0.00018525248715314281 0.037999949237722562 -0.026331070549925603 0.011960284451931112 0.042356892076219232 0.12637121654847522 -0.021872794777756756 0.0044222984967947319 0.062774281484195268 -0.0080052908507974481 -0.050349944642809369 0.019975657933131895 -0.064125197776557882 0.05537267650959854
leaf_weight=2.5249285011086613 9.7791198799386603 14231.992520971224 213.65415007225238 9.1292736642062717 192.42590561602265 1.1268121376633633 0.73583613708615603 17.472715609706938 1.4722115546464922 0.79471868835389603 17.701834797859192 32.039320517331362 473.31280554365367 8.2520457208156568 2.630070472136139 15.317443944513796 4195.9926110142842 20.786899110767994 3.7798370295204213 18.625903859734539 5.1155101731419554 2.7329435721039799 52.320219613611698 152.72648479044437 6.2559282630681965 8.7694468796253204 3.0252460353076449 46.831607986241579 4.0494589582085601 17.516236633062363
leaf_count=39 71 130391 17969 252 7534 28 19 489 36 20 133 310 3107 64 20 88 30444 486 109 133 35 18 325 866 37 50 22 314 26 125
internal_value=-1.20749e-05 -4.47253e-06 -0.000400094 -0.00559416 0.000313054 0.01769 0.0119138 0.0307557 0.113846 0.0355451 0.00113397 0.00119656 0.00569108 -0.0118762 0.0195793 -0.022243 0.000687955 0.00631923 0.028102 0.00479032 0.00670429 0.00182329 -0.0161522 0.00787916 0.0376091 0.0214643 0.0190585 0.0214714 -0.00162737 0.0296111
internal_weight=19768.9 19766.4 14668.8 436.812 223.157 30.7316 29.6048 20.4755 3.00277 2.26693 5097.56 5087.78 517.214 43.9014 10.8821 33.0193 4570.57 374.575 24.5667 350.008 317.969 227.921 57.4357 170.485 17.7583 15.0254 90.0485 87.0232 22.6754 64.3478
internal_count=193560 193521 156738 26347 8378 844 816 564 75 56 36783 36712 3412 305 84 221 33300 2856 595 2261 1951 1331 360 971 105 87 620 598 159 439
is_linear=0
shrinkage=0.05


Tree=121
num_leaves=31
num_cat=0
split_feature=0 5 1 4 1 4 2 7 0 8 8 5 2 2 4 5 8 4 4 3 8 1 3 8 1 1 2 3 3 1
split_gain=3.4246 4.60616 5.88883 5.13742 4.34889 7.92912 13.6476 5.95549 4.87851 4.32044 7.70063 4.25623 6.59317 15.5359 5.67835 9.15631 7.20566 8.72074 12.5615 5.63008 6.14337 6.68735 5.49891 4.90943 5.20376 5.79962 4.82628 5.79968 5.20715 4.90371
threshold=4.5000000000000009 6.785000000000001 4.6450000000000005 1.0000000180025095e-35 4.4650000000000007 49.07500000000001 4.5050000000000008 1.7500000000000002 5.5000000000000009 0.48500000000000004 0.60500000000000009 6.9850000000000012 4.9850000000000012 5.035000000000001 31.345000000000002 7.0450000000000008 0.21500000000000002 25.765000000000004 28.445000000000004 54.230000000000011 0.19500000000000003 7.3850000000000007 34.490000000000002 0.17500000000000002 6.1350000000000007 5.5850000000000009 5.0750000000000011 68.020000000000024 61.20000000000001 6.9150000000000009
decision_type=2 10 2 2 2 2 2 8 2 10 10 10 2 2 2 10 8 2 2 2 10 2 2 8 2 2 2 2 2 2
left_child=-1 3 4 -2 7 -6 -7 8 -3 -5 -11 26 14 -14 15 16 17 -13 -19 20 21 23 -20 -15 25 -25 27 -4 29 -28
right_child=1 2 11 9 5 6 -8 -9 -10 10 -12 12 13 19 -16 -17 -18 18 22 -21 -22 -23 -24 24 -26 -27 28 -29 -30 -31
leaf_value=0.00023792582640185878 -0.015008110367114481 -0.0055044665542848857 0.0022781122944535016 0.00079660548214044587 -0.030352007074024696 0.26103087573343087 -0.051959235248680007 0.082049426763099828 -0.025861110525381287 0.087132530901741362 -0.054344787186540025 -0.035706317511274975 0.17102607962967564 0.0077550913557713685 -0.037222641873088151 -0.052347323130927985 0.18074363316713216 0.25140012580745391 0.095622090570287394 0.086137996313830789 -0.033346084094918675 0.09164271492838004 -0.05241569370521524 0.022101108612107123 -0.0079861251476707629 0.21521259991712013 -0.0072221879166605484 0.11217310812477857 -0.047578785121722894 0.0046828914252888343
leaf_weight=17277.393160641193 52.363035619957373 193.60475494340062 232.07387424726039 1230.7381589633878 37.406156003475189 0.63988865260034689 0.76427010493353009 1.8264035657048214 34.707922390196472 3.4962513758800915 1.3268260546028612 3.0056582461111265 1.5626294147223223 57.939657323993742 13.129426584579049 3.6984583418816328 0.85456165112555016 0.82197746355086598 1.3395897997543218 2.4551254641264668 7.6025894614867857 2.6715450268238774 1.1797303752973674 0.66909318882971935 1.0747742019593713 0.92809675354510546 487.81221380177885 1.2068146350793529 7.3070970168337217 105.13988438155502
leaf_count=129262 1126 5718 6657 26712 1650 33 29 32 5757 60 30 97 42 1405 428 128 23 23 38 41 222 33 37 22 20 19 11991 27 139 1759
internal_value=-1.18847e-05 -0.0017457 -0.00397257 0.000331598 -0.0104906 -0.0259733 0.0906734 -0.00787967 -0.00859907 0.000981695 0.0482122 -0.00209259 0.00771263 0.0150235 -0.0150764 0.0115995 0.0444405 0.0260884 0.0816758 0.0116996 0.00912145 0.0142233 0.0262999 0.010811 0.0770753 0.134315 -0.00325637 0.00284662 -0.00562819 -0.00511123
internal_weight=19766.7 2489.35 1201.42 1287.92 268.949 38.8103 1.40416 230.139 228.313 1235.56 4.82308 932.473 98.9329 74.9035 24.0294 10.9 7.20152 6.34696 3.3413 73.3409 70.8858 63.2832 2.51932 60.6116 2.67196 1.59719 833.54 233.281 600.259 592.952
internal_count=193560 64298 36370 27928 13219 1712 62 11507 11475 26802 90 23151 2578 1804 774 346 218 195 98 1762 1721 1499 75 1466 61 41 20573 6684 13889 13750
is_linear=0
shrinkage=0.05


Tree=122
num_leaves=31
num_cat=0
split_feature=7 1 3 4 2 2 3 4 4 4 4 3 4 4 6 3 2 8 5 5 8 3 3 5 4 5 5 2 8 3
split_gain=3.42576 5.17146 5.45712 5.24411 5.28386 7.42431 4.86077 6.11672 10.3408 9.25152 6.49467 8.74725 9.76874 7.14499 6.8755 6.7287 6.40419 6.10362 5.89998 13.4567 5.81048 5.26132 9.25953 5.90008 5.21129 10.1737 10.138 10.6209 12.8808 9.57396
threshold=-1.0000000180025095e-35 3.1750000000000003 59.470000000000006 53.035000000000004 4.535000000000001 4.6950000000000012 32.915000000000006 20.805000000000003 25.765000000000004 25.940000000000001 33.525000000000013 32.250000000000007 33.260000000000005 34.140000000000008 4.5000000000000009 23.410000000000004 3.4450000000000007 -0.054999999999999993 6.7250000000000005 6.7550000000000008 0.14500000000000005 29.945000000000004 32.010000000000012 6.8950000000000005 29.425000000000004 6.8350000000000009 6.8050000000000006 6.785000000000001 0.055000000000000007 29.640000000000004
decision_type=8 2 2 2 2 2 2 2 2 2 2 2 2 2 10 2 2 10 10 10 10 2 2 10 2 10 10 2 10 2
left_child=1 2 3 4 -1 -6 7 -3 -9 21 11 12 24 14 -12 -14 -13 18 -18 -20 -17 23 -23 -10 26 -26 27 -11 -29 -28
right_child=-2 6 -4 -5 5 -7 -8 8 9 10 13 16 15 -15 -16 20 17 -19 19 -21 -22 22 -24 -25 25 -27 29 28 -30 -31
leaf_value=-0.01291874413405298 0.0006219121461508943 0.0041762786523134995 0.078053470278525508 0.053825389574039886 0.11850772862013091 0.0055556752424776555 0.00046520068251105991 -0.012036347398919256 -0.0065474194418761282 0.0059567237702714618 -0.0082563152784072731 0.016878397238023354 -0.0043237878561035153 -0.0030605206495295393 -0.033942652485284573 0.018642147283190844 -0.029361069829017927 -0.019269822442980186 0.17781098252535144 0.0073957487469233545 0.056145258993412231 0.10612285811767103 -0.0021658107810878179 0.081197257772698331 -0.0054545053194988398 0.0074314107480734776 -0.012242298540745204 0.0049872847793727623 0.054885313078330146 0.011595526189988201
leaf_weight=175.86516099260189 10256.897304987768 381.98305001389235 1.7923436537384976 3.2046612806152543 1.6781553151085962 10.931375173851846 5306.0723888264038 262.36630083317868 9.6397422738373297 262.91088616102934 98.295938113704324 17.078475724672899 25.3396250968799 1696.7231265751179 35.44655143818818 52.39835767634213 3.4123801887035352 107.37467395886779 1.5850565675646064 4.3036531037651002 12.863508063135667 4.9323717793449742 3.2913667364045978 2.3910254207439712 572.04044482903555 209.18895294121467 130.25177219579928 25.069563079625368 26.71704581938684 62.252114110160619
leaf_count=5167 100154 3824 21 94 25 142 48421 2631 96 2409 892 192 269 16815 489 495 26 965 16 49 146 35 29 24 5304 2343 1451 193 208 635
internal_value=-1.18561e-05 -0.000695586 -0.00878661 -0.00959863 -0.010677 0.020588 -0.000527517 -0.00184179 -0.00247579 -0.00173003 -0.00193414 0.00048999 0.00167408 -0.00393756 -0.0150641 0.0175436 -0.0117182 -0.015904 0.0229519 0.0532662 0.0260342 0.0319602 0.0627827 0.0108912 0.000558141 -0.00200406 0.00450463 0.0100334 0.03073 -0.0045336
internal_weight=19764.3 9507.4 193.472 191.679 188.475 12.6095 9313.93 4007.86 3625.87 3363.51 3343.25 1512.79 1379.03 1830.47 133.742 90.6015 133.754 116.676 9.30109 5.88871 65.2619 20.2545 8.22374 12.0308 1288.43 781.229 507.201 314.697 51.7866 192.504
internal_count=193560 93406 5449 5428 5334 167 87957 39536 35712 33081 32897 14701 13453 18196 1381 910 1248 1056 91 65 641 184 64 120 12543 7647 4896 2810 401 2086
is_linear=0
shrinkage=0.05


Tree=123
num_leaves=31
num_cat=0
split_feature=8 8 2 4 1 1 1 2 5 1 1 3 2 6 4 5 6 5 1 8 0 2 2 3 4 2 7 5 4 4
split_gain=3.37945 3.39791 4.54273 7.08519 5.35251 6.73259 6.02299 5.2705 7.4516 8.23166 12.2716 6.89666 6.30959 4.80453 4.78406 4.76516 7.941 10.923 7.72272 8.56291 7.06695 6.20094 5.56295 15.1929 6.87022 6.75052 5.0802 7.85221 5.28155 9.89178
threshold=-0.28499999999999998 0.20500000000000004 5.1550000000000011 1.0000000180025095e-35 6.035000000000001 6.0550000000000006 5.9750000000000005 3.7850000000000006 6.745000000000001 5.0250000000000012 4.6650000000000009 34.205000000000005 4.5050000000000008 2.5000000000000004 36.945000000000007 6.8650000000000011 5.5000000000000009 7.0450000000000008 4.3650000000000011 0.30500000000000005 1.5000000000000002 7.0550000000000006 7.0750000000000011 35.515000000000008 35.905000000000008 7.785000000000001 1.0000000180025095e-35 6.9750000000000005 27.250000000000004 30.195000000000004
decision_type=8 10 2 2 2 2 2 2 10 2 2 2 2 10 2 10 10 10 2 10 2 2 2 2 2 2 8 10 2 2
left_child=-1 -2 3 7 6 -6 -5 -3 12 10 11 -10 -9 -11 -8 -4 17 18 19 20 -17 -19 -20 25 -25 -24 28 -28 -18 -30
right_child=1 2 15 4 5 -7 14 8 9 13 -12 -13 -14 -15 -16 16 26 21 22 -21 -22 -23 23 24 -26 -27 27 -29 29 -31
leaf_value=-0.059054850636516547 0.00022146490356915552 -0.0044897673897809917 -0.001534017496225934 -0.0059809089418270166 0.068688496098865792 0.0033303590711772201 -0.073426218965936166 0.13470906516741132 0.037309755256771687 0.026890934297798874 0.13917856177497107 -0.060651426447608292 0.034279037409320347 -0.051711291272641971 0.007145205043759849 0.074537393223760115 -0.050727671091410312 -0.035925208270918163 0.0079922848864351134 0.13872037681535446 -0.034294769600998004 0.045482569731825254 0.044628649739979293 0.018889846166972257 -0.058638988677065386 0.11868494167354171 0.12932399979773074 -0.0039288391014976722 0.062585927313492482 -0.020341133640935403
leaf_weight=2.4232201704289764 17665.140441573225 21.279453853145242 799.79364286549389 882.26383235258982 4.1236243750900021 88.601740469224751 5.8698119660839421 2.658967254683378 8.14345641131513 3.0107421148568374 2.4918678766116491 2.305292345583438 3.797459539026022 5.487564405426383 2.6851509874686599 3.5170082598924619 9.9416819103062135 17.373804000671957 160.33943077502772 2.4691983661614358 2.590134765021503 2.7031389605253926 12.970219537615781 7.3558623483404499 4.6726356111466885 4.0343260895460835 1.5042661651968945 4.1710139401257038 4.1887485459446934 25.412662910763174
leaf_count=39 170242 370 6792 12368 35 681 49 29 133 24 38 37 36 55 19 15 129 177 1456 35 50 19 101 59 39 30 21 58 58 366
internal_value=-1.1607e-05 -4.36667e-06 -0.0019079 -0.00426969 -0.00519573 0.00623693 -0.00638576 0.014252 0.0285488 0.0143672 0.0394746 0.0156967 0.0756394 -0.0238644 -0.0481372 0.000386528 0.00622157 0.0101764 0.0137406 0.0601479 0.02838 -0.0249645 0.0116389 0.0317779 -0.0112273 0.0621985 -0.0128473 0.0313906 -0.0191964 -0.00860654
internal_weight=19763.3 19760.9 2095.76 1032.72 983.544 92.7254 890.819 49.1748 27.8953 21.4389 12.9406 10.4487 6.45643 8.49831 8.55496 1063.04 263.244 218.026 197.949 8.57634 6.10714 20.0769 189.372 29.033 12.0285 17.0045 45.2184 5.67528 39.5431 29.6014
internal_count=193560 193521 23279 13874 13152 716 12436 722 352 287 208 170 65 79 68 9405 2613 1981 1785 100 65 196 1685 229 98 131 632 79 553 424
is_linear=0
shrinkage=0.05


Tree=124
num_leaves=31
num_cat=0
split_feature=1 3 5 2 3 1 4 5 1 4 7 0 3 3 8 5 6 4 5 5 2 0 2 5 8 3 8 3 8 5
split_gain=3.19328 7.65025 7.72316 6.64994 7.94924 7.33471 7.03757 8.13952 7.94061 9.79167 9.65311 7.20475 6.67399 6.11978 13.3627 8.25973 7.72658 6.77436 5.4795 5.46456 13.8869 9.08539 7.47501 6.96948 8.44676 6.75964 8.06356 7.18405 6.30621 7.05952
threshold=6.5150000000000006 54.230000000000011 6.995000000000001 6.3850000000000007 49.230000000000011 6.5850000000000009 27.445000000000004 6.9250000000000007 6.6150000000000011 30.365000000000006 -1.0000000180025095e-35 1.5000000000000002 48.400000000000006 30.420000000000005 -0.034999999999999996 6.955000000000001 2.5000000000000004 49.07500000000001 6.8550000000000013 6.6850000000000014 6.3250000000000011 3.5000000000000004 6.3550000000000013 6.8250000000000011 0.31500000000000006 30.485000000000003 0.16500000000000004 30.645000000000003 -0.064999999999999988 6.8350000000000009
decision_type=2 2 10 2 2 2 2 8 2 2 10 2 2 2 10 8 8 2 10 10 2 2 2 10 8 2 10 2 10 10
left_child=-1 3 -3 4 12 18 -5 11 9 -9 -11 -8 19 14 15 -10 -15 -18 -6 20 -2 -22 -23 24 25 26 -21 -27 -25 -30
right_child=1 2 -4 6 5 -7 7 8 13 10 -12 -13 -14 16 -16 -17 17 -19 -20 23 21 22 -24 28 -26 27 -28 -29 29 -31
leaf_value=-0.00034433616888919136 0.0073105695442714424 -0.014840996299410819 0.051624801481592542 0.0055937727059719765 0.123929549796049 0.016639724835593919 0.0021993014665702649 -0.055304251892946403 0.15243386881468995 0.0018336075444381026 0.069473319155263724 -0.004254364447836491 -0.043341782591949443 -0.032111998409164011 0.0072453687780848798 0.044072028292078465 0.0078530772849928088 -0.056597921785453358 0.029073204565502442 -0.012012427001309233 0.03041838337946505 0.046491537055231055 0.16917410276168382 -0.013475297385068858 0.04257443126914684 0.049091732365546571 0.014053279977014633 0.0012228044889553476 0.028736187187477231 0.006636065136509009
leaf_weight=15506.429069312057 237.04656137526035 102.36189652234316 4.5655110552906981 462.62864594534039 2.9642113074660292 43.48773767799139 643.33882758021355 2.702437516301873 2.392603745684025 8.2059034332633072 14.767087180167431 1319.3283824920654 7.569286447018384 19.003252867609262 56.074536759406328 6.6357901655137548 65.547163631767035 4.3474936792626968 3.130181347951293 205.01960597652942 11.66376940906048 2.3580315988510838 2.6224582232534885 34.962426828220487 11.109265640377997 7.9667529966682187 34.691280109807849 484.75636617187411 39.58391653560102 414.70139084476978
leaf_count=161541 1569 732 32 3413 21 307 3269 24 22 72 112 11511 57 113 449 55 557 38 27 1545 66 23 25 287 90 64 264 3575 336 3364
internal_value=-1.13744e-05 0.00120188 -0.0120031 0.00154223 0.00414273 0.0238389 1.24497e-06 -0.00120643 0.00897955 0.0347223 0.0453126 -0.00213893 0.00348909 0.00468765 0.0163349 0.0727889 -0.00384199 0.00384418 0.0752098 0.00372756 0.0104104 0.0545578 0.11109 0.00235232 -0.000697232 -0.00135356 -0.00824016 0.00199679 0.00698695 0.00856175
internal_weight=19762 4255.53 106.927 4148.61 1543.63 49.5821 2604.97 2142.34 179.676 25.6754 22.973 1962.67 1494.05 154.001 65.1029 9.02839 88.8979 69.8947 6.09439 1486.48 253.691 16.6443 4.98049 1232.79 743.543 732.434 239.711 492.723 489.248 454.285
internal_count=193560 32019 764 31255 11620 355 19635 16222 1442 208 184 14780 11265 1234 526 77 708 595 48 11208 1683 114 48 9525 5538 5448 1809 3639 3987 3700
is_linear=0
shrinkage=0.05


Tree=125
num_leaves=31
num_cat=0
split_feature=8 0 7 8 1 2 4 2 5 4 1 3 2 1 5 3 3 3 6 2 5 2 5 4 8 8 8 1 6 8
split_gain=3.18922 3.15427 5.20184 5.09473 5.93022 6.06556 9.30996 10.1481 4.49733 5.39535 8.99594 8.31693 7.93873 13.1902 12.2079 9.82182 14.2202 6.8645 6.65627 9.43783 7.12885 7.55401 6.64288 5.29747 6.94745 11.3808 5.14816 16.4048 6.435 9.28686
threshold=-0.28499999999999998 3.5000000000000004 1.0000000180025095e-35 0.25500000000000006 5.4650000000000007 5.2350000000000012 33.815000000000005 5.6250000000000009 6.8450000000000006 22.015000000000004 7.3350000000000009 31.590000000000003 1.0000000180025095e-35 1.4450000000000001 6.9050000000000011 35.185000000000009 48.765000000000008 16.025000000000002 3.5000000000000004 6.1850000000000014 6.8850000000000007 6.9450000000000012 7.035000000000001 35.815000000000005 0.24500000000000002 0.30500000000000005 0.30500000000000005 5.0850000000000009 1.5000000000000002 0.15500000000000003
decision_type=8 2 8 10 2 2 2 2 8 2 2 2 2 2 10 2 2 2 10 2 10 2 8 2 10 10 8 2 10 10
left_child=-1 -2 8 -4 5 -5 -7 -8 -3 10 11 -10 13 -13 -15 -16 -17 18 19 22 -21 -22 -11 -20 -25 -26 28 -28 29 -14
right_child=1 2 3 4 -6 6 7 -9 9 17 -12 12 26 14 15 16 -18 -19 23 20 21 -23 -24 24 25 -27 27 -29 -30 -31
leaf_value=-0.058611541244531454 0.00038476804033837149 -0.00050422338055354065 0.0059290307885795784 -0.011555051235805622 -0.033713898032765428 -0.034133611509597116 0.18675844687019388 0.025928677900192838 -0.0053222607610247559 -0.025676496534910737 0.07821595328612424 0.25651114598481495 0.023229517029979167 -0.035976452847509138 0.23235502599840965 -0.053688249004630262 0.19249272616027799 -0.0040880988908019158 -0.050766825235641001 -0.033095517088232371 0.12914983300544744 0.013765249275122907 0.085374525514081631 -0.022753761151095547 0.2375973587937672 -0.052424514208154985 0.2603445581166729 -0.055469226889508109 0.0017963591186063175 0.15664450015647183
leaf_weight=2.3215128176379949 14325.954102639109 3489.3340492784046 397.11216046451591 16.518679293803874 18.347544907592237 2.3169738445430985 1.6553514786064623 2.4070377591997385 126.82358593121171 21.965777023229755 3.9849059581756583 0.80785811366513272 6.7920855507254583 2.7913350856397301 1.0482274550013246 1.4056937897112223 1.0066795852035282 1230.6899091822561 21.268301224568859 2.1459965854883185 2.9604609645903111 2.7233348246663809 1.4345885938964773 16.326726705068726 0.6885995699558396 0.66485865646973252 0.79877194669097551 0.84745334833860397 53.54969113599509 1.614399768412113
leaf_count=39 96924 58413 5737 384 220 41 29 34 2855 397 39 40 86 78 23 40 14 25800 577 29 38 26 32 423 21 21 30 11 1140 19
internal_value=-1.10824e-05 -4.19628e-06 -0.00103039 0.00419184 -0.0125338 0.00443712 0.0458471 0.091464 -0.001489 -0.00377624 0.00383765 0.00233683 0.0160833 0.0663861 0.0418187 0.104569 0.0490427 -0.00495543 -0.0201654 -0.0029689 0.0445488 0.0738644 -0.0188684 -0.0339542 -0.0137295 0.09513 0.0104997 0.0977681 0.00818091 0.0488508
internal_weight=19758.3 19756 5430.03 438.358 41.2456 22.898 6.37936 4.06239 4991.67 1502.34 201.471 197.486 70.6622 7.05979 6.25194 3.4606 2.41237 1300.87 70.1786 31.2302 7.82979 5.6838 23.4004 38.9485 17.6802 1.35346 63.6024 1.64623 61.9562 8.40649
internal_count=193560 193521 96597 6445 708 488 104 63 90152 31739 4375 4336 1481 195 155 77 54 27364 1564 522 93 64 429 1042 465 42 1286 41 1245 105
is_linear=0
shrinkage=0.05


Tree=126
num_leaves=31
num_cat=0
split_feature=8 2 1 1 2 5 5 3 2 4 5 3 3 8 2 5 5 2 5 6 1 1 1 2 1 5 3 5 3 4
split_gain=3.1021 4.06802 6.11035 15.3344 6.95305 8.49001 6.78478 10.1258 9.9255 7.83363 5.53196 8.70488 7.96846 6.74981 9.09185 8.89588 5.5171 5.41566 5.77093 8.33668 5.57422 5.35301 5.24207 4.91931 4.84572 7.79124 8.43686 7.27357 5.39773 5.25825
threshold=0.20500000000000004 5.455000000000001 5.1650000000000009 5.1250000000000009 6.4750000000000005 6.8450000000000006 6.6950000000000012 33.165000000000006 5.6250000000000009 34.385000000000012 6.7150000000000007 47.840000000000011 52.645000000000003 0.29500000000000004 8.2950000000000017 6.8050000000000006 7.0450000000000008 5.495000000000001 6.8550000000000013 5.5000000000000009 4.9850000000000012 4.785000000000001 5.0650000000000004 5.955000000000001 5.7250000000000005 6.8050000000000006 33.735000000000007 6.8350000000000009 37.975000000000001 40.215000000000011
decision_type=10 2 2 2 2 10 10 2 2 2 10 2 2 10 2 10 10 2 10 10 2 2 2 2 2 10 2 10 2 2
left_child=-1 24 3 6 5 -5 7 9 -9 -3 12 13 -4 14 16 -16 -12 21 -19 20 -20 -8 -22 -14 -2 26 29 28 -27 -26
right_child=1 2 10 4 -6 -7 17 8 -10 -11 11 -13 23 -15 15 -17 -18 18 19 -21 22 -23 -24 -25 25 27 -28 -29 -30 -31
leaf_value=0.00020448952461822514 -0.005189078781204449 -0.041192822467509604 -0.009937940846879486 0.052139074261213725 -0.0036808896450678651 0.16708569966602507 0.098418545333180368 0.15493533279816976 0.0376671692355341 0.059723996745439545 0.0062560949588829689 -0.022375021724087101 0.088615220677049217 -0.0071657343578248617 -0.015822783789329394 0.09700282458277687 -0.026804715812053161 -0.013407822820730187 0.03978893952652076 -0.04138635962575149 -0.064333039354119617 0.001354737165606986 0.033541721749601086 0.010260298010939839 0.0036584832807551046 -0.014362510596985713 0.023991264562731179 -0.00037812501167992861 -0.067916789693788573 -0.039373160873285663
leaf_weight=17662.587997701252 991.42082825815305 5.2134387642145175 196.67474715411663 3.7929214993491751 2.099612888880074 2.7866193419322371 2.7150789657607666 2.6101196091622096 5.845313647761941 3.0468050753697753 400.93623937759548 35.323130782693624 3.1794359833002073 121.06891596224159 2.6180931385606518 5.2514107152819633 13.029035303741692 49.043699651490897 18.952660989481963 5.4613093272782853 2.8565545724704853 2.9789163237437606 2.625383535400033 5.4143299199640751 55.282741495408118 12.078510742634537 62.749224621802568 61.600328298285604 7.7073294296860686 8.1450792951509339
leaf_count=170281 13826 50 1448 39 20 32 30 22 47 28 3441 285 21 1147 21 38 125 534 208 93 33 37 29 34 426 111 480 553 57 64
internal_value=-1.11681e-05 -0.00183151 0.000722264 0.0117558 0.0755414 0.100822 0.00629348 0.0354031 0.0738668 -0.00396948 -0.000827209 0.00167603 -0.00787867 0.00324088 0.00622763 0.059467 0.00521555 0.000544136 -0.00285278 0.0144626 0.0269452 0.0476379 -0.0174593 0.0392493 -0.00373466 0.00321232 0.0109924 -0.00884951 -0.0352239 -0.00186742
internal_weight=19755.1 2092.51 893.524 110.028 8.67915 6.57954 101.349 16.7157 8.45543 8.26024 783.495 578.227 205.269 542.904 421.835 7.8695 413.965 84.6336 78.9396 29.8959 24.4346 5.694 5.48194 8.59377 1198.98 207.563 126.177 81.3862 19.7858 63.4278
internal_count=193560 23279 7762 1202 91 71 1111 147 69 78 6560 5057 1503 4772 3625 59 3566 964 897 363 270 67 62 55 15517 1691 970 721 168 490
is_linear=0
shrinkage=0.05


Tree=127
num_leaves=31
num_cat=0
split_feature=6 0 1 3 6 1 1 8 5 3 8 8 1 1 2 2 7 5 4 3 1 8 5 8 2 1 8 3 2 5
split_gain=3.0567 4.14609 5.72129 6.25588 10.2981 9.13608 9.27827 9.74716 5.7699 5.30111 14.7804 6.71371 5.08327 4.3821 4.13198 4.08359 6.54858 8.56784 6.43684 6.36154 6.56803 6.52598 12.6474 6.18681 6.5955 5.82653 12.6117 10.206 23.2681 10.5578
threshold=1.5000000000000002 5.5000000000000009 3.9150000000000005 49.900000000000006 3.5000000000000004 6.5950000000000006 6.4150000000000009 -0.044999999999999991 6.535000000000001 53.375000000000007 0.065000000000000016 0.16500000000000004 5.7650000000000006 1.5650000000000002 8.6450000000000014 6.3050000000000006 0.75000000000000011 6.7950000000000008 34.57500000000001 37.525000000000006 7.8750000000000009 -0.11499999999999998 6.7150000000000007 0.16500000000000004 6.3650000000000011 4.0750000000000011 0.28500000000000009 22.590000000000003 4.535000000000001 6.6650000000000009
decision_type=10 2 2 2 10 2 2 10 10 2 10 10 2 2 2 2 8 8 2 2 2 10 8 10 2 2 8 2 2 10
left_child=14 13 -3 8 5 6 7 -5 -4 10 -9 12 -12 -2 -1 19 23 18 -18 20 25 22 -21 -17 -25 26 27 28 -10 -29
right_child=1 2 3 4 -6 -7 -8 9 15 -11 11 -13 -14 -15 -16 16 17 -19 -20 21 -22 -23 -24 24 -26 -27 -28 29 -30 -31
leaf_value=0.0011526104977707266 0.012579541120227378 -0.024618052978698818 0.12767227146978508 0.19917338630715609 -0.017471460084123841 -0.031935447955229034 0.18232594295887186 -0.051425187935385086 0.031161789301870975 -0.0098949175204563738 0.33517476251423856 0.03373874621977048 0.12878855533800204 -0.00029117493379249553 -0.017539233746535949 0.0037893994258704094 0.19215279789867179 -0.010591596507776154 0.033031392478831967 0.31696064344186142 0.19784283117002621 -0.0261463502863723 -0.00739788942092126 0.10221876723199119 -0.030674864014638606 -0.006470268018584322 0.43312011898863567 0.272688657270166 0.63041243220204313 -0.034158775601941825
leaf_weight=5068.7084638089873 66.443272203207016 34.870516853756271 0.81818662118166585 0.99236297234892745 8.8453728887252492 2.4546898473054162 1.6942833811044691 1.2607261361554294 0.6121081318706264 3.6008317563682795 0.64639691356569506 0.58834425825625647 0.55408847332000732 14156.098255658522 29.739568108692765 119.80123647442088 1.4224564209580415 2.3796488884836435 1.1488851681351659 0.40745123196393129 0.4001858364790668 58.20995736354962 1.1452863807789981 0.97629448305815714 21.369200123474002 164.99333242513239 0.20673140231519926 0.30878996942192349 0.220284353941679 3.0413929782807827
leaf_count=36603 1199 5507 18 29 446 62 31 53 69 149 28 28 19 129215 188 4186 24 56 19 19 11 3657 78 40 772 10667 20 17 25 325
internal_value=-1.09308e-05 -0.00037778 -0.0051978 -0.00349673 0.0233092 0.0539001 0.0764662 0.0529987 -0.0049623 0.0311866 0.0796946 0.172105 0.239916 -0.000231047 0.00104358 -0.00525043 0.00125323 0.0577812 0.121057 -0.00941811 -0.00447972 -0.0234478 0.0777165 -0.000715647 -0.0248686 -0.00495773 0.0518982 0.0330556 0.189747 -0.00587632
internal_weight=19754 14655.5 432.969 398.099 20.6371 11.7917 9.33703 7.64275 377.461 6.65039 3.04956 1.78883 1.20049 14222.5 5098.45 376.643 147.098 4.95099 2.57134 229.546 169.783 59.7627 1.55274 142.147 22.3455 169.383 4.38931 4.18258 0.832392 3.35018
internal_count=193560 156769 26355 20848 845 399 337 306 20003 277 128 75 47 130414 36791 19985 5097 99 43 14888 11134 3754 97 4998 812 11123 456 436 94 342
is_linear=0
shrinkage=0.05


Tree=128
num_leaves=31
num_cat=0
split_feature=5 7 8 4 5 8 4 4 1 2 8 5 1 8 2 2 1 8 4 5 4 3 2 1 1 4 2 3 3 3
split_gain=3.01534 3.04583 4.72147 5.15372 7.01787 4.7431 7.11966 5.74185 4.85033 4.72007 6.62544 4.71171 8.9854 4.87477 4.84449 4.56098 8.3829 7.93383 4.94516 12.5184 13.1333 8.39921 8.29668 7.2052 10.3053 10.2705 7.06724 7.23012 10.6107 9.10307
threshold=6.4250000000000007 -1.0000000180025095e-35 0.30500000000000005 49.07500000000001 6.8650000000000011 0.37500000000000006 32.915000000000006 8.4500000000000011 4.5650000000000004 1.0200000000000002 0.41500000000000004 6.5850000000000009 3.4050000000000007 0.49500000000000005 1.385 4.5850000000000009 4.6050000000000013 -0.15499999999999997 26.375000000000004 6.8550000000000013 1.0000000180025095e-35 47.840000000000011 1.0000000180025095e-35 6.2550000000000008 7.2650000000000006 29.425000000000004 4.3650000000000011 44.420000000000009 30.235000000000003 34.865000000000002
decision_type=8 8 10 2 10 10 2 2 2 2 8 10 2 8 2 2 2 10 2 10 2 2 2 2 2 2 2 2 2 2
left_child=-1 2 15 5 -5 7 9 8 -4 10 -7 12 14 -14 -3 18 17 -17 19 21 22 26 -21 -20 25 -25 -2 28 -28 -30
right_child=1 11 3 4 -6 6 -8 -9 -10 -11 -12 -13 13 -15 -16 16 -18 -19 23 20 -22 -23 -24 24 -26 -27 27 -29 29 -31
leaf_value=-0.053142746890852723 -0.018895894921468634 0.0039820791414893171 -0.028434905893203351 -0.0067598944989346182 0.11882295033131336 0.1826674139104838 -0.016429180932997296 -0.017896727505542838 0.082517951485970187 0.012515268120179052 0.027173126031760853 0.00044490250536223627 0.0050824460618948183 0.06954119118457161 0.088325209892832116 0.069648944662787732 -0.00031991963533185348 0.0055120340586858165 -0.002199076044556725 0.055911300475545926 -0.006307561813114048 0.017366941776323915 0.01184628507235937 0.039761052539509553 -0.025751904423469037 0.006281733458986815 -0.013276951886296873 -0.069757245262548354 0.11605220129086424 0.021737177961301413
leaf_weight=2.6700034998357287 225.90742062870413 2.5188887147232881 1.5635727453045536 2.7945438479073337 1.8481949719134716 1.0161308774258966 26.391940280795097 113.72724779392593 2.6618906343355775 24.424132087035105 2.1025595800019805 10058.73242249433 183.02801157720387 2.9808938764035693 5.252958613447845 4.8638363014906636 5939.6157759265043 557.59662915533409 2166.332950163167 15.554802855476735 91.188340567285195 20.625102903693914 34.099765066988766 26.140099906362593 21.710588819347322 185.24105576891452 16.054862387012697 2.8436930011957875 3.5320017281919709 9.281106773298232
leaf_count=22 2834 44 29 32 20 25 355 1401 31 306 36 98727 1287 20 55 38 49680 6539 27789 202 1315 206 475 186 172 1406 164 28 42 94
internal_value=-1.11249e-05 -3.94191e-06 -0.000649095 -0.00874984 0.0432325 -0.0101539 0.00212894 -0.0157703 0.0414614 0.0199116 0.0778362 0.000593677 0.00831622 0.00611543 0.0609892 -0.000495668 0.000232549 0.00606665 -0.00217561 -0.00718692 0.0049592 -0.0133351 0.0256501 -0.00130032 0.0070526 0.0104219 -0.0157931 0.00631042 0.0138036 0.0477356
internal_weight=19752.3 19749.6 9497.12 176.53 4.64274 171.887 53.9348 117.953 4.22546 27.5428 3.11869 10252.5 193.781 186.009 7.77185 9320.59 6502.08 562.46 2818.51 419.087 140.843 278.244 49.6546 2399.42 233.092 211.381 257.619 31.7117 28.868 12.8131
internal_count=193560 193538 93405 2235 52 2183 722 1461 60 367 61 100133 1406 1307 99 91170 56257 6577 34913 5360 1992 3368 677 29553 1764 1592 3162 328 300 136
is_linear=0
shrinkage=0.05


Tree=129
num_leaves=31
num_cat=0
split_feature=8 6 7 8 5 8 1 2 5 5 5 5 2 8 8 5 8 0 3 3 3 8 3 5 3 0 5 8 1 1
split_gain=3.01991 2.95243 4.00888 5.27491 4.13244 9.79268 7.19887 5.47398 5.3295 5.28627 5.32866 5.02761 4.79176 4.92052 5.46953 4.09077 5.04054 5.24027 4.77095 4.28688 5.83541 4.23769 12.7411 10.891 4.21921 6.99904 7.07705 4.33722 4.08224 6.36837
threshold=-0.28499999999999998 5.5000000000000009 1.0000000180025095e-35 0.045000000000000005 6.995000000000001 0.055000000000000007 6.5150000000000006 4.6050000000000013 7.0850000000000009 6.8550000000000013 6.7650000000000006 7.0950000000000006 4.8950000000000005 0.19500000000000003 0.115 6.8050000000000006 -0.13499999999999998 1.5000000000000002 35.515000000000008 25.385000000000002 26.625000000000004 0.36500000000000005 34.57500000000001 6.745000000000001 48.105000000000011 3.5000000000000004 6.7350000000000012 0.28500000000000009 6.1150000000000011 5.7650000000000006
decision_type=8 10 10 10 10 8 2 2 10 10 10 10 2 10 8 10 10 2 2 2 2 8 2 10 2 2 10 10 2 2
left_child=-1 -2 15 -4 5 -5 11 -7 -8 10 -9 -6 -11 14 -14 16 18 19 -3 -18 -21 24 23 -23 27 26 -26 -19 29 -13
right_child=1 2 3 4 6 7 8 9 -10 12 -12 28 13 -15 -16 -17 17 21 -20 20 -22 22 -24 -25 25 -27 -28 -29 -30 -31
leaf_value=-0.058201115603335456 0.00019322306165630969 0.018997755459790502 -0.01010927507296689 0.13620956129064316 -0.045018075133638508 -0.020686573142481707 0.12105613455730209 0.052934601711212448 0.012821394252425733 0.15857827608279307 -0.035841950629427161 -0.0031381465338127094 0.082490481950106234 0.10932297807038382 -0.011815868859292325 -0.0039176353574685028 -0.0070763426702658552 -0.0031963514371241893 0.11649510350985813 0.0635723316222776 0.010488633853672005 0.24640281606846604 -0.05395570452128981 0.037486319026310132 -0.018201400129343757 -0.016092643424757871 0.081504711969515892 -0.037628129767924644 -0.065392907046095239 0.086599693561084101
leaf_weight=2.2293820393970236 17881.557500062045 4.5788437286391845 22.264666480477899 2.1300434423610568 6.5781836169771912 5.2381598087959054 2.0061794798821202 3.0656511634588268 2.6261974014341831 1.1188480774871994 3.7676212890073657 7.1382964446675015 2.557184536941342 2.4313135202974081 3.8556200820021389 1255.7743000516202 34.68012934923172 350.22603524383157 1.728395717218518 5.4171663969755164 116.83966850489378 0.9998895102180535 1.8820626435335723 1.6586332742590455 2.5118684843182546 6.5617877091281107 6.1057464219629765 9.3912765241693688 1.5571000305935729 2.7343647293746471
leaf_count=39 165630 55 319 25 115 130 17 41 24 15 67 117 32 31 49 19222 153 6360 21 24 520 22 43 37 22 125 59 205 18 23
internal_value=-1.09091e-05 -4.34028e-06 -0.00189611 0.00992491 0.019455 0.0338358 0.00410619 0.0239394 0.0596955 0.0378567 0.0039864 -0.0101936 0.0610872 0.0487538 0.0257899 -0.00235012 0.0012778 0.000755164 0.0457153 0.00843945 0.0128408 -0.00242393 0.0455896 0.116061 -0.0030056 0.0228159 0.0524423 -0.00409552 0.00984892 0.0217159
internal_weight=19751.2 19749 1867.43 69.0694 46.8048 24.1644 22.6403 22.0344 4.63238 16.7962 6.83327 18.0079 9.96297 8.84412 6.4128 1798.36 542.582 536.274 6.30724 156.937 122.257 379.337 4.54059 2.65852 374.797 15.1794 8.61761 359.617 11.4298 9.87266
internal_count=193560 193521 27891 1023 704 390 314 365 41 235 108 273 127 112 81 26868 7646 7570 76 697 544 6873 102 59 6771 206 81 6565 158 140
is_linear=0
shrinkage=0.05


Tree=130
num_leaves=31
num_cat=0
split_feature=8 0 7 5 8 4 6 5 2 2 5 5 2 8 6 2 3 5 2 5 8 4 4 4 8 3 2 1 5 4
split_gain=2.85199 2.87243 3.93928 6.41139 5.05162 5.61069 4.88707 4.47295 6.73784 7.21143 6.58395 5.61906 5.26838 5.01919 4.37168 4.36849 5.9763 4.25288 4.21912 4.8391 5.34884 4.95992 5.57612 4.77525 6.05257 4.29639 4.80202 4.21942 7.62405 4.29474
threshold=-0.28499999999999998 1.5000000000000002 1.0000000180025095e-35 6.535000000000001 0.37500000000000006 35.725000000000009 2.5000000000000004 6.785000000000001 7.2750000000000012 5.7950000000000008 7.1350000000000007 6.6750000000000007 6.0650000000000004 0.065000000000000016 1.5000000000000002 6.7150000000000007 32.845000000000006 7.2750000000000012 6.1550000000000011 7.0150000000000006 0.26500000000000007 34.280000000000008 40.900000000000006 28.540000000000003 0.095000000000000015 24.930000000000003 7.3150000000000004 7.8750000000000009 6.7150000000000007 29.655000000000005
decision_type=8 2 10 10 8 2 10 10 2 2 8 10 2 8 8 2 2 8 2 10 10 2 2 2 10 2 2 2 10 2
left_child=-1 2 17 -4 5 7 -7 11 9 10 -9 15 -11 14 -13 16 -5 18 -2 20 27 23 -23 24 -21 -22 -27 29 -29 -20
right_child=1 -3 3 4 -6 6 -8 8 -10 12 -12 13 -14 -15 -16 -17 -18 -19 19 21 25 22 -24 -25 -26 26 -28 28 -30 -31
leaf_value=-0.057793353388617921 0.00017795759287787648 -0.00046192487118403469 0.045587120183871684 0.034109667681523424 0.033668485780723109 -0.0087197663410404202 0.01474842466491671 -0.017154901095535094 0.020159967448938314 -0.073367510122310103 0.042374402651971926 0.069732866194526705 -0.030011136794335643 -0.0070708386185635574 0.012546312833795016 -0.063984464523721141 -0.033056881540467133 0.045232955039011452 0.0070576498419521426 -0.036263082431733366 0.019438198543556294 0.020310414465807735 -0.042988027085026977 -0.050143603331048725 0.039526494443361891 -0.011018008837161244 -0.053438510237942966 -0.015390720508512848 0.054575466381487553 0.0019048566836908734
leaf_weight=2.1352374916896224 4886.505112349987 12533.725313084899 6.0360440015792838 5.1370352059602764 7.5626201331615439 48.107141882181168 41.166369304060936 41.77181401848793 9.5070244520902616 8.7951402068138105 5.2258633375167838 5.1657065451145145 34.456504225730896 17.26005353033543 9.4659778773784637 4.8607488423585883 9.3210358619689924 5.433246597647666 569.84450128674507 6.3675417304039019 8.0725446939468366 14.497614607214929 4.5778962373733512 12.606432378292082 4.4930785149335861 29.074921429157257 8.6579139828681928 6.1861610412597683 10.506206110119818 1392.6632534116507
leaf_count=39 21326 161220 26 22 33 215 180 183 46 37 23 24 153 76 42 22 41 24 2751 28 37 63 20 54 20 127 39 35 62 6592
internal_value=-1.06935e-05 -4.44553e-06 0.000790461 -0.00532768 -0.00656788 -0.00783449 0.00210204 -0.0137104 -0.0198769 -0.0240944 -0.0105356 -0.00169837 -0.0388276 0.0111922 0.032736 -0.0229783 -0.00919222 0.00101361 0.000979064 0.00287242 0.00322303 -0.0138164 0.00511954 -0.0292087 -0.00490866 -0.0136687 -0.0207515 0.00361396 0.0286461 0.00340105
internal_weight=19749.2 19747.1 7213.33 253.839 247.803 240.24 89.2735 150.967 99.7563 90.2493 46.9977 51.2106 43.2516 31.8917 14.6317 19.3188 14.4581 6959.49 6954.05 2067.55 2025.01 42.5426 19.0755 23.4671 10.8606 45.8054 37.7328 1979.2 16.6924 1962.51
internal_count=193560 193521 32301 1123 1097 1064 395 669 442 396 206 227 190 142 66 85 63 31178 31154 9828 9643 185 83 102 48 203 166 9440 97 9343
is_linear=0
shrinkage=0.05


Tree=131
num_leaves=31
num_cat=0
split_feature=5 7 1 2 6 5 3 4 3 3 2 1 2 2 2 7 8 4 1 8 1 2 8 8 1 4 2 4 4 1
split_gain=2.84676 2.79219 4.54252 4.80558 7.19105 5.136 5.27793 5.03186 4.84657 8.15922 4.52772 5.49492 4.92507 4.7481 7.89176 8.00588 7.56874 11.2922 6.43302 6.24469 5.71907 7.43261 5.70487 5.61182 5.51334 5.96979 5.3925 6.32141 8.06209 7.47388
threshold=6.4250000000000007 -1.0000000180025095e-35 3.1750000000000003 3.6550000000000007 5.5000000000000009 6.7550000000000008 38.245000000000012 53.035000000000004 35.115000000000002 32.395000000000003 8.7700000000000014 6.5050000000000008 9.0050000000000008 6.7350000000000012 6.5650000000000004 0.75000000000000011 0.10500000000000002 44.010000000000012 5.6950000000000012 0.26500000000000007 4.9650000000000007 7.1050000000000013 0.44500000000000006 0.115 5.4650000000000007 44.010000000000012 8.1150000000000002 33.935000000000009 17.885000000000002 7.5650000000000004
decision_type=8 8 2 2 10 10 2 2 2 2 2 2 2 2 2 10 10 2 2 8 2 2 10 8 2 2 2 2 2 2
left_child=-1 2 3 7 5 -5 8 -2 9 -7 13 -12 -13 14 -3 18 20 22 24 -19 21 -15 26 -17 -16 -26 27 28 -18 -30
right_child=1 10 -4 4 -6 6 -8 -9 -10 -11 11 12 -14 16 15 23 17 19 -20 -21 -22 -23 -24 -25 25 -27 -28 -29 29 -31
leaf_value=-0.052413788518365527 -0.012743581117663653 0.0004734325814125149 -0.0004643681571214872 -0.0039761112153338793 -0.054869255883937332 0.0063088760454279779 0.093709322145830901 0.049309508655637553 -0.057430095254347252 0.1214275186233202 -0.049391726466385677 -0.040563742965124695 0.0058431511689649614 -0.0063000475169617057 -0.0073164488442655608 0.010472339780710986 0.021280350718816423 -0.0083353581101890534 -0.010562620938392425 -0.064217981297812129 0.00036047185546749953 0.073261907963298442 -0.062697701600260128 0.084205602558457687 0.016415364415888169 0.091102816349111673 0.029012096015728125 0.015587329085054218 0.0020953429129816166 -0.040632316250218417
leaf_weight=2.5912524461746207 160.65201382245868 8003.9477213456994 9297.6264094675425 10.949319773819303 3.5807253327220669 5.4135148660279793 3.6291908388957372 3.3347609720658502 1.5726012266241012 2.1507124258205295 9.5200699055567366 7.6431123111397055 22.689853671938181 5.6026358753442747 25.849449334666133 8.3289352227002365 55.84719180688262 49.612015151418746 331.73291949369013 5.5593481212854376 1207.2218799013644 6.1660169223323464 2.7012526467442504 3.7390587627887717 20.918891858309511 3.0678654573857775 35.384672088548541 204.26080790814012 230.5710622696206 10.709916509687899
leaf_count=22 4916 82940 87956 133 93 101 63 94 24 25 75 66 159 61 249 69 416 389 2586 49 9094 65 27 29 174 24 250 1567 1765 79
internal_value=-1.00806e-05 -3.20158e-06 -0.000621282 -0.00824837 0.0111765 0.0211487 0.042698 -0.0114817 0.022436 0.0390402 0.000568925 -0.0162514 -0.00585017 0.000634572 0.000133513 -0.00677817 0.0029546 0.00757923 -0.00804628 -0.0139664 0.000698616 0.0353853 0.00978267 0.0333173 0.00870364 0.0259678 0.0101474 0.00881608 0.00416118 0.000198759
internal_weight=19742.6 19740 9488.91 191.283 27.2961 23.7153 12.766 163.987 9.13683 7.56423 10251.1 39.853 30.333 10211.2 8397.58 393.637 1813.64 594.646 381.569 55.1714 1218.99 11.7687 539.475 12.068 49.8362 23.9868 536.774 501.389 297.128 241.281
internal_count=193560 193538 93405 5449 439 346 213 5010 150 126 100133 300 225 99833 86071 3131 13762 4542 3033 438 9220 126 4104 98 447 198 4077 3827 2260 1844
is_linear=0
shrinkage=0.05


Tree=132
num_leaves=31
num_cat=0
split_feature=0 1 8 3 1 8 1 3 8 7 4 4 2 1 2 5 8 1 0 5 5 3 4 3 3 2 2 3 3 5
split_gain=2.811 5.41519 3.91859 3.50206 3.38861 4.65648 4.14796 8.4005 4.95801 4.8801 9.22348 6.92733 13.9026 19.0772 9.54438 8.10647 14.9744 8.41249 6.59499 5.56323 5.07299 5.15761 4.84989 7.79883 4.56113 4.12296 8.48211 3.90136 7.77644 7.31706
threshold=5.5000000000000009 2.9050000000000007 -0.18499999999999997 59.470000000000006 1.5650000000000002 0.24500000000000002 2.7350000000000008 61.20000000000001 0.26500000000000007 -1.0000000180025095e-35 53.035000000000004 27.915000000000003 1.1600000000000001 1.8350000000000002 1.4750000000000003 6.8550000000000013 0.17500000000000002 2.3150000000000004 4.5000000000000009 6.6450000000000005 6.745000000000001 30.485000000000003 33.065000000000005 38.085000000000008 24.625000000000004 2.4550000000000005 1.9750000000000003 33.395000000000003 39.140000000000008 6.9450000000000012
decision_type=2 2 8 2 2 10 2 2 8 10 2 2 2 2 2 10 8 2 2 10 10 2 2 2 2 2 2 2 2 10
left_child=4 2 -2 -4 5 27 7 8 9 10 24 12 13 -11 -13 19 22 -18 -14 -16 -15 -22 -17 25 -6 26 -24 29 -29 -1
right_child=1 -3 3 -5 6 -7 -8 -9 -10 11 -12 14 18 20 15 16 17 -19 -20 -21 21 -23 23 -25 -26 -27 -28 28 -30 -31
leaf_value=0.033756985161495251 0.19002759089518814 -0.0023517752748886244 -0.029877659181517875 0.16555590229456851 -0.049355729057658157 -0.030191388634200979 0.00013062572193397017 0.10971129211360382 -0.031630492349952799 0.23953556267047774 0.078834063803357696 -0.023172366697764988 0.019110739216609739 -0.027103947999178264 0.069430425751420111 -0.02435297639680992 0.070034825002883841 0.29342868267353422 -0.052031622111713451 -0.012695589210321004 0.0061807599078626445 0.12200987952116123 -0.010934595450295934 0.1374747613796902 -0.012808739370681117 -0.057121924907110211 0.15418749417037025 -0.021691798074152054 0.022368945828378419 -0.032724117294448102
leaf_weight=32.348400395363569 0.20776173868216574 610.95244905224536 24.317676400532953 0.2314077545888712 9.7136906534433347 6.607617173343896 18822.490985075012 1.5267749093472947 19.992910584434867 1.5374838877469326 2.5787393525242797 36.794648413546383 12.434721164405348 1.8425315599888561 2.3001272566616562 3.4197131153196079 0.81894496642053016 0.86820057220757008 4.4139469582587472 19.924800677224994 1.6565096434205773 2.2892056871205568 2.2980951201170687 1.8099568411707876 70.479349300265312 1.3833916317671535 1.175589872524142 18.004086164757609 22.565669449046254 4.7461018804460755
leaf_count=531 26 27655 4278 27 244 175 155984 23 458 32 41 754 204 38 27 82 23 23 124 373 39 50 50 32 1492 26 20 306 328 95
internal_value=-9.85217e-06 -0.00328072 -0.0262054 -0.0280354 9.89786e-05 0.0101031 5.46574e-05 -0.00712148 -0.0080236 -0.0053682 -0.0142426 0.00236653 0.0254756 0.0829796 -0.00552472 0.0135741 0.0471181 0.184993 0.000473147 -0.00419611 0.041395 0.0733819 0.0240567 0.0488874 -0.0172356 0.0158759 0.0449472 0.0135313 0.00281563 0.025251
internal_weight=19741.7 635.709 24.7568 24.5491 19106 84.2719 19021.8 199.259 197.733 177.74 82.7718 94.9679 24.1744 7.32573 70.7935 33.9988 11.7739 1.68715 16.8487 22.2249 5.78825 3.94572 10.0867 6.66703 80.193 4.85708 3.47368 77.6643 40.5698 37.0945
internal_count=193560 31986 4331 4305 161574 1435 160139 4155 4132 3674 1777 1897 487 159 1410 656 256 46 328 400 127 89 210 128 1736 96 70 1260 634 626
is_linear=0
shrinkage=0.05


Tree=133
num_leaves=31
num_cat=0
split_feature=1 4 2 5 4 4 3 5 4 8 8 3 3 5 2 1 8 4 4 2 5 5 8 3 2 2 5 2 4 4
split_gain=2.71684 8.82724 8.16433 7.53629 6.48539 11.16 9.62162 7.03759 6.13882 8.55123 6.0752 6.27206 10.3293 6.01934 6.13733 6.00448 5.86077 5.78077 15.4679 10.8342 5.50518 5.31235 5.22118 8.2151 5.18402 11.8073 8.85928 5.65188 7.62304 5.99737
threshold=6.9150000000000009 29.425000000000004 7.5450000000000008 6.6150000000000011 31.675000000000004 32.010000000000012 41.190000000000005 6.9450000000000012 34.140000000000008 0.16500000000000004 0.36500000000000005 11.190000000000001 27.715000000000003 6.8150000000000004 6.8850000000000007 7.4450000000000012 0.21500000000000002 29.975000000000005 30.750000000000004 8.0050000000000008 6.6050000000000013 6.6850000000000014 0.24500000000000002 33.735000000000007 8.1150000000000002 8.2250000000000032 6.6550000000000011 7.8250000000000011 19.580000000000002 37.065000000000005
decision_type=2 2 2 10 2 2 2 10 2 10 8 2 2 10 2 2 10 2 2 2 8 10 8 2 2 2 10 2 2 2
left_child=24 3 4 20 13 6 7 -6 16 -10 11 -11 -13 -3 -15 -16 -7 -4 19 -19 -2 22 23 -14 27 26 -26 -1 -29 -30
right_child=1 2 17 -5 5 8 -8 -9 9 10 -12 12 21 14 15 -17 -18 18 -20 -21 -22 -23 -24 -25 25 -27 -28 28 29 -31
leaf_value=-0.00020417535973290898 0.0253889076421141 -0.012858092927301454 -0.044312865258659254 0.0064151166106374159 0.050900086064614936 -0.0031808449255609143 -0.053402817656625017 -0.021146009446919231 0.0026247751937128715 0.094632155051338859 -0.055157433024620263 -0.019564436316903345 0.1284121460012749 0.014746392064548676 -0.041291653156629117 0.033314007076447896 -0.04234541117872416 0.10392571367186257 -0.0081606777899612751 0.0037315787404706771 0.094303575485354216 0.019851068427169397 -0.005855296429781962 0.03952117944817804 -0.032799066342525267 0.0013995496230571319 0.042830766849743573 0.023885531428682667 -0.021526008906605731 0.002967107842721172
leaf_weight=17537.795468939468 13.767408579587938 126.59402546472847 10.185110181570051 465.73895657714456 25.261673806235198 191.93425791151822 2.9581251423805943 3.9148435276001683 591.49135748483241 2.8400741387158623 2.6599838193505994 14.323766672052441 3.8573424480855447 47.811210790649056 10.736053667962549 3.601711828261613 10.052608082070945 5.2835432644933444 297.4938311688602 5.5136527791619301 3.6705565378069869 54.193184779956937 2.9483652859926215 7.9687640629708767 4.4026119001209727 124.72650549188256 32.137260006740689 14.478298911824821 86.964901779778302 35.071898786351085
leaf_count=177111 81 937 83 3372 191 1457 24 31 4394 22 26 116 25 389 90 26 81 35 2225 42 24 424 19 53 28 962 241 106 669 276
internal_value=-9.94281e-06 0.00178497 -0.000199381 0.00762341 0.00183653 0.00357829 0.0325215 0.0412331 0.0025241 0.00479673 0.0192654 0.0215638 0.0190723 -0.00660176 0.00614203 -0.0225504 -0.00513001 -0.00725144 -0.00602703 0.052761 0.0398949 0.0270967 0.0536737 0.0685149 -0.000201636 0.00872236 0.0337183 -0.000283061 -0.0104173 -0.014487
internal_weight=19740.4 1904.8 1421.62 483.177 1103.15 914.404 32.1346 29.1765 882.27 680.283 88.7915 86.1315 83.2914 188.743 62.149 14.3378 201.987 318.476 308.291 10.7972 17.438 68.9677 14.7745 11.8261 17835.6 161.266 36.5399 17674.3 136.515 122.037
internal_count=193560 14167 10690 3477 8305 6863 246 222 6617 5079 685 659 637 1442 505 116 1538 2385 2302 77 105 521 97 78 179393 1231 269 178162 1051 945
is_linear=0
shrinkage=0.05


Tree=134
num_leaves=31
num_cat=0
split_feature=6 3 2 4 8 5 8 4 0 4 3 5 7 1 3 1 5 5 6 3 4 2 5 1 8 1 2 4 3 5
split_gain=2.68023 5.00678 5.05473 4.47194 6.38557 7.04249 7.03968 5.85236 8.26249 8.3741 7.23102 6.24958 8.78535 19.5639 17.7053 6.48407 6.24908 5.96449 11.5152 5.39097 9.19301 7.05706 5.11623 9.65322 8.60252 12.894 16.6354 5.53013 5.47515 4.9975
threshold=4.5000000000000009 68.020000000000024 5.035000000000001 29.425000000000004 0.15500000000000003 6.7650000000000006 0.14500000000000005 34.140000000000008 4.5000000000000009 33.815000000000005 43.660000000000004 6.9150000000000009 -1.0000000180025095e-35 4.3250000000000011 47.505000000000003 6.5550000000000006 6.5750000000000011 6.8350000000000009 5.5000000000000009 44.420000000000009 28.010000000000002 6.785000000000001 6.8250000000000011 5.8750000000000009 0.21500000000000002 6.3150000000000004 5.8050000000000006 30.285000000000004 40.805000000000007 6.6250000000000009
decision_type=10 2 2 2 10 10 10 2 2 2 2 10 10 2 2 2 10 10 10 2 2 2 10 2 10 2 2 2 2 10
left_child=-1 3 -3 4 6 19 -2 8 9 22 29 12 15 14 -14 -12 -9 -15 -19 21 -21 -6 -5 27 28 26 -26 -24 -25 -10
right_child=1 2 -4 7 5 -7 -8 16 10 -11 11 -13 13 17 -16 -17 -18 18 -20 20 -22 -23 23 24 25 -27 -28 -29 -30 -31
leaf_value=0.00029455092107217207 0.0026148385580864733 0.0048869755998204988 -0.047638440109030004 -0.0059265817020218957 -0.002282785916166308 -0.0094389746335414425 0.02663934532968848 0.090812085137410875 0.09004040073694923 -0.020573143671725747 -0.033120453052801972 -0.039475270111183819 0.45463078278515212 -0.014961901944138205 0.049147386755067982 0.073758253711537214 -0.00044093440077298758 -0.0069473819321581119 0.23750659326022819 0.0099557368023106673 0.14029819509396935 0.052694938713120733 -0.018988581918897521 0.011746223487611573 0.023199231102399478 0.006594113592995699 0.19219104295892553 -0.00070742730301537608 -0.013744893776417001 -0.01928950949975302
leaf_weight=15510.679510483751 942.53169004665688 7.624062129994857 11.473149599973111 407.79332942888141 43.283985949121416 213.64849884598516 31.511308743385598 1.8780245184898365 1.0525041739456344 63.962923908606172 5.1940522799268374 3.8797146549914023 0.5921007671859122 2.6288583539426327 0.49367653112858534 1.9525283575057981 1855.210404616897 1.0976437637582419 0.8585525071248411 3.8745988477021447 2.0784419868141413 6.746847301721572 49.859896615147591 136.89264014363289 2.99339661747217 7.6109698936343193 2.8359354175627232 242.902458332479 24.895768739283085 151.37927582953125
leaf_count=135645 12534 94 113 4012 629 3274 457 18 31 622 183 134 31 75 19 35 25147 31 18 50 16 60 570 1051 24 63 26 2843 182 5573
internal_value=-9.66265e-06 -0.00112549 -0.026669 -0.00100961 0.00150705 -0.00530252 0.00339206 -0.00206489 -0.00493916 -0.00310816 -0.0151129 0.0161247 0.0329543 0.0794246 0.270267 -0.00391996 -0.000348653 0.0342315 0.100341 0.0104832 0.0554634 0.00513117 -0.00183261 0.00173476 0.0110168 0.0494538 0.105413 -0.00382086 0.00782369 -0.0185346
internal_weight=19739.4 4228.74 19.0972 4209.64 1243.68 269.632 974.043 2965.96 1108.88 939.747 169.129 16.6971 12.8174 5.67083 1.08578 7.14658 1857.09 4.58505 1.9562 55.9839 5.95304 50.0308 875.784 467.991 175.229 13.4403 5.82933 292.762 161.788 152.432
internal_count=193560 57915 207 57708 17020 4029 12991 40688 15523 9393 6130 526 392 174 50 218 25165 124 49 755 66 689 8771 4759 1346 113 50 3413 1233 5604
is_linear=0
shrinkage=0.05


Tree=135
num_leaves=31
num_cat=0
split_feature=5 3 8 2 2 4 4 1 4 2 2 3 5 4 5 1 2 3 3 3 4 2 1 1 8 4 2 8 5 4
split_gain=2.65585 2.69928 6.53356 5.54823 4.84531 6.86945 6.58302 6.82364 12.651 12.455 13.1386 11.8521 5.19337 4.75956 6.93262 5.37832 5.48418 4.65985 7.43204 11.1367 7.59775 8.15534 6.94683 5.9415 4.68007 4.45019 7.86948 4.35958 6.92159 7.6524
threshold=6.4250000000000007 37.815000000000005 0.24500000000000002 7.0050000000000008 3.3350000000000004 1.0000000180025095e-35 31.595000000000002 4.745000000000001 37.065000000000005 5.2350000000000012 4.6750000000000007 49.230000000000011 6.9450000000000012 29.815000000000001 6.6350000000000007 5.8050000000000006 5.1550000000000011 51.865000000000009 41.555000000000007 41.190000000000005 43.165000000000006 6.6950000000000012 5.2250000000000005 5.2250000000000005 0.29500000000000004 34.205000000000005 5.2350000000000012 0.065000000000000016 6.9850000000000012 34.205000000000005
decision_type=8 2 8 2 2 2 2 2 2 2 2 2 8 2 10 2 2 2 2 2 2 2 2 2 10 2 2 10 10 2
left_child=-1 -2 27 4 5 -4 13 8 9 10 11 -8 -10 14 -6 16 -15 18 19 20 21 23 -20 24 -9 -25 -27 -3 -29 -30
right_child=1 2 3 -5 6 -7 7 17 12 -11 -12 -13 -14 15 -16 -17 -18 -19 22 -21 -22 -23 -24 25 -26 26 -28 28 29 -31
leaf_value=-0.051351644261648267 -0.00039350412183738429 -6.2327307374125706e-05 0.085688513948314241 -0.027043950159189215 0.0666312281994281 -0.018984849032852014 0.036507635917053659 -0.010549998580420022 -0.015215629144305102 0.14201532761544508 -0.023452632615880199 0.14739285210683203 0.056779034118839812 -0.032486968633797103 -0.0082183470172013315 -0.065594050554684091 0.032410740823424579 0.025835470682691992 -0.044490700052069128 0.10921461273711355 0.062042094686012711 0.060832683453900208 -0.0057989789579507385 0.0046157287777881355 0.070685368654252748 0.010308085000565379 -0.067637092503794946 0.0021720964595961711 0.0025600925734089678 0.028164979645431285
leaf_weight=2.5185119882225981 13651.758894009632 2957.6419395538978 1.6084458203986276 28.262156192213297 3.2429875927045932 61.476324897026643 11.011451293248689 3.9238979211077121 19.102506422670562 3.0006229653954497 6.8945781416259697 3.0849741301499298 2.882922305725514 11.712398451287305 67.140061431797221 7.5248953383415929 4.5083589237183324 13.929497542791067 16.17893276643008 2.7012641113251439 4.9546720804646602 4.2135022059082976 40.997621306218207 7.714269062504175 3.2344061369076371 4.8021031739190212 9.9434607997536641 2664.2525086775422 62.108681131852791 55.039731165859848
leaf_count=22 138112 26239 18 220 27 1006 147 42 213 39 73 38 36 148 657 63 43 109 149 23 38 32 316 62 33 44 88 24247 692 584
internal_value=-9.71485e-06 -3.16272e-06 0.000872847 -0.00581974 -0.00392021 -0.016316 -0.000825673 0.00539203 0.0216233 0.0467306 0.0331099 0.0607746 -0.00577506 -0.0113001 -0.00476956 -0.030657 -0.0144495 -0.00123593 -0.0050579 0.0110521 0.00421555 -0.0042532 -0.0167474 -0.0135124 0.0261554 -0.0261551 -0.0422531 0.00127406 0.00269512 0.01459
internal_weight=19737.4 19734.8 6083.09 344.046 315.784 63.0848 252.699 158.571 45.9771 23.9916 20.991 14.0964 21.9854 94.1287 70.383 23.7457 16.2208 112.594 98.6641 41.4876 38.7863 33.8316 57.1766 29.6181 7.1583 22.4598 14.7456 5739.04 2781.4 117.148
internal_count=193560 193538 55426 3664 3444 1024 2420 1482 546 297 258 185 249 938 684 254 191 936 827 362 339 301 465 269 75 194 132 51762 25523 1276
is_linear=0
shrinkage=0.05


Tree=136
num_leaves=31
num_cat=0
split_feature=6 2 3 3 2 5 2 1 5 2 3 1 2 8 8 3 8 1 0 8 2 4 3 7 4 2 1 5 8 1
split_gain=2.54101 3.7202 5.19932 3.67443 5.49911 4.56641 4.45524 8.65322 5.29695 4.86739 6.75105 5.90711 4.57749 4.46382 5.12402 4.45305 8.56438 11.1658 19.0218 6.89357 4.43184 8.71386 4.37977 10.7396 6.30267 5.11117 10.2685 6.91597 4.53381 4.99279
threshold=1.5000000000000002 8.5150000000000023 42.890000000000008 36.95000000000001 6.955000000000001 7.0650000000000004 8.2950000000000017 7.3050000000000006 6.7250000000000005 7.2250000000000005 14.835000000000003 6.4750000000000005 7.245000000000001 0.26500000000000007 0.23500000000000001 37.150000000000006 0.025000000000000005 4.0250000000000012 1.5000000000000002 -0.064999999999999988 5.7550000000000008 30.750000000000004 37.975000000000001 -1.0000000180025095e-35 32.725000000000001 7.8650000000000011 7.6550000000000011 6.8050000000000006 0.025000000000000005 7.3650000000000011
decision_type=10 2 2 2 2 10 2 2 8 2 2 2 2 8 10 2 10 2 2 8 2 2 2 10 2 2 2 8 10 2
left_child=1 3 -3 5 15 6 9 8 -8 -1 11 -11 -12 14 -14 16 19 18 -18 -5 21 -19 23 24 -6 -24 27 28 -27 -30
right_child=-2 2 -4 4 22 -7 7 -9 -10 10 12 -13 13 -15 -16 -17 17 20 -20 -21 -22 -23 25 -25 -26 26 -28 -29 29 -31
leaf_value=0.00052864641081069787 -0.00034438447007051207 -0.0067420877848050871 -0.057687312241742908 0.039845074452149132 0.026306120787893461 -0.030638900008598702 0.083987000238862256 -0.037291615306046626 0.020669147525105385 -0.020386050680266679 -0.055714266977814175 0.039681238538783956 -0.0083407485048615383 -0.053125093130222803 0.045714224640962572 0.0012788121657408777 -0.007762966594609501 -0.017942968294336583 0.25063041680985404 -0.036111201004391753 -0.0041130644846485622 0.059365804100553199 0.01014968812366198 0.048304328663939862 -0.051321112234592542 -0.0051097589317889601 0.055891571190959589 0.027744683200077315 -0.033901201362503082 -0.10295624938644912
leaf_weight=2768.8545407003257 14639.059303078917 33.587631272152066 5.8857977874577037 4.1849436201155186 5.0318492949008959 12.135392599739133 5.0933804027736196 4.3775047622621051 9.3968864902853966 5.8883919045329121 5.2259890213608733 13.423631131649016 201.09830174036324 5.4217434488236895 4.4817991144955149 1704.0932358764112 1.3725769519805937 5.0930142756551566 1.4804854891262946 10.436720875091849 10.039606148377059 12.819893907755612 205.61904727295041 20.296601422131062 5.4434716664254665 9.991440877318384 5.1073195673525325 6.0505631230771533 12.849763266742231 3.2871366068720809
leaf_count=20570 156769 209 34 31 29 82 32 26 57 36 35 83 1258 36 28 12319 6 34 36 84 63 84 1235 122 35 60 31 38 79 19
internal_value=-9.59029e-06 0.000951768 -0.0143384 0.00107108 0.00272167 -2.90923e-05 9.37756e-05 0.0243144 0.0429256 -5.83315e-05 -0.00695847 0.0213662 -0.00948824 -0.00834333 -0.00716231 0.00169067 0.0171406 0.0320976 0.12632 -0.0143714 0.0224805 0.0373853 0.00931245 0.0270837 -0.0140327 0.00706114 -0.00997099 -0.0204245 -0.031579 -0.0479679
internal_weight=19737.1 5098.07 39.4734 5058.6 2023.2 3035.4 3023.26 18.8678 14.4903 3004.39 235.54 19.312 216.228 211.002 205.58 1749.52 45.4272 30.8056 2.85306 14.6217 27.9525 17.9129 273.677 30.7719 10.4753 242.905 37.2862 32.1789 26.1283 16.1369
internal_count=193560 36791 243 36548 14305 22243 22161 115 89 22046 1476 119 1357 1322 1286 12657 338 223 42 115 181 118 1648 186 64 1462 227 196 158 98
is_linear=0
shrinkage=0.05


Tree=137
num_leaves=31
num_cat=0
split_feature=0 5 4 1 8 1 3 3 5 1 4 2 2 5 8 8 2 2 8 3 4 4 3 3 3 6 7 8 7 5
split_gain=2.51376 4.02316 8.75187 8.03656 7.19252 9.76143 10.0302 10.6205 12.0257 7.57907 6.39413 6.55357 7.78954 6.37826 5.09815 8.88967 8.57476 9.35083 5.48398 4.92589 6.8035 5.70961 5.20091 4.87201 4.72088 7.56763 7.53059 7.68579 7.66954 6.88751
threshold=4.5000000000000009 6.8550000000000013 25.390000000000004 7.3350000000000009 0.23500000000000001 5.2750000000000012 34.935000000000009 17.535000000000004 6.9450000000000012 4.0950000000000006 1.0000000180025095e-35 7.205000000000001 7.3350000000000009 6.9850000000000012 0.46500000000000002 0.59500000000000008 6.1350000000000007 5.455000000000001 0.54500000000000015 17.535000000000004 11.190000000000001 50.335000000000008 8.4200000000000017 16.760000000000005 21.270000000000007 2.5000000000000004 -1.0000000180025095e-35 0.065000000000000016 1.0000000180025095e-35 6.6450000000000005
decision_type=2 10 2 2 10 2 2 2 10 2 2 2 2 10 10 10 2 2 8 2 2 2 2 2 2 8 10 10 10 10
left_child=-1 10 3 4 -3 6 7 8 -6 -8 11 -2 -13 23 19 16 17 18 -16 20 22 -22 -12 -4 25 26 -21 29 -29 -28
right_child=1 2 13 -5 5 -7 9 -9 -10 -11 14 12 -14 -15 15 -17 -18 -19 -20 24 21 -23 -24 -25 -26 -27 27 28 -30 -31
leaf_value=0.00020442844345892582 -0.018277043071026986 0.0015394246391181657 -0.03296763560593477 0.085915737757981683 0.2612860898837035 -0.013658552768342019 0.05224036205062127 -0.027253502125877696 0.0051389188076150956 0.30035503113541184 0.020314249426457334 0.12943165940754917 0.0013581720085816317 0.0035504717880964626 0.015319126781882172 -0.053884572002774661 -0.056131162367709535 0.22065732925215259 0.16073911867979185 -0.037796551047055732 0.015273099559681484 -0.032409439343544275 0.21042407173078637 -0.0091238230143297749 4.6762200960027309e-05 -0.035673471680703041 0.099247296293062753 0.11051219884004267 -0.021797065367879166 -0.028662270358493083
leaf_weight=17259.537276320159 73.347368023125455 119.39070793543942 22.62077493336983 3.1261122189462176 0.9574173607397809 3.730135559104383 0.48221379565075018 2.0300266458652914 0.87881464813835919 0.8508995994925499 0.68380905967205652 1.6275510489940632 4.3882780708372593 101.62198195024393 2.1752420922275633 1.7942476265598086 1.015591589733958 1.2501728562638161 0.92358740302734021 6.2875260319560793 65.219322659540921 6.9468063493259242 0.75915777147747576 404.87285972421523 1613.3232887082268 23.641630288213491 1.2882205205969492 3.9463577400892973 1.5160631965845821 5.7500825999304652
leaf_count=129262 1793 3784 722 37 39 91 38 101 40 33 27 28 64 3372 67 47 17 14 17 147 1621 154 23 12717 38344 726 19 90 23 103
internal_value=-9.31961e-06 -0.00149903 -0.00484042 0.00670647 0.00477679 0.0480615 0.0923407 0.0515616 0.138695 0.210607 -0.000283541 -0.0141622 0.0360078 -0.00770897 0.000350747 0.0424581 0.0746809 0.105229 0.0586607 0.00017644 0.0128326 0.0106831 0.120333 -0.0103855 -0.000386209 -0.0168492 0.00683779 0.0292877 0.0737905 -0.00525098
internal_weight=19736 2476.45 660.562 131.446 128.32 8.92951 5.19937 3.86626 1.83623 1.33311 1815.88 79.3632 6.01583 529.116 1736.52 7.15884 5.36459 4.349 3.09883 1729.36 73.6091 72.1661 1.44297 427.494 1655.75 42.4299 18.7883 12.5007 5.46242 7.0383
internal_count=193560 64298 20974 4163 4126 342 251 180 79 71 43324 1885 92 16811 41439 162 115 98 84 41277 1825 1775 50 13439 39452 1108 382 235 113 122
is_linear=0
shrinkage=0.05


Tree=138
num_leaves=31
num_cat=0
split_feature=8 0 5 4 5 3 8 2 2 1 8 4 1 8 2 2 5 6 5 4 8 8 5 5 3 4 3 3 8 3
split_gain=2.55045 3.72021 4.65363 4.08912 14.7644 6.3642 5.68828 6.16051 7.25141 14.4841 5.3408 4.6738 6.66853 5.41867 4.67296 3.93168 5.4549 3.79471 3.56108 4.29046 3.63978 4.82401 4.54204 3.86354 6.99418 3.93961 8.66542 9.95266 5.34531 6.35885
threshold=0.20500000000000004 5.5000000000000009 6.785000000000001 21.595000000000002 6.705000000000001 32.475000000000001 0.21500000000000002 4.6550000000000011 7.1050000000000013 6.6150000000000011 0.53500000000000014 30.285000000000004 3.8850000000000002 0.28500000000000009 5.3850000000000007 8.1150000000000002 6.8050000000000006 3.5000000000000004 7.0750000000000011 42.735000000000007 0.7350000000000001 0.50500000000000012 6.6250000000000009 6.5550000000000006 31.235000000000003 30.750000000000004 18.215000000000003 20.940000000000001 0.25500000000000006 16.760000000000005
decision_type=10 2 10 2 10 2 8 2 2 2 8 2 2 10 2 2 10 10 8 2 8 10 10 10 2 2 2 2 10 2
left_child=-1 15 3 4 14 6 -5 11 9 10 -9 12 13 -8 -3 18 17 -17 20 -20 21 23 -23 24 -2 26 28 -28 29 -25
right_child=1 2 -4 5 -6 -7 7 8 -10 -11 -12 -13 -14 -15 -16 16 -18 -19 19 -21 -22 22 -24 25 -26 -27 27 -29 -30 -31
leaf_value=0.00018597492370729882 0.035992729526463201 0.097094500221053814 -0.028468894734301538 -0.052292235898576706 -0.028532189105442085 -0.023840099053120168 0.35918166890645464 0.027764779242936157 -0.053078344876429664 0.2305258874472918 0.18465831316092804 -0.051778211190747749 -0.052365926163222748 0.064243678556672817 0.29113848285662175 0.014780698416828969 0.051588985241964272 -0.048201593626305876 -0.022059035100395676 0.047150495875313635 0.062380062409683683 0.043132936982359128 -0.03018534174005208 0.01443960826292676 -0.041581621970338892 0.00092430784353663027 -0.041723772449147739 -0.0050334097118058807 -0.0034025304712474247 0.080245379743682732
leaf_weight=17647.972706464701 3.714102070778611 0.6682001901790493 28.671618384076282 2.4533387203700823 2.1779161891900003 22.777736434945837 0.24406289309263118 5.6088141012005499 1.3213635515421627 1.2334194350987671 0.60049369931220908 3.0573192744050175 0.662468571215868 0.43027879111468792 0.57920653373003006 10.248620226979257 8.3526685275137407 3.1195111833512774 32.601356115192175 2.4044555965811005 2.247283659875392 2.3328690826892879 22.346743924543262 59.587147630751133 13.348455194383858 1214.8261921014637 19.105071570724249 567.75519079715014 49.677527876570821 3.9120668042451134
leaf_count=170281 27 29 2326 96 119 969 29 196 28 27 6 213 28 24 12 62 50 24 348 29 22 16 263 561 83 11532 202 5371 552 35
internal_value=-9.45331e-06 -0.00166276 -0.0129539 -0.0023155 0.0500295 -0.00698603 0.0176046 0.0306368 0.0548617 0.0740251 0.0429377 -0.0176799 0.0603039 0.17099 0.187195 -0.0012679 0.0198898 8.35086e-05 -0.00149839 -0.0173052 -0.00121592 -0.00128896 -0.0232548 -0.00100835 -0.0246956 -0.000797287 -0.0037849 -0.00622785 0.00888266 0.0184938
internal_weight=19734 2086.07 70.4862 41.8146 3.42532 38.3893 15.6116 13.1582 8.76409 7.44273 6.20931 4.39413 1.33681 0.674342 1.24741 2015.58 21.7208 13.3681 1993.86 35.0058 1958.85 1956.61 24.6796 1931.93 17.0626 1914.86 700.037 586.86 113.177 63.4992
internal_count=193560 23279 4102 1776 160 1616 647 551 257 229 202 294 81 53 41 19177 136 86 19041 377 18664 18642 279 18363 110 18253 6721 5573 1148 596
is_linear=0
shrinkage=0.05


Tree=139
num_leaves=31
num_cat=0
split_feature=5 3 1 2 1 4 5 8 8 5 1 4 2 8 5 3 4 3 2 4 5 3 4 3 5 8 5 4 3 8
split_gain=2.48752 2.50201 6.62317 7.53537 8.5233 8.5867 7.20185 7.68558 9.93154 6.66359 10.4052 11.009 10.9173 6.33585 9.78029 6.59798 6.55375 6.27246 10.4978 6.35162 6.24053 6.06055 7.36614 6.00904 6.02679 5.89627 5.89131 6.14108 5.83943 5.81232
threshold=6.4250000000000007 29.275000000000002 6.7950000000000008 7.2950000000000008 7.5650000000000004 28.540000000000003 6.6350000000000007 0.21500000000000002 0.22500000000000003 6.8350000000000009 7.245000000000001 26.855000000000004 6.3250000000000011 0.015000000000000001 6.9250000000000007 28.895000000000003 28.245000000000001 24.625000000000004 6.9250000000000007 40.435000000000009 6.8650000000000011 25.385000000000002 33.260000000000005 23.590000000000003 6.8050000000000006 -0.11499999999999998 6.6750000000000007 43.775000000000006 21.890000000000004 -0.054999999999999993
decision_type=8 2 2 2 2 2 10 8 10 10 2 2 2 10 8 2 2 2 2 2 10 2 2 2 10 8 10 2 2 8
left_child=-1 2 -2 4 6 -6 -4 9 -9 10 11 12 -8 14 15 -5 -16 19 -19 28 21 29 -23 -12 -25 -22 -15 -28 -10 -11
right_child=1 -3 3 13 5 -7 7 8 17 20 23 -13 -14 26 16 -17 -18 18 -20 -21 25 22 -24 24 -26 -27 27 -29 -30 -31
leaf_value=-0.05030313771828461 -0.0015014864480544115 0.00035530220145545209 0.033671570076491415 0.005756627967298286 0.097639787552567081 0.021731475843915472 -0.040185743966223368 0.10490885158785374 0.004491500524709726 -0.024995796933670544 -0.0032719350323085761 0.0089869154036858242 0.0037224773140559723 -0.042269070218610316 -0.0041242076775815841 -0.065401041683275818 0.09553013014854389 -0.041097478465145831 0.072482253563041804 0.1033331276712211 -0.070262915716744548 -0.028731429766262702 0.043975615703287424 -0.052790438452417966 0.0087334137000866854 0.0067487198043388666 -0.0027728245135821374 -0.038715908114026372 0.081426928522315437 0.058259746000919488
leaf_weight=2.4582431176677337 5037.3563706167042 14041.028223250411 21.549662873148918 43.662457745522261 4.5069806277751949 21.486679516732693 26.641113241203129 3.6985087282955673 10.535485792905098 2.3953203149139881 18.485097985714674 149.89717341307551 30.21019416116178 13.976757643744348 2.4781001433730117 3.5203242469578973 4.9360578563064337 7.998923843726514 2.728302551433444 2.9518900047987691 2.5392696969211102 7.5918995011597854 6.4374619387090206 20.371563859283928 4.9471709094941607 117.2629699986428 87.701332708820701 13.746457396075128 3.2202244512736788 16.795617030933503
leaf_count=22 54209 134366 136 321 30 153 198 29 83 18 132 1156 219 95 18 29 37 65 20 23 18 57 56 155 40 929 679 108 24 135
internal_value=-9.37891e-06 -3.1128e-06 -0.000887619 0.00385314 0.0070441 0.034893 0.00545751 0.00405886 0.0279952 0.00221232 -0.00280869 0.0018814 -0.0168534 -0.00519778 0.00883635 0.000447529 0.0622218 0.0176265 -0.0122102 0.0367833 0.0104335 0.0296084 0.00463066 -0.0249453 -0.0407689 0.00511642 -0.0118361 -0.00764321 0.0225022 0.0478682
internal_weight=19733.1 19730.7 5689.63 652.273 482.252 25.9937 456.258 434.708 31.1333 403.575 250.552 206.748 56.8513 170.021 54.5969 47.1828 7.41416 27.4348 10.7272 16.7076 153.023 33.2203 14.0294 43.8038 25.3187 119.802 115.425 101.448 13.7557 19.1909
internal_count=193560 193538 59172 4963 3676 183 3493 3357 244 3113 1900 1573 417 1287 405 350 55 215 85 130 1213 266 113 327 195 947 882 787 107 153
is_linear=0
shrinkage=0.05


Tree=140
num_leaves=31
num_cat=0
split_feature=0 1 3 6 2 1 2 8 4 3 3 2 5 4 2 6 1 5 2 0 1 2 2 1 5 8 8 2 5 3
split_gain=2.4464 3.93729 7.04128 6.01517 4.42193 5.11398 11.1413 10.6654 6.014 6.46489 6.45353 10.0733 6.77634 6.95099 6.60854 7.77431 6.24761 6.54222 6.1787 6.00241 5.90452 5.76253 5.75929 6.33816 6.68847 5.58508 4.77878 4.74265 4.56518 4.37369
threshold=1.5000000000000002 8.0050000000000008 27.125000000000004 2.5000000000000004 8.7700000000000014 7.5050000000000008 8.5150000000000023 0.18500000000000003 40.775000000000013 44.010000000000012 40.040000000000006 7.5450000000000008 6.6450000000000005 22.265000000000004 7.2750000000000012 3.5000000000000004 7.5650000000000004 6.6850000000000014 7.4850000000000012 2.5000000000000004 7.7550000000000008 6.5550000000000006 5.9750000000000005 7.6550000000000011 6.7750000000000012 0.045000000000000005 0.14500000000000005 5.4350000000000014 6.9350000000000014 42.735000000000007
decision_type=2 2 2 10 2 2 2 10 2 2 2 2 10 2 2 10 2 10 2 2 2 2 2 2 10 10 10 2 10 2
left_child=-1 4 -3 -4 5 -2 7 8 9 10 11 12 -7 -14 15 19 -12 -18 -16 -15 -19 27 -21 24 -24 -10 28 -9 -17 -6
right_child=1 2 3 -5 29 6 -8 21 25 -11 16 -13 13 14 18 26 17 20 -20 22 -22 -23 23 -25 -26 -27 -28 -29 -30 -31
leaf_value=0.0007246436539059954 -0.00045265346302888229 0.048668232710117915 -0.04788368425711844 -0.0024593175117158411 -0.021445987201450523 -0.034669865722583737 0.091433747489936101 -0.042699409633157333 0.011843677672634752 -0.022196842189134987 0.10470004123539803 -0.0097674433389400867 0.086542527376699832 0.061537851938183036 0.096334289370078208 -0.031119525936899362 0.071370201948533316 -0.02107786467649627 0.0066219247658250123 0.051990926613381477 0.054402207565789951 -0.047823476504981907 -0.026602115987433023 -0.03531012597316327 0.072312726184048423 -0.034814522220107121 0.061658428465782844 0.048169450198993963 0.035825076372869726 0.026669366431726051
leaf_weight=7209.1697372682393 12261.850567084271 3.5568723976612082 15.022180438041689 14.155663898214696 40.667655073106289 4.6421794444322577 3.9131786935031405 2.4080076012760427 12.650075957179071 10.956210123375056 3.4520328752696541 33.493637192994356 4.6823154687881461 10.89118544757366 5.3979888558387739 13.333597150631254 6.3683620393276241 6.8013119734823686 2.9781295452266932 7.3498746696859625 4.1853694468736649 13.066185705363749 2.9193287566304189 7.2449079640209675 4.1221661008894444 13.010076781734822 2.1056183483451596 3.5570064373314381 3.1478556729853144 5.3436281550675622
leaf_count=32315 159120 27 104 136 372 28 32 19 94 81 23 269 36 60 48 145 37 47 27 55 31 107 26 59 36 108 24 28 28 38
internal_value=-9.12558e-06 -0.000431528 -0.0177495 -0.025846 -0.000386142 -0.000328938 0.00797525 0.00614832 0.0103639 0.0146083 0.0178836 0.0127211 0.0236667 0.0278867 0.0232701 0.0165241 0.0432678 0.0310485 0.0644371 0.0312644 0.00767622 -0.0292337 0.0160255 -0.00247745 0.0313037 -0.0118127 -0.00927171 0.0114867 -0.0183335 -0.015858
internal_weight=19732.4 12523.3 32.7347 29.1778 12490.5 12444.5 182.677 178.763 159.732 134.072 123.116 102.309 68.8151 64.173 59.4907 51.1145 20.8071 17.355 8.37612 32.5275 10.9867 19.0312 21.6363 14.2864 7.04149 25.6602 18.5871 5.96501 16.4815 46.0113
internal_count=193560 161245 267 240 160978 160568 1448 1416 1262 1060 979 841 572 544 508 433 138 115 75 236 78 154 176 121 62 202 197 47 173 410
is_linear=0
shrinkage=0.05


Tree=141
num_leaves=31
num_cat=0
split_feature=8 6 5 2 1 3 4 1 8 0 3 1 1 8 2 7 8 4 4 8 4 1 2 4 5 1 2 3 3 5
split_gain=2.69506 2.38595 3.75285 3.74166 6.34106 15.5598 5.55617 5.5489 5.11604 5.04466 5.1466 7.55591 6.01096 6.78338 10.4014 6.29824 5.22492 6.0206 10.5476 4.93101 6.51297 4.81415 4.74972 5.71715 9.45278 5.65581 11.7123 10.144 9.06874 6.35966
threshold=-0.28499999999999998 5.5000000000000009 7.4350000000000014 4.6950000000000012 6.6850000000000014 33.735000000000007 27.295000000000005 3.3350000000000004 0.32500000000000007 5.5000000000000009 46.170000000000009 3.5150000000000001 4.4050000000000011 0.33500000000000008 3.5650000000000004 -1.0000000180025095e-35 0.03500000000000001 38.57500000000001 37.885000000000012 -0.054999999999999993 25.765000000000004 4.5450000000000008 4.5050000000000008 34.005000000000003 6.8150000000000004 4.3450000000000006 3.3950000000000005 24.255000000000003 37.745000000000012 6.8350000000000009
decision_type=8 10 10 2 2 2 2 2 8 2 2 2 2 10 2 10 10 2 2 10 2 2 2 2 8 2 2 2 2 10
left_child=-1 2 -2 4 9 6 -6 -5 -9 10 12 -12 22 16 -15 -16 17 18 19 20 -14 -18 25 -24 -25 -3 -27 -28 29 -29
right_child=1 3 -4 7 5 -7 -8 8 -10 -11 11 -13 13 14 15 -17 21 -19 -20 -21 -22 -23 23 24 -26 26 27 28 -30 -31
leaf_value=-0.057372197449679765 0.00016616755256553122 -0.00038071397387630281 0.064322486729307807 -0.056166366953636929 -0.026013010856469461 -0.021434611648225466 0.073415242911775605 0.0004932079192830934 -0.025381942379306511 -0.034130768836546192 -0.044568974496125423 0.021809505934040772 0.036676424491886322 -0.036975703583440982 0.16735603932550516 0.022047936506761193 -0.037478376081435519 -0.026218809938868777 0.10678774187837775 0.0064392672207933752 -0.039871607704660202 -0.013844710710386583 -0.048028951349001932 0.083463933704785387 -0.025359390643160309 -0.032981970175069167 -0.054546264780732989 0.17132913807061406 -0.0065592428030576931 0.068475746624615044
leaf_weight=2.0473716798005626 17863.667191986926 206.89176319353282 2.2797006713226429 4.3996846980880937 1.6226552594453121 11.339889362454413 10.478004842996596 1212.3901368661318 19.40913410205394 15.377445834688841 4.9492452237755051 32.049045654013753 3.5083906743675497 2.2243896462023249 1.7443872801959515 1.3025785591453314 24.668264869600534 22.081296736374497 2.3847211971878997 63.907438090071082 13.361520599573849 170.32385865971446 11.013754973188044 2.7336146198213074 7.3906078599393377 4.6252994351088992 1.5171343013644207 2.8402143381535989 1.9741150662302969 3.1919943410903215
leaf_count=39 165603 4192 27 86 20 109 113 15324 310 2570 92 382 44 39 22 24 417 272 33 808 167 2266 197 37 113 86 31 49 33 55
internal_value=-9.0161e-06 -3.06224e-06 0.000174354 -0.00170748 -0.00486544 0.0206467 0.0600823 -0.000114703 8.55e-05 -0.00586203 -0.00511855 0.0129301 -0.00633781 -0.0110015 0.0452264 0.105237 -0.0119888 -0.00301054 0.00315175 9.21916e-05 -0.0239521 -0.0168346 -0.00045453 -0.0230979 0.00402371 0.00171084 0.0322948 0.0639981 0.0864613 0.116903
internal_weight=19727.7 19725.6 17865.9 1859.7 623.502 23.4405 12.1007 1236.2 1231.8 600.061 584.684 36.9983 547.685 305.507 5.27136 3.04697 300.235 105.243 83.1621 80.7773 16.8699 194.992 242.178 21.138 10.1242 221.041 14.1488 9.52346 8.00632 6.03221
internal_count=193560 193521 165630 27891 12171 242 133 15720 15634 11929 9359 474 8885 4092 85 46 4007 1324 1052 1019 211 2683 4793 347 150 4446 254 168 137 104
is_linear=0
shrinkage=0.05


end of trees

feature_importances:
national_win_rate=873
motor_2rate=504
course_base_win_rate=484
exhibition_time=479
exhibition_rank=462
start_timing=461
lane_number=403
boat_2rate=383
tilt=211

parameters:
[boosting: gbdt]
[objective: binary]
[metric: binary_logloss]
[tree_learner: serial]
[device_type: cpu]
[data_sample_strategy: bagging]
[data: ]
[valid: ]
[num_iterations: 500]
[learning_rate: 0.05]
[num_leaves: 31]
[num_threads: 0]
[seed: 0]
[deterministic: 0]
[force_col_wise: 0]
[force_row_wise: 0]
[histogram_pool_size: -1]
[max_depth: -1]
[min_data_in_leaf: 20]
[min_sum_hessian_in_leaf: 0.001]
[bagging_fraction: 1]
[pos_bagging_fraction: 1]
[neg_bagging_fraction: 1]
[bagging_freq: 0]
[bagging_seed: 3]
[bagging_by_query: 0]
[feature_fraction: 1]
[feature_fraction_bynode: 1]
[feature_fraction_seed: 2]
[extra_trees: 0]
[extra_seed: 6]
[early_stopping_round: 0]
[early_stopping_min_delta: 0]
[first_metric_only: 0]
[max_delta_step: 0]
[lambda_l1: 0]
[lambda_l2: 0]
[linear_lambda: 0]
[min_gain_to_split: 0]
[drop_rate: 0.1]
[max_drop: 50]
[skip_drop: 0.5]
[xgboost_dart_mode: 0]
[uniform_drop: 0]
[drop_seed: 4]
[top_rate: 0.2]
[other_rate: 0.1]
[min_data_per_group: 100]
[max_cat_threshold: 32]
[cat_l2: 10]
[cat_smooth: 10]
[max_cat_to_onehot: 4]
[top_k: 20]
[monotone_constraints: ]
[monotone_constraints_method: basic]
[monotone_penalty: 0]
[feature_contri: ]
[forcedsplits_filename: ]
[refit_decay_rate: 0.9]
[cegb_tradeoff: 1]
[cegb_penalty_split: 0]
[cegb_penalty_feature_lazy: ]
[cegb_penalty_feature_coupled: ]
[path_smooth: 0]
[interaction_constraints: ]
[verbosity: -1]
[saved_feature_importance_type: 0]
[use_quantized_grad: 0]
[num_grad_quant_bins: 4]
[quant_train_renew_leaf: 0]
[stochastic_rounding: 1]
[linear_tree: 0]
[max_bin: 255]
[max_bin_by_feature: ]
[min_data_in_bin: 3]
[bin_construct_sample_cnt: 200000]
[data_random_seed: 1]
[is_enable_sparse: 1]
[enable_bundle: 1]
[use_missing: 1]
[zero_as_missing: 0]
[feature_pre_filter: 1]
[pre_partition: 0]
[two_round: 0]
[header: 0]
[label_column: ]
[weight_column: ]
[group_column: ]
[ignore_column: ]
[categorical_feature: ]
[forcedbins_filename: ]
[precise_float_parser: 0]
[parser_config_file: ]
[objective_seed: 5]
[num_class: 1]
[is_unbalance: 0]
[scale_pos_weight: 1]
[sigmoid: 1]
[boost_from_average: 1]
[reg_sqrt: 0]
[alpha: 0.9]
[fair_c: 1]
[poisson_max_delta_step: 0.7]
[tweedie_variance_power: 1.5]
[lambdarank_truncation_level: 30]
[lambdarank_norm: 1]
[label_gain: ]
[lambdarank_position_bias_regularization: 0]
[eval_at: ]
[multi_error_top_k: 1]
[auc_mu_weights: ]
[num_machines: 1]
[local_listen_port: 12400]
[time_out: 120]
[machine_list_filename: ]
[machines: ]
[gpu_platform_id: -1]
[gpu_device_id: -1]
[gpu_device_id_list: ]
[gpu_use_dp: 0]
[num_gpu: 1]

end of parameters

pandas_categorical:[]
