racer_id,lane_number,_is1,_is3,_has
2538,1,4.0,9.0,21.0
2538,2,1.0,7.0,30.0
2538,3,1.0,10.0,29.0
2538,4,3.0,7.0,31.0
2538,5,1.0,6.0,23.0
2538,6,0.0,0.0,17.0
2878,1,10.0,23.0,30.0
2878,2,2.0,19.0,25.0
2878,3,3.0,17.0,25.0
2878,4,2.0,12.0,24.0
2878,5,0.0,9.0,27.0
2878,6,1.0,6.0,21.0
3024,1,8.0,13.0,15.0
3024,2,2.0,6.0,9.0
3024,3,2.0,4.0,9.0
3024,4,0.0,4.0,8.0
3024,5,2.0,4.0,9.0
3024,6,3.0,7.0,13.0
3054,1,9.0,13.0,17.0
3054,2,6.0,18.0,25.0
3054,3,5.0,18.0,22.0
3054,4,4.0,12.0,19.0
3054,5,0.0,11.0,19.0
3054,6,0.0,1.0,20.0
3070,1,8.0,12.0,15.0
3070,2,4.0,11.0,13.0
3070,3,1.0,7.0,16.0
3070,4,2.0,8.0,10.0
3070,5,1.0,8.0,14.0
3070,6,0.0,0.0,7.0
3072,1,9.0,16.0,22.0
3072,2,2.0,10.0,27.0
3072,3,6.0,18.0,28.0
3072,4,1.0,9.0,21.0
3072,5,1.0,14.0,24.0
3072,6,1.0,2.0,14.0
3075,1,6.0,14.0,22.0
3075,2,3.0,10.0,23.0
3075,3,2.0,11.0,28.0
3075,4,1.0,11.0,25.0
3075,5,4.0,7.0,21.0
3075,6,0.0,3.0,20.0
3081,1,4.0,6.0,9.0
3081,2,3.0,12.0,13.0
3081,3,4.0,6.0,10.0
3081,4,0.0,5.0,9.0
3081,5,0.0,2.0,10.0
3081,6,0.0,1.0,11.0
3105,1,11.0,20.0,23.0
3105,2,5.0,15.0,27.0
3105,3,5.0,11.0,22.0
3105,4,0.0,7.0,20.0
3105,5,1.0,9.0,23.0
3105,6,0.0,7.0,25.0
3107,1,2.0,6.0,12.0
3107,2,2.0,7.0,18.0
3107,3,1.0,4.0,17.0
3107,4,0.0,4.0,14.0
3107,5,0.0,1.0,16.0
3107,6,0.0,1.0,10.0
3156,1,4.0,16.0,23.0
3156,2,1.0,6.0,26.0
3156,3,0.0,9.0,23.0
3156,4,0.0,7.0,21.0
3156,5,1.0,7.0,21.0
3156,6,1.0,6.0,21.0
3158,1,26.0,37.0,38.0
3158,2,3.0,13.0,23.0
3158,3,6.0,18.0,28.0
3158,4,3.0,19.0,29.0
3158,5,1.0,8.0,24.0
3158,6,1.0,8.0,26.0
3159,1,14.0,21.0,23.0
3159,2,2.0,8.0,13.0
3159,3,1.0,10.0,16.0
3159,4,2.0,4.0,11.0
3159,5,1.0,5.0,12.0
3159,6,1.0,2.0,9.0
3161,1,4.0,13.0,20.0
3161,2,1.0,12.0,23.0
3161,3,1.0,11.0,25.0
3161,4,3.0,12.0,21.0
3161,5,0.0,7.0,23.0
3161,6,1.0,5.0,16.0
3175,1,2.0,14.0,21.0
3175,2,3.0,21.0,27.0
3175,3,0.0,12.0,25.0
3175,4,3.0,13.0,23.0
3175,5,0.0,9.0,28.0
3175,6,0.0,2.0,20.0
3176,1,2.0,3.0,5.0
3176,2,0.0,3.0,7.0
3176,3,0.0,0.0,4.0
3176,4,0.0,1.0,4.0
3176,5,0.0,1.0,3.0
3176,6,0.0,0.0,10.0
3202,1,8.0,12.0,26.0
3202,2,0.0,16.0,28.0
3202,3,3.0,10.0,29.0
3202,4,2.0,11.0,23.0
3202,5,1.0,8.0,25.0
3202,6,1.0,6.0,18.0
3207,1,2.0,6.0,17.0
3207,2,0.0,2.0,19.0
3207,3,2.0,5.0,22.0
3207,4,2.0,6.0,19.0
3207,5,0.0,3.0,17.0
3207,6,0.0,1.0,12.0
3211,1,5.0,16.0,21.0
3211,2,2.0,8.0,23.0
3211,3,0.0,5.0,26.0
3211,4,1.0,7.0,27.0
3211,5,0.0,3.0,19.0
3211,6,0.0,3.0,19.0
3212,1,8.0,17.0,23.0
3212,2,2.0,10.0,24.0
3212,3,1.0,6.0,26.0
3212,4,4.0,12.0,26.0
3212,5,2.0,8.0,22.0
3212,6,0.0,3.0,19.0
3224,1,7.0,11.0,19.0
3224,2,0.0,13.0,30.0
3224,3,2.0,7.0,29.0
3224,4,0.0,5.0,26.0
3224,5,0.0,8.0,26.0
3224,6,0.0,1.0,17.0
3226,1,6.0,16.0,22.0
3226,2,1.0,13.0,25.0
3226,3,1.0,7.0,22.0
3226,4,1.0,8.0,22.0
3226,5,1.0,12.0,25.0
3226,6,0.0,3.0,19.0
3232,1,18.0,24.0,27.0
3232,2,5.0,15.0,22.0
3232,3,2.0,9.0,20.0
3232,4,4.0,12.0,18.0
3232,5,0.0,6.0,21.0
3232,6,1.0,11.0,22.0
3233,1,6.0,14.0,20.0
3233,2,2.0,16.0,26.0
3233,3,5.0,13.0,28.0
3233,4,4.0,9.0,25.0
3233,5,0.0,1.0,21.0
3233,6,0.0,0.0,24.0
3246,1,1.0,2.0,4.0
3246,2,1.0,4.0,7.0
3246,3,1.0,1.0,10.0
3246,4,0.0,0.0,4.0
3246,5,1.0,2.0,6.0
3246,6,0.0,0.0,6.0
3251,1,16.0,34.0,39.0
3251,2,10.0,25.0,32.0
3251,3,1.0,20.0,35.0
3251,4,6.0,21.0,37.0
3251,5,1.0,13.0,31.0
3251,6,0.0,9.0,30.0
3256,1,22.0,39.0,43.0
3256,2,7.0,22.0,33.0
3256,3,5.0,21.0,33.0
3256,4,10.0,23.0,33.0
3256,5,3.0,15.0,26.0
3256,6,4.0,12.0,27.0
3257,1,26.0,29.0,32.0
3257,2,2.0,15.0,24.0
3257,3,3.0,10.0,20.0
3257,4,1.0,6.0,14.0
3257,5,1.0,5.0,18.0
3257,6,1.0,5.0,27.0
3265,1,15.0,24.0,34.0
3265,2,1.0,11.0,27.0
3265,3,4.0,12.0,22.0
3265,4,8.0,11.0,20.0
3265,5,1.0,10.0,19.0
3265,6,0.0,1.0,24.0
3268,1,13.0,19.0,25.0
3268,2,3.0,17.0,28.0
3268,3,1.0,11.0,32.0
3268,4,1.0,10.0,32.0
3268,5,2.0,8.0,28.0
3268,6,1.0,8.0,20.0
3277,1,7.0,14.0,25.0
3277,2,2.0,13.0,23.0
3277,3,0.0,10.0,31.0
3277,4,4.0,8.0,25.0
3277,5,0.0,5.0,24.0
3277,6,1.0,2.0,20.0
3282,1,10.0,18.0,26.0
3282,2,0.0,21.0,33.0
3282,3,1.0,8.0,28.0
3282,4,1.0,9.0,29.0
3282,5,0.0,6.0,28.0
3282,6,0.0,5.0,19.0
3284,1,16.0,25.0,26.0
3284,2,1.0,12.0,25.0
3284,3,2.0,17.0,27.0
3284,4,1.0,3.0,19.0
3284,5,1.0,10.0,24.0
3284,6,1.0,7.0,24.0
3286,1,8.0,14.0,19.0
3286,2,2.0,8.0,19.0
3286,3,0.0,7.0,23.0
3286,4,2.0,6.0,17.0
3286,5,1.0,5.0,18.0
3286,6,0.0,2.0,20.0
3289,1,1.0,4.0,13.0
3289,2,2.0,5.0,15.0
3289,3,0.0,6.0,17.0
3289,4,3.0,9.0,13.0
3289,5,0.0,1.0,13.0
3289,6,0.0,0.0,11.0
3293,1,1.0,7.0,20.0
3293,2,1.0,12.0,25.0
3293,3,1.0,3.0,24.0
3293,4,1.0,11.0,22.0
3293,5,1.0,4.0,21.0
3293,6,0.0,3.0,19.0
3294,1,2.0,10.0,17.0
3294,2,0.0,8.0,18.0
3294,3,0.0,6.0,16.0
3294,4,1.0,7.0,18.0
3294,5,0.0,6.0,17.0
3294,6,0.0,9.0,23.0
3297,1,5.0,18.0,23.0
3297,2,4.0,11.0,30.0
3297,3,0.0,11.0,27.0
3297,4,2.0,5.0,23.0
3297,5,1.0,9.0,23.0
3297,6,0.0,3.0,18.0
3300,1,25.0,30.0,38.0
3300,2,7.0,26.0,38.0
3300,3,3.0,15.0,28.0
3300,4,1.0,13.0,24.0
3300,5,4.0,12.0,27.0
3300,6,0.0,12.0,26.0
3302,1,9.0,16.0,22.0
3302,2,4.0,17.0,23.0
3302,3,5.0,7.0,17.0
3302,4,5.0,12.0,23.0
3302,5,0.0,4.0,17.0
3302,6,0.0,4.0,20.0
3303,1,11.0,22.0,31.0
3303,2,0.0,14.0,28.0
3303,3,4.0,18.0,29.0
3303,4,1.0,12.0,31.0
3303,5,0.0,5.0,25.0
3303,6,1.0,2.0,27.0
3304,1,28.0,39.0,43.0
3304,2,4.0,27.0,38.0
3304,3,8.0,23.0,33.0
3304,4,4.0,15.0,29.0
3304,5,3.0,14.0,31.0
3304,6,0.0,5.0,31.0
3305,1,9.0,15.0,23.0
3305,2,0.0,6.0,22.0
3305,3,1.0,7.0,21.0
3305,4,3.0,5.0,25.0
3305,5,1.0,5.0,24.0
3305,6,0.0,1.0,20.0
3306,1,2.0,18.0,24.0
3306,2,0.0,8.0,24.0
3306,3,6.0,10.0,23.0
3306,4,2.0,11.0,29.0
3306,5,0.0,4.0,23.0
3306,6,0.0,3.0,18.0
3313,1,8.0,14.0,23.0
3313,2,3.0,12.0,27.0
3313,3,3.0,11.0,27.0
3313,4,2.0,9.0,31.0
3313,5,0.0,7.0,22.0
3313,6,0.0,3.0,21.0
3315,1,4.0,11.0,18.0
3315,2,2.0,10.0,22.0
3315,3,1.0,8.0,24.0
3315,4,2.0,7.0,23.0
3315,5,1.0,7.0,22.0
3315,6,0.0,4.0,17.0
3319,1,15.0,26.0,31.0
3319,2,4.0,20.0,28.0
3319,3,2.0,18.0,33.0
3319,4,4.0,19.0,34.0
3319,5,0.0,17.0,30.0
3319,6,1.0,7.0,27.0
3327,1,20.0,28.0,33.0
3327,2,3.0,17.0,30.0
3327,3,3.0,16.0,34.0
3327,4,3.0,17.0,35.0
3327,5,1.0,10.0,21.0
3327,6,0.0,5.0,25.0
3333,1,28.0,36.0,41.0
3333,2,7.0,19.0,29.0
3333,3,7.0,19.0,28.0
3333,4,3.0,20.0,36.0
3333,5,1.0,12.0,27.0
3333,6,0.0,9.0,25.0
3334,1,25.0,31.0,44.0
3334,2,2.0,18.0,34.0
3334,3,4.0,21.0,34.0
3334,4,1.0,17.0,27.0
3334,5,1.0,8.0,24.0
3334,6,0.0,4.0,34.0
3339,1,6.0,15.0,21.0
3339,2,2.0,14.0,27.0
3339,3,4.0,12.0,25.0
3339,4,2.0,11.0,25.0
3339,5,0.0,4.0,23.0
3339,6,1.0,5.0,19.0
3340,1,9.0,15.0,27.0
3340,2,4.0,11.0,32.0
3340,3,4.0,10.0,26.0
3340,4,1.0,8.0,26.0
3340,5,3.0,10.0,29.0
3340,6,0.0,5.0,22.0
3346,1,0.0,1.0,1.0
3346,2,0.0,0.0,2.0
3346,3,0.0,0.0,2.0
3346,4,0.0,0.0,1.0
3346,5,1.0,1.0,2.0
3346,6,0.0,0.0,1.0
3349,1,21.0,32.0,36.0
3349,2,5.0,26.0,31.0
3349,3,3.0,16.0,28.0
3349,4,3.0,10.0,22.0
3349,5,2.0,6.0,20.0
3349,6,2.0,4.0,23.0
3350,1,19.0,24.0,27.0
3350,2,4.0,21.0,30.0
3350,3,1.0,7.0,22.0
3350,4,1.0,11.0,30.0
3350,5,0.0,9.0,23.0
3350,6,0.0,6.0,23.0
3352,2,0.0,1.0,1.0
3352,3,0.0,1.0,1.0
3352,4,2.0,4.0,7.0
3352,5,2.0,17.0,46.0
3352,6,1.0,41.0,100.0
3353,1,1.0,4.0,12.0
3353,2,0.0,5.0,16.0
3353,3,1.0,7.0,16.0
3353,4,0.0,1.0,19.0
3353,5,0.0,4.0,18.0
3353,6,0.0,0.0,15.0
3355,1,1.0,2.0,8.0
3355,2,0.0,7.0,12.0
3355,3,0.0,2.0,13.0
3355,4,0.0,3.0,7.0
3355,5,0.0,1.0,10.0
3355,6,0.0,1.0,9.0
3357,1,8.0,18.0,24.0
3357,2,0.0,11.0,28.0
3357,3,1.0,11.0,27.0
3357,4,1.0,6.0,25.0
3357,5,1.0,3.0,23.0
3357,6,0.0,1.0,21.0
3361,1,8.0,15.0,22.0
3361,2,4.0,15.0,25.0
3361,3,3.0,10.0,30.0
3361,4,2.0,9.0,24.0
3361,5,0.0,5.0,22.0
3361,6,0.0,2.0,19.0
3362,1,9.0,23.0,24.0
3362,2,1.0,13.0,27.0
3362,3,2.0,11.0,27.0
3362,4,3.0,10.0,22.0
3362,5,1.0,9.0,22.0
3362,6,0.0,5.0,22.0
3370,1,3.0,10.0,17.0
3370,2,2.0,7.0,24.0
3370,3,2.0,12.0,22.0
3370,4,0.0,6.0,19.0
3370,5,0.0,6.0,21.0
3370,6,0.0,2.0,16.0
3372,1,3.0,7.0,13.0
3372,2,0.0,5.0,15.0
3372,3,1.0,2.0,17.0
3372,4,0.0,1.0,16.0
3372,5,1.0,1.0,13.0
3372,6,0.0,1.0,15.0
3377,1,1.0,9.0,23.0
3377,2,4.0,12.0,24.0
3377,3,2.0,10.0,20.0
3377,4,1.0,5.0,23.0
3377,5,0.0,8.0,24.0
3377,6,1.0,6.0,19.0
3381,1,7.0,16.0,24.0
3381,2,2.0,10.0,27.0
3381,3,3.0,10.0,24.0
3381,4,5.0,14.0,25.0
3381,5,2.0,12.0,28.0
3381,6,0.0,3.0,19.0
3385,1,13.0,22.0,31.0
3385,2,8.0,25.0,33.0
3385,3,3.0,16.0,29.0
3385,4,3.0,8.0,25.0
3385,5,3.0,12.0,31.0
3385,6,1.0,8.0,24.0
3388,1,22.0,28.0,31.0
3388,2,4.0,15.0,22.0
3388,3,0.0,7.0,20.0
3388,4,4.0,10.0,18.0
3388,5,6.0,12.0,18.0
3388,6,0.0,4.0,18.0
3391,1,0.0,1.0,4.0
3391,2,0.0,1.0,4.0
3391,3,0.0,0.0,6.0
3391,4,0.0,0.0,4.0
3391,5,0.0,1.0,4.0
3391,6,0.0,0.0,5.0
3392,1,8.0,17.0,26.0
3392,2,4.0,16.0,27.0
3392,3,1.0,12.0,24.0
3392,4,1.0,7.0,19.0
3392,5,0.0,8.0,29.0
3392,6,0.0,2.0,23.0
3401,1,13.0,19.0,22.0
3401,2,1.0,15.0,28.0
3401,3,4.0,16.0,35.0
3401,4,1.0,11.0,31.0
3401,5,1.0,6.0,27.0
3401,6,0.0,1.0,18.0
3406,1,14.0,25.0,28.0
3406,2,3.0,21.0,31.0
3406,3,0.0,15.0,30.0
3406,4,1.0,13.0,33.0
3406,5,2.0,8.0,24.0
3406,6,0.0,6.0,24.0
3411,1,3.0,9.0,16.0
3411,2,0.0,8.0,23.0
3411,3,0.0,7.0,21.0
3411,4,1.0,3.0,23.0
3411,5,0.0,7.0,20.0
3411,6,0.0,2.0,18.0
3412,1,31.0,41.0,45.0
3412,2,1.0,20.0,32.0
3412,3,5.0,26.0,31.0
3412,4,6.0,20.0,34.0
3412,5,3.0,18.0,31.0
3412,6,1.0,14.0,30.0
3415,1,30.0,35.0,38.0
3415,2,10.0,23.0,35.0
3415,3,0.0,15.0,24.0
3415,4,3.0,17.0,31.0
3415,5,2.0,7.0,29.0
3415,6,0.0,5.0,21.0
3419,1,0.0,0.0,5.0
3419,2,1.0,1.0,10.0
3419,3,0.0,1.0,8.0
3419,4,0.0,2.0,12.0
3419,5,0.0,0.0,8.0
3419,6,0.0,1.0,10.0
3422,1,21.0,30.0,38.0
3422,2,5.0,15.0,29.0
3422,3,3.0,16.0,32.0
3422,4,1.0,12.0,29.0
3422,5,4.0,10.0,23.0
3422,6,2.0,10.0,33.0
3430,1,8.0,16.0,21.0
3430,2,1.0,10.0,30.0
3430,3,4.0,13.0,28.0
3430,4,2.0,8.0,29.0
3430,5,1.0,8.0,28.0
3430,6,0.0,1.0,22.0
3432,1,4.0,10.0,14.0
3432,2,5.0,14.0,23.0
3432,3,0.0,8.0,20.0
3432,4,1.0,9.0,21.0
3432,5,0.0,1.0,23.0
3432,6,0.0,2.0,15.0
3434,1,12.0,22.0,27.0
3434,2,1.0,14.0,30.0
3434,3,1.0,8.0,22.0
3434,4,1.0,11.0,29.0
3434,5,2.0,11.0,28.0
3434,6,0.0,4.0,27.0
3435,1,26.0,33.0,37.0
3435,2,4.0,18.0,26.0
3435,3,4.0,18.0,28.0
3435,4,1.0,15.0,26.0
3435,5,0.0,8.0,21.0
3435,6,0.0,9.0,26.0
3436,1,16.0,27.0,29.0
3436,2,4.0,19.0,25.0
3436,3,4.0,17.0,26.0
3436,4,0.0,13.0,23.0
3436,5,1.0,9.0,21.0
3436,6,1.0,4.0,23.0
3439,1,23.0,36.0,41.0
3439,2,4.0,17.0,30.0
3439,3,3.0,19.0,26.0
3439,4,4.0,16.0,30.0
3439,5,2.0,11.0,25.0
3439,6,0.0,7.0,29.0
3441,1,7.0,16.0,24.0
3441,2,5.0,16.0,26.0
3441,3,4.0,10.0,28.0
3441,4,2.0,13.0,25.0
3441,5,0.0,7.0,30.0
3441,6,0.0,7.0,23.0
3442,1,7.0,13.0,17.0
3442,2,1.0,10.0,22.0
3442,3,0.0,10.0,24.0
3442,4,4.0,11.0,24.0
3442,5,1.0,5.0,24.0
3442,6,0.0,2.0,17.0
3444,1,4.0,5.0,9.0
3444,2,0.0,2.0,13.0
3444,3,0.0,5.0,14.0
3444,4,1.0,2.0,12.0
3444,5,0.0,3.0,14.0
3444,6,0.0,1.0,10.0
3445,1,11.0,22.0,27.0
3445,2,3.0,15.0,28.0
3445,3,2.0,13.0,28.0
3445,4,0.0,8.0,25.0
3445,5,0.0,11.0,26.0
3445,6,1.0,7.0,24.0
3448,1,5.0,11.0,15.0
3448,2,2.0,7.0,16.0
3448,3,0.0,5.0,16.0
3448,4,0.0,4.0,16.0
3448,5,0.0,3.0,16.0
3448,6,0.0,2.0,12.0
3454,1,9.0,25.0,29.0
3454,2,4.0,14.0,23.0
3454,3,4.0,19.0,22.0
3454,4,2.0,8.0,23.0
3454,5,1.0,10.0,21.0
3454,6,0.0,4.0,27.0
3455,1,13.0,21.0,29.0
3455,2,2.0,12.0,27.0
3455,3,5.0,19.0,33.0
3455,4,2.0,14.0,30.0
3455,5,0.0,10.0,25.0
3455,6,0.0,3.0,29.0
3458,1,5.0,10.0,17.0
3458,2,6.0,10.0,20.0
3458,3,2.0,8.0,25.0
3458,4,0.0,4.0,20.0
3458,5,0.0,6.0,22.0
3458,6,0.0,1.0,17.0
3459,1,0.0,6.0,14.0
3459,2,0.0,9.0,26.0
3459,3,4.0,10.0,27.0
3459,4,1.0,5.0,25.0
3459,5,0.0,4.0,24.0
3459,6,0.0,2.0,17.0
3461,1,4.0,6.0,11.0
3461,2,1.0,7.0,19.0
3461,3,0.0,2.0,14.0
3461,4,0.0,1.0,18.0
3461,5,0.0,4.0,14.0
3461,6,0.0,0.0,16.0
3463,1,7.0,15.0,26.0
3463,2,2.0,18.0,31.0
3463,3,4.0,19.0,32.0
3463,4,2.0,14.0,28.0
3463,5,1.0,7.0,29.0
3463,6,1.0,5.0,18.0
3467,1,3.0,8.0,20.0
3467,2,2.0,11.0,20.0
3467,3,1.0,10.0,25.0
3467,4,0.0,11.0,28.0
3467,5,1.0,7.0,17.0
3467,6,2.0,6.0,17.0
3470,1,7.0,10.0,21.0
3470,2,3.0,17.0,25.0
3470,3,5.0,11.0,24.0
3470,4,4.0,12.0,24.0
3470,5,0.0,6.0,20.0
3470,6,0.0,4.0,16.0
3471,1,2.0,11.0,20.0
3471,2,1.0,15.0,27.0
3471,3,1.0,5.0,24.0
3471,4,2.0,9.0,26.0
3471,5,0.0,6.0,22.0
3471,6,0.0,1.0,18.0
3473,1,17.0,33.0,41.0
3473,2,5.0,20.0,32.0
3473,3,7.0,18.0,31.0
3473,4,4.0,13.0,27.0
3473,5,2.0,7.0,26.0
3473,6,0.0,5.0,31.0
3474,1,8.0,17.0,26.0
3474,2,4.0,14.0,29.0
3474,3,1.0,15.0,34.0
3474,4,1.0,10.0,29.0
3474,5,0.0,10.0,29.0
3474,6,0.0,4.0,22.0
3475,1,13.0,19.0,28.0
3475,2,3.0,10.0,23.0
3475,3,5.0,12.0,21.0
3475,4,3.0,5.0,19.0
3475,5,3.0,7.0,18.0
3475,6,0.0,8.0,22.0
3477,1,4.0,10.0,21.0
3477,2,1.0,11.0,25.0
3477,3,0.0,10.0,28.0
3477,4,1.0,8.0,24.0
3477,5,0.0,6.0,20.0
3477,6,0.0,1.0,26.0
3478,1,15.0,22.0,24.0
3478,2,2.0,14.0,29.0
3478,3,1.0,13.0,30.0
3478,4,3.0,16.0,24.0
3478,5,0.0,8.0,32.0
3478,6,0.0,5.0,23.0
3482,1,13.0,25.0,36.0
3482,2,2.0,16.0,30.0
3482,3,4.0,19.0,35.0
3482,4,0.0,10.0,29.0
3482,5,4.0,16.0,33.0
3482,6,0.0,7.0,30.0
3484,1,25.0,31.0,36.0
3484,2,9.0,21.0,29.0
3484,3,5.0,20.0,29.0
3484,4,5.0,13.0,24.0
3484,5,1.0,10.0,27.0
3484,6,0.0,6.0,28.0
3489,1,30.0,36.0,38.0
3489,2,5.0,25.0,37.0
3489,3,5.0,19.0,36.0
3489,4,2.0,14.0,34.0
3489,5,2.0,10.0,29.0
3489,6,0.0,6.0,34.0
3497,1,12.0,15.0,21.0
3497,2,1.0,9.0,25.0
3497,3,3.0,14.0,23.0
3497,4,2.0,10.0,23.0
3497,5,1.0,3.0,22.0
3497,6,0.0,0.0,19.0
3499,1,25.0,31.0,32.0
3499,2,1.0,19.0,24.0
3499,3,5.0,18.0,31.0
3499,4,0.0,12.0,25.0
3499,5,0.0,9.0,22.0
3499,6,0.0,7.0,25.0
3502,1,14.0,23.0,29.0
3502,2,5.0,23.0,32.0
3502,3,3.0,18.0,29.0
3502,4,4.0,21.0,32.0
3502,5,1.0,15.0,25.0
3502,6,1.0,6.0,23.0
3503,1,2.0,8.0,20.0
3503,2,1.0,11.0,31.0
3503,3,2.0,12.0,25.0
3503,4,0.0,6.0,27.0
3503,5,4.0,9.0,27.0
3503,6,0.0,2.0,19.0
3505,1,15.0,20.0,29.0
3505,2,5.0,25.0,28.0
3505,3,3.0,17.0,31.0
3505,4,1.0,14.0,24.0
3505,5,0.0,5.0,26.0
3505,6,0.0,2.0,23.0
3507,1,6.0,13.0,19.0
3507,2,1.0,12.0,22.0
3507,3,0.0,7.0,22.0
3507,4,2.0,5.0,19.0
3507,5,0.0,4.0,22.0
3507,6,0.0,4.0,17.0
3508,1,17.0,22.0,26.0
3508,2,3.0,18.0,30.0
3508,3,4.0,17.0,27.0
3508,4,2.0,13.0,23.0
3508,5,1.0,5.0,24.0
3508,6,1.0,5.0,22.0
3509,1,4.0,12.0,17.0
3509,2,0.0,6.0,27.0
3509,3,1.0,5.0,28.0
3509,4,0.0,3.0,22.0
3509,5,0.0,6.0,17.0
3509,6,0.0,2.0,18.0
3514,1,27.0,35.0,43.0
3514,2,8.0,20.0,27.0
3514,3,6.0,18.0,35.0
3514,4,4.0,14.0,32.0
3514,5,2.0,8.0,22.0
3514,6,1.0,9.0,36.0
3516,1,7.0,16.0,23.0
3516,2,3.0,17.0,24.0
3516,3,2.0,11.0,23.0
3516,4,3.0,5.0,20.0
3516,5,0.0,3.0,22.0
3516,6,0.0,2.0,22.0
3517,1,14.0,22.0,24.0
3517,2,2.0,23.0,31.0
3517,3,6.0,12.0,29.0
3517,4,4.0,14.0,31.0
3517,5,1.0,12.0,24.0
3517,6,2.0,9.0,24.0
3518,1,4.0,12.0,19.0
3518,2,2.0,11.0,24.0
3518,3,2.0,11.0,26.0
3518,4,1.0,9.0,21.0
3518,5,0.0,7.0,23.0
3518,6,0.0,3.0,17.0
3519,1,3.0,12.0,17.0
3519,2,1.0,10.0,23.0
3519,3,0.0,9.0,26.0
3519,4,4.0,10.0,25.0
3519,5,1.0,4.0,21.0
3519,6,0.0,2.0,21.0
3523,1,7.0,13.0,15.0
3523,2,0.0,11.0,21.0
3523,3,1.0,12.0,23.0
3523,4,1.0,3.0,16.0
3523,5,0.0,11.0,23.0
3523,6,0.0,4.0,19.0
3527,1,11.0,20.0,26.0
3527,2,5.0,19.0,31.0
3527,3,1.0,17.0,26.0
3527,4,2.0,11.0,27.0
3527,5,1.0,7.0,26.0
3527,6,0.0,7.0,24.0
3528,1,5.0,10.0,24.0
3528,2,1.0,8.0,22.0
3528,3,2.0,8.0,28.0
3528,4,0.0,7.0,24.0
3528,5,2.0,5.0,19.0
3528,6,0.0,4.0,20.0
3532,1,11.0,14.0,16.0
3532,2,2.0,5.0,13.0
3532,3,1.0,7.0,13.0
3532,4,3.0,11.0,14.0
3532,5,1.0,5.0,12.0
3532,6,1.0,3.0,14.0
3535,1,8.0,13.0,19.0
3535,2,3.0,12.0,24.0
3535,3,0.0,8.0,19.0
3535,4,0.0,7.0,25.0
3535,5,1.0,6.0,22.0
3535,6,0.0,0.0,17.0
3538,1,2.0,7.0,10.0
3538,2,0.0,5.0,14.0
3538,3,2.0,4.0,13.0
3538,4,0.0,5.0,15.0
3538,5,0.0,3.0,12.0
3538,6,0.0,2.0,10.0
3539,1,6.0,15.0,20.0
3539,2,2.0,16.0,37.0
3539,3,3.0,13.0,30.0
3539,4,1.0,11.0,29.0
3539,5,1.0,4.0,32.0
3539,6,0.0,0.0,21.0
3541,1,24.0,35.0,37.0
3541,2,3.0,18.0,27.0
3541,3,5.0,20.0,35.0
3541,4,2.0,14.0,29.0
3541,5,2.0,15.0,28.0
3541,6,0.0,8.0,28.0
3542,1,5.0,15.0,23.0
3542,2,2.0,12.0,30.0
3542,3,2.0,8.0,24.0
3542,4,4.0,15.0,25.0
3542,5,4.0,20.0,27.0
3542,6,3.0,8.0,20.0
3543,1,10.0,13.0,14.0
3543,2,2.0,9.0,19.0
3543,3,1.0,8.0,16.0
3543,4,1.0,10.0,19.0
3543,5,0.0,5.0,19.0
3543,6,0.0,6.0,12.0
3544,1,4.0,11.0,20.0
3544,2,2.0,6.0,24.0
3544,3,1.0,7.0,28.0
3544,4,3.0,11.0,30.0
3544,5,1.0,9.0,25.0
3544,6,0.0,1.0,16.0
3546,1,6.0,12.0,20.0
3546,2,2.0,17.0,30.0
3546,3,2.0,19.0,29.0
3546,4,1.0,9.0,25.0
3546,5,2.0,5.0,24.0
3546,6,0.0,5.0,19.0
3548,1,21.0,32.0,37.0
3548,2,3.0,14.0,27.0
3548,3,4.0,17.0,34.0
3548,4,1.0,17.0,31.0
3548,5,0.0,7.0,31.0
3548,6,0.0,3.0,27.0
3550,1,19.0,30.0,36.0
3550,2,5.0,20.0,36.0
3550,3,10.0,20.0,32.0
3550,4,3.0,10.0,28.0
3550,5,4.0,15.0,31.0
3550,6,1.0,6.0,31.0
3551,1,4.0,8.0,15.0
3551,2,3.0,10.0,24.0
3551,3,1.0,5.0,23.0
3551,4,1.0,5.0,28.0
3551,5,1.0,3.0,19.0
3551,6,0.0,2.0,13.0
3554,1,27.0,44.0,46.0
3554,2,4.0,21.0,37.0
3554,3,5.0,22.0,34.0
3554,4,7.0,24.0,38.0
3554,5,3.0,15.0,33.0
3554,6,0.0,8.0,27.0
3556,1,34.0,43.0,45.0
3556,2,4.0,18.0,26.0
3556,3,5.0,22.0,28.0
3556,4,6.0,17.0,27.0
3556,5,3.0,13.0,23.0
3556,6,1.0,6.0,26.0
3557,1,27.0,45.0,49.0
3557,2,2.0,25.0,37.0
3557,3,6.0,23.0,32.0
3557,4,4.0,20.0,33.0
3557,5,4.0,20.0,33.0
3557,6,1.0,11.0,38.0
3558,1,11.0,16.0,21.0
3558,2,1.0,16.0,26.0
3558,3,1.0,11.0,28.0
3558,4,2.0,10.0,30.0
3558,5,2.0,9.0,23.0
3558,6,0.0,3.0,26.0
3562,1,24.0,32.0,38.0
3562,2,3.0,19.0,29.0
3562,3,4.0,22.0,31.0
3562,4,7.0,19.0,31.0
3562,5,0.0,14.0,28.0
3562,6,0.0,11.0,36.0
3563,1,14.0,26.0,31.0
3563,2,3.0,22.0,33.0
3563,3,1.0,13.0,26.0
3563,4,1.0,19.0,30.0
3563,5,4.0,13.0,28.0
3563,6,1.0,8.0,30.0
3564,1,8.0,17.0,23.0
3564,2,5.0,17.0,32.0
3564,3,6.0,11.0,27.0
3564,4,0.0,12.0,30.0
3564,5,2.0,8.0,33.0
3564,6,1.0,2.0,24.0
3566,1,12.0,19.0,25.0
3566,2,3.0,15.0,30.0
3566,3,5.0,17.0,31.0
3566,4,1.0,9.0,25.0
3566,5,2.0,9.0,30.0
3566,6,0.0,4.0,21.0
3567,1,4.0,8.0,15.0
3567,2,1.0,5.0,21.0
3567,3,1.0,8.0,17.0
3567,4,1.0,4.0,18.0
3567,5,0.0,1.0,16.0
3567,6,1.0,1.0,15.0
3568,1,8.0,17.0,20.0
3568,2,2.0,11.0,28.0
3568,3,3.0,14.0,32.0
3568,4,3.0,10.0,26.0
3568,5,0.0,4.0,25.0
3568,6,0.0,6.0,21.0
3569,1,3.0,12.0,21.0
3569,2,1.0,11.0,27.0
3569,3,1.0,10.0,25.0
3569,4,0.0,6.0,22.0
3569,5,0.0,7.0,26.0
3569,6,0.0,4.0,23.0
3572,1,12.0,24.0,32.0
3572,2,4.0,18.0,31.0
3572,3,0.0,13.0,25.0
3572,4,3.0,20.0,32.0
3572,5,0.0,6.0,31.0
3572,6,0.0,3.0,27.0
3574,1,24.0,37.0,40.0
3574,2,1.0,17.0,30.0
3574,3,3.0,18.0,30.0
3574,4,2.0,13.0,28.0
3574,5,1.0,8.0,21.0
3574,6,1.0,8.0,30.0
3576,1,23.0,37.0,38.0
3576,2,4.0,17.0,25.0
3576,3,3.0,19.0,31.0
3576,4,5.0,15.0,26.0
3576,5,1.0,18.0,27.0
3576,6,0.0,11.0,32.0
3577,1,8.0,18.0,24.0
3577,2,3.0,12.0,23.0
3577,3,0.0,9.0,24.0
3577,4,6.0,9.0,20.0
3577,5,1.0,6.0,25.0
3577,6,0.0,3.0,22.0
3578,1,3.0,8.0,11.0
3578,2,0.0,2.0,14.0
3578,3,2.0,8.0,13.0
3578,4,1.0,2.0,13.0
3578,5,0.0,1.0,12.0
3578,6,0.0,2.0,12.0
3579,1,4.0,13.0,15.0
3579,2,2.0,10.0,18.0
3579,3,1.0,11.0,20.0
3579,4,4.0,9.0,20.0
3579,5,0.0,8.0,20.0
3579,6,0.0,1.0,14.0
3580,1,7.0,18.0,24.0
3580,2,0.0,13.0,28.0
3580,3,0.0,13.0,25.0
3580,4,1.0,11.0,27.0
3580,5,1.0,5.0,25.0
3580,6,0.0,1.0,21.0
3581,1,15.0,25.0,29.0
3581,2,1.0,14.0,27.0
3581,3,0.0,13.0,30.0
3581,4,1.0,11.0,26.0
3581,5,0.0,14.0,30.0
3581,6,1.0,4.0,25.0
3582,1,25.0,31.0,37.0
3582,2,6.0,20.0,28.0
3582,3,4.0,14.0,30.0
3582,4,1.0,6.0,20.0
3582,5,1.0,8.0,23.0
3582,6,0.0,9.0,29.0
3583,1,3.0,9.0,17.0
3583,2,0.0,4.0,23.0
3583,3,1.0,7.0,21.0
3583,4,0.0,7.0,25.0
3583,5,1.0,7.0,20.0
3583,6,0.0,0.0,18.0
3584,1,7.0,16.0,25.0
3584,2,3.0,16.0,28.0
3584,3,3.0,14.0,31.0
3584,4,3.0,17.0,28.0
3584,5,3.0,11.0,29.0
3584,6,0.0,6.0,20.0
3587,1,8.0,12.0,19.0
3587,2,1.0,9.0,23.0
3587,3,1.0,10.0,25.0
3587,4,0.0,9.0,23.0
3587,5,2.0,10.0,22.0
3587,6,0.0,4.0,21.0
3589,1,9.0,15.0,19.0
3589,2,3.0,11.0,24.0
3589,3,2.0,13.0,24.0
3589,4,2.0,5.0,18.0
3589,5,0.0,9.0,21.0
3589,6,0.0,1.0,18.0
3590,1,28.0,35.0,40.0
3590,2,7.0,25.0,31.0
3590,3,4.0,20.0,32.0
3590,4,4.0,16.0,32.0
3590,5,5.0,14.0,27.0
3590,6,0.0,9.0,29.0
3591,1,4.0,8.0,15.0
3591,2,0.0,6.0,20.0
3591,3,0.0,4.0,20.0
3591,4,0.0,0.0,15.0
3591,5,0.0,1.0,15.0
3591,6,0.0,0.0,13.0
3596,1,7.0,10.0,15.0
3596,2,1.0,4.0,17.0
3596,3,0.0,6.0,27.0
3596,4,1.0,6.0,22.0
3596,5,1.0,6.0,19.0
3596,6,0.0,3.0,17.0
3602,1,3.0,12.0,19.0
3602,2,1.0,8.0,23.0
3602,3,1.0,8.0,23.0
3602,4,0.0,7.0,25.0
3602,5,0.0,11.0,24.0
3602,6,0.0,4.0,21.0
3604,1,11.0,18.0,22.0
3604,2,0.0,13.0,26.0
3604,3,1.0,9.0,25.0
3604,4,2.0,8.0,22.0
3604,5,0.0,6.0,23.0
3604,6,0.0,3.0,21.0
3605,1,8.0,12.0,19.0
3605,2,1.0,14.0,27.0
3605,3,3.0,10.0,28.0
3605,4,0.0,5.0,25.0
3605,5,0.0,5.0,23.0
3605,6,0.0,1.0,20.0
3606,1,11.0,27.0,31.0
3606,2,3.0,19.0,28.0
3606,3,4.0,19.0,31.0
3606,4,2.0,10.0,28.0
3606,5,1.0,12.0,26.0
3606,6,0.0,5.0,22.0
3611,1,21.0,29.0,32.0
3611,2,2.0,17.0,23.0
3611,3,2.0,20.0,29.0
3611,4,3.0,12.0,25.0
3611,5,3.0,10.0,23.0
3611,6,0.0,10.0,26.0
3612,1,32.0,47.0,54.0
3612,2,5.0,26.0,33.0
3612,3,5.0,23.0,31.0
3612,4,9.0,22.0,32.0
3612,5,1.0,11.0,33.0
3612,6,0.0,5.0,26.0
3613,1,25.0,35.0,40.0
3613,2,4.0,25.0,32.0
3613,3,2.0,20.0,34.0
3613,4,6.0,20.0,34.0
3613,5,0.0,10.0,25.0
3613,6,0.0,6.0,32.0
3614,1,3.0,15.0,23.0
3614,2,1.0,18.0,38.0
3614,3,4.0,16.0,35.0
3614,4,0.0,9.0,30.0
3614,5,1.0,7.0,31.0
3614,6,0.0,0.0,20.0
3615,1,9.0,19.0,24.0
3615,2,0.0,10.0,25.0
3615,3,2.0,14.0,27.0
3615,4,2.0,8.0,29.0
3615,5,0.0,3.0,22.0
3615,6,0.0,2.0,25.0
3616,1,5.0,7.0,16.0
3616,2,4.0,13.0,23.0
3616,3,0.0,10.0,21.0
3616,4,0.0,6.0,21.0
3616,5,0.0,8.0,21.0
3616,6,0.0,8.0,20.0
3617,1,9.0,11.0,18.0
3617,2,1.0,8.0,23.0
3617,3,3.0,10.0,25.0
3617,4,3.0,10.0,22.0
3617,5,3.0,5.0,23.0
3617,6,0.0,0.0,16.0
3618,1,28.0,39.0,48.0
3618,2,5.0,21.0,30.0
3618,3,8.0,21.0,33.0
3618,4,1.0,15.0,30.0
3618,5,1.0,11.0,23.0
3618,6,0.0,7.0,28.0
3619,1,9.0,17.0,24.0
3619,2,1.0,16.0,27.0
3619,3,3.0,16.0,25.0
3619,4,0.0,15.0,31.0
3619,5,1.0,5.0,26.0
3619,6,0.0,3.0,22.0
3620,1,6.0,13.0,19.0
3620,2,1.0,9.0,24.0
3620,3,1.0,5.0,21.0
3620,4,2.0,7.0,22.0
3620,5,1.0,3.0,23.0
3620,6,0.0,3.0,20.0
3621,1,2.0,9.0,9.0
3621,2,0.0,8.0,13.0
3621,3,1.0,8.0,12.0
3621,4,0.0,7.0,11.0
3621,5,1.0,6.0,11.0
3621,6,0.0,4.0,15.0
3623,1,32.0,40.0,43.0
3623,2,6.0,18.0,28.0
3623,3,5.0,15.0,20.0
3623,4,2.0,12.0,27.0
3623,5,2.0,8.0,18.0
3623,6,0.0,5.0,31.0
3627,1,12.0,24.0,28.0
3627,2,1.0,12.0,25.0
3627,3,3.0,14.0,28.0
3627,4,3.0,10.0,27.0
3627,5,1.0,4.0,24.0
3627,6,3.0,6.0,23.0
3629,1,15.0,20.0,23.0
3629,2,4.0,15.0,22.0
3629,3,3.0,14.0,22.0
3629,4,3.0,13.0,21.0
3629,5,2.0,10.0,20.0
3629,6,0.0,7.0,22.0
3630,1,1.0,10.0,17.0
3630,2,1.0,7.0,21.0
3630,3,1.0,5.0,21.0
3630,4,3.0,8.0,19.0
3630,5,0.0,4.0,22.0
3630,6,0.0,1.0,18.0
3631,1,0.0,3.0,7.0
3631,2,1.0,2.0,13.0
3631,3,1.0,1.0,13.0
3631,4,0.0,2.0,12.0
3631,5,0.0,1.0,12.0
3631,6,0.0,0.0,10.0
3635,1,12.0,18.0,23.0
3635,2,2.0,13.0,23.0
3635,3,1.0,17.0,24.0
3635,4,1.0,9.0,24.0
3635,5,0.0,5.0,17.0
3635,6,0.0,6.0,26.0
3637,1,6.0,13.0,19.0
3637,2,2.0,8.0,25.0
3637,3,0.0,7.0,24.0
3637,4,1.0,9.0,20.0
3637,5,0.0,4.0,27.0
3637,6,0.0,2.0,17.0
3641,1,25.0,32.0,36.0
3641,2,5.0,23.0,31.0
3641,3,9.0,23.0,39.0
3641,4,3.0,16.0,35.0
3641,5,3.0,15.0,29.0
3641,6,0.0,3.0,25.0
3642,1,5.0,6.0,14.0
3642,2,3.0,11.0,25.0
3642,3,1.0,8.0,25.0
3642,4,1.0,8.0,21.0
3642,5,0.0,3.0,21.0
3642,6,1.0,2.0,14.0
3643,1,16.0,22.0,26.0
3643,2,1.0,17.0,28.0
3643,3,2.0,16.0,28.0
3643,4,2.0,12.0,26.0
3643,5,2.0,9.0,26.0
3643,6,0.0,2.0,23.0
3645,1,4.0,5.0,7.0
3645,2,2.0,8.0,11.0
3645,3,2.0,5.0,11.0
3645,4,0.0,3.0,10.0
3645,5,1.0,5.0,11.0
3645,6,1.0,3.0,9.0
3647,1,4.0,14.0,21.0
3647,2,2.0,13.0,28.0
3647,3,1.0,6.0,28.0
3647,4,0.0,7.0,29.0
3647,5,1.0,4.0,30.0
3647,6,0.0,0.0,19.0
3652,1,8.0,11.0,16.0
3652,2,1.0,6.0,22.0
3652,3,1.0,6.0,22.0
3652,4,2.0,7.0,25.0
3652,5,0.0,4.0,22.0
3652,6,0.0,0.0,14.0
3653,1,4.0,11.0,20.0
3653,2,0.0,6.0,17.0
3653,3,1.0,7.0,20.0
3653,4,0.0,8.0,17.0
3653,5,0.0,4.0,17.0
3653,6,0.0,5.0,18.0
3654,1,30.0,37.0,40.0
3654,2,6.0,24.0,31.0
3654,3,5.0,21.0,29.0
3654,4,5.0,12.0,27.0
3654,5,3.0,17.0,23.0
3654,6,2.0,8.0,28.0
3655,1,17.0,32.0,35.0
3655,2,0.0,15.0,26.0
3655,3,0.0,15.0,31.0
3655,4,0.0,9.0,25.0
3655,5,2.0,8.0,26.0
3655,6,0.0,6.0,26.0
3656,1,6.0,19.0,21.0
3656,2,1.0,10.0,18.0
3656,3,1.0,9.0,23.0
3656,4,0.0,5.0,17.0
3656,5,1.0,7.0,21.0
3656,6,1.0,3.0,19.0
3659,1,16.0,21.0,22.0
3659,2,1.0,14.0,20.0
3659,3,2.0,12.0,20.0
3659,4,2.0,12.0,24.0
3659,5,0.0,9.0,19.0
3659,6,0.0,6.0,21.0
3660,1,4.0,8.0,17.0
3660,2,0.0,9.0,26.0
3660,3,1.0,6.0,20.0
3660,4,1.0,4.0,19.0
3660,5,1.0,6.0,25.0
3660,6,0.0,0.0,16.0
3661,1,14.0,24.0,31.0
3661,2,3.0,13.0,29.0
3661,3,2.0,16.0,30.0
3661,4,2.0,11.0,22.0
3661,5,2.0,6.0,20.0
3661,6,1.0,7.0,27.0
3662,1,14.0,22.0,25.0
3662,2,3.0,17.0,25.0
3662,3,6.0,14.0,23.0
3662,4,3.0,7.0,22.0
3662,5,2.0,9.0,25.0
3662,6,0.0,6.0,27.0
3663,1,20.0,32.0,33.0
3663,2,3.0,15.0,28.0
3663,3,5.0,16.0,33.0
3663,4,1.0,13.0,30.0
3663,5,1.0,7.0,23.0
3663,6,0.0,10.0,29.0
3664,1,11.0,18.0,23.0
3664,2,3.0,17.0,25.0
3664,3,0.0,11.0,20.0
3664,4,2.0,7.0,21.0
3664,5,0.0,7.0,23.0
3664,6,0.0,3.0,19.0
3679,1,25.0,33.0,35.0
3679,2,3.0,17.0,22.0
3679,3,1.0,26.0,33.0
3679,4,3.0,21.0,30.0
3679,5,1.0,7.0,25.0
3679,6,0.0,9.0,29.0
3680,1,4.0,17.0,25.0
3680,2,0.0,5.0,26.0
3680,3,4.0,17.0,35.0
3680,4,3.0,12.0,32.0
3680,5,1.0,9.0,24.0
3680,6,0.0,0.0,25.0
3681,1,9.0,13.0,19.0
3681,2,2.0,9.0,19.0
3681,3,1.0,10.0,17.0
3681,4,1.0,4.0,13.0
3681,5,2.0,7.0,19.0
3681,6,0.0,4.0,20.0
3684,1,12.0,21.0,24.0
3684,2,5.0,16.0,25.0
3684,3,1.0,15.0,23.0
3684,4,2.0,15.0,23.0
3684,5,1.0,3.0,17.0
3684,6,0.0,5.0,24.0
3685,1,13.0,16.0,20.0
3685,2,4.0,14.0,25.0
3685,3,6.0,14.0,27.0
3685,4,3.0,12.0,22.0
3685,5,1.0,13.0,25.0
3685,6,2.0,10.0,24.0
3686,1,21.0,28.0,31.0
3686,2,5.0,18.0,26.0
3686,3,3.0,16.0,28.0
3686,4,2.0,13.0,25.0
3686,5,3.0,11.0,24.0
3686,6,0.0,10.0,29.0
3687,1,14.0,20.0,25.0
3687,2,1.0,19.0,26.0
3687,3,2.0,11.0,29.0
3687,4,1.0,10.0,24.0
3687,5,1.0,9.0,18.0
3687,6,0.0,7.0,20.0
3690,1,7.0,19.0,26.0
3690,2,4.0,16.0,29.0
3690,3,2.0,13.0,29.0
3690,4,2.0,11.0,24.0
3690,5,0.0,7.0,27.0
3690,6,1.0,6.0,24.0
3692,1,17.0,31.0,34.0
3692,2,2.0,15.0,28.0
3692,3,2.0,19.0,31.0
3692,4,5.0,14.0,32.0
3692,5,1.0,9.0,26.0
3692,6,0.0,6.0,30.0
3696,1,9.0,18.0,24.0
3696,2,3.0,15.0,28.0
3696,3,5.0,12.0,24.0
3696,4,1.0,11.0,24.0
3696,5,1.0,9.0,28.0
3696,6,0.0,4.0,22.0
3699,1,1.0,7.0,13.0
3699,2,4.0,11.0,26.0
3699,3,1.0,5.0,16.0
3699,4,1.0,5.0,22.0
3699,5,0.0,9.0,20.0
3699,6,0.0,7.0,22.0
3701,1,4.0,10.0,15.0
3701,2,1.0,11.0,26.0
3701,3,0.0,5.0,25.0
3701,4,1.0,8.0,27.0
3701,5,1.0,7.0,24.0
3701,6,0.0,2.0,17.0
3703,1,21.0,35.0,41.0
3703,2,5.0,13.0,28.0
3703,3,3.0,23.0,32.0
3703,4,2.0,12.0,25.0
3703,5,0.0,8.0,17.0
3703,6,0.0,3.0,30.0
3704,1,3.0,6.0,12.0
3704,2,0.0,6.0,18.0
3704,3,0.0,6.0,15.0
3704,4,0.0,3.0,16.0
3704,5,0.0,2.0,16.0
3704,6,0.0,1.0,13.0
3708,1,9.0,21.0,27.0
3708,2,3.0,16.0,28.0
3708,3,2.0,11.0,19.0
3708,4,0.0,14.0,29.0
3708,5,1.0,11.0,27.0
3708,6,2.0,5.0,27.0
3710,1,7.0,13.0,21.0
3710,2,3.0,12.0,28.0
3710,3,0.0,12.0,30.0
3710,4,3.0,14.0,28.0
3710,5,1.0,8.0,26.0
3710,6,0.0,3.0,21.0
3711,1,20.0,38.0,41.0
3711,2,2.0,21.0,29.0
3711,3,3.0,21.0,34.0
3711,4,4.0,20.0,30.0
3711,5,1.0,13.0,31.0
3711,6,3.0,11.0,33.0
3712,1,13.0,20.0,24.0
3712,2,1.0,11.0,26.0
3712,3,0.0,13.0,26.0
3712,4,4.0,10.0,25.0
3712,5,1.0,7.0,23.0
3712,6,0.0,5.0,20.0
3713,1,21.0,30.0,33.0
3713,2,4.0,18.0,25.0
3713,3,5.0,18.0,30.0
3713,4,3.0,18.0,30.0
3713,5,0.0,8.0,27.0
3713,6,0.0,5.0,29.0
3714,1,9.0,17.0,20.0
3714,2,1.0,11.0,29.0
3714,3,3.0,12.0,27.0
3714,4,2.0,13.0,30.0
3714,5,0.0,12.0,28.0
3714,6,0.0,2.0,16.0
3715,1,9.0,22.0,26.0
3715,2,3.0,14.0,19.0
3715,3,3.0,17.0,25.0
3715,4,0.0,12.0,25.0
3715,5,2.0,9.0,20.0
3715,6,0.0,9.0,21.0
3716,1,23.0,30.0,36.0
3716,2,2.0,17.0,27.0
3716,3,4.0,17.0,24.0
3716,4,4.0,17.0,30.0
3716,5,2.0,15.0,28.0
3716,6,2.0,9.0,25.0
3717,1,13.0,19.0,23.0
3717,2,3.0,16.0,25.0
3717,3,2.0,12.0,23.0
3717,4,2.0,11.0,21.0
3717,5,3.0,10.0,23.0
3717,6,0.0,5.0,25.0
3718,1,14.0,18.0,22.0
3718,2,4.0,12.0,24.0
3718,3,2.0,13.0,29.0
3718,4,3.0,12.0,25.0
3718,5,1.0,7.0,25.0
3718,6,0.0,1.0,20.0
3719,1,27.0,34.0,36.0
3719,2,1.0,21.0,32.0
3719,3,3.0,20.0,25.0
3719,4,6.0,16.0,30.0
3719,5,3.0,18.0,29.0
3719,6,0.0,10.0,32.0
3721,1,33.0,39.0,41.0
3721,2,3.0,18.0,29.0
3721,3,6.0,16.0,30.0
3721,4,5.0,11.0,25.0
3721,5,1.0,8.0,26.0
3721,6,0.0,4.0,30.0
3722,1,2.0,5.0,16.0
3722,2,1.0,5.0,23.0
3722,3,2.0,8.0,27.0
3722,4,3.0,7.0,24.0
3722,5,0.0,1.0,22.0
3722,6,0.0,1.0,19.0
3726,1,2.0,9.0,15.0
3726,2,2.0,7.0,19.0
3726,3,3.0,11.0,19.0
3726,4,1.0,5.0,12.0
3726,5,3.0,5.0,17.0
3726,6,0.0,2.0,14.0
3730,1,11.0,17.0,24.0
3730,2,1.0,11.0,25.0
3730,3,0.0,13.0,25.0
3730,4,2.0,6.0,25.0
3730,5,0.0,12.0,28.0
3730,6,2.0,3.0,19.0
3731,1,5.0,16.0,20.0
3731,2,2.0,13.0,25.0
3731,3,2.0,16.0,28.0
3731,4,3.0,5.0,21.0
3731,5,0.0,7.0,25.0
3731,6,0.0,6.0,18.0
3736,2,0.0,0.0,1.0
3736,4,0.0,0.0,1.0
3736,5,0.0,1.0,1.0
3737,1,30.0,38.0,39.0
3737,2,5.0,23.0,28.0
3737,3,6.0,20.0,25.0
3737,4,0.0,13.0,24.0
3737,5,4.0,17.0,26.0
3737,6,1.0,8.0,24.0
3740,1,25.0,40.0,43.0
3740,2,3.0,16.0,33.0
3740,3,8.0,26.0,34.0
3740,4,7.0,15.0,33.0
3740,5,3.0,14.0,31.0
3740,6,1.0,10.0,30.0
3741,1,6.0,14.0,17.0
3741,2,0.0,7.0,23.0
3741,3,1.0,7.0,26.0
3741,4,1.0,4.0,25.0
3741,5,0.0,2.0,22.0
3741,6,0.0,1.0,17.0
3742,1,10.0,16.0,20.0
3742,2,3.0,16.0,24.0
3742,3,4.0,16.0,28.0
3742,4,1.0,7.0,25.0
3742,5,1.0,7.0,23.0
3742,6,0.0,2.0,19.0
3743,1,20.0,32.0,40.0
3743,2,5.0,16.0,31.0
3743,3,4.0,20.0,30.0
3743,4,2.0,12.0,31.0
3743,5,4.0,11.0,31.0
3743,6,2.0,6.0,23.0
3744,1,39.0,46.0,50.0
3744,2,7.0,20.0,32.0
3744,3,7.0,21.0,31.0
3744,4,5.0,19.0,37.0
3744,5,3.0,9.0,32.0
3744,6,0.0,5.0,29.0
3745,1,11.0,19.0,23.0
3745,2,1.0,15.0,30.0
3745,3,1.0,16.0,29.0
3745,4,2.0,11.0,21.0
3745,5,3.0,14.0,30.0
3745,6,0.0,7.0,22.0
3746,1,25.0,35.0,42.0
3746,2,6.0,24.0,31.0
3746,3,2.0,18.0,38.0
3746,4,2.0,19.0,33.0
3746,5,1.0,7.0,23.0
3746,6,0.0,6.0,32.0
3747,1,14.0,23.0,26.0
3747,2,6.0,18.0,29.0
3747,3,1.0,14.0,22.0
3747,4,3.0,10.0,25.0
3747,5,0.0,10.0,26.0
3747,6,2.0,12.0,24.0
3748,1,7.0,11.0,16.0
3748,2,0.0,13.0,28.0
3748,3,1.0,12.0,25.0
3748,4,0.0,3.0,21.0
3748,5,1.0,6.0,22.0
3748,6,0.0,2.0,16.0
3752,1,6.0,14.0,21.0
3752,2,2.0,12.0,26.0
3752,3,1.0,9.0,28.0
3752,4,0.0,6.0,27.0
3752,5,4.0,10.0,26.0
3752,6,0.0,3.0,19.0
3757,1,14.0,23.0,26.0
3757,2,4.0,18.0,23.0
3757,3,1.0,18.0,28.0
3757,4,4.0,11.0,24.0
3757,5,1.0,9.0,23.0
3757,6,0.0,3.0,19.0
3761,1,16.0,23.0,25.0
3761,2,4.0,12.0,24.0
3761,3,4.0,12.0,25.0
3761,4,1.0,12.0,26.0
3761,5,1.0,8.0,23.0
3761,6,0.0,2.0,24.0
3769,1,10.0,22.0,26.0
3769,2,4.0,17.0,27.0
3769,3,2.0,12.0,24.0
3769,4,1.0,12.0,18.0
3769,5,2.0,7.0,30.0
3769,6,0.0,3.0,18.0
3771,1,14.0,22.0,25.0
3771,2,4.0,16.0,31.0
3771,3,1.0,13.0,28.0
3771,4,2.0,13.0,28.0
3771,5,2.0,7.0,31.0
3771,6,0.0,6.0,18.0
3772,1,8.0,20.0,24.0
3772,2,3.0,10.0,21.0
3772,3,1.0,15.0,24.0
3772,4,3.0,11.0,23.0
3772,5,0.0,12.0,24.0
3772,6,0.0,4.0,21.0
3773,1,8.0,16.0,19.0
3773,2,1.0,12.0,27.0
3773,3,2.0,7.0,23.0
3773,4,0.0,7.0,24.0
3773,5,0.0,4.0,25.0
3773,6,1.0,2.0,19.0
3775,1,5.0,15.0,21.0
3775,2,3.0,11.0,30.0
3775,3,2.0,11.0,24.0
3775,4,2.0,7.0,30.0
3775,5,2.0,10.0,32.0
3775,6,0.0,1.0,22.0
3776,1,0.0,3.0,17.0
3776,2,1.0,11.0,27.0
3776,3,0.0,5.0,24.0
3776,4,0.0,4.0,23.0
3776,5,1.0,9.0,25.0
3776,6,0.0,0.0,24.0
3777,1,19.0,29.0,33.0
3777,2,5.0,16.0,33.0
3777,3,3.0,18.0,32.0
3777,4,2.0,15.0,28.0
3777,5,6.0,13.0,23.0
3777,6,3.0,8.0,31.0
3778,1,0.0,3.0,10.0
3778,2,0.0,7.0,18.0
3778,3,0.0,3.0,13.0
3778,4,1.0,5.0,14.0
3778,5,0.0,1.0,18.0
3778,6,0.0,0.0,10.0
3779,1,26.0,29.0,35.0
3779,2,2.0,12.0,23.0
3779,3,5.0,14.0,30.0
3779,4,3.0,15.0,26.0
3779,5,1.0,5.0,22.0
3779,6,1.0,10.0,29.0
3783,1,26.0,39.0,47.0
3783,2,8.0,20.0,29.0
3783,3,5.0,21.0,36.0
3783,4,2.0,12.0,26.0
3783,5,2.0,12.0,33.0
3783,6,0.0,9.0,30.0
3784,1,10.0,16.0,21.0
3784,2,2.0,16.0,25.0
3784,3,2.0,16.0,30.0
3784,4,4.0,12.0,26.0
3784,5,0.0,11.0,27.0
3784,6,0.0,2.0,21.0
3787,1,4.0,8.0,15.0
3787,2,0.0,5.0,21.0
3787,3,0.0,7.0,19.0
3787,4,1.0,3.0,14.0
3787,5,0.0,2.0,16.0
3787,6,0.0,2.0,15.0
3788,1,7.0,13.0,14.0
3788,2,2.0,12.0,14.0
3788,3,3.0,9.0,13.0
3788,4,2.0,9.0,14.0
3788,5,4.0,6.0,14.0
3788,6,0.0,3.0,13.0
3790,1,8.0,15.0,23.0
3790,2,4.0,19.0,31.0
3790,3,5.0,14.0,29.0
3790,4,0.0,8.0,25.0
3790,5,1.0,7.0,24.0
3790,6,0.0,2.0,24.0
3792,1,13.0,24.0,26.0
3792,2,3.0,18.0,27.0
3792,3,2.0,19.0,21.0
3792,4,3.0,11.0,17.0
3792,5,2.0,8.0,25.0
3792,6,1.0,8.0,21.0
3793,1,5.0,15.0,19.0
3793,2,3.0,18.0,24.0
3793,3,1.0,7.0,21.0
3793,4,3.0,10.0,19.0
3793,5,1.0,9.0,23.0
3793,6,0.0,2.0,19.0
3796,1,11.0,23.0,26.0
3796,2,3.0,13.0,28.0
3796,3,3.0,13.0,23.0
3796,4,3.0,14.0,26.0
3796,5,0.0,6.0,25.0
3796,6,0.0,4.0,26.0
3797,1,3.0,12.0,25.0
3797,2,1.0,6.0,32.0
3797,3,1.0,13.0,36.0
3797,4,0.0,9.0,32.0
3797,5,1.0,9.0,30.0
3797,6,0.0,4.0,23.0
3800,1,11.0,17.0,23.0
3800,2,3.0,13.0,23.0
3800,3,2.0,17.0,21.0
3800,4,0.0,9.0,16.0
3800,5,1.0,10.0,19.0
3800,6,0.0,4.0,26.0
3801,1,5.0,7.0,14.0
3801,2,3.0,10.0,21.0
3801,3,3.0,8.0,20.0
3801,4,2.0,10.0,21.0
3801,5,0.0,4.0,16.0
3801,6,1.0,3.0,12.0
3804,1,12.0,22.0,26.0
3804,2,3.0,21.0,36.0
3804,3,3.0,18.0,31.0
3804,4,1.0,13.0,30.0
3804,5,3.0,10.0,31.0
3804,6,0.0,5.0,26.0
3805,1,8.0,23.0,30.0
3805,2,1.0,13.0,25.0
3805,3,3.0,14.0,27.0
3805,4,3.0,13.0,26.0
3805,5,1.0,8.0,20.0
3805,6,0.0,4.0,30.0
3807,1,8.0,22.0,28.0
3807,2,5.0,18.0,31.0
3807,3,2.0,19.0,32.0
3807,4,0.0,10.0,31.0
3807,5,1.0,6.0,27.0
3807,6,1.0,5.0,23.0
3808,1,7.0,13.0,18.0
3808,2,1.0,8.0,21.0
3808,3,0.0,9.0,26.0
3808,4,3.0,7.0,22.0
3808,5,2.0,8.0,23.0
3808,6,0.0,2.0,16.0
3809,1,2.0,3.0,5.0
3809,2,0.0,4.0,7.0
3809,3,2.0,12.0,23.0
3809,4,2.0,12.0,23.0
3809,5,2.0,12.0,23.0
3809,6,0.0,5.0,23.0
3811,1,31.0,41.0,44.0
3811,2,7.0,18.0,26.0
3811,3,9.0,24.0,34.0
3811,4,3.0,16.0,31.0
3811,5,3.0,12.0,24.0
3811,6,1.0,9.0,41.0
3812,1,7.0,13.0,22.0
3812,2,2.0,10.0,22.0
3812,3,1.0,11.0,21.0
3812,4,1.0,13.0,23.0
3812,5,0.0,6.0,22.0
3812,6,0.0,2.0,20.0
3813,1,28.0,39.0,40.0
3813,2,7.0,23.0,37.0
3813,3,8.0,20.0,26.0
3813,4,0.0,12.0,23.0
3813,5,1.0,15.0,25.0
3813,6,0.0,9.0,29.0
3814,1,6.0,14.0,22.0
3814,2,4.0,17.0,32.0
3814,3,1.0,15.0,26.0
3814,4,2.0,13.0,30.0
3814,5,2.0,12.0,32.0
3814,6,0.0,5.0,18.0
3820,1,1.0,6.0,9.0
3820,2,0.0,3.0,9.0
3820,3,0.0,3.0,12.0
3820,4,0.0,2.0,10.0
3820,5,0.0,0.0,11.0
3820,6,0.0,2.0,15.0
3822,1,19.0,27.0,32.0
3822,2,4.0,15.0,28.0
3822,3,6.0,12.0,17.0
3822,4,2.0,12.0,23.0
3822,5,1.0,16.0,25.0
3822,6,1.0,5.0,24.0
3825,1,7.0,11.0,19.0
3825,2,1.0,7.0,18.0
3825,3,2.0,4.0,18.0
3825,4,2.0,7.0,20.0
3825,5,3.0,5.0,16.0
3825,6,1.0,3.0,23.0
3826,1,16.0,29.0,32.0
3826,2,4.0,20.0,31.0
3826,3,4.0,24.0,31.0
3826,4,1.0,15.0,27.0
3826,5,3.0,16.0,22.0
3826,6,0.0,5.0,19.0
3827,1,7.0,16.0,24.0
3827,2,0.0,10.0,28.0
3827,3,1.0,13.0,28.0
3827,4,1.0,4.0,27.0
3827,5,1.0,9.0,28.0
3827,6,0.0,2.0,21.0
3828,1,8.0,16.0,19.0
3828,2,2.0,16.0,23.0
3828,3,2.0,10.0,23.0
3828,4,1.0,12.0,24.0
3828,5,1.0,9.0,24.0
3828,6,0.0,5.0,21.0
3831,1,9.0,16.0,22.0
3831,2,1.0,10.0,26.0
3831,3,4.0,16.0,32.0
3831,4,3.0,15.0,31.0
3831,5,0.0,6.0,22.0
3831,6,0.0,2.0,22.0
3832,1,2.0,2.0,8.0
3832,2,1.0,1.0,11.0
3832,3,0.0,3.0,13.0
3832,4,1.0,2.0,9.0
3832,5,0.0,1.0,7.0
3832,6,0.0,1.0,11.0
3833,1,33.0,42.0,46.0
3833,2,9.0,28.0,35.0
3833,3,3.0,20.0,31.0
3833,4,1.0,20.0,32.0
3833,5,5.0,11.0,25.0
3833,6,0.0,5.0,28.0
3834,1,7.0,15.0,20.0
3834,2,1.0,9.0,27.0
3834,3,1.0,10.0,26.0
3834,4,3.0,11.0,26.0
3834,5,0.0,5.0,26.0
3834,6,0.0,0.0,19.0
3837,1,24.0,30.0,33.0
3837,2,10.0,23.0,30.0
3837,3,2.0,17.0,30.0
3837,4,2.0,15.0,25.0
3837,5,3.0,13.0,27.0
3837,6,0.0,11.0,25.0
3838,1,8.0,19.0,20.0
3838,2,6.0,15.0,26.0
3838,3,3.0,17.0,23.0
3838,4,3.0,13.0,26.0
3838,5,1.0,11.0,24.0
3838,6,0.0,6.0,20.0
3839,1,3.0,9.0,21.0
3839,2,0.0,4.0,21.0
3839,3,1.0,11.0,23.0
3839,4,1.0,10.0,24.0
3839,5,1.0,5.0,24.0
3839,6,0.0,4.0,25.0
3841,1,21.0,33.0,36.0
3841,2,6.0,24.0,35.0
3841,3,6.0,25.0,31.0
3841,4,3.0,20.0,31.0
3841,5,1.0,9.0,23.0
3841,6,1.0,10.0,29.0
3842,1,9.0,15.0,21.0
3842,2,4.0,12.0,20.0
3842,3,4.0,12.0,23.0
3842,4,6.0,13.0,22.0
3842,5,0.0,10.0,26.0
3842,6,1.0,3.0,17.0
3843,1,10.0,21.0,24.0
3843,2,1.0,15.0,30.0
3843,3,4.0,12.0,30.0
3843,4,7.0,11.0,29.0
3843,5,0.0,4.0,24.0
3843,6,0.0,1.0,22.0
3845,1,11.0,18.0,20.0
3845,2,5.0,15.0,23.0
3845,3,5.0,13.0,21.0
3845,4,1.0,8.0,19.0
3845,5,0.0,8.0,22.0
3845,6,0.0,5.0,17.0
3848,1,12.0,21.0,25.0
3848,2,3.0,14.0,32.0
3848,3,0.0,11.0,25.0
3848,4,2.0,10.0,27.0
3848,5,0.0,10.0,24.0
3848,6,0.0,7.0,25.0
3849,1,15.0,19.0,21.0
3849,2,3.0,11.0,19.0
3849,3,2.0,5.0,12.0
3849,4,1.0,8.0,11.0
3849,5,0.0,3.0,13.0
3849,6,0.0,3.0,20.0
3850,1,13.0,20.0,25.0
3850,2,3.0,13.0,29.0
3850,3,4.0,14.0,31.0
3850,4,1.0,10.0,28.0
3850,5,0.0,5.0,27.0
3850,6,1.0,5.0,22.0
3851,1,0.0,0.0,4.0
3851,2,0.0,0.0,5.0
3851,3,0.0,2.0,5.0
3851,4,0.0,0.0,5.0
3851,5,0.0,0.0,6.0
3851,6,0.0,0.0,6.0
3852,1,8.0,14.0,18.0
3852,2,1.0,11.0,23.0
3852,3,1.0,4.0,24.0
3852,4,3.0,8.0,26.0
3852,5,1.0,6.0,23.0
3852,6,2.0,4.0,19.0
3853,1,25.0,30.0,33.0
3853,2,4.0,21.0,27.0
3853,3,5.0,15.0,29.0
3853,4,1.0,15.0,24.0
3853,5,3.0,9.0,26.0
3853,6,0.0,7.0,28.0
3854,1,24.0,29.0,37.0
3854,2,3.0,13.0,22.0
3854,3,3.0,17.0,25.0
3854,4,1.0,16.0,24.0
3854,5,2.0,9.0,20.0
3854,6,0.0,8.0,25.0
3857,1,11.0,19.0,27.0
3857,2,1.0,15.0,27.0
3857,3,3.0,11.0,23.0
3857,4,3.0,20.0,30.0
3857,5,1.0,10.0,26.0
3857,6,0.0,6.0,24.0
3859,1,7.0,15.0,21.0
3859,2,3.0,15.0,24.0
3859,3,2.0,12.0,23.0
3859,4,0.0,4.0,18.0
3859,5,1.0,6.0,22.0
3859,6,0.0,2.0,19.0
3860,1,3.0,8.0,19.0
3860,2,1.0,13.0,30.0
3860,3,1.0,7.0,23.0
3860,4,1.0,10.0,20.0
3860,5,1.0,6.0,26.0
3860,6,0.0,2.0,20.0
3863,1,8.0,15.0,22.0
3863,2,2.0,13.0,27.0
3863,3,1.0,13.0,28.0
3863,4,2.0,12.0,28.0
3863,5,1.0,11.0,25.0
3863,6,0.0,1.0,20.0
3866,1,5.0,16.0,21.0
3866,2,2.0,13.0,26.0
3866,3,2.0,11.0,21.0
3866,4,1.0,8.0,24.0
3866,5,0.0,10.0,22.0
3866,6,0.0,1.0,23.0
3867,1,2.0,6.0,16.0
3867,2,1.0,7.0,28.0
3867,3,1.0,8.0,26.0
3867,4,0.0,7.0,23.0
3867,5,1.0,4.0,24.0
3867,6,0.0,1.0,20.0
3868,1,9.0,16.0,22.0
3868,2,1.0,16.0,28.0
3868,3,5.0,13.0,27.0
3868,4,3.0,14.0,31.0
3868,5,0.0,5.0,28.0
3868,6,0.0,3.0,19.0
3869,1,9.0,13.0,16.0
3869,2,1.0,8.0,24.0
3869,3,0.0,13.0,20.0
3869,4,1.0,9.0,21.0
3869,5,2.0,5.0,22.0
3869,6,0.0,1.0,14.0
3870,1,7.0,16.0,22.0
3870,2,1.0,8.0,32.0
3870,3,3.0,9.0,31.0
3870,4,4.0,8.0,27.0
3870,5,1.0,13.0,29.0
3870,6,1.0,3.0,20.0
3871,1,5.0,9.0,13.0
3871,2,1.0,6.0,21.0
3871,3,2.0,11.0,18.0
3871,4,0.0,4.0,18.0
3871,5,2.0,5.0,15.0
3871,6,0.0,2.0,17.0
3872,1,18.0,26.0,29.0
3872,2,1.0,11.0,23.0
3872,3,1.0,15.0,25.0
3872,4,3.0,14.0,24.0
3872,5,1.0,8.0,22.0
3872,6,2.0,9.0,28.0
3873,1,6.0,11.0,14.0
3873,2,1.0,6.0,14.0
3873,3,1.0,9.0,19.0
3873,4,2.0,10.0,27.0
3873,5,1.0,10.0,21.0
3873,6,0.0,5.0,20.0
3874,1,27.0,34.0,36.0
3874,2,5.0,17.0,27.0
3874,3,6.0,19.0,30.0
3874,4,5.0,23.0,30.0
3874,5,5.0,11.0,22.0
3874,6,1.0,7.0,23.0
3875,1,13.0,18.0,23.0
3875,2,4.0,22.0,32.0
3875,3,2.0,10.0,29.0
3875,4,1.0,12.0,29.0
3875,5,1.0,4.0,28.0
3875,6,0.0,5.0,20.0
3876,1,26.0,29.0,32.0
3876,2,3.0,11.0,16.0
3876,3,3.0,9.0,18.0
3876,4,2.0,13.0,18.0
3876,5,4.0,9.0,17.0
3876,6,2.0,9.0,23.0
3878,1,5.0,9.0,17.0
3878,2,2.0,13.0,30.0
3878,3,1.0,11.0,26.0
3878,4,3.0,8.0,20.0
3878,5,2.0,6.0,22.0
3878,6,1.0,4.0,19.0
3880,1,5.0,12.0,22.0
3880,2,0.0,8.0,22.0
3880,3,1.0,11.0,23.0
3880,4,1.0,5.0,19.0
3880,5,3.0,10.0,24.0
3880,6,1.0,7.0,28.0
3882,1,8.0,16.0,22.0
3882,2,3.0,20.0,33.0
3882,3,2.0,14.0,25.0
3882,4,3.0,13.0,25.0
3882,5,3.0,11.0,34.0
3882,6,0.0,4.0,20.0
3885,1,13.0,18.0,24.0
3885,2,6.0,17.0,28.0
3885,3,1.0,13.0,27.0
3885,4,1.0,13.0,24.0
3885,5,2.0,9.0,21.0
3885,6,0.0,4.0,24.0
3888,1,22.0,29.0,36.0
3888,2,3.0,24.0,32.0
3888,3,6.0,23.0,37.0
3888,4,4.0,14.0,33.0
3888,5,0.0,8.0,28.0
3888,6,1.0,9.0,29.0
3889,1,6.0,13.0,18.0
3889,2,1.0,12.0,24.0
3889,3,2.0,8.0,23.0
3889,4,1.0,6.0,22.0
3889,5,1.0,7.0,21.0
3889,6,0.0,1.0,21.0
3891,1,8.0,12.0,21.0
3891,2,2.0,12.0,33.0
3891,3,1.0,10.0,32.0
3891,4,1.0,4.0,29.0
3891,5,2.0,3.0,29.0
3891,6,0.0,1.0,18.0
3892,1,13.0,20.0,23.0
3892,2,4.0,15.0,24.0
3892,3,1.0,14.0,24.0
3892,4,0.0,12.0,30.0
3892,5,1.0,7.0,24.0
3892,6,0.0,0.0,23.0
3893,1,14.0,23.0,23.0
3893,2,5.0,18.0,26.0
3893,3,6.0,20.0,30.0
3893,4,0.0,9.0,24.0
3893,5,2.0,11.0,25.0
3893,6,0.0,4.0,20.0
3895,1,1.0,4.0,7.0
3895,2,2.0,7.0,14.0
3895,3,2.0,6.0,14.0
3895,4,2.0,5.0,11.0
3895,5,0.0,3.0,12.0
3895,6,0.0,1.0,9.0
3896,1,11.0,19.0,21.0
3896,2,3.0,15.0,24.0
3896,3,3.0,18.0,25.0
3896,4,1.0,12.0,23.0
3896,5,1.0,7.0,23.0
3896,6,0.0,6.0,20.0
3897,1,31.0,38.0,43.0
3897,2,4.0,25.0,30.0
3897,3,4.0,20.0,28.0
3897,4,3.0,17.0,31.0
3897,5,2.0,11.0,29.0
3897,6,1.0,11.0,27.0
3898,1,43.0,52.0,53.0
3898,2,11.0,24.0,28.0
3898,3,5.0,21.0,27.0
3898,4,4.0,19.0,24.0
3898,5,3.0,14.0,28.0
3898,6,2.0,13.0,26.0
3900,1,19.0,27.0,31.0
3900,2,4.0,18.0,25.0
3900,3,5.0,21.0,29.0
3900,4,4.0,15.0,26.0
3900,5,1.0,10.0,26.0
3900,6,1.0,7.0,21.0
3901,1,14.0,15.0,18.0
3901,2,3.0,12.0,27.0
3901,3,3.0,16.0,29.0
3901,4,0.0,11.0,26.0
3901,5,0.0,6.0,24.0
3901,6,0.0,2.0,17.0
3904,1,7.0,16.0,21.0
3904,2,2.0,15.0,22.0
3904,3,6.0,17.0,24.0
3904,4,0.0,8.0,23.0
3904,5,1.0,9.0,25.0
3904,6,0.0,3.0,18.0
3905,1,22.0,33.0,36.0
3905,2,1.0,19.0,29.0
3905,3,3.0,23.0,35.0
3905,4,4.0,22.0,35.0
3905,5,2.0,14.0,25.0
3905,6,2.0,12.0,26.0
3906,1,8.0,13.0,18.0
3906,2,5.0,11.0,29.0
3906,3,0.0,15.0,30.0
3906,4,1.0,7.0,27.0
3906,5,1.0,12.0,26.0
3906,6,0.0,4.0,18.0
3907,1,22.0,26.0,31.0
3907,2,2.0,15.0,28.0
3907,3,4.0,20.0,33.0
3907,4,3.0,11.0,25.0
3907,5,2.0,12.0,29.0
3907,6,0.0,3.0,28.0
3908,1,26.0,34.0,40.0
3908,2,6.0,16.0,27.0
3908,3,4.0,15.0,26.0
3908,4,3.0,15.0,24.0
3908,5,4.0,13.0,32.0
3908,6,2.0,14.0,29.0
3909,1,36.0,40.0,42.0
3909,2,3.0,23.0,28.0
3909,3,5.0,18.0,33.0
3909,4,3.0,16.0,24.0
3909,5,4.0,12.0,26.0
3909,6,0.0,3.0,27.0
3910,1,8.0,11.0,20.0
3910,2,1.0,11.0,32.0
3910,3,4.0,11.0,24.0
3910,4,3.0,7.0,24.0
3910,5,0.0,6.0,27.0
3910,6,0.0,4.0,19.0
3911,1,13.0,24.0,32.0
3911,2,4.0,18.0,32.0
3911,3,3.0,15.0,30.0
3911,4,3.0,13.0,34.0
3911,5,3.0,11.0,30.0
3911,6,0.0,2.0,23.0
3912,1,23.0,26.0,30.0
3912,2,6.0,17.0,27.0
3912,3,10.0,22.0,31.0
3912,4,5.0,18.0,29.0
3912,5,2.0,5.0,26.0
3912,6,1.0,6.0,29.0
3915,1,21.0,31.0,36.0
3915,2,6.0,22.0,33.0
3915,3,5.0,22.0,34.0
3915,4,0.0,13.0,29.0
3915,5,5.0,15.0,29.0
3915,6,1.0,6.0,29.0
3918,1,30.0,41.0,44.0
3918,2,6.0,25.0,32.0
3918,3,5.0,18.0,31.0
3918,4,6.0,26.0,35.0
3918,5,1.0,15.0,22.0
3918,6,0.0,10.0,30.0
3920,1,8.0,19.0,25.0
3920,2,2.0,6.0,16.0
3920,3,2.0,9.0,20.0
3920,4,2.0,8.0,16.0
3920,5,3.0,7.0,18.0
3920,6,1.0,6.0,18.0
3921,1,2.0,2.0,3.0
3921,2,1.0,1.0,4.0
3921,3,0.0,4.0,4.0
3921,4,0.0,0.0,1.0
3921,5,0.0,0.0,3.0
3921,6,0.0,0.0,3.0
3922,1,5.0,10.0,21.0
3922,2,0.0,8.0,33.0
3922,3,1.0,9.0,29.0
3922,4,2.0,6.0,23.0
3922,5,2.0,10.0,32.0
3922,6,0.0,2.0,17.0
3928,1,12.0,15.0,18.0
3928,2,2.0,12.0,33.0
3928,3,2.0,8.0,29.0
3928,4,0.0,5.0,26.0
3928,5,0.0,5.0,28.0
3928,6,0.0,1.0,16.0
3929,1,10.0,17.0,23.0
3929,2,2.0,15.0,25.0
3929,3,1.0,11.0,29.0
3929,4,2.0,7.0,28.0
3929,5,2.0,10.0,25.0
3929,6,0.0,4.0,20.0
3930,1,15.0,21.0,23.0
3930,2,4.0,13.0,26.0
3930,3,2.0,17.0,28.0
3930,4,6.0,12.0,29.0
3930,5,0.0,5.0,21.0
3930,6,1.0,8.0,24.0
3931,1,20.0,26.0,30.0
3931,2,3.0,19.0,26.0
3931,3,4.0,18.0,25.0
3931,4,3.0,16.0,24.0
3931,5,3.0,13.0,26.0
3931,6,1.0,13.0,33.0
3932,1,9.0,15.0,19.0
3932,2,6.0,15.0,27.0
3932,3,1.0,12.0,23.0
3932,4,2.0,9.0,18.0
3932,5,4.0,7.0,21.0
3932,6,0.0,3.0,20.0
3933,1,10.0,18.0,26.0
3933,2,3.0,18.0,31.0
3933,3,3.0,19.0,36.0
3933,4,3.0,17.0,33.0
3933,5,1.0,5.0,20.0
3933,6,3.0,9.0,22.0
3934,1,10.0,18.0,27.0
3934,2,4.0,18.0,34.0
3934,3,2.0,21.0,35.0
3934,4,0.0,15.0,35.0
3934,5,2.0,11.0,34.0
3934,6,0.0,5.0,23.0
3935,1,10.0,18.0,20.0
3935,2,2.0,15.0,23.0
3935,3,4.0,11.0,17.0
3935,4,3.0,12.0,18.0
3935,5,1.0,9.0,25.0
3935,6,0.0,6.0,18.0
3939,1,6.0,11.0,12.0
3939,2,4.0,7.0,11.0
3939,3,3.0,7.0,15.0
3939,4,0.0,6.0,16.0
3939,5,2.0,7.0,13.0
3939,6,0.0,1.0,11.0
3940,1,26.0,43.0,45.0
3940,2,4.0,19.0,36.0
3940,3,6.0,19.0,30.0
3940,4,5.0,21.0,33.0
3940,5,5.0,14.0,32.0
3940,6,1.0,12.0,31.0
3941,1,40.0,45.0,47.0
3941,2,4.0,19.0,26.0
3941,3,6.0,24.0,29.0
3941,4,1.0,14.0,27.0
3941,5,5.0,17.0,30.0
3941,6,2.0,9.0,28.0
3942,1,25.0,35.0,42.0
3942,2,4.0,16.0,28.0
3942,3,5.0,19.0,25.0
3942,4,1.0,14.0,21.0
3942,5,3.0,11.0,23.0
3942,6,0.0,1.0,20.0
3943,1,0.0,4.0,6.0
3943,2,0.0,2.0,10.0
3943,3,1.0,2.0,11.0
3943,4,1.0,4.0,12.0
3943,5,0.0,2.0,9.0
3943,6,0.0,0.0,6.0
3944,1,16.0,25.0,26.0
3944,2,5.0,22.0,31.0
3944,3,4.0,15.0,25.0
3944,4,3.0,10.0,24.0
3944,5,1.0,6.0,19.0
3944,6,0.0,7.0,25.0
3945,1,3.0,6.0,15.0
3945,2,2.0,9.0,20.0
3945,3,3.0,13.0,27.0
3945,4,1.0,13.0,24.0
3945,5,0.0,4.0,21.0
3945,6,1.0,5.0,17.0
3946,1,31.0,40.0,44.0
3946,2,6.0,22.0,32.0
3946,3,3.0,16.0,29.0
3946,4,4.0,14.0,33.0
3946,5,2.0,13.0,31.0
3946,6,1.0,8.0,28.0
3947,1,10.0,16.0,25.0
3947,2,3.0,9.0,27.0
3947,3,3.0,9.0,28.0
3947,4,1.0,12.0,26.0
3947,5,2.0,10.0,24.0
3947,6,0.0,5.0,23.0
3948,1,2.0,8.0,15.0
3948,2,0.0,14.0,26.0
3948,3,2.0,12.0,26.0
3948,4,0.0,2.0,21.0
3948,5,0.0,4.0,20.0
3948,6,0.0,0.0,21.0
3949,1,1.0,9.0,20.0
3949,2,0.0,9.0,21.0
3949,3,1.0,9.0,21.0
3949,4,0.0,7.0,20.0
3949,5,0.0,2.0,22.0
3949,6,0.0,1.0,23.0
3950,1,1.0,8.0,18.0
3950,2,0.0,8.0,28.0
3950,3,2.0,16.0,24.0
3950,4,1.0,11.0,20.0
3950,5,0.0,8.0,24.0
3950,6,0.0,4.0,17.0
3951,1,14.0,19.0,28.0
3951,2,6.0,18.0,30.0
3951,3,3.0,14.0,28.0
3951,4,0.0,14.0,29.0
3951,5,2.0,5.0,23.0
3951,6,0.0,2.0,18.0
3952,1,30.0,39.0,42.0
3952,2,9.0,17.0,36.0
3952,3,13.0,27.0,35.0
3952,4,5.0,15.0,25.0
3952,5,5.0,19.0,33.0
3952,6,2.0,8.0,30.0
3953,1,6.0,8.0,11.0
3953,2,0.0,7.0,17.0
3953,3,0.0,4.0,13.0
3953,4,0.0,5.0,16.0
3953,5,0.0,3.0,15.0
3953,6,0.0,1.0,13.0
3955,1,4.0,13.0,16.0
3955,2,2.0,12.0,23.0
3955,3,1.0,13.0,22.0
3955,4,1.0,7.0,17.0
3955,5,0.0,4.0,22.0
3955,6,0.0,3.0,16.0
3956,1,19.0,27.0,29.0
3956,2,7.0,13.0,26.0
3956,3,3.0,20.0,30.0
3956,4,3.0,13.0,24.0
3956,5,2.0,10.0,25.0
3956,6,3.0,7.0,23.0
3957,1,7.0,21.0,25.0
3957,2,3.0,17.0,31.0
3957,3,4.0,16.0,30.0
3957,4,2.0,11.0,26.0
3957,5,2.0,14.0,35.0
3957,6,0.0,5.0,22.0
3959,1,26.0,38.0,42.0
3959,2,6.0,20.0,28.0
3959,3,5.0,21.0,27.0
3959,4,6.0,21.0,29.0
3959,5,6.0,16.0,30.0
3959,6,0.0,5.0,26.0
3960,1,29.0,34.0,42.0
3960,2,3.0,15.0,25.0
3960,3,2.0,12.0,29.0
3960,4,6.0,17.0,32.0
3960,5,3.0,13.0,25.0
3960,6,1.0,10.0,33.0
3961,1,33.0,44.0,47.0
3961,2,8.0,21.0,34.0
3961,3,6.0,20.0,32.0
3961,4,2.0,20.0,29.0
3961,5,2.0,16.0,31.0
3961,6,1.0,19.0,36.0
3963,1,16.0,29.0,32.0
3963,2,4.0,22.0,29.0
3963,3,3.0,22.0,37.0
3963,4,3.0,20.0,30.0
3963,5,4.0,12.0,29.0
3963,6,1.0,7.0,25.0
3964,1,4.0,13.0,18.0
3964,2,2.0,18.0,31.0
3964,3,2.0,7.0,27.0
3964,4,2.0,9.0,26.0
3964,5,2.0,9.0,27.0
3964,6,0.0,3.0,19.0
3965,1,25.0,35.0,36.0
3965,2,5.0,21.0,36.0
3965,3,8.0,22.0,32.0
3965,4,11.0,21.0,30.0
3965,5,2.0,13.0,27.0
3965,6,1.0,14.0,34.0
3966,1,31.0,39.0,45.0
3966,2,7.0,25.0,33.0
3966,3,6.0,16.0,32.0
3966,4,5.0,23.0,35.0
3966,5,4.0,15.0,27.0
3966,6,1.0,13.0,27.0
3967,1,10.0,15.0,19.0
3967,2,0.0,12.0,23.0
3967,3,1.0,11.0,23.0
3967,4,0.0,9.0,23.0
3967,5,2.0,8.0,21.0
3967,6,0.0,2.0,20.0
3968,1,13.0,19.0,22.0
3968,2,5.0,18.0,24.0
3968,3,1.0,13.0,27.0
3968,4,1.0,12.0,20.0
3968,5,0.0,9.0,22.0
3968,6,0.0,8.0,31.0
3973,1,3.0,14.0,23.0
3973,2,2.0,15.0,34.0
3973,3,2.0,11.0,25.0
3973,4,1.0,5.0,26.0
3973,5,1.0,9.0,28.0
3973,6,0.0,5.0,23.0
3974,1,6.0,14.0,21.0
3974,2,2.0,11.0,25.0
3974,3,1.0,17.0,31.0
3974,4,3.0,10.0,27.0
3974,5,0.0,6.0,25.0
3974,6,2.0,4.0,19.0
3975,1,22.0,29.0,30.0
3975,2,10.0,19.0,31.0
3975,3,1.0,16.0,26.0
3975,4,6.0,20.0,29.0
3975,5,1.0,9.0,31.0
3975,6,0.0,8.0,25.0
3976,1,8.0,12.0,19.0
3976,2,1.0,4.0,27.0
3976,3,0.0,11.0,26.0
3976,4,2.0,8.0,27.0
3976,5,3.0,7.0,25.0
3976,6,0.0,2.0,21.0
3977,1,4.0,17.0,22.0
3977,2,4.0,10.0,32.0
3977,3,3.0,13.0,28.0
3977,4,2.0,14.0,30.0
3977,5,2.0,8.0,25.0
3977,6,2.0,4.0,21.0
3978,1,20.0,29.0,33.0
3978,2,2.0,20.0,25.0
3978,3,4.0,17.0,31.0
3978,4,2.0,7.0,21.0
3978,5,1.0,10.0,26.0
3978,6,0.0,7.0,25.0
3981,1,14.0,17.0,23.0
3981,2,2.0,13.0,30.0
3981,3,4.0,16.0,30.0
3981,4,3.0,13.0,34.0
3981,5,2.0,9.0,29.0
3981,6,0.0,2.0,20.0
3982,1,6.0,14.0,22.0
3982,2,1.0,10.0,26.0
3982,3,2.0,9.0,28.0
3982,4,2.0,10.0,25.0
3982,5,0.0,4.0,24.0
3982,6,0.0,1.0,18.0
3983,1,22.0,34.0,35.0
3983,2,12.0,30.0,36.0
3983,3,8.0,19.0,36.0
3983,4,2.0,18.0,32.0
3983,5,5.0,19.0,27.0
3983,6,0.0,10.0,30.0
3984,1,33.0,42.0,45.0
3984,2,6.0,24.0,37.0
3984,3,6.0,26.0,34.0
3984,4,1.0,11.0,34.0
3984,5,2.0,14.0,31.0
3984,6,0.0,6.0,33.0
3986,1,6.0,10.0,10.0
3986,2,2.0,7.0,11.0
3986,3,0.0,6.0,10.0
3986,4,0.0,1.0,6.0
3986,5,0.0,5.0,9.0
3986,6,0.0,1.0,13.0
3987,1,22.0,27.0,30.0
3987,2,2.0,17.0,25.0
3987,3,4.0,15.0,27.0
3987,4,4.0,18.0,31.0
3987,5,3.0,14.0,22.0
3987,6,1.0,11.0,31.0
3988,1,26.0,37.0,40.0
3988,2,6.0,20.0,33.0
3988,3,7.0,23.0,32.0
3988,4,4.0,19.0,29.0
3988,5,1.0,13.0,25.0
3988,6,0.0,11.0,36.0
3989,1,7.0,9.0,17.0
3989,2,2.0,12.0,25.0
3989,3,5.0,12.0,25.0
3989,4,2.0,6.0,29.0
3989,5,0.0,6.0,21.0
3989,6,0.0,3.0,20.0
3990,1,10.0,15.0,21.0
3990,2,6.0,19.0,27.0
3990,3,0.0,15.0,29.0
3990,4,2.0,11.0,32.0
3990,5,1.0,6.0,27.0
3990,6,0.0,3.0,23.0
3992,1,11.0,15.0,22.0
3992,2,2.0,11.0,21.0
3992,3,4.0,8.0,15.0
3992,4,1.0,10.0,18.0
3992,5,3.0,9.0,22.0
3992,6,2.0,8.0,19.0
3993,1,10.0,18.0,25.0
3993,2,5.0,17.0,26.0
3993,3,1.0,14.0,22.0
3993,4,4.0,19.0,31.0
3993,5,1.0,10.0,22.0
3993,6,0.0,4.0,17.0
3994,1,7.0,15.0,23.0
3994,2,0.0,16.0,27.0
3994,3,3.0,15.0,29.0
3994,4,1.0,13.0,22.0
3994,5,1.0,8.0,29.0
3994,6,0.0,3.0,18.0
3995,1,23.0,29.0,31.0
3995,2,2.0,16.0,21.0
3995,3,4.0,19.0,25.0
3995,4,3.0,17.0,24.0
3995,5,2.0,7.0,21.0
3995,6,1.0,6.0,21.0
3997,1,33.0,44.0,48.0
3997,2,4.0,26.0,35.0
3997,3,6.0,22.0,34.0
3997,4,2.0,16.0,29.0
3997,5,1.0,16.0,36.0
3997,6,0.0,9.0,26.0
3998,1,8.0,19.0,23.0
3998,2,2.0,16.0,29.0
3998,3,2.0,13.0,31.0
3998,4,1.0,5.0,25.0
3998,5,0.0,8.0,31.0
3998,6,0.0,0.0,19.0
3999,1,29.0,38.0,43.0
3999,2,3.0,20.0,31.0
3999,3,3.0,15.0,30.0
3999,4,5.0,18.0,28.0
3999,5,1.0,11.0,28.0
3999,6,0.0,11.0,29.0
4000,1,25.0,41.0,44.0
4000,2,5.0,26.0,36.0
4000,3,10.0,27.0,36.0
4000,4,4.0,18.0,35.0
4000,5,0.0,11.0,29.0
4000,6,0.0,10.0,30.0
4002,1,30.0,40.0,42.0
4002,2,4.0,21.0,28.0
4002,3,6.0,18.0,32.0
4002,4,4.0,15.0,27.0
4002,5,3.0,12.0,27.0
4002,6,0.0,15.0,28.0
4003,1,8.0,15.0,21.0
4003,2,4.0,17.0,23.0
4003,3,4.0,13.0,26.0
4003,4,0.0,18.0,26.0
4003,5,1.0,13.0,23.0
4003,6,0.0,9.0,22.0
4004,1,10.0,19.0,22.0
4004,2,4.0,14.0,28.0
4004,3,4.0,11.0,24.0
4004,4,3.0,15.0,29.0
4004,5,3.0,9.0,25.0
4004,6,0.0,4.0,19.0
4006,1,9.0,21.0,25.0
4006,2,5.0,21.0,32.0
4006,3,2.0,18.0,29.0
4006,4,3.0,18.0,34.0
4006,5,2.0,9.0,29.0
4006,6,0.0,2.0,21.0
4007,1,11.0,17.0,19.0
4007,2,4.0,10.0,26.0
4007,3,1.0,12.0,22.0
4007,4,1.0,10.0,19.0
4007,5,1.0,12.0,25.0
4007,6,0.0,2.0,21.0
4009,1,17.0,29.0,33.0
4009,2,1.0,13.0,24.0
4009,3,4.0,14.0,24.0
4009,4,4.0,14.0,23.0
4009,5,2.0,9.0,23.0
4009,6,0.0,4.0,25.0
4010,1,10.0,13.0,18.0
4010,2,1.0,11.0,24.0
4010,3,0.0,10.0,27.0
4010,4,1.0,9.0,24.0
4010,5,0.0,3.0,19.0
4010,6,0.0,1.0,16.0
4011,1,18.0,25.0,27.0
4011,2,8.0,22.0,28.0
4011,3,2.0,12.0,26.0
4011,4,6.0,17.0,27.0
4011,5,1.0,7.0,22.0
4011,6,4.0,16.0,28.0
4012,1,24.0,30.0,31.0
4012,2,10.0,22.0,33.0
4012,3,5.0,13.0,27.0
4012,4,6.0,13.0,22.0
4012,5,2.0,17.0,30.0
4012,6,2.0,8.0,22.0
4013,1,37.0,41.0,44.0
4013,2,2.0,15.0,25.0
4013,3,5.0,21.0,25.0
4013,4,2.0,14.0,28.0
4013,5,2.0,17.0,29.0
4013,6,1.0,7.0,28.0
4014,1,24.0,30.0,35.0
4014,2,4.0,14.0,22.0
4014,3,3.0,18.0,29.0
4014,4,4.0,8.0,27.0
4014,5,0.0,7.0,23.0
4014,6,0.0,6.0,27.0
4015,1,21.0,34.0,37.0
4015,2,2.0,24.0,34.0
4015,3,3.0,24.0,36.0
4015,4,2.0,16.0,33.0
4015,5,2.0,13.0,26.0
4015,6,1.0,9.0,30.0
4016,1,11.0,20.0,23.0
4016,2,4.0,18.0,30.0
4016,3,2.0,14.0,29.0
4016,4,4.0,13.0,26.0
4016,5,1.0,8.0,22.0
4016,6,1.0,6.0,24.0
4017,1,17.0,27.0,29.0
4017,2,4.0,16.0,26.0
4017,3,1.0,18.0,32.0
4017,4,2.0,14.0,28.0
4017,5,2.0,14.0,26.0
4017,6,0.0,4.0,23.0
4019,1,27.0,38.0,41.0
4019,2,3.0,23.0,30.0
4019,3,4.0,19.0,24.0
4019,4,5.0,21.0,29.0
4019,5,3.0,13.0,28.0
4019,6,2.0,8.0,28.0
4020,1,9.0,15.0,22.0
4020,2,1.0,11.0,24.0
4020,3,5.0,14.0,29.0
4020,4,2.0,8.0,25.0
4020,5,1.0,7.0,26.0
4020,6,1.0,3.0,20.0
4022,1,7.0,11.0,19.0
4022,2,4.0,14.0,25.0
4022,3,2.0,17.0,29.0
4022,4,0.0,6.0,27.0
4022,5,0.0,5.0,20.0
4022,6,0.0,3.0,19.0
4023,1,6.0,10.0,18.0
4023,2,2.0,9.0,28.0
4023,3,1.0,11.0,23.0
4023,4,2.0,8.0,25.0
4023,5,2.0,11.0,28.0
4023,6,0.0,0.0,18.0
4024,1,14.0,23.0,28.0
4024,2,3.0,14.0,25.0
4024,3,4.0,18.0,27.0
4024,4,5.0,16.0,27.0
4024,5,3.0,12.0,26.0
4024,6,2.0,7.0,30.0
4025,1,13.0,17.0,21.0
4025,2,4.0,16.0,17.0
4025,3,2.0,11.0,16.0
4025,4,2.0,9.0,16.0
4025,5,2.0,7.0,15.0
4025,6,0.0,2.0,13.0
4027,1,13.0,17.0,22.0
4027,2,2.0,13.0,23.0
4027,3,2.0,13.0,21.0
4027,4,9.0,14.0,25.0
4027,5,4.0,9.0,20.0
4027,6,0.0,2.0,18.0
4028,1,25.0,30.0,36.0
4028,2,6.0,20.0,31.0
4028,3,5.0,20.0,32.0
4028,4,6.0,15.0,31.0
4028,5,4.0,11.0,27.0
4028,6,0.0,8.0,19.0
4030,1,20.0,27.0,35.0
4030,2,1.0,16.0,32.0
4030,3,6.0,22.0,36.0
4030,4,1.0,20.0,32.0
4030,5,1.0,16.0,32.0
4030,6,0.0,4.0,25.0
4031,1,9.0,18.0,22.0
4031,2,2.0,17.0,28.0
4031,3,2.0,11.0,29.0
4031,4,2.0,13.0,24.0
4031,5,1.0,7.0,26.0
4031,6,1.0,3.0,22.0
4033,1,27.0,33.0,36.0
4033,2,3.0,22.0,32.0
4033,3,5.0,16.0,27.0
4033,4,5.0,16.0,27.0
4033,5,2.0,12.0,27.0
4033,6,0.0,11.0,28.0
4034,1,5.0,14.0,18.0
4034,2,2.0,9.0,27.0
4034,3,1.0,8.0,29.0
4034,4,1.0,8.0,26.0
4034,5,0.0,2.0,25.0
4034,6,0.0,1.0,17.0
4035,1,7.0,13.0,22.0
4035,2,3.0,13.0,32.0
4035,3,2.0,13.0,32.0
4035,4,1.0,11.0,28.0
4035,5,2.0,8.0,33.0
4035,6,0.0,5.0,22.0
4036,1,25.0,35.0,38.0
4036,2,5.0,19.0,26.0
4036,3,3.0,20.0,30.0
4036,4,4.0,17.0,27.0
4036,5,1.0,13.0,23.0
4036,6,2.0,14.0,29.0
4039,1,17.0,27.0,33.0
4039,2,2.0,19.0,30.0
4039,3,0.0,18.0,27.0
4039,4,3.0,18.0,30.0
4039,5,0.0,11.0,28.0
4039,6,0.0,5.0,31.0
4040,1,22.0,28.0,34.0
4040,2,3.0,23.0,37.0
4040,3,9.0,16.0,30.0
4040,4,5.0,17.0,36.0
4040,5,3.0,12.0,26.0
4040,6,0.0,7.0,29.0
4041,1,3.0,7.0,18.0
4041,2,3.0,13.0,26.0
4041,3,2.0,11.0,25.0
4041,4,1.0,9.0,20.0
4041,5,0.0,7.0,27.0
4041,6,0.0,3.0,17.0
4042,1,25.0,32.0,38.0
4042,2,4.0,19.0,26.0
4042,3,4.0,21.0,30.0
4042,4,3.0,16.0,26.0
4042,5,1.0,11.0,20.0
4042,6,2.0,11.0,33.0
4043,1,14.0,28.0,35.0
4043,2,1.0,16.0,28.0
4043,3,7.0,17.0,27.0
4043,4,3.0,14.0,26.0
4043,5,3.0,16.0,28.0
4043,6,1.0,10.0,27.0
4044,1,23.0,30.0,31.0
4044,2,4.0,18.0,26.0
4044,3,4.0,13.0,28.0
4044,4,3.0,19.0,27.0
4044,5,1.0,8.0,21.0
4044,6,1.0,10.0,21.0
4045,1,8.0,16.0,25.0
4045,2,4.0,12.0,28.0
4045,3,3.0,14.0,28.0
4045,4,4.0,10.0,27.0
4045,5,0.0,3.0,27.0
4045,6,0.0,2.0,16.0
4047,1,8.0,15.0,17.0
4047,2,0.0,9.0,24.0
4047,3,0.0,8.0,28.0
4047,4,0.0,4.0,21.0
4047,5,0.0,6.0,21.0
4047,6,0.0,0.0,17.0
4049,1,31.0,41.0,43.0
4049,2,2.0,19.0,30.0
4049,3,7.0,22.0,37.0
4049,4,2.0,19.0,34.0
4049,5,1.0,11.0,25.0
4049,6,1.0,6.0,29.0
4050,1,36.0,43.0,45.0
4050,2,6.0,23.0,28.0
4050,3,9.0,20.0,26.0
4050,4,5.0,21.0,30.0
4050,5,6.0,14.0,26.0
4050,6,2.0,16.0,31.0
4051,1,18.0,23.0,26.0
4051,2,2.0,17.0,23.0
4051,3,4.0,14.0,18.0
4051,4,3.0,15.0,19.0
4051,5,0.0,11.0,19.0
4051,6,0.0,7.0,17.0
4052,1,23.0,29.0,33.0
4052,2,3.0,21.0,27.0
4052,3,6.0,18.0,27.0
4052,4,1.0,15.0,26.0
4052,5,1.0,11.0,28.0
4052,6,1.0,3.0,30.0
4053,1,16.0,25.0,28.0
4053,2,6.0,23.0,31.0
4053,3,4.0,20.0,28.0
4053,4,2.0,13.0,26.0
4053,5,2.0,15.0,24.0
4053,6,0.0,5.0,24.0
4054,1,11.0,17.0,25.0
4054,2,1.0,8.0,19.0
4054,3,3.0,14.0,26.0
4054,4,1.0,8.0,21.0
4054,5,1.0,10.0,20.0
4054,6,0.0,3.0,30.0
4055,1,27.0,33.0,38.0
4055,2,12.0,32.0,41.0
4055,3,2.0,19.0,35.0
4055,4,2.0,18.0,34.0
4055,5,1.0,18.0,33.0
4055,6,1.0,6.0,29.0
4057,1,21.0,33.0,34.0
4057,2,4.0,24.0,33.0
4057,3,6.0,26.0,37.0
4057,4,2.0,17.0,35.0
4057,5,2.0,11.0,28.0
4057,6,0.0,7.0,27.0
4058,1,24.0,39.0,43.0
4058,2,6.0,24.0,35.0
4058,3,7.0,18.0,32.0
4058,4,0.0,15.0,33.0
4058,5,1.0,13.0,29.0
4058,6,0.0,6.0,29.0
4059,1,6.0,14.0,22.0
4059,2,2.0,10.0,18.0
4059,3,1.0,9.0,18.0
4059,4,1.0,8.0,19.0
4059,5,3.0,8.0,18.0
4059,6,0.0,6.0,28.0
4060,1,8.0,14.0,18.0
4060,2,3.0,17.0,24.0
4060,3,2.0,12.0,30.0
4060,4,0.0,10.0,21.0
4060,5,0.0,4.0,22.0
4060,6,0.0,3.0,21.0
4061,1,38.0,46.0,50.0
4061,2,4.0,24.0,33.0
4061,3,11.0,21.0,31.0
4061,4,3.0,22.0,30.0
4061,5,3.0,15.0,27.0
4061,6,4.0,18.0,36.0
4062,1,5.0,13.0,15.0
4062,2,2.0,8.0,20.0
4062,3,3.0,9.0,19.0
4062,4,3.0,8.0,20.0
4062,5,1.0,4.0,15.0
4062,6,0.0,0.0,17.0
4063,1,31.0,39.0,44.0
4063,2,5.0,16.0,30.0
4063,3,3.0,18.0,31.0
4063,4,5.0,21.0,30.0
4063,5,0.0,17.0,31.0
4063,6,1.0,8.0,32.0
4064,1,37.0,45.0,47.0
4064,2,2.0,15.0,23.0
4064,3,2.0,20.0,32.0
4064,4,3.0,18.0,31.0
4064,5,3.0,13.0,24.0
4064,6,2.0,14.0,37.0
4065,1,10.0,17.0,22.0
4065,2,4.0,10.0,21.0
4065,3,4.0,12.0,24.0
4065,4,1.0,12.0,28.0
4065,5,1.0,8.0,18.0
4065,6,0.0,7.0,18.0
4066,1,23.0,35.0,37.0
4066,2,2.0,19.0,30.0
4066,3,3.0,18.0,30.0
4066,4,4.0,19.0,34.0
4066,5,1.0,13.0,29.0
4066,6,1.0,9.0,22.0
4067,1,21.0,34.0,40.0
4067,2,9.0,28.0,38.0
4067,3,10.0,25.0,35.0
4067,4,7.0,18.0,39.0
4067,5,8.0,20.0,30.0
4067,6,0.0,9.0,26.0
4068,1,8.0,19.0,25.0
4068,2,0.0,14.0,29.0
4068,3,2.0,14.0,28.0
4068,4,4.0,15.0,29.0
4068,5,0.0,11.0,32.0
4068,6,0.0,5.0,21.0
4069,1,22.0,31.0,36.0
4069,2,3.0,19.0,26.0
4069,3,5.0,16.0,29.0
4069,4,2.0,22.0,33.0
4069,5,1.0,7.0,30.0
4069,6,1.0,12.0,28.0
4071,1,7.0,11.0,16.0
4071,2,0.0,10.0,22.0
4071,3,4.0,8.0,19.0
4071,4,0.0,4.0,19.0
4071,5,0.0,3.0,21.0
4071,6,0.0,1.0,14.0
4072,1,25.0,28.0,30.0
4072,2,7.0,17.0,26.0
4072,3,9.0,16.0,21.0
4072,4,5.0,12.0,21.0
4072,5,3.0,14.0,23.0
4072,6,3.0,5.0,13.0
4073,1,30.0,36.0,39.0
4073,2,4.0,24.0,34.0
4073,3,3.0,19.0,26.0
4073,4,6.0,18.0,27.0
4073,5,3.0,10.0,26.0
4073,6,0.0,11.0,32.0
4074,1,28.0,36.0,42.0
4074,2,8.0,23.0,32.0
4074,3,5.0,23.0,34.0
4074,4,2.0,20.0,35.0
4074,5,2.0,12.0,23.0
4074,6,1.0,13.0,31.0
4075,1,23.0,29.0,32.0
4075,2,4.0,17.0,26.0
4075,3,6.0,21.0,33.0
4075,4,7.0,19.0,34.0
4075,5,3.0,12.0,27.0
4075,6,1.0,8.0,28.0
4076,1,15.0,27.0,36.0
4076,2,3.0,22.0,34.0
4076,3,8.0,22.0,38.0
4076,4,1.0,17.0,37.0
4076,5,1.0,12.0,33.0
4076,6,0.0,3.0,29.0
4077,1,19.0,27.0,33.0
4077,2,13.0,28.0,39.0
4077,3,7.0,16.0,25.0
4077,4,2.0,13.0,23.0
4077,5,1.0,7.0,26.0
4077,6,0.0,6.0,29.0
4079,1,27.0,36.0,41.0
4079,2,8.0,23.0,34.0
4079,3,5.0,26.0,30.0
4079,4,3.0,12.0,27.0
4079,5,0.0,10.0,27.0
4079,6,0.0,5.0,29.0
4080,1,4.0,4.0,5.0
4080,2,0.0,2.0,3.0
4080,3,3.0,6.0,6.0
4080,4,0.0,3.0,3.0
4080,5,0.0,3.0,6.0
4080,6,0.0,0.0,2.0
4081,1,12.0,21.0,25.0
4081,2,3.0,18.0,28.0
4081,3,5.0,18.0,34.0
4081,4,3.0,13.0,34.0
4081,5,2.0,7.0,29.0
4081,6,0.0,4.0,19.0
4082,1,15.0,25.0,26.0
4082,2,7.0,16.0,23.0
4082,3,4.0,17.0,25.0
4082,4,4.0,16.0,28.0
4082,5,2.0,12.0,31.0
4082,6,0.0,9.0,28.0
4083,1,35.0,42.0,45.0
4083,2,9.0,24.0,31.0
4083,3,8.0,23.0,34.0
4083,4,4.0,16.0,25.0
4083,5,8.0,23.0,33.0
4083,6,1.0,11.0,27.0
4084,1,31.0,39.0,43.0
4084,2,4.0,22.0,37.0
4084,3,5.0,27.0,36.0
4084,4,4.0,16.0,28.0
4084,5,3.0,19.0,32.0
4084,6,2.0,13.0,35.0
4085,1,6.0,12.0,14.0
4085,2,3.0,14.0,22.0
4085,3,2.0,13.0,18.0
4085,4,2.0,7.0,24.0
4085,5,2.0,12.0,24.0
4085,6,0.0,8.0,22.0
4086,1,24.0,31.0,35.0
4086,2,5.0,19.0,32.0
4086,3,7.0,23.0,33.0
4086,4,7.0,19.0,28.0
4086,5,0.0,12.0,28.0
4086,6,1.0,6.0,30.0
4089,1,22.0,30.0,32.0
4089,2,2.0,19.0,28.0
4089,3,5.0,23.0,36.0
4089,4,2.0,20.0,31.0
4089,5,2.0,16.0,25.0
4089,6,0.0,13.0,33.0
4090,1,16.0,19.0,22.0
4090,2,0.0,8.0,20.0
4090,3,4.0,11.0,15.0
4090,4,3.0,11.0,17.0
4090,5,1.0,8.0,22.0
4090,6,0.0,8.0,21.0
4092,1,15.0,15.0,21.0
4092,2,2.0,22.0,27.0
4092,3,1.0,12.0,28.0
4092,4,2.0,8.0,17.0
4092,5,0.0,6.0,23.0
4092,6,0.0,4.0,23.0
4093,1,6.0,10.0,20.0
4093,2,1.0,14.0,24.0
4093,3,2.0,15.0,25.0
4093,4,2.0,8.0,21.0
4093,5,0.0,6.0,26.0
4093,6,0.0,2.0,16.0
4094,1,11.0,17.0,21.0
4094,2,3.0,18.0,27.0
4094,3,1.0,10.0,25.0
4094,4,0.0,9.0,28.0
4094,5,1.0,4.0,24.0
4094,6,0.0,3.0,19.0
4095,1,31.0,40.0,44.0
4095,2,8.0,18.0,25.0
4095,3,6.0,18.0,25.0
4095,4,8.0,24.0,35.0
4095,5,6.0,15.0,29.0
4095,6,2.0,18.0,30.0
4096,1,32.0,35.0,37.0
4096,2,6.0,12.0,20.0
4096,3,3.0,20.0,31.0
4096,4,3.0,15.0,23.0
4096,5,2.0,11.0,28.0
4096,6,1.0,9.0,23.0
4097,1,0.0,6.0,14.0
4097,2,1.0,9.0,23.0
4097,3,1.0,8.0,27.0
4097,4,1.0,8.0,24.0
4097,5,0.0,3.0,23.0
4097,6,1.0,2.0,17.0
4098,1,8.0,11.0,20.0
4098,2,2.0,10.0,22.0
4098,3,1.0,14.0,26.0
4098,4,0.0,4.0,22.0
4098,5,0.0,2.0,18.0
4098,6,0.0,3.0,21.0
4099,1,24.0,33.0,36.0
4099,2,3.0,18.0,32.0
4099,3,4.0,16.0,25.0
4099,4,1.0,14.0,23.0
4099,5,0.0,6.0,23.0
4099,6,1.0,8.0,32.0
4100,1,15.0,23.0,24.0
4100,2,1.0,17.0,29.0
4100,3,4.0,12.0,32.0
4100,4,3.0,12.0,27.0
4100,5,1.0,10.0,21.0
4100,6,0.0,3.0,23.0
4102,1,36.0,42.0,45.0
4102,2,13.0,24.0,35.0
4102,3,6.0,26.0,39.0
4102,4,6.0,21.0,34.0
4102,5,4.0,21.0,36.0
4102,6,1.0,10.0,30.0
4103,1,2.0,7.0,19.0
4103,2,1.0,7.0,23.0
4103,3,2.0,6.0,23.0
4103,4,0.0,4.0,18.0
4103,5,0.0,5.0,23.0
4103,6,0.0,2.0,18.0
4104,1,7.0,12.0,20.0
4104,2,2.0,12.0,24.0
4104,3,4.0,11.0,24.0
4104,4,1.0,15.0,28.0
4104,5,0.0,8.0,19.0
4104,6,1.0,3.0,18.0
4105,1,9.0,16.0,24.0
4105,2,3.0,18.0,26.0
4105,3,1.0,18.0,29.0
4105,4,1.0,15.0,29.0
4105,5,1.0,11.0,23.0
4105,6,0.0,2.0,23.0
4106,1,2.0,5.0,14.0
4106,2,1.0,13.0,24.0
4106,3,0.0,5.0,21.0
4106,4,2.0,10.0,25.0
4106,5,2.0,9.0,25.0
4106,6,0.0,1.0,16.0
4108,1,21.0,27.0,28.0
4108,2,3.0,13.0,23.0
4108,3,6.0,18.0,27.0
4108,4,4.0,14.0,29.0
4108,5,3.0,10.0,21.0
4108,6,0.0,10.0,26.0
4109,1,24.0,28.0,32.0
4109,2,3.0,20.0,33.0
4109,3,6.0,18.0,31.0
4109,4,4.0,21.0,30.0
4109,5,2.0,11.0,26.0
4109,6,0.0,8.0,28.0
4110,1,7.0,15.0,19.0
4110,2,3.0,12.0,24.0
4110,3,2.0,9.0,31.0
4110,4,3.0,6.0,26.0
4110,5,1.0,4.0,24.0
4110,6,0.0,3.0,18.0
4111,1,15.0,25.0,28.0
4111,2,4.0,16.0,31.0
4111,3,3.0,19.0,28.0
4111,4,2.0,16.0,33.0
4111,5,5.0,12.0,26.0
4111,6,0.0,6.0,25.0
4112,1,15.0,18.0,22.0
4112,2,4.0,19.0,26.0
4112,3,7.0,20.0,25.0
4112,4,4.0,16.0,26.0
4112,5,2.0,9.0,24.0
4112,6,0.0,6.0,21.0
4113,1,10.0,14.0,25.0
4113,2,4.0,13.0,34.0
4113,3,3.0,16.0,26.0
4113,4,0.0,12.0,30.0
4113,5,2.0,6.0,29.0
4113,6,1.0,7.0,18.0
4114,1,8.0,13.0,18.0
4114,2,1.0,14.0,26.0
4114,3,4.0,15.0,28.0
4114,4,2.0,11.0,25.0
4114,5,1.0,8.0,26.0
4114,6,0.0,6.0,20.0
4116,1,6.0,11.0,17.0
4116,2,1.0,13.0,24.0
4116,3,1.0,12.0,24.0
4116,4,1.0,9.0,19.0
4116,5,3.0,10.0,17.0
4116,6,0.0,3.0,22.0
4117,1,15.0,25.0,33.0
4117,2,3.0,23.0,28.0
4117,3,2.0,22.0,33.0
4117,4,1.0,19.0,28.0
4117,5,1.0,10.0,23.0
4117,6,0.0,9.0,22.0
4118,1,21.0,38.0,39.0
4118,2,3.0,19.0,28.0
4118,3,3.0,20.0,35.0
4118,4,4.0,19.0,33.0
4118,5,2.0,14.0,31.0
4118,6,1.0,8.0,29.0
4119,1,12.0,22.0,26.0
4119,2,4.0,24.0,32.0
4119,3,2.0,18.0,26.0
4119,4,2.0,15.0,29.0
4119,5,1.0,4.0,28.0
4119,6,0.0,9.0,19.0
4120,1,26.0,36.0,37.0
4120,2,5.0,25.0,32.0
4120,3,4.0,23.0,31.0
4120,4,0.0,13.0,30.0
4120,5,3.0,15.0,30.0
4120,6,0.0,6.0,36.0
4121,1,18.0,29.0,35.0
4121,2,5.0,22.0,31.0
4121,3,5.0,12.0,22.0
4121,4,2.0,12.0,25.0
4121,5,1.0,8.0,23.0
4121,6,1.0,9.0,28.0
4122,1,22.0,34.0,40.0
4122,2,3.0,23.0,36.0
4122,3,3.0,16.0,29.0
4122,4,5.0,18.0,28.0
4122,5,0.0,7.0,28.0
4122,6,0.0,8.0,32.0
4123,1,31.0,42.0,49.0
4123,2,6.0,29.0,36.0
4123,3,4.0,20.0,29.0
4123,4,2.0,22.0,29.0
4123,5,4.0,18.0,30.0
4123,6,3.0,12.0,31.0
4124,1,21.0,28.0,32.0
4124,2,9.0,20.0,28.0
4124,3,4.0,19.0,29.0
4124,4,2.0,13.0,23.0
4124,5,4.0,11.0,23.0
4124,6,0.0,9.0,31.0
4128,1,11.0,16.0,20.0
4128,2,3.0,13.0,25.0
4128,3,4.0,13.0,18.0
4128,4,0.0,8.0,18.0
4128,5,2.0,14.0,26.0
4128,6,1.0,3.0,21.0
4129,1,3.0,11.0,22.0
4129,2,1.0,8.0,22.0
4129,3,1.0,11.0,20.0
4129,4,1.0,8.0,26.0
4129,5,2.0,5.0,20.0
4129,6,0.0,2.0,25.0
4131,1,19.0,25.0,27.0
4131,2,3.0,20.0,26.0
4131,3,4.0,15.0,25.0
4131,4,5.0,14.0,24.0
4131,5,1.0,13.0,27.0
4131,6,1.0,5.0,24.0
4133,1,23.0,30.0,38.0
4133,2,5.0,18.0,26.0
4133,3,4.0,19.0,27.0
4133,4,0.0,18.0,25.0
4133,5,2.0,10.0,22.0
4133,6,2.0,11.0,25.0
4134,1,15.0,25.0,31.0
4134,2,4.0,19.0,29.0
4134,3,3.0,17.0,26.0
4134,4,3.0,13.0,23.0
4134,5,1.0,8.0,27.0
4134,6,1.0,10.0,24.0
4136,1,15.0,23.0,23.0
4136,2,1.0,13.0,18.0
4136,3,5.0,12.0,19.0
4136,4,1.0,13.0,22.0
4136,5,2.0,7.0,18.0
4136,6,0.0,8.0,21.0
4137,1,34.0,43.0,47.0
4137,2,7.0,30.0,38.0
4137,3,7.0,27.0,40.0
4137,4,6.0,25.0,32.0
4137,5,1.0,11.0,27.0
4137,6,1.0,9.0,27.0
4138,1,8.0,18.0,22.0
4138,2,2.0,14.0,31.0
4138,3,2.0,13.0,29.0
4138,4,4.0,13.0,25.0
4138,5,2.0,12.0,26.0
4138,6,0.0,3.0,19.0
4139,1,7.0,13.0,17.0
4139,2,1.0,12.0,22.0
4139,3,4.0,14.0,32.0
4139,4,2.0,11.0,27.0
4139,5,2.0,8.0,23.0
4139,6,0.0,3.0,17.0
4140,1,20.0,24.0,27.0
4140,2,3.0,17.0,22.0
4140,3,4.0,17.0,22.0
4140,4,1.0,10.0,17.0
4140,5,0.0,8.0,20.0
4140,6,1.0,5.0,18.0
4142,1,17.0,33.0,36.0
4142,2,6.0,19.0,29.0
4142,3,3.0,24.0,33.0
4142,4,0.0,18.0,29.0
4142,5,1.0,6.0,28.0
4142,6,0.0,5.0,26.0
4143,1,3.0,11.0,14.0
4143,2,0.0,7.0,28.0
4143,3,1.0,20.0,27.0
4143,4,3.0,12.0,26.0
4143,5,0.0,3.0,27.0
4143,6,1.0,2.0,15.0
4144,1,25.0,27.0,29.0
4144,2,3.0,22.0,32.0
4144,3,3.0,15.0,26.0
4144,4,3.0,21.0,28.0
4144,5,3.0,13.0,26.0
4144,6,0.0,8.0,24.0
4145,1,1.0,8.0,18.0
4145,2,0.0,8.0,27.0
4145,3,3.0,12.0,25.0
4145,4,0.0,10.0,28.0
4145,5,0.0,3.0,24.0
4145,6,0.0,1.0,16.0
4146,1,16.0,25.0,29.0
4146,2,1.0,16.0,31.0
4146,3,4.0,17.0,31.0
4146,4,3.0,13.0,27.0
4146,5,4.0,14.0,26.0
4146,6,0.0,7.0,25.0
4148,1,20.0,30.0,36.0
4148,2,8.0,20.0,29.0
4148,3,2.0,21.0,27.0
4148,4,1.0,13.0,25.0
4148,5,2.0,9.0,26.0
4148,6,2.0,10.0,33.0
4150,1,19.0,25.0,29.0
4150,2,4.0,19.0,28.0
4150,3,9.0,26.0,38.0
4150,4,9.0,17.0,24.0
4150,5,2.0,13.0,26.0
4150,6,0.0,1.0,23.0
4151,1,11.0,18.0,22.0
4151,2,5.0,21.0,27.0
4151,3,2.0,14.0,25.0
4151,4,2.0,12.0,30.0
4151,5,0.0,9.0,25.0
4151,6,0.0,7.0,16.0
4152,1,15.0,21.0,28.0
4152,2,3.0,14.0,27.0
4152,3,2.0,13.0,24.0
4152,4,4.0,14.0,24.0
4152,5,1.0,5.0,22.0
4152,6,0.0,6.0,23.0
4154,1,11.0,18.0,24.0
4154,2,2.0,11.0,26.0
4154,3,3.0,14.0,25.0
4154,4,2.0,16.0,26.0
4154,5,1.0,12.0,25.0
4154,6,0.0,3.0,19.0
4155,1,24.0,33.0,41.0
4155,2,5.0,19.0,30.0
4155,3,5.0,19.0,28.0
4155,4,4.0,15.0,24.0
4155,5,0.0,13.0,30.0
4155,6,2.0,9.0,25.0
4156,1,16.0,27.0,33.0
4156,2,4.0,17.0,27.0
4156,3,2.0,15.0,29.0
4156,4,5.0,13.0,27.0
4156,5,3.0,9.0,26.0
4156,6,1.0,9.0,29.0
4158,1,16.0,20.0,25.0
4158,2,1.0,16.0,32.0
4158,3,0.0,9.0,24.0
4158,4,1.0,10.0,22.0
4158,5,0.0,7.0,27.0
4158,6,1.0,7.0,23.0
4159,1,25.0,37.0,39.0
4159,2,7.0,29.0,39.0
4159,3,4.0,21.0,31.0
4159,4,2.0,18.0,30.0
4159,5,2.0,15.0,32.0
4159,6,1.0,4.0,30.0
4161,1,15.0,28.0,31.0
4161,2,3.0,21.0,32.0
4161,3,1.0,14.0,32.0
4161,4,1.0,13.0,33.0
4161,5,2.0,12.0,27.0
4161,6,0.0,10.0,27.0
4162,1,2.0,6.0,7.0
4162,2,1.0,3.0,5.0
4162,3,1.0,4.0,6.0
4162,4,1.0,3.0,11.0
4162,5,1.0,4.0,6.0
4162,6,0.0,0.0,3.0
4163,1,24.0,31.0,35.0
4163,2,4.0,18.0,34.0
4163,3,3.0,23.0,34.0
4163,4,5.0,12.0,25.0
4163,5,1.0,14.0,33.0
4163,6,0.0,2.0,26.0
4164,1,4.0,10.0,19.0
4164,2,0.0,13.0,29.0
4164,3,2.0,11.0,24.0
4164,4,0.0,10.0,28.0
4164,5,0.0,6.0,24.0
4164,6,0.0,4.0,19.0
4166,1,37.0,47.0,48.0
4166,2,5.0,21.0,30.0
4166,3,2.0,15.0,23.0
4166,4,6.0,19.0,31.0
4166,5,4.0,13.0,28.0
4166,6,2.0,14.0,32.0
4167,1,7.0,11.0,20.0
4167,2,0.0,8.0,20.0
4167,3,0.0,6.0,24.0
4167,4,0.0,15.0,23.0
4167,5,0.0,6.0,18.0
4167,6,0.0,1.0,25.0
4168,1,30.0,38.0,41.0
4168,2,7.0,19.0,30.0
4168,3,10.0,17.0,25.0
4168,4,2.0,9.0,28.0
4168,5,3.0,19.0,34.0
4168,6,0.0,6.0,27.0
4169,1,2.0,11.0,19.0
4169,2,0.0,6.0,21.0
4169,3,1.0,7.0,24.0
4169,4,2.0,9.0,23.0
4169,5,1.0,4.0,22.0
4169,6,0.0,2.0,17.0
4171,1,29.0,37.0,41.0
4171,2,3.0,23.0,29.0
4171,3,3.0,18.0,30.0
4171,4,5.0,18.0,28.0
4171,5,0.0,13.0,29.0
4171,6,2.0,14.0,37.0
4172,1,22.0,38.0,42.0
4172,2,3.0,20.0,35.0
4172,3,3.0,19.0,33.0
4172,4,4.0,22.0,31.0
4172,5,2.0,18.0,31.0
4172,6,1.0,8.0,29.0
4173,1,14.0,20.0,26.0
4173,2,4.0,21.0,34.0
4173,3,4.0,15.0,27.0
4173,4,4.0,12.0,28.0
4173,5,0.0,14.0,29.0
4173,6,0.0,7.0,21.0
4174,1,31.0,40.0,44.0
4174,2,5.0,24.0,30.0
4174,3,2.0,22.0,35.0
4174,4,2.0,13.0,27.0
4174,5,1.0,13.0,30.0
4174,6,2.0,5.0,29.0
4175,1,22.0,27.0,28.0
4175,2,2.0,14.0,24.0
4175,3,4.0,17.0,25.0
4175,4,2.0,12.0,25.0
4175,5,1.0,15.0,25.0
4175,6,0.0,5.0,19.0
4176,1,1.0,3.0,11.0
4176,2,0.0,4.0,14.0
4176,3,1.0,3.0,11.0
4176,4,0.0,4.0,16.0
4176,5,0.0,4.0,15.0
4176,6,1.0,1.0,9.0
4177,1,14.0,21.0,25.0
4177,2,2.0,13.0,25.0
4177,3,3.0,6.0,23.0
4177,4,2.0,8.0,22.0
4177,5,0.0,7.0,18.0
4177,6,0.0,4.0,24.0
4179,1,17.0,26.0,29.0
4179,2,9.0,23.0,30.0
4179,3,2.0,11.0,25.0
4179,4,0.0,11.0,28.0
4179,5,1.0,12.0,27.0
4179,6,0.0,8.0,26.0
4180,1,21.0,29.0,34.0
4180,2,4.0,17.0,29.0
4180,3,5.0,21.0,30.0
4180,4,4.0,14.0,28.0
4180,5,1.0,11.0,28.0
4180,6,1.0,8.0,29.0
4181,1,3.0,12.0,18.0
4181,2,1.0,10.0,29.0
4181,3,2.0,11.0,28.0
4181,4,0.0,9.0,23.0
4181,5,1.0,2.0,25.0
4181,6,0.0,3.0,18.0
4182,1,12.0,22.0,28.0
4182,2,3.0,16.0,33.0
4182,3,2.0,20.0,32.0
4182,4,3.0,10.0,32.0
4182,5,0.0,10.0,28.0
4182,6,1.0,3.0,24.0
4183,1,18.0,19.0,23.0
4183,2,3.0,10.0,21.0
4183,3,2.0,8.0,20.0
4183,4,5.0,11.0,24.0
4183,5,1.0,3.0,19.0
4183,6,1.0,4.0,22.0
4184,1,30.0,34.0,37.0
4184,2,9.0,23.0,29.0
4184,3,4.0,17.0,28.0
4184,4,7.0,19.0,30.0
4184,5,2.0,14.0,20.0
4184,6,2.0,13.0,22.0
4186,1,6.0,13.0,22.0
4186,2,1.0,13.0,24.0
4186,3,3.0,8.0,28.0
4186,4,1.0,10.0,28.0
4186,5,0.0,1.0,27.0
4186,6,0.0,1.0,16.0
4188,1,35.0,41.0,45.0
4188,2,4.0,26.0,33.0
4188,3,6.0,21.0,26.0
4188,4,12.0,23.0,28.0
4188,5,6.0,19.0,30.0
4188,6,3.0,14.0,30.0
4189,1,24.0,34.0,41.0
4189,2,4.0,18.0,37.0
4189,3,10.0,20.0,32.0
4189,4,3.0,17.0,29.0
4189,5,0.0,8.0,22.0
4189,6,0.0,8.0,28.0
4190,1,11.0,16.0,18.0
4190,2,2.0,12.0,19.0
4190,3,4.0,11.0,14.0
4190,4,2.0,13.0,17.0
4190,5,1.0,10.0,17.0
4190,6,2.0,6.0,13.0
4191,1,21.0,29.0,32.0
4191,2,7.0,23.0,33.0
4191,3,10.0,24.0,30.0
4191,4,1.0,13.0,26.0
4191,5,1.0,10.0,18.0
4191,6,0.0,6.0,21.0
4193,1,24.0,34.0,38.0
4193,2,13.0,28.0,41.0
4193,3,8.0,25.0,32.0
4193,4,5.0,15.0,31.0
4193,5,0.0,8.0,33.0
4193,6,2.0,4.0,27.0
4195,1,5.0,8.0,16.0
4195,2,5.0,15.0,26.0
4195,3,4.0,14.0,19.0
4195,4,0.0,11.0,18.0
4195,5,1.0,6.0,25.0
4195,6,1.0,3.0,13.0
4196,1,10.0,15.0,20.0
4196,2,3.0,13.0,31.0
4196,3,1.0,8.0,26.0
4196,4,1.0,10.0,29.0
4196,5,0.0,9.0,31.0
4196,6,0.0,2.0,19.0
4197,1,7.0,12.0,20.0
4197,2,1.0,13.0,30.0
4197,3,5.0,10.0,27.0
4197,4,1.0,4.0,24.0
4197,5,1.0,5.0,27.0
4197,6,0.0,2.0,18.0
4199,1,34.0,43.0,46.0
4199,2,3.0,26.0,39.0
4199,3,4.0,25.0,37.0
4199,4,3.0,18.0,42.0
4199,5,3.0,17.0,29.0
4199,6,2.0,7.0,28.0
4200,1,6.0,16.0,22.0
4200,2,2.0,12.0,24.0
4200,3,1.0,14.0,29.0
4200,4,0.0,6.0,28.0
4200,5,0.0,7.0,24.0
4200,6,0.0,5.0,19.0
4201,1,8.0,15.0,25.0
4201,2,3.0,16.0,32.0
4201,3,2.0,9.0,25.0
4201,4,3.0,10.0,30.0
4201,5,1.0,13.0,29.0
4201,6,0.0,3.0,23.0
4202,1,7.0,13.0,18.0
4202,2,1.0,12.0,24.0
4202,3,1.0,13.0,26.0
4202,4,2.0,11.0,19.0
4202,5,0.0,5.0,24.0
4202,6,0.0,4.0,22.0
4203,1,6.0,12.0,21.0
4203,2,2.0,10.0,26.0
4203,3,1.0,13.0,24.0
4203,4,2.0,8.0,26.0
4203,5,3.0,6.0,25.0
4203,6,0.0,5.0,22.0
4204,1,8.0,18.0,22.0
4204,2,4.0,16.0,23.0
4204,3,2.0,10.0,24.0
4204,4,6.0,8.0,23.0
4204,5,1.0,8.0,26.0
4204,6,0.0,4.0,24.0
4205,1,31.0,34.0,37.0
4205,2,4.0,17.0,25.0
4205,3,2.0,17.0,23.0
4205,4,6.0,14.0,24.0
4205,5,4.0,17.0,22.0
4205,6,1.0,12.0,30.0
4207,1,19.0,25.0,31.0
4207,2,6.0,17.0,26.0
4207,3,2.0,20.0,26.0
4207,4,6.0,11.0,18.0
4207,5,3.0,9.0,24.0
4207,6,3.0,12.0,28.0
4208,1,40.0,49.0,51.0
4208,2,6.0,28.0,34.0
4208,3,5.0,15.0,27.0
4208,4,8.0,26.0,33.0
4208,5,4.0,23.0,31.0
4208,6,4.0,12.0,28.0
4209,1,18.0,27.0,31.0
4209,2,2.0,21.0,32.0
4209,3,6.0,15.0,23.0
4209,4,2.0,12.0,22.0
4209,5,3.0,10.0,27.0
4209,6,0.0,7.0,21.0
4210,1,21.0,31.0,37.0
4210,2,3.0,14.0,29.0
4210,3,3.0,15.0,30.0
4210,4,1.0,23.0,32.0
4210,5,1.0,11.0,28.0
4210,6,2.0,12.0,32.0
4211,1,9.0,20.0,30.0
4211,2,1.0,11.0,21.0
4211,3,2.0,14.0,33.0
4211,4,1.0,10.0,25.0
4211,5,2.0,9.0,29.0
4211,6,1.0,3.0,21.0
4213,1,2.0,10.0,15.0
4213,2,2.0,9.0,26.0
4213,3,2.0,12.0,25.0
4213,4,2.0,11.0,27.0
4213,5,0.0,6.0,26.0
4213,6,1.0,4.0,20.0
4214,1,20.0,24.0,27.0
4214,2,4.0,15.0,24.0
4214,3,0.0,10.0,26.0
4214,4,2.0,9.0,23.0
4214,5,0.0,7.0,26.0
4214,6,2.0,10.0,22.0
4215,1,17.0,24.0,32.0
4215,2,3.0,15.0,26.0
4215,3,8.0,25.0,35.0
4215,4,5.0,9.0,26.0
4215,5,4.0,15.0,25.0
4215,6,0.0,11.0,33.0
4216,1,12.0,24.0,27.0
4216,2,3.0,16.0,28.0
4216,3,3.0,18.0,29.0
4216,4,0.0,10.0,27.0
4216,5,0.0,10.0,32.0
4216,6,0.0,3.0,23.0
4218,1,25.0,34.0,35.0
4218,2,6.0,32.0,37.0
4218,3,5.0,22.0,29.0
4218,4,4.0,17.0,27.0
4218,5,1.0,11.0,30.0
4218,6,1.0,9.0,32.0
4219,1,5.0,7.0,14.0
4219,2,1.0,10.0,26.0
4219,3,0.0,6.0,26.0
4219,4,0.0,7.0,27.0
4219,5,0.0,7.0,29.0
4219,6,0.0,3.0,18.0
4220,1,16.0,17.0,20.0
4220,2,4.0,13.0,24.0
4220,3,6.0,14.0,28.0
4220,4,4.0,13.0,33.0
4220,5,1.0,8.0,22.0
4220,6,0.0,2.0,18.0
4224,1,11.0,20.0,26.0
4224,2,3.0,12.0,27.0
4224,3,2.0,15.0,30.0
4224,4,3.0,18.0,27.0
4224,5,1.0,9.0,26.0
4224,6,0.0,7.0,29.0
4225,1,15.0,25.0,26.0
4225,2,3.0,15.0,24.0
4225,3,1.0,14.0,26.0
4225,4,3.0,11.0,16.0
4225,5,1.0,7.0,20.0
4225,6,0.0,6.0,24.0
4226,1,13.0,19.0,22.0
4226,2,0.0,16.0,32.0
4226,3,1.0,11.0,29.0
4226,4,1.0,8.0,26.0
4226,5,1.0,9.0,30.0
4226,6,1.0,3.0,20.0
4227,1,20.0,29.0,32.0
4227,2,3.0,15.0,30.0
4227,3,6.0,19.0,28.0
4227,4,3.0,14.0,26.0
4227,5,0.0,8.0,27.0
4227,6,1.0,9.0,28.0
4228,1,19.0,31.0,33.0
4228,2,1.0,16.0,27.0
4228,3,9.0,20.0,29.0
4228,4,3.0,20.0,31.0
4228,5,4.0,7.0,21.0
4228,6,0.0,14.0,28.0
4229,1,4.0,10.0,18.0
4229,2,3.0,13.0,25.0
4229,3,1.0,9.0,22.0
4229,4,0.0,8.0,22.0
4229,5,0.0,7.0,24.0
4229,6,0.0,7.0,19.0
4230,1,17.0,20.0,23.0
4230,2,6.0,17.0,24.0
4230,3,6.0,13.0,20.0
4230,4,4.0,13.0,18.0
4230,5,2.0,13.0,23.0
4230,6,1.0,8.0,19.0
4231,1,13.0,29.0,36.0
4231,2,8.0,22.0,33.0
4231,3,5.0,20.0,34.0
4231,4,2.0,15.0,33.0
4231,5,3.0,12.0,28.0
4231,6,0.0,10.0,29.0
4232,1,10.0,16.0,21.0
4232,2,5.0,18.0,27.0
4232,3,2.0,14.0,25.0
4232,4,6.0,16.0,27.0
4232,5,5.0,15.0,28.0
4232,6,0.0,5.0,21.0
4233,1,26.0,39.0,41.0
4233,2,10.0,28.0,36.0
4233,3,7.0,18.0,29.0
4233,4,1.0,13.0,28.0
4233,5,2.0,15.0,33.0
4233,6,0.0,10.0,29.0
4234,1,10.0,13.0,17.0
4234,2,1.0,12.0,21.0
4234,3,2.0,13.0,22.0
4234,4,1.0,11.0,21.0
4234,5,1.0,7.0,24.0
4234,6,0.0,1.0,16.0
4236,1,45.0,53.0,55.0
4236,2,6.0,19.0,27.0
4236,3,6.0,23.0,27.0
4236,4,3.0,21.0,25.0
4236,5,4.0,21.0,29.0
4236,6,1.0,12.0,27.0
4237,1,31.0,42.0,44.0
4237,2,6.0,23.0,30.0
4237,3,8.0,17.0,28.0
4237,4,3.0,20.0,26.0
4237,5,0.0,14.0,28.0
4237,6,1.0,8.0,26.0
4238,1,33.0,35.0,36.0
4238,2,5.0,17.0,28.0
4238,3,7.0,20.0,22.0
4238,4,3.0,13.0,19.0
4238,5,2.0,11.0,18.0
4238,6,0.0,4.0,20.0
4239,1,28.0,38.0,39.0
4239,2,7.0,18.0,24.0
4239,3,3.0,21.0,27.0
4239,4,2.0,13.0,27.0
4239,5,2.0,12.0,21.0
4239,6,2.0,6.0,26.0
4240,1,17.0,25.0,27.0
4240,2,7.0,19.0,25.0
4240,3,2.0,16.0,28.0
4240,4,2.0,13.0,20.0
4240,5,2.0,11.0,24.0
4240,6,0.0,4.0,23.0
4241,1,19.0,27.0,31.0
4241,2,3.0,20.0,33.0
4241,3,5.0,24.0,31.0
4241,4,3.0,18.0,29.0
4241,5,1.0,12.0,31.0
4241,6,0.0,10.0,28.0
4243,1,14.0,22.0,25.0
4243,2,3.0,14.0,22.0
4243,3,6.0,16.0,31.0
4243,4,0.0,9.0,20.0
4243,5,3.0,14.0,22.0
4243,6,0.0,4.0,20.0
4244,1,4.0,7.0,10.0
4244,2,0.0,3.0,12.0
4244,3,1.0,7.0,16.0
4244,4,0.0,1.0,11.0
4244,5,0.0,3.0,16.0
4244,6,0.0,1.0,7.0
4245,1,8.0,14.0,21.0
4245,2,5.0,9.0,24.0
4245,3,2.0,11.0,22.0
4245,4,1.0,6.0,24.0
4245,5,0.0,3.0,20.0
4245,6,1.0,7.0,21.0
4246,1,4.0,13.0,24.0
4246,2,2.0,13.0,24.0
4246,3,2.0,14.0,28.0
4246,4,0.0,10.0,27.0
4246,5,0.0,7.0,25.0
4246,6,0.0,1.0,19.0
4247,1,7.0,14.0,21.0
4247,2,2.0,15.0,27.0
4247,3,5.0,19.0,29.0
4247,4,5.0,11.0,23.0
4247,5,1.0,11.0,28.0
4247,6,0.0,4.0,17.0
4248,1,4.0,13.0,18.0
4248,2,0.0,12.0,26.0
4248,3,3.0,13.0,31.0
4248,4,1.0,6.0,27.0
4248,5,0.0,9.0,28.0
4248,6,0.0,3.0,17.0
4251,1,7.0,14.0,18.0
4251,2,4.0,18.0,35.0
4251,3,1.0,12.0,29.0
4251,4,2.0,9.0,23.0
4251,5,3.0,14.0,32.0
4251,6,0.0,4.0,20.0
4252,1,9.0,14.0,21.0
4252,2,0.0,13.0,27.0
4252,3,1.0,10.0,26.0
4252,4,8.0,15.0,31.0
4252,5,3.0,14.0,27.0
4252,6,0.0,1.0,20.0
4253,1,10.0,21.0,23.0
4253,2,1.0,16.0,33.0
4253,3,2.0,14.0,36.0
4253,4,1.0,12.0,32.0
4253,5,1.0,5.0,30.0
4253,6,0.0,1.0,18.0
4254,1,10.0,16.0,20.0
4254,2,0.0,12.0,17.0
4254,3,3.0,12.0,19.0
4254,4,4.0,10.0,18.0
4254,5,2.0,7.0,19.0
4254,6,0.0,5.0,17.0
4256,1,26.0,39.0,41.0
4256,2,6.0,26.0,35.0
4256,3,3.0,26.0,34.0
4256,4,8.0,26.0,30.0
4256,5,0.0,16.0,25.0
4256,6,0.0,19.0,33.0
4257,1,10.0,14.0,19.0
4257,2,0.0,13.0,25.0
4257,3,0.0,8.0,27.0
4257,4,7.0,15.0,28.0
4257,5,3.0,12.0,22.0
4257,6,0.0,1.0,16.0
4258,1,10.0,19.0,25.0
4258,2,6.0,14.0,23.0
4258,3,1.0,18.0,28.0
4258,4,0.0,9.0,27.0
4258,5,0.0,4.0,22.0
4258,6,0.0,5.0,20.0
4259,1,27.0,41.0,44.0
4259,2,7.0,24.0,33.0
4259,3,4.0,21.0,39.0
4259,4,2.0,17.0,35.0
4259,5,2.0,12.0,32.0
4259,6,0.0,5.0,28.0
4260,1,17.0,27.0,31.0
4260,2,5.0,19.0,33.0
4260,3,7.0,13.0,27.0
4260,4,4.0,12.0,26.0
4260,5,1.0,14.0,31.0
4260,6,0.0,7.0,29.0
4261,1,28.0,35.0,40.0
4261,2,2.0,24.0,37.0
4261,3,2.0,20.0,31.0
4261,4,4.0,16.0,29.0
4261,5,2.0,11.0,28.0
4261,6,0.0,10.0,33.0
4262,1,38.0,45.0,50.0
4262,2,7.0,23.0,29.0
4262,3,7.0,28.0,34.0
4262,4,5.0,20.0,30.0
4262,5,4.0,13.0,29.0
4262,6,2.0,12.0,31.0
4263,1,15.0,21.0,24.0
4263,2,3.0,11.0,22.0
4263,3,2.0,14.0,22.0
4263,4,0.0,10.0,27.0
4263,5,1.0,9.0,24.0
4263,6,0.0,1.0,23.0
4264,1,29.0,41.0,45.0
4264,2,4.0,25.0,30.0
4264,3,5.0,17.0,25.0
4264,4,6.0,24.0,33.0
4264,5,2.0,12.0,22.0
4264,6,1.0,14.0,27.0
4266,1,35.0,40.0,42.0
4266,2,4.0,14.0,26.0
4266,3,7.0,23.0,29.0
4266,4,2.0,14.0,30.0
4266,5,1.0,8.0,25.0
4266,6,0.0,6.0,25.0
4268,1,1.0,3.0,5.0
4268,2,1.0,4.0,10.0
4268,3,0.0,1.0,8.0
4268,4,0.0,3.0,9.0
4268,5,1.0,2.0,9.0
4268,6,0.0,1.0,9.0
4269,1,23.0,33.0,40.0
4269,2,8.0,25.0,34.0
4269,3,8.0,20.0,27.0
4269,4,2.0,17.0,26.0
4269,5,9.0,16.0,27.0
4269,6,1.0,9.0,30.0
4270,1,14.0,19.0,20.0
4270,2,4.0,14.0,25.0
4270,3,0.0,9.0,23.0
4270,4,3.0,10.0,23.0
4270,5,0.0,9.0,24.0
4270,6,0.0,5.0,18.0
4271,1,4.0,12.0,20.0
4271,2,2.0,10.0,26.0
4271,3,4.0,13.0,26.0
4271,4,4.0,13.0,28.0
4271,5,1.0,10.0,26.0
4271,6,0.0,2.0,17.0
4272,1,5.0,14.0,19.0
4272,2,5.0,19.0,25.0
4272,3,1.0,11.0,28.0
4272,4,2.0,13.0,29.0
4272,5,1.0,8.0,25.0
4272,6,0.0,4.0,22.0
4273,1,13.0,17.0,24.0
4273,2,2.0,15.0,33.0
4273,3,4.0,20.0,27.0
4273,4,1.0,16.0,25.0
4273,5,0.0,12.0,29.0
4273,6,0.0,2.0,22.0
4274,1,7.0,12.0,18.0
4274,2,3.0,16.0,30.0
4274,3,2.0,11.0,30.0
4274,4,2.0,14.0,29.0
4274,5,3.0,9.0,24.0
4274,6,0.0,2.0,19.0
4275,1,1.0,5.0,14.0
4275,2,1.0,10.0,20.0
4275,3,0.0,8.0,20.0
4275,4,1.0,4.0,14.0
4275,5,0.0,1.0,21.0
4275,6,0.0,1.0,13.0
4276,1,17.0,25.0,31.0
4276,2,3.0,12.0,23.0
4276,3,9.0,13.0,27.0
4276,4,7.0,15.0,26.0
4276,5,3.0,13.0,22.0
4276,6,1.0,10.0,28.0
4277,1,12.0,17.0,19.0
4277,2,0.0,12.0,27.0
4277,3,7.0,12.0,26.0
4277,4,3.0,12.0,25.0
4277,5,2.0,6.0,21.0
4277,6,2.0,4.0,21.0
4278,1,38.0,44.0,46.0
4278,2,12.0,29.0,35.0
4278,3,5.0,21.0,31.0
4278,4,5.0,20.0,30.0
4278,5,1.0,10.0,27.0
4278,6,2.0,11.0,32.0
4281,1,14.0,20.0,22.0
4281,2,3.0,17.0,30.0
4281,3,2.0,12.0,25.0
4281,4,2.0,12.0,24.0
4281,5,0.0,9.0,25.0
4281,6,0.0,2.0,19.0
4283,1,2.0,10.0,19.0
4283,2,1.0,13.0,21.0
4283,3,0.0,10.0,24.0
4283,4,1.0,8.0,23.0
4283,5,0.0,3.0,21.0
4283,6,0.0,4.0,13.0
4286,1,19.0,37.0,42.0
4286,2,4.0,25.0,33.0
4286,3,4.0,26.0,40.0
4286,4,6.0,15.0,34.0
4286,5,1.0,11.0,29.0
4286,6,0.0,4.0,27.0
4287,1,25.0,35.0,37.0
4287,2,5.0,14.0,21.0
4287,3,3.0,19.0,30.0
4287,4,2.0,14.0,24.0
4287,5,0.0,8.0,24.0
4287,6,0.0,17.0,32.0
4288,1,35.0,45.0,49.0
4288,2,9.0,22.0,30.0
4288,3,4.0,19.0,29.0
4288,4,10.0,25.0,28.0
4288,5,6.0,17.0,27.0
4288,6,4.0,15.0,24.0
4289,1,22.0,31.0,33.0
4289,2,8.0,20.0,31.0
4289,3,2.0,18.0,28.0
4289,4,5.0,15.0,27.0
4289,5,1.0,10.0,26.0
4289,6,0.0,1.0,21.0
4290,1,23.0,38.0,41.0
4290,2,5.0,21.0,27.0
4290,3,5.0,16.0,28.0
4290,4,3.0,20.0,32.0
4290,5,3.0,16.0,28.0
4290,6,2.0,11.0,27.0
4292,1,24.0,35.0,41.0
4292,2,6.0,21.0,31.0
4292,3,8.0,19.0,27.0
4292,4,5.0,24.0,30.0
4292,5,5.0,16.0,25.0
4292,6,2.0,10.0,24.0
4293,1,13.0,23.0,28.0
4293,2,5.0,18.0,29.0
4293,3,1.0,12.0,27.0
4293,4,1.0,7.0,22.0
4293,5,1.0,11.0,29.0
4293,6,0.0,6.0,23.0
4294,1,25.0,31.0,38.0
4294,2,5.0,18.0,28.0
4294,3,8.0,19.0,32.0
4294,4,8.0,17.0,25.0
4294,5,2.0,11.0,19.0
4294,6,6.0,12.0,26.0
4295,1,40.0,49.0,50.0
4295,2,9.0,31.0,36.0
4295,3,8.0,20.0,27.0
4295,4,5.0,21.0,28.0
4295,5,2.0,17.0,28.0
4295,6,1.0,14.0,30.0
4296,1,20.0,26.0,27.0
4296,2,1.0,12.0,18.0
4296,3,7.0,18.0,22.0
4296,4,1.0,10.0,17.0
4296,5,0.0,7.0,16.0
4296,6,1.0,9.0,17.0
4297,1,27.0,35.0,39.0
4297,2,3.0,17.0,30.0
4297,3,9.0,20.0,35.0
4297,4,7.0,20.0,32.0
4297,5,2.0,14.0,28.0
4297,6,1.0,8.0,27.0
4298,1,18.0,31.0,40.0
4298,2,4.0,24.0,36.0
4298,3,2.0,18.0,30.0
4298,4,2.0,16.0,31.0
4298,5,0.0,8.0,25.0
4298,6,0.0,7.0,26.0
4299,1,3.0,10.0,15.0
4299,2,1.0,13.0,25.0
4299,3,3.0,14.0,24.0
4299,4,1.0,10.0,23.0
4299,5,1.0,12.0,27.0
4299,6,0.0,2.0,16.0
4300,1,13.0,23.0,29.0
4300,2,4.0,17.0,27.0
4300,3,1.0,21.0,29.0
4300,4,1.0,14.0,25.0
4300,5,0.0,8.0,23.0
4300,6,0.0,8.0,24.0
4301,1,8.0,15.0,17.0
4301,2,1.0,7.0,22.0
4301,3,0.0,9.0,22.0
4301,4,1.0,5.0,17.0
4301,5,0.0,8.0,21.0
4301,6,0.0,4.0,17.0
4302,1,31.0,37.0,40.0
4302,2,7.0,19.0,34.0
4302,3,1.0,17.0,31.0
4302,4,7.0,21.0,27.0
4302,5,3.0,12.0,27.0
4302,6,0.0,7.0,24.0
4303,1,7.0,16.0,18.0
4303,2,2.0,18.0,23.0
4303,3,2.0,7.0,24.0
4303,4,2.0,15.0,21.0
4303,5,1.0,5.0,21.0
4303,6,0.0,2.0,19.0
4305,1,27.0,35.0,37.0
4305,2,8.0,19.0,23.0
4305,3,7.0,16.0,26.0
4305,4,6.0,14.0,27.0
4305,5,3.0,14.0,21.0
4305,6,2.0,14.0,31.0
4306,1,6.0,20.0,28.0
4306,2,5.0,14.0,23.0
4306,3,1.0,9.0,23.0
4306,4,1.0,12.0,24.0
4306,5,1.0,10.0,27.0
4306,6,0.0,1.0,22.0
4308,1,39.0,47.0,51.0
4308,2,7.0,21.0,31.0
4308,3,3.0,22.0,36.0
4308,4,5.0,23.0,30.0
4308,5,2.0,18.0,29.0
4308,6,1.0,14.0,29.0
4311,1,30.0,37.0,38.0
4311,2,5.0,18.0,28.0
4311,3,6.0,20.0,28.0
4311,4,2.0,14.0,30.0
4311,5,2.0,9.0,21.0
4311,6,2.0,14.0,29.0
4313,1,18.0,26.0,27.0
4313,2,5.0,22.0,32.0
4313,3,6.0,15.0,28.0
4313,4,1.0,7.0,22.0
4313,5,0.0,7.0,24.0
4313,6,0.0,5.0,29.0
4314,1,26.0,32.0,36.0
4314,2,2.0,21.0,27.0
4314,3,3.0,18.0,28.0
4314,4,1.0,12.0,22.0
4314,5,0.0,6.0,25.0
4314,6,2.0,5.0,28.0
4315,1,8.0,15.0,21.0
4315,2,4.0,11.0,25.0
4315,3,6.0,19.0,33.0
4315,4,2.0,9.0,26.0
4315,5,1.0,10.0,27.0
4315,6,0.0,1.0,20.0
4317,1,14.0,17.0,24.0
4317,2,3.0,15.0,28.0
4317,3,5.0,12.0,26.0
4317,4,1.0,6.0,23.0
4317,5,2.0,7.0,28.0
4317,6,0.0,2.0,21.0
4318,1,14.0,23.0,27.0
4318,2,3.0,15.0,24.0
4318,3,1.0,10.0,19.0
4318,4,1.0,19.0,26.0
4318,5,1.0,12.0,22.0
4318,6,0.0,7.0,20.0
4319,1,20.0,28.0,34.0
4319,2,3.0,23.0,36.0
4319,3,1.0,16.0,30.0
4319,4,4.0,18.0,32.0
4319,5,1.0,17.0,34.0
4319,6,0.0,3.0,26.0
4320,1,32.0,35.0,38.0
4320,2,5.0,15.0,23.0
4320,3,2.0,14.0,20.0
4320,4,3.0,14.0,20.0
4320,5,2.0,8.0,15.0
4320,6,0.0,11.0,21.0
4323,1,15.0,21.0,24.0
4323,2,5.0,17.0,28.0
4323,3,4.0,15.0,29.0
4323,4,4.0,19.0,26.0
4323,5,3.0,12.0,26.0
4323,6,0.0,8.0,23.0
4324,1,33.0,43.0,44.0
4324,2,8.0,21.0,33.0
4324,3,7.0,24.0,32.0
4324,4,3.0,17.0,31.0
4324,5,6.0,17.0,35.0
4324,6,2.0,9.0,30.0
4325,1,5.0,13.0,18.0
4325,2,1.0,11.0,22.0
4325,3,1.0,13.0,25.0
4325,4,0.0,8.0,19.0
4325,5,0.0,8.0,22.0
4325,6,0.0,4.0,17.0
4327,1,7.0,17.0,21.0
4327,2,1.0,9.0,24.0
4327,3,2.0,15.0,31.0
4327,4,2.0,11.0,27.0
4327,5,0.0,7.0,24.0
4327,6,0.0,3.0,21.0
4329,1,8.0,18.0,19.0
4329,2,1.0,20.0,29.0
4329,3,0.0,8.0,23.0
4329,4,3.0,14.0,28.0
4329,5,0.0,6.0,25.0
4329,6,0.0,3.0,19.0
4330,1,27.0,35.0,38.0
4330,2,3.0,20.0,32.0
4330,3,7.0,21.0,30.0
4330,4,5.0,17.0,33.0
4330,5,0.0,15.0,28.0
4330,6,0.0,5.0,30.0
4331,1,26.0,32.0,37.0
4331,2,5.0,25.0,32.0
4331,3,2.0,20.0,31.0
4331,4,2.0,10.0,24.0
4331,5,2.0,11.0,31.0
4331,6,0.0,5.0,23.0
4332,1,5.0,14.0,18.0
4332,2,1.0,10.0,20.0
4332,3,4.0,10.0,25.0
4332,4,1.0,9.0,24.0
4332,5,0.0,4.0,20.0
4332,6,0.0,3.0,18.0
4335,1,29.0,38.0,42.0
4335,2,6.0,18.0,26.0
4335,3,6.0,30.0,33.0
4335,4,3.0,14.0,25.0
4335,5,3.0,12.0,20.0
4335,6,0.0,10.0,26.0
4336,1,14.0,17.0,19.0
4336,2,1.0,18.0,25.0
4336,3,1.0,20.0,33.0
4336,4,1.0,9.0,27.0
4336,5,1.0,5.0,20.0
4336,6,0.0,5.0,24.0
4337,1,32.0,44.0,45.0
4337,2,5.0,20.0,29.0
4337,3,2.0,24.0,35.0
4337,4,5.0,20.0,33.0
4337,5,5.0,21.0,37.0
4337,6,1.0,9.0,26.0
4339,1,7.0,15.0,24.0
4339,2,2.0,7.0,25.0
4339,3,2.0,8.0,25.0
4339,4,0.0,13.0,24.0
4339,5,0.0,3.0,29.0
4339,6,0.0,4.0,21.0
4340,1,1.0,3.0,4.0
4340,2,0.0,1.0,4.0
4340,3,0.0,5.0,12.0
4340,4,1.0,5.0,13.0
4340,5,0.0,3.0,10.0
4340,6,0.0,1.0,9.0
4342,1,23.0,29.0,31.0
4342,2,7.0,17.0,31.0
4342,3,6.0,17.0,27.0
4342,4,8.0,20.0,31.0
4342,5,0.0,12.0,22.0
4342,6,3.0,9.0,26.0
4343,1,7.0,14.0,21.0
4343,2,4.0,16.0,25.0
4343,3,1.0,13.0,35.0
4343,4,1.0,7.0,22.0
4343,5,0.0,6.0,23.0
4343,6,1.0,4.0,20.0
4344,1,23.0,31.0,35.0
4344,2,7.0,21.0,29.0
4344,3,4.0,22.0,32.0
4344,4,5.0,23.0,32.0
4344,5,2.0,14.0,21.0
4344,6,0.0,9.0,24.0
4345,1,18.0,28.0,35.0
4345,2,4.0,19.0,27.0
4345,3,4.0,14.0,29.0
4345,4,3.0,11.0,26.0
4345,5,1.0,10.0,24.0
4345,6,0.0,8.0,29.0
4346,1,12.0,17.0,24.0
4346,2,5.0,14.0,29.0
4346,3,5.0,9.0,29.0
4346,4,4.0,14.0,29.0
4346,5,3.0,9.0,28.0
4346,6,0.0,4.0,26.0
4347,1,20.0,30.0,33.0
4347,2,3.0,20.0,27.0
4347,3,6.0,18.0,23.0
4347,4,1.0,7.0,22.0
4347,5,3.0,9.0,22.0
4347,6,0.0,11.0,25.0
4348,1,16.0,29.0,33.0
4348,2,5.0,27.0,34.0
4348,3,2.0,21.0,30.0
4348,4,0.0,13.0,28.0
4348,5,0.0,12.0,27.0
4348,6,1.0,8.0,27.0
4349,1,5.0,11.0,15.0
4349,2,1.0,11.0,25.0
4349,3,2.0,12.0,24.0
4349,4,2.0,9.0,22.0
4349,5,0.0,6.0,26.0
4349,6,1.0,2.0,15.0
4350,1,46.0,52.0,53.0
4350,2,10.0,25.0,30.0
4350,3,7.0,19.0,24.0
4350,4,5.0,15.0,25.0
4350,5,2.0,13.0,29.0
4350,6,1.0,11.0,29.0
4351,1,37.0,47.0,53.0
4351,2,5.0,19.0,27.0
4351,3,10.0,24.0,27.0
4351,4,7.0,13.0,23.0
4351,5,3.0,17.0,26.0
4351,6,2.0,14.0,36.0
4352,1,24.0,32.0,34.0
4352,2,3.0,15.0,19.0
4352,3,3.0,19.0,25.0
4352,4,2.0,14.0,23.0
4352,5,2.0,9.0,15.0
4352,6,0.0,6.0,20.0
4355,1,1.0,4.0,7.0
4355,2,0.0,1.0,10.0
4355,3,1.0,4.0,12.0
4355,4,0.0,3.0,11.0
4355,5,2.0,4.0,11.0
4355,6,0.0,0.0,13.0
4356,1,19.0,24.0,28.0
4356,2,3.0,16.0,23.0
4356,3,3.0,12.0,23.0
4356,4,1.0,14.0,30.0
4356,5,0.0,12.0,23.0
4356,6,0.0,3.0,20.0
4357,1,30.0,43.0,46.0
4357,2,6.0,20.0,33.0
4357,3,6.0,17.0,25.0
4357,4,4.0,18.0,27.0
4357,5,3.0,16.0,29.0
4357,6,1.0,8.0,29.0
4358,1,4.0,15.0,21.0
4358,2,1.0,9.0,25.0
4358,3,1.0,12.0,25.0
4358,4,1.0,7.0,26.0
4358,5,2.0,5.0,23.0
4358,6,0.0,4.0,23.0
4359,1,12.0,24.0,29.0
4359,2,4.0,12.0,24.0
4359,3,3.0,14.0,31.0
4359,4,3.0,13.0,20.0
4359,5,1.0,11.0,23.0
4359,6,0.0,7.0,26.0
4360,1,16.0,24.0,28.0
4360,2,4.0,10.0,21.0
4360,3,2.0,21.0,33.0
4360,4,6.0,15.0,29.0
4360,5,1.0,11.0,31.0
4360,6,2.0,14.0,26.0
4361,1,36.0,42.0,46.0
4361,2,12.0,19.0,26.0
4361,3,3.0,15.0,24.0
4361,4,3.0,19.0,25.0
4361,5,4.0,11.0,24.0
4361,6,2.0,11.0,32.0
4362,1,20.0,33.0,38.0
4362,2,6.0,19.0,30.0
4362,3,2.0,14.0,25.0
4362,4,3.0,14.0,26.0
4362,5,0.0,11.0,24.0
4362,6,0.0,8.0,23.0
4363,1,22.0,31.0,34.0
4363,2,6.0,23.0,33.0
4363,3,2.0,20.0,31.0
4363,4,2.0,13.0,34.0
4363,5,0.0,9.0,27.0
4363,6,0.0,14.0,28.0
4364,1,21.0,29.0,32.0
4364,2,5.0,21.0,31.0
4364,3,4.0,12.0,26.0
4364,4,7.0,14.0,28.0
4364,5,2.0,5.0,24.0
4364,6,1.0,6.0,23.0
4365,1,16.0,23.0,29.0
4365,2,3.0,19.0,26.0
4365,3,7.0,20.0,28.0
4365,4,7.0,18.0,29.0
4365,5,3.0,10.0,26.0
4365,6,0.0,5.0,23.0
4366,1,29.0,38.0,40.0
4366,2,5.0,29.0,35.0
4366,3,5.0,21.0,32.0
4366,4,4.0,17.0,29.0
4366,5,4.0,20.0,30.0
4366,6,0.0,6.0,25.0
4367,1,6.0,10.0,17.0
4367,2,0.0,10.0,26.0
4367,3,0.0,10.0,22.0
4367,4,0.0,10.0,25.0
4367,5,0.0,5.0,22.0
4367,6,0.0,5.0,17.0
4368,1,7.0,14.0,17.0
4368,2,1.0,9.0,24.0
4368,3,4.0,8.0,26.0
4368,4,3.0,4.0,21.0
4368,5,0.0,7.0,22.0
4368,6,0.0,2.0,17.0
4369,1,19.0,30.0,35.0
4369,2,6.0,14.0,26.0
4369,3,5.0,26.0,35.0
4369,4,2.0,20.0,38.0
4369,5,5.0,14.0,25.0
4369,6,0.0,5.0,33.0
4370,1,22.0,28.0,34.0
4370,2,6.0,14.0,24.0
4370,3,5.0,15.0,24.0
4370,4,3.0,11.0,21.0
4370,5,2.0,11.0,22.0
4370,6,0.0,3.0,22.0
4371,1,25.0,31.0,33.0
4371,2,3.0,15.0,25.0
4371,3,3.0,19.0,29.0
4371,4,3.0,10.0,26.0
4371,5,1.0,11.0,22.0
4371,6,0.0,7.0,24.0
4372,1,22.0,26.0,29.0
4372,2,8.0,16.0,22.0
4372,3,5.0,15.0,25.0
4372,4,4.0,19.0,26.0
4372,5,1.0,6.0,25.0
4372,6,0.0,4.0,15.0
4373,1,28.0,40.0,44.0
4373,2,4.0,20.0,26.0
4373,3,5.0,19.0,29.0
4373,4,3.0,16.0,33.0
4373,5,0.0,10.0,21.0
4373,6,0.0,7.0,32.0
4374,1,8.0,14.0,19.0
4374,2,5.0,12.0,25.0
4374,3,2.0,10.0,25.0
4374,4,4.0,11.0,28.0
4374,5,0.0,1.0,25.0
4374,6,0.0,2.0,24.0
4375,1,23.0,33.0,36.0
4375,2,9.0,17.0,28.0
4375,3,4.0,21.0,33.0
4375,4,4.0,12.0,25.0
4375,5,1.0,11.0,27.0
4375,6,0.0,11.0,31.0
4376,1,27.0,34.0,39.0
4376,2,3.0,24.0,39.0
4376,3,6.0,16.0,25.0
4376,4,4.0,18.0,32.0
4376,5,3.0,8.0,29.0
4376,6,0.0,8.0,39.0
4377,1,25.0,31.0,37.0
4377,2,5.0,23.0,35.0
4377,3,5.0,24.0,34.0
4377,4,3.0,14.0,26.0
4377,5,1.0,14.0,32.0
4377,6,1.0,10.0,29.0
4379,1,22.0,31.0,36.0
4379,2,2.0,20.0,30.0
4379,3,3.0,23.0,35.0
4379,4,2.0,18.0,31.0
4379,5,2.0,13.0,32.0
4379,6,0.0,7.0,25.0
4380,1,12.0,18.0,22.0
4380,2,1.0,11.0,29.0
4380,3,2.0,15.0,30.0
4380,4,4.0,13.0,30.0
4380,5,1.0,7.0,27.0
4380,6,1.0,2.0,20.0
4381,1,16.0,25.0,31.0
4381,2,2.0,16.0,26.0
4381,3,5.0,17.0,25.0
4381,4,4.0,12.0,22.0
4381,5,2.0,11.0,31.0
4381,6,1.0,6.0,21.0
4382,1,6.0,12.0,20.0
4382,2,2.0,14.0,24.0
4382,3,2.0,12.0,24.0
4382,4,0.0,14.0,29.0
4382,5,2.0,7.0,26.0
4382,6,0.0,2.0,20.0
4383,1,13.0,30.0,36.0
4383,2,4.0,14.0,28.0
4383,3,3.0,16.0,27.0
4383,4,5.0,16.0,28.0
4383,5,1.0,10.0,28.0
4383,6,1.0,3.0,25.0
4384,1,21.0,37.0,38.0
4384,2,1.0,15.0,27.0
4384,3,5.0,16.0,25.0
4384,4,0.0,14.0,28.0
4384,5,0.0,12.0,26.0
4384,6,0.0,2.0,27.0
4385,1,0.0,5.0,12.0
4385,2,1.0,4.0,16.0
4385,3,0.0,6.0,16.0
4385,4,2.0,4.0,13.0
4385,5,0.0,1.0,15.0
4385,6,0.0,2.0,11.0
4387,1,28.0,42.0,47.0
4387,2,10.0,19.0,27.0
4387,3,9.0,24.0,33.0
4387,4,4.0,24.0,36.0
4387,5,2.0,16.0,29.0
4387,6,0.0,9.0,22.0
4388,1,21.0,29.0,35.0
4388,2,7.0,22.0,33.0
4388,3,9.0,21.0,36.0
4388,4,3.0,17.0,29.0
4388,5,3.0,17.0,32.0
4388,6,0.0,4.0,31.0
4389,1,12.0,22.0,25.0
4389,2,3.0,21.0,31.0
4389,3,5.0,15.0,23.0
4389,4,3.0,15.0,26.0
4389,5,1.0,16.0,30.0
4389,6,0.0,4.0,23.0
4390,1,7.0,13.0,23.0
4390,2,1.0,13.0,31.0
4390,3,4.0,17.0,33.0
4390,4,0.0,10.0,29.0
4390,5,2.0,10.0,29.0
4390,6,0.0,3.0,23.0
4391,1,35.0,40.0,43.0
4391,2,8.0,21.0,29.0
4391,3,6.0,18.0,29.0
4391,4,4.0,16.0,31.0
4391,5,2.0,15.0,32.0
4391,6,1.0,6.0,28.0
4393,1,9.0,13.0,18.0
4393,2,4.0,12.0,23.0
4393,3,2.0,8.0,24.0
4393,4,1.0,6.0,23.0
4393,5,0.0,5.0,19.0
4393,6,0.0,2.0,22.0
4394,1,19.0,30.0,36.0
4394,2,2.0,16.0,26.0
4394,3,3.0,20.0,31.0
4394,4,2.0,19.0,30.0
4394,5,4.0,13.0,28.0
4394,6,1.0,8.0,26.0
4395,1,11.0,17.0,23.0
4395,2,3.0,20.0,27.0
4395,3,3.0,17.0,29.0
4395,4,2.0,8.0,24.0
4395,5,0.0,8.0,26.0
4395,6,0.0,2.0,22.0
4396,1,9.0,21.0,29.0
4396,2,1.0,17.0,31.0
4396,3,3.0,11.0,32.0
4396,4,3.0,14.0,28.0
4396,5,1.0,5.0,27.0
4396,6,0.0,5.0,25.0
4397,1,41.0,45.0,46.0
4397,2,8.0,24.0,31.0
4397,3,3.0,21.0,29.0
4397,4,4.0,25.0,36.0
4397,5,6.0,19.0,32.0
4397,6,0.0,4.0,29.0
4398,1,34.0,39.0,40.0
4398,2,4.0,15.0,29.0
4398,3,5.0,24.0,37.0
4398,4,5.0,20.0,33.0
4398,5,4.0,17.0,32.0
4398,6,1.0,4.0,29.0
4400,1,3.0,13.0,21.0
4400,2,0.0,7.0,22.0
4400,3,2.0,10.0,27.0
4400,4,0.0,6.0,24.0
4400,5,0.0,3.0,20.0
4400,6,0.0,4.0,20.0
4401,1,20.0,26.0,29.0
4401,2,4.0,16.0,27.0
4401,3,3.0,14.0,23.0
4401,4,7.0,16.0,24.0
4401,5,1.0,12.0,25.0
4401,6,1.0,5.0,21.0
4402,1,26.0,31.0,37.0
4402,2,2.0,17.0,30.0
4402,3,8.0,17.0,27.0
4402,4,5.0,16.0,24.0
4402,5,4.0,13.0,30.0
4402,6,1.0,6.0,24.0
4403,1,23.0,29.0,31.0
4403,2,12.0,28.0,34.0
4403,3,5.0,21.0,33.0
4403,4,5.0,19.0,35.0
4403,5,2.0,16.0,29.0
4403,6,0.0,9.0,25.0
4404,1,1.0,6.0,14.0
4404,2,0.0,10.0,22.0
4404,3,3.0,10.0,27.0
4404,4,3.0,9.0,21.0
4404,5,0.0,5.0,18.0
4404,6,1.0,1.0,19.0
4405,1,5.0,17.0,21.0
4405,2,0.0,7.0,26.0
4405,3,2.0,13.0,33.0
4405,4,3.0,12.0,24.0
4405,5,0.0,7.0,26.0
4405,6,0.0,2.0,19.0
4406,1,14.0,17.0,22.0
4406,2,5.0,14.0,26.0
4406,3,5.0,14.0,35.0
4406,4,2.0,9.0,32.0
4406,5,0.0,10.0,29.0
4406,6,0.0,3.0,26.0
4407,1,10.0,21.0,26.0
4407,2,5.0,17.0,26.0
4407,3,1.0,13.0,32.0
4407,4,0.0,11.0,28.0
4407,5,0.0,7.0,23.0
4407,6,0.0,3.0,27.0
4408,1,10.0,13.0,15.0
4408,2,0.0,6.0,26.0
4408,3,2.0,9.0,24.0
4408,4,0.0,2.0,24.0
4408,5,0.0,6.0,27.0
4408,6,0.0,2.0,17.0
4409,1,28.0,33.0,35.0
4409,2,4.0,21.0,27.0
4409,3,3.0,14.0,26.0
4409,4,5.0,22.0,29.0
4409,5,3.0,9.0,23.0
4409,6,1.0,7.0,24.0
4410,1,10.0,21.0,24.0
4410,2,2.0,15.0,29.0
4410,3,4.0,14.0,35.0
4410,4,5.0,15.0,29.0
4410,5,1.0,9.0,27.0
4410,6,0.0,5.0,23.0
4411,1,23.0,29.0,37.0
4411,2,5.0,21.0,35.0
4411,3,5.0,20.0,29.0
4411,4,2.0,19.0,31.0
4411,5,3.0,14.0,28.0
4411,6,0.0,3.0,30.0
4413,1,20.0,35.0,40.0
4413,2,4.0,26.0,33.0
4413,3,5.0,21.0,37.0
4413,4,2.0,11.0,33.0
4413,5,1.0,15.0,28.0
4413,6,2.0,15.0,31.0
4414,1,4.0,12.0,16.0
4414,2,2.0,9.0,23.0
4414,3,2.0,13.0,28.0
4414,4,1.0,4.0,21.0
4414,5,1.0,6.0,21.0
4414,6,1.0,1.0,11.0
4415,1,28.0,32.0,35.0
4415,2,5.0,16.0,29.0
4415,3,7.0,21.0,29.0
4415,4,3.0,16.0,27.0
4415,5,5.0,11.0,31.0
4415,6,5.0,11.0,33.0
4416,1,10.0,18.0,25.0
4416,2,5.0,15.0,25.0
4416,3,8.0,20.0,31.0
4416,4,4.0,12.0,26.0
4416,5,0.0,7.0,21.0
4416,6,0.0,1.0,25.0
4417,1,9.0,15.0,19.0
4417,2,2.0,13.0,25.0
4417,3,2.0,13.0,22.0
4417,4,1.0,4.0,16.0
4417,5,2.0,13.0,28.0
4417,6,1.0,5.0,16.0
4418,1,38.0,43.0,45.0
4418,2,4.0,18.0,24.0
4418,3,3.0,17.0,25.0
4418,4,4.0,18.0,26.0
4418,5,2.0,13.0,22.0
4418,6,1.0,12.0,28.0
4419,1,10.0,18.0,22.0
4419,2,4.0,19.0,24.0
4419,3,5.0,20.0,31.0
4419,4,5.0,18.0,27.0
4419,5,0.0,9.0,20.0
4419,6,0.0,3.0,21.0
4420,1,17.0,28.0,35.0
4420,2,2.0,27.0,37.0
4420,3,4.0,21.0,34.0
4420,4,7.0,21.0,37.0
4420,5,1.0,15.0,32.0
4420,6,0.0,5.0,25.0
4421,1,5.0,10.0,17.0
4421,2,1.0,5.0,18.0
4421,3,0.0,7.0,18.0
4421,4,2.0,7.0,18.0
4421,5,1.0,4.0,19.0
4421,6,0.0,1.0,21.0
4422,1,11.0,18.0,19.0
4422,2,3.0,16.0,26.0
4422,3,0.0,8.0,24.0
4422,4,2.0,5.0,26.0
4422,5,1.0,6.0,27.0
4422,6,0.0,2.0,19.0
4423,1,15.0,20.0,23.0
4423,2,3.0,19.0,28.0
4423,3,2.0,15.0,27.0
4423,4,4.0,21.0,30.0
4423,5,1.0,11.0,27.0
4423,6,0.0,3.0,24.0
4424,1,29.0,36.0,40.0
4424,2,5.0,18.0,32.0
4424,3,6.0,20.0,34.0
4424,4,3.0,13.0,31.0
4424,5,1.0,9.0,31.0
4424,6,0.0,10.0,29.0
4425,1,8.0,13.0,18.0
4425,2,0.0,10.0,23.0
4425,3,1.0,7.0,19.0
4425,4,1.0,11.0,18.0
4425,5,1.0,8.0,19.0
4425,6,0.0,4.0,18.0
4427,1,33.0,41.0,44.0
4427,2,5.0,19.0,30.0
4427,3,9.0,24.0,33.0
4427,4,5.0,15.0,28.0
4427,5,5.0,15.0,31.0
4427,6,2.0,7.0,23.0
4428,1,20.0,27.0,30.0
4428,2,6.0,23.0,29.0
4428,3,2.0,16.0,29.0
4428,4,5.0,14.0,30.0
4428,5,1.0,14.0,26.0
4428,6,1.0,8.0,25.0
4429,1,3.0,9.0,18.0
4429,2,2.0,10.0,29.0
4429,3,1.0,6.0,24.0
4429,4,1.0,7.0,25.0
4429,5,0.0,2.0,23.0
4429,6,0.0,1.0,21.0
4430,1,20.0,34.0,41.0
4430,2,3.0,26.0,34.0
4430,3,8.0,17.0,28.0
4430,4,3.0,15.0,31.0
4430,5,3.0,10.0,25.0
4430,6,0.0,10.0,27.0
4431,1,9.0,13.0,16.0
4431,2,4.0,14.0,22.0
4431,3,5.0,13.0,23.0
4431,4,5.0,12.0,22.0
4431,5,1.0,4.0,21.0
4431,6,0.0,1.0,20.0
4432,1,13.0,21.0,26.0
4432,2,0.0,13.0,25.0
4432,3,2.0,21.0,29.0
4432,4,3.0,13.0,23.0
4432,5,1.0,16.0,30.0
4432,6,0.0,1.0,19.0
4433,1,40.0,43.0,48.0
4433,2,11.0,25.0,35.0
4433,3,6.0,26.0,31.0
4433,4,4.0,21.0,29.0
4433,5,2.0,19.0,30.0
4433,6,1.0,13.0,31.0
4434,1,25.0,36.0,38.0
4434,2,5.0,15.0,28.0
4434,3,5.0,14.0,25.0
4434,4,4.0,13.0,26.0
4434,5,1.0,9.0,21.0
4434,6,0.0,7.0,24.0
4435,1,16.0,22.0,26.0
4435,2,3.0,13.0,24.0
4435,3,5.0,16.0,28.0
4435,4,2.0,13.0,27.0
4435,5,3.0,10.0,23.0
4435,6,1.0,5.0,26.0
4436,1,24.0,32.0,34.0
4436,2,7.0,22.0,31.0
4436,3,6.0,19.0,26.0
4436,4,4.0,17.0,26.0
4436,5,0.0,15.0,25.0
4436,6,1.0,7.0,29.0
4437,1,30.0,36.0,39.0
4437,2,3.0,17.0,32.0
4437,3,5.0,14.0,29.0
4437,4,4.0,19.0,29.0
4437,5,1.0,12.0,25.0
4437,6,1.0,12.0,30.0
4438,1,14.0,24.0,34.0
4438,2,7.0,13.0,25.0
4438,3,7.0,15.0,41.0
4438,4,12.0,21.0,37.0
4438,5,1.0,10.0,30.0
4438,6,0.0,2.0,19.0
4439,1,8.0,15.0,18.0
4439,2,0.0,8.0,22.0
4439,3,2.0,14.0,25.0
4439,4,0.0,6.0,20.0
4439,5,3.0,10.0,23.0
4439,6,0.0,0.0,21.0
4440,1,6.0,12.0,21.0
4440,2,2.0,13.0,25.0
4440,3,6.0,13.0,27.0
4440,4,1.0,7.0,23.0
4440,5,1.0,13.0,29.0
4440,6,0.0,4.0,19.0
4441,1,24.0,35.0,41.0
4441,2,9.0,17.0,33.0
4441,3,7.0,21.0,33.0
4441,4,1.0,19.0,30.0
4441,5,4.0,12.0,28.0
4441,6,1.0,8.0,34.0
4442,1,17.0,19.0,20.0
4442,2,11.0,23.0,31.0
4442,3,5.0,12.0,28.0
4442,4,3.0,14.0,28.0
4442,5,7.0,13.0,27.0
4442,6,1.0,6.0,21.0
4443,1,12.0,28.0,32.0
4443,2,4.0,24.0,36.0
4443,3,4.0,16.0,33.0
4443,4,4.0,17.0,29.0
4443,5,2.0,10.0,35.0
4443,6,0.0,8.0,23.0
4444,1,22.0,28.0,32.0
4444,2,2.0,16.0,19.0
4444,3,7.0,15.0,27.0
4444,4,4.0,18.0,27.0
4444,5,1.0,12.0,22.0
4444,6,0.0,10.0,27.0
4445,1,26.0,30.0,33.0
4445,2,2.0,17.0,27.0
4445,3,0.0,15.0,22.0
4445,4,6.0,13.0,24.0
4445,5,3.0,10.0,27.0
4445,6,1.0,6.0,30.0
4446,1,32.0,36.0,38.0
4446,2,6.0,20.0,29.0
4446,3,5.0,21.0,27.0
4446,4,3.0,19.0,31.0
4446,5,1.0,16.0,30.0
4446,6,0.0,7.0,27.0
4447,1,15.0,26.0,33.0
4447,2,5.0,20.0,29.0
4447,3,4.0,14.0,22.0
4447,4,3.0,16.0,27.0
4447,5,4.0,17.0,32.0
4447,6,0.0,5.0,29.0
4448,1,32.0,37.0,41.0
4448,2,7.0,23.0,30.0
4448,3,8.0,23.0,28.0
4448,4,5.0,21.0,36.0
4448,5,1.0,15.0,29.0
4448,6,2.0,14.0,25.0
4449,1,7.0,10.0,18.0
4449,2,2.0,7.0,20.0
4449,3,0.0,4.0,23.0
4449,4,3.0,8.0,27.0
4449,5,1.0,9.0,18.0
4449,6,1.0,5.0,18.0
4450,1,18.0,23.0,30.0
4450,2,7.0,20.0,23.0
4450,3,3.0,21.0,30.0
4450,4,5.0,18.0,25.0
4450,5,3.0,10.0,25.0
4450,6,0.0,14.0,27.0
4451,1,26.0,37.0,41.0
4451,2,6.0,29.0,35.0
4451,3,4.0,17.0,27.0
4451,4,2.0,13.0,24.0
4451,5,1.0,10.0,24.0
4451,6,1.0,6.0,22.0
4452,1,18.0,31.0,36.0
4452,2,5.0,16.0,34.0
4452,3,5.0,17.0,30.0
4452,4,1.0,15.0,30.0
4452,5,0.0,10.0,32.0
4452,6,0.0,5.0,29.0
4456,1,24.0,27.0,30.0
4456,2,4.0,13.0,21.0
4456,3,6.0,15.0,21.0
4456,4,2.0,9.0,21.0
4456,5,0.0,4.0,19.0
4456,6,0.0,7.0,25.0
4457,1,6.0,10.0,17.0
4457,2,2.0,11.0,24.0
4457,3,3.0,13.0,22.0
4457,4,3.0,7.0,20.0
4457,5,2.0,9.0,21.0
4457,6,0.0,4.0,19.0
4458,1,9.0,14.0,20.0
4458,2,3.0,16.0,29.0
4458,3,2.0,21.0,28.0
4458,4,1.0,13.0,28.0
4458,5,1.0,11.0,25.0
4458,6,1.0,8.0,24.0
4459,1,23.0,28.0,31.0
4459,2,6.0,12.0,27.0
4459,3,4.0,9.0,19.0
4459,4,1.0,13.0,20.0
4459,5,0.0,7.0,26.0
4459,6,0.0,8.0,25.0
4460,1,12.0,26.0,28.0
4460,2,4.0,26.0,33.0
4460,3,6.0,19.0,27.0
4460,4,5.0,14.0,24.0
4460,5,1.0,9.0,25.0
4460,6,0.0,7.0,29.0
4461,1,5.0,14.0,24.0
4461,2,1.0,16.0,26.0
4461,3,2.0,12.0,29.0
4461,4,4.0,11.0,27.0
4461,5,0.0,8.0,26.0
4461,6,0.0,3.0,21.0
4462,1,12.0,16.0,19.0
4462,2,3.0,17.0,25.0
4462,3,3.0,14.0,17.0
4462,4,1.0,9.0,22.0
4462,5,0.0,4.0,22.0
4462,6,0.0,2.0,17.0
4463,1,15.0,26.0,28.0
4463,2,7.0,21.0,26.0
4463,3,3.0,20.0,25.0
4463,4,4.0,16.0,29.0
4463,5,0.0,13.0,26.0
4463,6,0.0,7.0,24.0
4464,1,16.0,25.0,29.0
4464,2,5.0,18.0,24.0
4464,3,5.0,17.0,28.0
4464,4,3.0,21.0,30.0
4464,5,1.0,14.0,28.0
4464,6,0.0,4.0,22.0
4465,1,9.0,11.0,17.0
4465,2,2.0,11.0,22.0
4465,3,1.0,7.0,20.0
4465,4,2.0,9.0,24.0
4465,5,1.0,7.0,20.0
4465,6,0.0,5.0,15.0
4466,1,18.0,28.0,30.0
4466,2,5.0,22.0,30.0
4466,3,2.0,15.0,25.0
4466,4,2.0,12.0,23.0
4466,5,0.0,9.0,28.0
4466,6,0.0,5.0,25.0
4467,1,27.0,39.0,41.0
4467,2,4.0,23.0,31.0
4467,3,3.0,15.0,29.0
4467,4,6.0,23.0,34.0
4467,5,0.0,12.0,27.0
4467,6,1.0,9.0,26.0
4468,1,29.0,30.0,32.0
4468,2,4.0,22.0,29.0
4468,3,6.0,19.0,27.0
4468,4,3.0,12.0,22.0
4468,5,4.0,16.0,30.0
4468,6,2.0,8.0,29.0
4469,1,24.0,28.0,31.0
4469,2,4.0,21.0,27.0
4469,3,7.0,17.0,26.0
4469,4,0.0,7.0,24.0
4469,5,2.0,12.0,27.0
4469,6,0.0,8.0,26.0
4470,1,21.0,31.0,36.0
4470,2,9.0,23.0,26.0
4470,3,3.0,15.0,28.0
4470,4,2.0,13.0,23.0
4470,5,1.0,10.0,21.0
4470,6,0.0,9.0,26.0
4471,1,41.0,45.0,46.0
4471,2,10.0,26.0,37.0
4471,3,4.0,16.0,28.0
4471,4,4.0,21.0,34.0
4471,5,0.0,13.0,31.0
4471,6,1.0,10.0,27.0
4472,1,22.0,29.0,32.0
4472,2,8.0,22.0,32.0
4472,3,4.0,23.0,35.0
4472,4,5.0,21.0,33.0
4472,5,3.0,8.0,29.0
4472,6,2.0,10.0,25.0
4473,1,14.0,22.0,24.0
4473,2,1.0,9.0,19.0
4473,3,2.0,13.0,20.0
4473,4,2.0,16.0,27.0
4473,5,2.0,8.0,22.0
4473,6,0.0,7.0,23.0
4474,1,14.0,18.0,23.0
4474,2,0.0,11.0,25.0
4474,3,6.0,18.0,25.0
4474,4,3.0,16.0,31.0
4474,5,0.0,12.0,25.0
4474,6,0.0,4.0,23.0
4475,1,24.0,38.0,41.0
4475,2,3.0,20.0,33.0
4475,3,4.0,22.0,39.0
4475,4,4.0,17.0,28.0
4475,5,1.0,14.0,27.0
4475,6,0.0,9.0,31.0
4477,1,35.0,41.0,41.0
4477,2,5.0,25.0,31.0
4477,3,1.0,16.0,27.0
4477,4,2.0,18.0,27.0
4477,5,0.0,5.0,23.0
4477,6,0.0,9.0,27.0
4478,1,21.0,28.0,33.0
4478,2,6.0,20.0,25.0
4478,3,3.0,14.0,23.0
4478,4,5.0,17.0,26.0
4478,5,1.0,8.0,22.0
4478,6,0.0,7.0,22.0
4479,1,5.0,12.0,12.0
4479,2,1.0,9.0,23.0
4479,3,2.0,6.0,21.0
4479,4,2.0,6.0,24.0
4479,5,0.0,3.0,19.0
4479,6,0.0,0.0,12.0
4482,1,25.0,32.0,36.0
4482,2,5.0,20.0,26.0
4482,3,3.0,13.0,30.0
4482,4,7.0,14.0,23.0
4482,5,4.0,14.0,27.0
4482,6,2.0,10.0,20.0
4483,1,28.0,35.0,37.0
4483,2,7.0,26.0,36.0
4483,3,7.0,23.0,29.0
4483,4,4.0,14.0,26.0
4483,5,2.0,13.0,31.0
4483,6,3.0,11.0,29.0
4484,1,10.0,16.0,23.0
4484,2,1.0,12.0,22.0
4484,3,4.0,13.0,22.0
4484,4,0.0,8.0,24.0
4484,5,1.0,11.0,21.0
4484,6,1.0,6.0,20.0
4485,1,11.0,22.0,27.0
4485,2,3.0,16.0,24.0
4485,3,2.0,16.0,29.0
4485,4,2.0,15.0,28.0
4485,5,0.0,10.0,26.0
4485,6,1.0,6.0,24.0
4486,1,14.0,20.0,26.0
4486,2,8.0,26.0,35.0
4486,3,3.0,12.0,24.0
4486,4,2.0,15.0,35.0
4486,5,2.0,16.0,27.0
4486,6,1.0,9.0,28.0
4487,1,11.0,15.0,20.0
4487,2,2.0,11.0,24.0
4487,3,2.0,13.0,31.0
4487,4,2.0,9.0,23.0
4487,5,1.0,5.0,22.0
4487,6,0.0,8.0,23.0
4488,1,27.0,38.0,40.0
4488,2,6.0,25.0,31.0
4488,3,4.0,13.0,19.0
4488,4,6.0,18.0,24.0
4488,5,4.0,15.0,24.0
4488,6,1.0,6.0,27.0
4489,1,14.0,20.0,27.0
4489,2,2.0,14.0,28.0
4489,3,1.0,15.0,26.0
4489,4,3.0,15.0,29.0
4489,5,2.0,14.0,34.0
4489,6,0.0,5.0,25.0
4491,1,4.0,10.0,21.0
4491,2,1.0,14.0,29.0
4491,3,2.0,15.0,26.0
4491,4,0.0,10.0,27.0
4491,5,1.0,7.0,24.0
4491,6,0.0,1.0,21.0
4492,1,2.0,2.0,2.0
4492,2,0.0,0.0,1.0
4492,3,1.0,2.0,2.0
4492,4,0.0,0.0,1.0
4492,5,0.0,0.0,1.0
4492,6,0.0,0.0,2.0
4494,1,20.0,24.0,30.0
4494,2,7.0,17.0,21.0
4494,3,4.0,16.0,26.0
4494,4,2.0,11.0,26.0
4494,5,3.0,12.0,23.0
4494,6,0.0,7.0,27.0
4495,1,11.0,12.0,15.0
4495,2,4.0,16.0,20.0
4495,3,4.0,11.0,15.0
4495,4,0.0,4.0,19.0
4495,5,1.0,8.0,18.0
4495,6,0.0,3.0,15.0
4496,1,27.0,36.0,42.0
4496,2,5.0,25.0,35.0
4496,3,8.0,19.0,28.0
4496,4,8.0,18.0,32.0
4496,5,5.0,12.0,27.0
4496,6,3.0,9.0,25.0
4497,1,37.0,40.0,41.0
4497,2,7.0,19.0,31.0
4497,3,10.0,17.0,25.0
4497,4,7.0,13.0,24.0
4497,5,3.0,14.0,26.0
4497,6,2.0,11.0,19.0
4498,1,6.0,11.0,13.0
4498,2,2.0,8.0,20.0
4498,3,6.0,17.0,25.0
4498,4,2.0,12.0,20.0
4498,5,1.0,7.0,17.0
4498,6,0.0,4.0,17.0
4499,1,4.0,11.0,16.0
4499,2,5.0,15.0,21.0
4499,3,1.0,15.0,23.0
4499,4,2.0,10.0,20.0
4499,5,0.0,5.0,21.0
4499,6,1.0,6.0,17.0
4500,1,29.0,34.0,35.0
4500,2,8.0,24.0,31.0
4500,3,8.0,20.0,29.0
4500,4,4.0,13.0,22.0
4500,5,4.0,14.0,23.0
4500,6,2.0,8.0,25.0
4501,1,17.0,22.0,29.0
4501,2,4.0,20.0,29.0
4501,3,4.0,19.0,33.0
4501,4,0.0,5.0,27.0
4501,5,3.0,8.0,28.0
4501,6,0.0,3.0,24.0
4502,1,32.0,43.0,46.0
4502,2,7.0,18.0,24.0
4502,3,5.0,20.0,23.0
4502,4,8.0,24.0,32.0
4502,5,3.0,13.0,25.0
4502,6,0.0,13.0,31.0
4503,1,38.0,44.0,45.0
4503,2,4.0,17.0,30.0
4503,3,7.0,18.0,23.0
4503,4,4.0,22.0,33.0
4503,5,7.0,21.0,30.0
4503,6,1.0,10.0,26.0
4504,1,28.0,38.0,44.0
4504,2,3.0,18.0,25.0
4504,3,4.0,13.0,25.0
4504,4,2.0,13.0,24.0
4504,5,2.0,12.0,19.0
4504,6,2.0,10.0,28.0
4505,1,29.0,35.0,35.0
4505,2,4.0,20.0,25.0
4505,3,2.0,12.0,23.0
4505,4,5.0,12.0,26.0
4505,5,4.0,14.0,24.0
4505,6,0.0,9.0,25.0
4506,1,20.0,25.0,30.0
4506,2,7.0,18.0,27.0
4506,3,7.0,21.0,27.0
4506,4,5.0,18.0,25.0
4506,5,2.0,11.0,24.0
4506,6,0.0,8.0,24.0
4508,1,8.0,15.0,16.0
4508,2,1.0,16.0,23.0
4508,3,1.0,11.0,19.0
4508,4,1.0,7.0,20.0
4508,5,1.0,8.0,21.0
4508,6,0.0,8.0,17.0
4509,1,16.0,25.0,27.0
4509,2,5.0,16.0,20.0
4509,3,7.0,17.0,26.0
4509,4,5.0,16.0,26.0
4509,5,0.0,8.0,21.0
4509,6,0.0,7.0,25.0
4510,1,1.0,5.0,11.0
4510,2,1.0,6.0,15.0
4510,3,0.0,2.0,13.0
4510,4,1.0,4.0,17.0
4510,5,0.0,0.0,12.0
4510,6,0.0,0.0,12.0
4511,1,7.0,16.0,19.0
4511,2,1.0,13.0,23.0
4511,3,2.0,16.0,25.0
4511,4,2.0,11.0,25.0
4511,5,0.0,6.0,22.0
4511,6,1.0,4.0,21.0
4512,1,41.0,45.0,47.0
4512,2,8.0,27.0,34.0
4512,3,4.0,23.0,34.0
4512,4,6.0,20.0,32.0
4512,5,4.0,14.0,32.0
4512,6,0.0,5.0,33.0
4513,1,24.0,31.0,33.0
4513,2,5.0,22.0,29.0
4513,3,2.0,14.0,25.0
4513,4,2.0,13.0,24.0
4513,5,3.0,13.0,25.0
4513,6,1.0,7.0,29.0
4514,1,33.0,40.0,43.0
4514,2,6.0,23.0,36.0
4514,3,7.0,22.0,36.0
4514,4,7.0,23.0,31.0
4514,5,0.0,9.0,24.0
4514,6,0.0,9.0,25.0
4515,1,28.0,37.0,42.0
4515,2,6.0,26.0,35.0
4515,3,3.0,24.0,33.0
4515,4,1.0,16.0,29.0
4515,5,1.0,15.0,33.0
4515,6,0.0,8.0,27.0
4516,1,22.0,30.0,32.0
4516,2,10.0,20.0,25.0
4516,3,5.0,17.0,24.0
4516,4,4.0,16.0,26.0
4516,5,2.0,12.0,22.0
4516,6,0.0,4.0,24.0
4518,1,22.0,26.0,29.0
4518,2,5.0,17.0,19.0
4518,3,7.0,19.0,24.0
4518,4,3.0,11.0,21.0
4518,5,3.0,8.0,15.0
4518,6,0.0,9.0,28.0
4519,1,4.0,6.0,7.0
4519,2,4.0,8.0,10.0
4519,3,3.0,4.0,9.0
4519,4,0.0,4.0,10.0
4519,5,1.0,1.0,7.0
4519,6,0.0,1.0,7.0
4520,1,16.0,23.0,26.0
4520,2,2.0,13.0,30.0
4520,3,7.0,20.0,28.0
4520,4,5.0,13.0,28.0
4520,5,3.0,12.0,29.0
4520,6,4.0,7.0,29.0
4521,1,16.0,26.0,30.0
4521,2,3.0,18.0,29.0
4521,3,5.0,15.0,26.0
4521,4,0.0,8.0,24.0
4521,5,0.0,6.0,24.0
4521,6,0.0,6.0,25.0
4522,1,31.0,35.0,38.0
4522,2,5.0,25.0,32.0
4522,3,4.0,18.0,28.0
4522,4,3.0,17.0,30.0
4522,5,0.0,11.0,30.0
4522,6,0.0,4.0,23.0
4523,1,20.0,28.0,31.0
4523,2,2.0,10.0,24.0
4523,3,1.0,15.0,25.0
4523,4,1.0,15.0,23.0
4523,5,0.0,14.0,26.0
4523,6,1.0,10.0,24.0
4524,1,23.0,27.0,29.0
4524,2,3.0,15.0,24.0
4524,3,3.0,12.0,21.0
4524,4,4.0,12.0,24.0
4524,5,1.0,10.0,27.0
4524,6,0.0,7.0,24.0
4525,1,10.0,15.0,19.0
4525,2,1.0,12.0,23.0
4525,3,2.0,10.0,23.0
4525,4,1.0,6.0,18.0
4525,5,0.0,5.0,22.0
4525,6,1.0,1.0,15.0
4526,1,15.0,21.0,22.0
4526,2,6.0,16.0,23.0
4526,3,4.0,9.0,19.0
4526,4,2.0,12.0,20.0
4526,5,1.0,8.0,24.0
4526,6,0.0,6.0,22.0
4527,1,10.0,14.0,20.0
4527,2,3.0,16.0,28.0
4527,3,1.0,13.0,22.0
4527,4,3.0,9.0,25.0
4527,5,1.0,4.0,24.0
4527,6,0.0,2.0,18.0
4528,1,17.0,24.0,25.0
4528,2,3.0,10.0,20.0
4528,3,5.0,18.0,24.0
4528,4,4.0,15.0,23.0
4528,5,5.0,13.0,27.0
4528,6,1.0,12.0,25.0
4529,1,20.0,26.0,28.0
4529,2,4.0,17.0,24.0
4529,3,4.0,18.0,26.0
4529,4,2.0,11.0,24.0
4529,5,2.0,10.0,27.0
4529,6,0.0,6.0,23.0
4530,1,31.0,39.0,40.0
4530,2,6.0,16.0,26.0
4530,3,3.0,18.0,28.0
4530,4,3.0,16.0,25.0
4530,5,3.0,13.0,27.0
4530,6,2.0,11.0,22.0
4531,1,25.0,34.0,37.0
4531,2,4.0,24.0,36.0
4531,3,4.0,21.0,29.0
4531,4,2.0,13.0,30.0
4531,5,3.0,16.0,31.0
4531,6,0.0,11.0,24.0
4532,1,26.0,34.0,35.0
4532,2,6.0,23.0,26.0
4532,3,4.0,15.0,21.0
4532,4,4.0,18.0,29.0
4532,5,4.0,14.0,22.0
4532,6,2.0,10.0,23.0
4533,1,4.0,6.0,11.0
4533,2,2.0,6.0,19.0
4533,3,4.0,14.0,18.0
4533,4,0.0,7.0,11.0
4533,5,0.0,2.0,20.0
4533,6,0.0,5.0,19.0
4534,1,6.0,13.0,17.0
4534,2,2.0,12.0,23.0
4534,3,1.0,8.0,20.0
4534,4,1.0,4.0,19.0
4534,5,0.0,6.0,18.0
4534,6,0.0,1.0,11.0
4535,1,26.0,34.0,36.0
4535,2,3.0,17.0,19.0
4535,3,4.0,18.0,24.0
4535,4,4.0,16.0,23.0
4535,5,2.0,9.0,17.0
4535,6,1.0,13.0,26.0
4536,1,22.0,33.0,37.0
4536,2,8.0,24.0,35.0
4536,3,3.0,17.0,27.0
4536,4,0.0,14.0,26.0
4536,5,2.0,15.0,32.0
4536,6,0.0,7.0,26.0
4537,1,34.0,40.0,41.0
4537,2,10.0,26.0,38.0
4537,3,8.0,21.0,33.0
4537,4,5.0,17.0,30.0
4537,5,2.0,14.0,29.0
4537,6,1.0,12.0,31.0
4538,1,10.0,19.0,26.0
4538,2,3.0,10.0,18.0
4538,3,1.0,14.0,20.0
4538,4,8.0,12.0,22.0
4538,5,5.0,7.0,15.0
4538,6,3.0,7.0,25.0
4539,1,31.0,33.0,33.0
4539,2,7.0,18.0,33.0
4539,3,5.0,28.0,39.0
4539,4,5.0,16.0,25.0
4539,5,1.0,10.0,25.0
4539,6,2.0,10.0,36.0
4540,1,16.0,25.0,33.0
4540,2,4.0,15.0,27.0
4540,3,3.0,19.0,29.0
4540,4,3.0,12.0,28.0
4540,5,1.0,6.0,24.0
4540,6,0.0,10.0,28.0
4543,1,31.0,37.0,39.0
4543,2,6.0,21.0,32.0
4543,3,5.0,24.0,33.0
4543,4,2.0,19.0,31.0
4543,5,1.0,11.0,27.0
4543,6,1.0,10.0,26.0
4544,1,38.0,43.0,47.0
4544,2,8.0,24.0,29.0
4544,3,6.0,16.0,26.0
4544,4,12.0,20.0,25.0
4544,5,3.0,16.0,27.0
4544,6,2.0,14.0,28.0
4545,1,36.0,40.0,44.0
4545,2,7.0,23.0,29.0
4545,3,8.0,23.0,29.0
4545,4,1.0,18.0,28.0
4545,5,6.0,15.0,27.0
4545,6,2.0,12.0,29.0
4546,1,18.0,23.0,28.0
4546,2,6.0,17.0,25.0
4546,3,5.0,15.0,23.0
4546,4,0.0,18.0,24.0
4546,5,1.0,16.0,23.0
4546,6,1.0,10.0,23.0
4547,1,21.0,36.0,43.0
4547,2,5.0,17.0,25.0
4547,3,4.0,13.0,29.0
4547,4,5.0,26.0,36.0
4547,5,2.0,13.0,30.0
4547,6,0.0,11.0,30.0
4548,1,1.0,3.0,9.0
4548,2,0.0,6.0,18.0
4548,3,1.0,2.0,13.0
4548,4,0.0,2.0,14.0
4548,5,0.0,3.0,12.0
4548,6,0.0,0.0,13.0
4549,1,12.0,22.0,24.0
4549,2,7.0,17.0,24.0
4549,3,3.0,19.0,25.0
4549,4,4.0,14.0,23.0
4549,5,1.0,13.0,25.0
4549,6,0.0,7.0,22.0
4550,1,9.0,19.0,23.0
4550,2,4.0,20.0,30.0
4550,3,2.0,13.0,32.0
4550,4,3.0,13.0,31.0
4550,5,0.0,8.0,28.0
4550,6,1.0,6.0,18.0
4551,1,15.0,28.0,33.0
4551,2,5.0,21.0,33.0
4551,3,6.0,18.0,23.0
4551,4,0.0,12.0,23.0
4551,5,2.0,13.0,27.0
4551,6,0.0,11.0,29.0
4552,1,7.0,13.0,16.0
4552,2,3.0,8.0,23.0
4552,3,2.0,13.0,22.0
4552,4,5.0,14.0,23.0
4552,5,2.0,8.0,21.0
4552,6,2.0,7.0,24.0
4553,1,18.0,24.0,29.0
4553,2,3.0,18.0,29.0
4553,3,2.0,18.0,29.0
4553,4,3.0,15.0,29.0
4553,5,0.0,16.0,30.0
4553,6,0.0,5.0,20.0
4555,1,17.0,30.0,35.0
4555,2,2.0,12.0,25.0
4555,3,0.0,19.0,38.0
4555,4,4.0,12.0,29.0
4555,5,0.0,16.0,25.0
4555,6,0.0,8.0,29.0
4556,1,33.0,42.0,43.0
4556,2,5.0,14.0,20.0
4556,3,7.0,22.0,32.0
4556,4,6.0,19.0,30.0
4556,5,1.0,12.0,20.0
4556,6,1.0,6.0,23.0
4557,1,4.0,11.0,19.0
4557,2,3.0,11.0,22.0
4557,3,1.0,11.0,28.0
4557,4,3.0,10.0,23.0
4557,5,0.0,4.0,20.0
4557,6,1.0,6.0,24.0
4558,1,6.0,12.0,17.0
4558,2,1.0,10.0,22.0
4558,3,1.0,9.0,23.0
4558,4,0.0,10.0,23.0
4558,5,2.0,12.0,28.0
4558,6,0.0,2.0,15.0
4560,1,12.0,18.0,21.0
4560,2,4.0,18.0,28.0
4560,3,3.0,9.0,20.0
4560,4,4.0,14.0,24.0
4560,5,3.0,12.0,26.0
4560,6,2.0,10.0,22.0
4561,1,18.0,25.0,30.0
4561,2,4.0,11.0,24.0
4561,3,2.0,8.0,22.0
4561,4,7.0,19.0,27.0
4561,5,4.0,9.0,26.0
4561,6,0.0,5.0,28.0
4562,1,5.0,13.0,22.0
4562,2,1.0,14.0,29.0
4562,3,0.0,13.0,33.0
4562,4,2.0,17.0,35.0
4562,5,3.0,11.0,30.0
4562,6,0.0,2.0,19.0
4563,1,10.0,12.0,14.0
4563,2,1.0,9.0,23.0
4563,3,3.0,10.0,25.0
4563,4,0.0,4.0,26.0
4563,5,0.0,9.0,23.0
4563,6,0.0,0.0,16.0
4564,1,9.0,20.0,26.0
4564,2,1.0,13.0,27.0
4564,3,2.0,15.0,33.0
4564,4,2.0,16.0,32.0
4564,5,0.0,8.0,27.0
4564,6,0.0,1.0,26.0
4565,1,9.0,14.0,22.0
4565,2,1.0,10.0,26.0
4565,3,4.0,11.0,27.0
4565,4,3.0,10.0,31.0
4565,5,1.0,9.0,29.0
4565,6,0.0,2.0,19.0
4566,1,20.0,24.0,29.0
4566,2,4.0,14.0,21.0
4566,3,5.0,18.0,24.0
4566,4,2.0,12.0,24.0
4566,5,1.0,12.0,26.0
4566,6,1.0,7.0,28.0
4567,1,5.0,12.0,18.0
4567,2,1.0,8.0,25.0
4567,3,3.0,13.0,28.0
4567,4,0.0,9.0,25.0
4567,5,0.0,4.0,22.0
4567,6,1.0,4.0,16.0
4568,1,18.0,21.0,26.0
4568,2,2.0,14.0,25.0
4568,3,5.0,15.0,25.0
4568,4,3.0,10.0,21.0
4568,5,0.0,11.0,25.0
4568,6,1.0,7.0,23.0
4569,1,7.0,12.0,20.0
4569,2,5.0,16.0,25.0
4569,3,4.0,13.0,24.0
4569,4,4.0,6.0,22.0
4569,5,1.0,12.0,25.0
4569,6,0.0,6.0,28.0
4570,1,16.0,24.0,29.0
4570,2,3.0,18.0,27.0
4570,3,6.0,18.0,26.0
4570,4,3.0,20.0,25.0
4570,5,1.0,6.0,20.0
4570,6,1.0,10.0,24.0
4571,1,18.0,22.0,26.0
4571,2,11.0,20.0,28.0
4571,3,6.0,12.0,21.0
4571,4,8.0,12.0,21.0
4571,5,5.0,14.0,24.0
4571,6,2.0,7.0,30.0
4572,1,22.0,27.0,33.0
4572,2,3.0,14.0,28.0
4572,3,4.0,19.0,30.0
4572,4,2.0,12.0,25.0
4572,5,2.0,10.0,29.0
4572,6,0.0,11.0,30.0
4573,1,23.0,29.0,30.0
4573,2,6.0,14.0,27.0
4573,3,4.0,11.0,22.0
4573,4,5.0,19.0,27.0
4573,5,3.0,13.0,20.0
4573,6,0.0,7.0,33.0
4574,1,15.0,21.0,28.0
4574,2,4.0,17.0,30.0
4574,3,4.0,23.0,31.0
4574,4,1.0,14.0,29.0
4574,5,1.0,11.0,26.0
4574,6,0.0,5.0,24.0
4575,1,20.0,24.0,25.0
4575,2,4.0,16.0,22.0
4575,3,4.0,11.0,30.0
4575,4,2.0,13.0,27.0
4575,5,1.0,8.0,23.0
4575,6,0.0,6.0,17.0
4578,1,23.0,32.0,36.0
4578,2,6.0,20.0,31.0
4578,3,2.0,18.0,29.0
4578,4,0.0,12.0,23.0
4578,5,2.0,7.0,29.0
4578,6,0.0,7.0,27.0
4579,1,26.0,31.0,34.0
4579,2,3.0,18.0,31.0
4579,3,3.0,22.0,31.0
4579,4,2.0,11.0,25.0
4579,5,2.0,10.0,24.0
4579,6,1.0,8.0,24.0
4580,1,13.0,18.0,21.0
4580,2,6.0,19.0,28.0
4580,3,2.0,15.0,23.0
4580,4,1.0,12.0,24.0
4580,5,0.0,9.0,20.0
4580,6,1.0,9.0,28.0
4581,1,25.0,36.0,39.0
4581,2,9.0,24.0,32.0
4581,3,6.0,21.0,35.0
4581,4,4.0,16.0,30.0
4581,5,1.0,14.0,30.0
4581,6,1.0,11.0,30.0
4583,1,14.0,22.0,29.0
4583,2,3.0,14.0,29.0
4583,3,6.0,22.0,33.0
4583,4,3.0,11.0,28.0
4583,5,1.0,11.0,26.0
4583,6,0.0,10.0,32.0
4584,1,27.0,33.0,36.0
4584,2,4.0,17.0,23.0
4584,3,9.0,14.0,18.0
4584,4,2.0,12.0,25.0
4584,5,2.0,16.0,27.0
4584,6,0.0,12.0,30.0
4586,1,26.0,34.0,35.0
4586,2,1.0,20.0,29.0
4586,3,4.0,18.0,25.0
4586,4,3.0,21.0,34.0
4586,5,5.0,16.0,27.0
4586,6,1.0,11.0,26.0
4587,1,24.0,32.0,32.0
4587,2,4.0,19.0,28.0
4587,3,12.0,20.0,33.0
4587,4,3.0,12.0,22.0
4587,5,4.0,11.0,25.0
4587,6,1.0,7.0,26.0
4588,1,18.0,31.0,35.0
4588,2,5.0,25.0,32.0
4588,3,3.0,18.0,31.0
4588,4,2.0,15.0,30.0
4588,5,2.0,10.0,33.0
4588,6,1.0,3.0,27.0
4589,1,16.0,21.0,24.0
4589,2,3.0,16.0,26.0
4589,3,7.0,18.0,24.0
4589,4,1.0,11.0,25.0
4589,5,2.0,7.0,25.0
4589,6,0.0,6.0,23.0
4590,1,23.0,35.0,39.0
4590,2,9.0,17.0,25.0
4590,3,2.0,19.0,34.0
4590,4,3.0,18.0,29.0
4590,5,1.0,9.0,27.0
4590,6,0.0,6.0,29.0
4592,1,6.0,15.0,19.0
4592,2,2.0,18.0,29.0
4592,3,4.0,11.0,26.0
4592,4,1.0,7.0,26.0
4592,5,1.0,10.0,28.0
4592,6,0.0,2.0,17.0
4593,1,20.0,30.0,34.0
4593,2,4.0,22.0,29.0
4593,3,4.0,22.0,30.0
4593,4,3.0,15.0,27.0
4593,5,0.0,15.0,30.0
4593,6,1.0,8.0,31.0
4594,1,18.0,24.0,28.0
4594,2,2.0,18.0,25.0
4594,3,3.0,20.0,27.0
4594,4,4.0,19.0,31.0
4594,5,2.0,17.0,30.0
4594,6,0.0,1.0,25.0
4596,1,21.0,30.0,34.0
4596,2,7.0,26.0,31.0
4596,3,4.0,19.0,29.0
4596,4,2.0,14.0,29.0
4596,5,4.0,15.0,29.0
4596,6,0.0,9.0,31.0
4598,1,17.0,27.0,31.0
4598,2,1.0,11.0,24.0
4598,3,9.0,18.0,28.0
4598,4,3.0,17.0,31.0
4598,5,5.0,7.0,22.0
4598,6,0.0,7.0,29.0
4600,1,24.0,30.0,32.0
4600,2,4.0,22.0,27.0
4600,3,8.0,15.0,20.0
4600,4,2.0,17.0,25.0
4600,5,1.0,9.0,22.0
4600,6,0.0,6.0,24.0
4601,1,30.0,36.0,42.0
4601,2,8.0,25.0,30.0
4601,3,7.0,26.0,37.0
4601,4,5.0,22.0,34.0
4601,5,2.0,10.0,24.0
4601,6,3.0,10.0,26.0
4603,1,18.0,22.0,23.0
4603,2,3.0,19.0,23.0
4603,3,3.0,15.0,24.0
4603,4,1.0,13.0,24.0
4603,5,4.0,9.0,20.0
4603,6,0.0,4.0,23.0
4604,1,40.0,43.0,46.0
4604,2,7.0,21.0,31.0
4604,3,6.0,25.0,34.0
4604,4,4.0,20.0,37.0
4604,5,4.0,17.0,31.0
4604,6,2.0,11.0,31.0
4607,1,23.0,36.0,40.0
4607,2,2.0,13.0,31.0
4607,3,2.0,20.0,31.0
4607,4,1.0,18.0,33.0
4607,5,0.0,10.0,29.0
4607,6,3.0,12.0,34.0
4608,1,25.0,39.0,41.0
4608,2,7.0,23.0,33.0
4608,3,5.0,25.0,34.0
4608,4,4.0,19.0,36.0
4608,5,3.0,15.0,31.0
4608,6,0.0,5.0,27.0
4610,1,22.0,27.0,35.0
4610,2,10.0,24.0,32.0
4610,3,4.0,16.0,31.0
4610,4,8.0,16.0,30.0
4610,5,3.0,17.0,31.0
4610,6,2.0,6.0,23.0
4611,1,24.0,28.0,31.0
4611,2,6.0,24.0,33.0
4611,3,10.0,24.0,33.0
4611,4,2.0,15.0,28.0
4611,5,1.0,13.0,29.0
4611,6,1.0,6.0,26.0
4614,1,27.0,34.0,37.0
4614,2,7.0,24.0,28.0
4614,3,6.0,13.0,20.0
4614,4,8.0,16.0,22.0
4614,5,2.0,14.0,26.0
4614,6,0.0,6.0,23.0
4615,1,6.0,12.0,17.0
4615,2,1.0,13.0,28.0
4615,3,0.0,7.0,22.0
4615,4,4.0,10.0,24.0
4615,5,2.0,10.0,26.0
4615,6,0.0,0.0,13.0
4618,1,6.0,13.0,16.0
4618,2,3.0,17.0,27.0
4618,3,1.0,11.0,18.0
4618,4,4.0,11.0,25.0
4618,5,1.0,14.0,26.0
4618,6,1.0,6.0,20.0
4619,1,10.0,20.0,26.0
4619,2,2.0,10.0,27.0
4619,3,4.0,14.0,27.0
4619,4,4.0,16.0,28.0
4619,5,3.0,15.0,38.0
4619,6,6.0,10.0,29.0
4623,1,15.0,25.0,29.0
4623,2,5.0,20.0,33.0
4623,3,2.0,12.0,28.0
4623,4,1.0,12.0,26.0
4623,5,1.0,6.0,32.0
4623,6,0.0,4.0,28.0
4624,1,22.0,28.0,32.0
4624,2,8.0,24.0,31.0
4624,3,1.0,19.0,28.0
4624,4,6.0,12.0,22.0
4624,5,4.0,11.0,28.0
4624,6,0.0,3.0,26.0
4625,1,13.0,15.0,18.0
4625,2,6.0,15.0,30.0
4625,3,1.0,11.0,25.0
4625,4,5.0,8.0,24.0
4625,5,0.0,10.0,27.0
4625,6,0.0,3.0,14.0
4626,1,5.0,10.0,16.0
4626,2,3.0,10.0,27.0
4626,3,5.0,11.0,23.0
4626,4,1.0,6.0,20.0
4626,5,3.0,16.0,24.0
4626,6,0.0,1.0,13.0
4627,1,16.0,22.0,25.0
4627,2,11.0,19.0,23.0
4627,3,7.0,14.0,21.0
4627,4,5.0,14.0,21.0
4627,5,2.0,9.0,19.0
4627,6,1.0,7.0,16.0
4630,1,13.0,20.0,25.0
4630,2,1.0,8.0,17.0
4630,3,1.0,16.0,27.0
4630,4,1.0,10.0,22.0
4630,5,0.0,7.0,17.0
4630,6,0.0,7.0,24.0
4631,1,10.0,13.0,19.0
4631,2,0.0,13.0,24.0
4631,3,2.0,13.0,22.0
4631,4,1.0,11.0,25.0
4631,5,3.0,7.0,21.0
4631,6,1.0,3.0,24.0
4632,1,5.0,12.0,16.0
4632,2,1.0,15.0,26.0
4632,3,2.0,16.0,24.0
4632,4,0.0,10.0,20.0
4632,5,0.0,13.0,23.0
4632,6,0.0,2.0,16.0
4633,1,20.0,32.0,37.0
4633,2,5.0,21.0,31.0
4633,3,3.0,17.0,29.0
4633,4,2.0,13.0,28.0
4633,5,0.0,9.0,28.0
4633,6,0.0,8.0,31.0
4635,1,16.0,20.0,23.0
4635,2,0.0,7.0,24.0
4635,3,5.0,16.0,26.0
4635,4,4.0,12.0,21.0
4635,5,2.0,7.0,20.0
4635,6,2.0,8.0,23.0
4636,1,5.0,9.0,16.0
4636,2,1.0,8.0,22.0
4636,3,3.0,15.0,25.0
4636,4,1.0,8.0,22.0
4636,5,0.0,2.0,20.0
4636,6,1.0,3.0,15.0
4637,1,13.0,21.0,22.0
4637,2,7.0,14.0,23.0
4637,3,2.0,9.0,14.0
4637,4,4.0,11.0,24.0
4637,5,1.0,2.0,18.0
4637,6,0.0,4.0,21.0
4638,1,12.0,21.0,24.0
4638,2,5.0,21.0,31.0
4638,3,0.0,15.0,27.0
4638,4,5.0,15.0,31.0
4638,5,0.0,11.0,28.0
4638,6,1.0,3.0,23.0
4639,1,11.0,17.0,21.0
4639,2,1.0,10.0,27.0
4639,3,3.0,11.0,29.0
4639,4,1.0,11.0,34.0
4639,5,0.0,3.0,27.0
4639,6,0.0,2.0,18.0
4640,1,24.0,37.0,38.0
4640,2,3.0,21.0,32.0
4640,3,8.0,24.0,38.0
4640,4,4.0,15.0,34.0
4640,5,2.0,15.0,33.0
4640,6,0.0,13.0,31.0
4641,1,8.0,10.0,12.0
4641,2,2.0,7.0,16.0
4641,3,1.0,9.0,20.0
4641,4,1.0,8.0,19.0
4641,5,0.0,5.0,15.0
4641,6,0.0,3.0,15.0
4642,1,32.0,38.0,41.0
4642,2,8.0,26.0,33.0
4642,3,6.0,15.0,29.0
4642,4,6.0,21.0,32.0
4642,5,9.0,19.0,29.0
4642,6,2.0,11.0,21.0
4643,1,29.0,34.0,34.0
4643,2,5.0,17.0,28.0
4643,3,6.0,20.0,29.0
4643,4,0.0,17.0,26.0
4643,5,3.0,11.0,23.0
4643,6,1.0,8.0,24.0
4644,1,24.0,35.0,38.0
4644,2,4.0,24.0,32.0
4644,3,6.0,28.0,39.0
4644,4,6.0,21.0,40.0
4644,5,3.0,17.0,29.0
4644,6,0.0,12.0,25.0
4645,1,29.0,38.0,40.0
4645,2,4.0,23.0,31.0
4645,3,4.0,19.0,30.0
4645,4,5.0,16.0,26.0
4645,5,0.0,11.0,27.0
4645,6,1.0,9.0,32.0
4648,1,8.0,17.0,18.0
4648,2,4.0,13.0,23.0
4648,3,3.0,9.0,20.0
4648,4,2.0,10.0,22.0
4648,5,1.0,10.0,23.0
4648,6,1.0,6.0,19.0
4649,1,19.0,30.0,34.0
4649,2,4.0,19.0,30.0
4649,3,6.0,21.0,35.0
4649,4,9.0,18.0,36.0
4649,5,3.0,9.0,26.0
4649,6,1.0,7.0,28.0
4650,1,1.0,3.0,5.0
4650,2,0.0,1.0,5.0
4650,3,2.0,3.0,8.0
4650,4,1.0,3.0,5.0
4650,5,1.0,1.0,4.0
4650,6,0.0,0.0,5.0
4651,1,5.0,10.0,18.0
4651,2,0.0,10.0,23.0
4651,3,1.0,7.0,21.0
4651,4,3.0,9.0,26.0
4651,5,2.0,4.0,22.0
4651,6,0.0,3.0,23.0
4652,1,11.0,16.0,21.0
4652,2,3.0,9.0,24.0
4652,3,3.0,13.0,26.0
4652,4,2.0,11.0,24.0
4652,5,1.0,6.0,23.0
4652,6,0.0,4.0,18.0
4653,1,23.0,23.0,24.0
4653,2,4.0,14.0,16.0
4653,3,1.0,12.0,18.0
4653,4,2.0,8.0,14.0
4653,5,2.0,4.0,15.0
4653,6,0.0,3.0,15.0
4654,1,24.0,31.0,33.0
4654,2,3.0,17.0,26.0
4654,3,4.0,19.0,27.0
4654,4,2.0,18.0,29.0
4654,5,0.0,10.0,18.0
4654,6,0.0,6.0,25.0
4656,1,6.0,17.0,22.0
4656,2,6.0,18.0,27.0
4656,3,5.0,10.0,24.0
4656,4,3.0,14.0,28.0
4656,5,2.0,9.0,28.0
4656,6,0.0,6.0,18.0
4659,1,35.0,45.0,49.0
4659,2,6.0,26.0,32.0
4659,3,7.0,25.0,32.0
4659,4,9.0,24.0,34.0
4659,5,3.0,14.0,28.0
4659,6,1.0,11.0,28.0
4660,1,3.0,8.0,14.0
4660,2,2.0,7.0,20.0
4660,3,2.0,7.0,21.0
4660,4,1.0,5.0,20.0
4660,5,0.0,6.0,20.0
4660,6,0.0,2.0,16.0
4661,1,13.0,27.0,31.0
4661,2,7.0,29.0,35.0
4661,3,4.0,18.0,32.0
4661,4,3.0,16.0,31.0
4661,5,1.0,18.0,34.0
4661,6,0.0,5.0,26.0
4663,1,9.0,12.0,14.0
4663,2,2.0,10.0,14.0
4663,3,0.0,7.0,14.0
4663,4,5.0,6.0,12.0
4663,5,2.0,5.0,14.0
4663,6,1.0,5.0,13.0
4664,1,4.0,12.0,19.0
4664,2,3.0,10.0,31.0
4664,3,5.0,13.0,28.0
4664,4,1.0,5.0,26.0
4664,5,1.0,7.0,28.0
4664,6,0.0,2.0,17.0
4665,1,4.0,11.0,18.0
4665,2,1.0,9.0,25.0
4665,3,0.0,9.0,26.0
4665,4,3.0,6.0,23.0
4665,5,0.0,8.0,27.0
4665,6,0.0,7.0,21.0
4666,1,7.0,10.0,14.0
4666,2,1.0,12.0,27.0
4666,3,1.0,5.0,23.0
4666,4,1.0,12.0,22.0
4666,5,2.0,8.0,22.0
4666,6,0.0,2.0,16.0
4669,1,5.0,16.0,17.0
4669,2,1.0,14.0,29.0
4669,3,5.0,16.0,31.0
4669,4,1.0,6.0,24.0
4669,5,0.0,14.0,29.0
4669,6,0.0,2.0,14.0
4672,1,2.0,12.0,19.0
4672,2,4.0,16.0,32.0
4672,3,3.0,14.0,29.0
4672,4,4.0,13.0,29.0
4672,5,0.0,5.0,29.0
4672,6,1.0,6.0,18.0
4674,1,22.0,29.0,33.0
4674,2,2.0,11.0,26.0
4674,3,2.0,14.0,28.0
4674,4,2.0,16.0,30.0
4674,5,1.0,8.0,28.0
4674,6,0.0,10.0,28.0
4675,1,11.0,19.0,25.0
4675,2,1.0,16.0,21.0
4675,3,2.0,9.0,18.0
4675,4,8.0,13.0,22.0
4675,5,4.0,13.0,22.0
4675,6,3.0,10.0,19.0
4676,1,12.0,21.0,28.0
4676,2,1.0,12.0,24.0
4676,3,7.0,17.0,26.0
4676,4,1.0,13.0,20.0
4676,5,0.0,9.0,24.0
4676,6,0.0,2.0,26.0
4677,1,18.0,26.0,28.0
4677,2,3.0,19.0,29.0
4677,3,4.0,17.0,21.0
4677,4,4.0,13.0,22.0
4677,5,3.0,22.0,29.0
4677,6,1.0,8.0,24.0
4678,1,10.0,16.0,21.0
4678,2,5.0,16.0,25.0
4678,3,2.0,12.0,20.0
4678,4,1.0,7.0,18.0
4678,5,0.0,5.0,26.0
4678,6,0.0,5.0,19.0
4679,1,25.0,32.0,39.0
4679,2,4.0,26.0,38.0
4679,3,6.0,18.0,32.0
4679,4,1.0,14.0,29.0
4679,5,4.0,16.0,30.0
4679,6,1.0,5.0,26.0
4680,1,10.0,21.0,30.0
4680,2,4.0,20.0,31.0
4680,3,3.0,19.0,30.0
4680,4,3.0,17.0,26.0
4680,5,2.0,11.0,24.0
4680,6,1.0,8.0,24.0
4681,1,3.0,7.0,10.0
4681,2,1.0,10.0,14.0
4681,3,1.0,3.0,14.0
4681,4,0.0,2.0,10.0
4681,5,0.0,3.0,13.0
4681,6,0.0,0.0,10.0
4682,1,32.0,35.0,36.0
4682,2,6.0,23.0,34.0
4682,3,7.0,24.0,30.0
4682,4,2.0,17.0,31.0
4682,5,4.0,12.0,29.0
4682,6,1.0,8.0,24.0
4683,2,0.0,2.0,2.0
4683,3,6.0,11.0,24.0
4683,4,3.0,7.0,21.0
4683,5,1.0,4.0,20.0
4683,6,2.0,3.0,18.0
4684,1,19.0,28.0,32.0
4684,2,2.0,17.0,28.0
4684,3,5.0,20.0,33.0
4684,4,1.0,12.0,29.0
4684,5,1.0,7.0,22.0
4684,6,0.0,5.0,29.0
4685,1,39.0,43.0,47.0
4685,2,8.0,21.0,24.0
4685,3,6.0,16.0,19.0
4685,4,4.0,19.0,25.0
4685,5,4.0,15.0,24.0
4685,6,3.0,15.0,31.0
4686,1,31.0,34.0,36.0
4686,2,7.0,22.0,31.0
4686,3,7.0,20.0,30.0
4686,4,2.0,13.0,27.0
4686,5,5.0,17.0,26.0
4686,6,2.0,8.0,25.0
4688,1,33.0,39.0,41.0
4688,2,7.0,23.0,32.0
4688,3,8.0,21.0,33.0
4688,4,5.0,16.0,30.0
4688,5,3.0,16.0,32.0
4688,6,2.0,10.0,26.0
4689,1,9.0,24.0,29.0
4689,2,1.0,10.0,22.0
4689,3,3.0,17.0,22.0
4689,4,2.0,12.0,24.0
4689,5,3.0,7.0,26.0
4689,6,1.0,2.0,21.0
4690,1,4.0,6.0,6.0
4690,2,2.0,6.0,10.0
4690,3,2.0,9.0,14.0
4690,4,1.0,2.0,6.0
4690,5,1.0,6.0,11.0
4690,6,1.0,2.0,7.0
4691,1,7.0,9.0,10.0
4691,2,2.0,8.0,17.0
4691,3,3.0,7.0,12.0
4691,4,0.0,4.0,14.0
4691,5,0.0,5.0,13.0
4691,6,0.0,2.0,11.0
4692,1,4.0,11.0,18.0
4692,2,1.0,11.0,25.0
4692,3,4.0,12.0,28.0
4692,4,3.0,12.0,23.0
4692,5,4.0,7.0,22.0
4692,6,3.0,9.0,22.0
4693,1,3.0,10.0,19.0
4693,2,4.0,15.0,29.0
4693,3,4.0,12.0,34.0
4693,4,1.0,10.0,34.0
4693,5,2.0,10.0,27.0
4693,6,1.0,4.0,18.0
4694,1,6.0,10.0,18.0
4694,2,2.0,12.0,22.0
4694,3,4.0,12.0,21.0
4694,4,1.0,7.0,23.0
4694,5,1.0,8.0,23.0
4694,6,0.0,4.0,18.0
4695,1,18.0,26.0,28.0
4695,2,2.0,13.0,26.0
4695,3,1.0,17.0,28.0
4695,4,7.0,17.0,31.0
4695,5,2.0,7.0,30.0
4695,6,1.0,4.0,19.0
4697,1,4.0,12.0,19.0
4697,2,0.0,16.0,27.0
4697,3,3.0,16.0,29.0
4697,4,2.0,9.0,30.0
4697,5,1.0,8.0,27.0
4697,6,0.0,5.0,21.0
4700,1,22.0,30.0,34.0
4700,2,6.0,26.0,31.0
4700,3,3.0,18.0,33.0
4700,4,4.0,18.0,33.0
4700,5,2.0,12.0,25.0
4700,6,0.0,9.0,28.0
4702,1,18.0,25.0,30.0
4702,2,5.0,17.0,28.0
4702,3,5.0,14.0,23.0
4702,4,6.0,14.0,20.0
4702,5,3.0,10.0,19.0
4702,6,1.0,10.0,23.0
4703,1,23.0,31.0,36.0
4703,2,5.0,24.0,32.0
4703,3,6.0,18.0,30.0
4703,4,4.0,16.0,27.0
4703,5,2.0,16.0,29.0
4703,6,1.0,8.0,22.0
4704,1,26.0,36.0,39.0
4704,2,7.0,24.0,42.0
4704,3,11.0,20.0,36.0
4704,4,7.0,20.0,36.0
4704,5,0.0,19.0,35.0
4704,6,0.0,12.0,28.0
4705,1,10.0,13.0,19.0
4705,2,2.0,6.0,28.0
4705,3,0.0,8.0,21.0
4705,4,2.0,6.0,24.0
4705,5,0.0,5.0,26.0
4705,6,0.0,2.0,24.0
4706,1,16.0,26.0,31.0
4706,2,6.0,18.0,26.0
4706,3,7.0,20.0,30.0
4706,4,2.0,13.0,28.0
4706,5,2.0,12.0,29.0
4706,6,0.0,4.0,25.0
4708,1,6.0,10.0,17.0
4708,2,1.0,6.0,21.0
4708,3,1.0,9.0,20.0
4708,4,1.0,8.0,28.0
4708,5,0.0,6.0,22.0
4708,6,1.0,4.0,16.0
4709,1,11.0,22.0,26.0
4709,2,5.0,14.0,23.0
4709,3,4.0,15.0,30.0
4709,4,1.0,12.0,22.0
4709,5,4.0,11.0,20.0
4709,6,0.0,8.0,26.0
4710,1,27.0,35.0,38.0
4710,2,5.0,24.0,35.0
4710,3,3.0,19.0,37.0
4710,4,3.0,15.0,25.0
4710,5,1.0,13.0,30.0
4710,6,2.0,7.0,28.0
4711,1,15.0,26.0,29.0
4711,2,2.0,16.0,25.0
4711,3,6.0,23.0,25.0
4711,4,5.0,21.0,31.0
4711,5,1.0,10.0,25.0
4711,6,0.0,7.0,27.0
4713,1,32.0,40.0,42.0
4713,2,5.0,21.0,30.0
4713,3,3.0,21.0,32.0
4713,4,5.0,18.0,30.0
4713,5,5.0,16.0,33.0
4713,6,2.0,14.0,32.0
4714,1,6.0,12.0,17.0
4714,2,0.0,16.0,26.0
4714,3,1.0,11.0,24.0
4714,4,1.0,15.0,23.0
4714,5,0.0,6.0,19.0
4714,6,0.0,6.0,26.0
4715,1,17.0,22.0,26.0
4715,2,3.0,13.0,17.0
4715,3,5.0,17.0,24.0
4715,4,6.0,14.0,25.0
4715,5,1.0,10.0,20.0
4715,6,0.0,10.0,19.0
4718,1,13.0,20.0,25.0
4718,2,6.0,16.0,22.0
4718,3,3.0,12.0,20.0
4718,4,3.0,14.0,23.0
4718,5,0.0,11.0,20.0
4718,6,1.0,12.0,28.0
4719,1,42.0,45.0,47.0
4719,2,2.0,19.0,27.0
4719,3,2.0,17.0,28.0
4719,4,2.0,18.0,28.0
4719,5,4.0,8.0,29.0
4719,6,1.0,8.0,31.0
4720,1,4.0,9.0,16.0
4720,2,4.0,15.0,24.0
4720,3,1.0,8.0,26.0
4720,4,0.0,9.0,23.0
4720,5,0.0,3.0,20.0
4720,6,0.0,3.0,21.0
4723,1,7.0,12.0,17.0
4723,2,2.0,11.0,16.0
4723,3,0.0,8.0,19.0
4723,4,4.0,13.0,19.0
4723,5,2.0,10.0,27.0
4723,6,2.0,4.0,21.0
4724,1,2.0,7.0,13.0
4724,2,3.0,11.0,18.0
4724,3,0.0,8.0,24.0
4724,4,1.0,7.0,21.0
4724,5,1.0,4.0,20.0
4724,6,0.0,1.0,14.0
4725,1,8.0,14.0,21.0
4725,2,2.0,14.0,24.0
4725,3,7.0,13.0,31.0
4725,4,4.0,14.0,26.0
4725,5,1.0,10.0,26.0
4725,6,1.0,2.0,19.0
4726,1,2.0,4.0,6.0
4726,2,1.0,3.0,8.0
4726,3,0.0,4.0,7.0
4726,4,1.0,3.0,6.0
4726,5,1.0,1.0,6.0
4726,6,0.0,2.0,5.0
4727,1,6.0,10.0,15.0
4727,2,2.0,13.0,22.0
4727,3,0.0,11.0,24.0
4727,4,1.0,8.0,25.0
4727,5,1.0,5.0,25.0
4727,6,0.0,3.0,17.0
4728,1,7.0,14.0,21.0
4728,2,2.0,10.0,21.0
4728,3,2.0,11.0,23.0
4728,4,0.0,13.0,24.0
4728,5,0.0,3.0,20.0
4728,6,0.0,2.0,20.0
4729,1,5.0,12.0,19.0
4729,2,2.0,6.0,24.0
4729,3,3.0,11.0,20.0
4729,4,3.0,8.0,22.0
4729,5,1.0,9.0,21.0
4729,6,0.0,3.0,17.0
4730,1,10.0,21.0,25.0
4730,2,4.0,14.0,24.0
4730,3,5.0,16.0,24.0
4730,4,3.0,11.0,29.0
4730,5,0.0,5.0,22.0
4730,6,0.0,5.0,20.0
4731,1,8.0,12.0,16.0
4731,2,4.0,14.0,22.0
4731,3,3.0,15.0,23.0
4731,4,1.0,4.0,21.0
4731,5,2.0,7.0,23.0
4731,6,0.0,7.0,20.0
4732,1,29.0,39.0,41.0
4732,2,5.0,23.0,32.0
4732,3,5.0,19.0,25.0
4732,4,5.0,13.0,26.0
4732,5,1.0,17.0,29.0
4732,6,1.0,7.0,31.0
4733,1,11.0,16.0,18.0
4733,2,4.0,13.0,21.0
4733,3,2.0,12.0,23.0
4733,4,6.0,16.0,29.0
4733,5,0.0,7.0,18.0
4733,6,0.0,2.0,16.0
4734,1,30.0,41.0,42.0
4734,2,8.0,22.0,29.0
4734,3,8.0,18.0,26.0
4734,4,6.0,19.0,28.0
4734,5,0.0,12.0,24.0
4734,6,0.0,6.0,27.0
4735,1,7.0,12.0,17.0
4735,2,2.0,14.0,28.0
4735,3,3.0,11.0,25.0
4735,4,2.0,11.0,23.0
4735,5,3.0,10.0,24.0
4735,6,0.0,2.0,18.0
4736,1,32.0,43.0,47.0
4736,2,5.0,18.0,25.0
4736,3,5.0,20.0,26.0
4736,4,3.0,22.0,27.0
4736,5,2.0,14.0,28.0
4736,6,1.0,14.0,28.0
4737,1,30.0,38.0,40.0
4737,2,11.0,28.0,34.0
4737,3,8.0,20.0,25.0
4737,4,4.0,20.0,26.0
4737,5,6.0,15.0,25.0
4737,6,1.0,13.0,25.0
4738,1,29.0,37.0,41.0
4738,2,12.0,23.0,33.0
4738,3,6.0,25.0,35.0
4738,4,3.0,19.0,35.0
4738,5,1.0,12.0,31.0
4738,6,0.0,6.0,34.0
4739,1,28.0,39.0,42.0
4739,2,6.0,22.0,33.0
4739,3,5.0,22.0,31.0
4739,4,2.0,16.0,25.0
4739,5,4.0,10.0,23.0
4739,6,2.0,18.0,34.0
4740,1,6.0,13.0,20.0
4740,2,2.0,16.0,27.0
4740,3,4.0,12.0,25.0
4740,4,1.0,7.0,20.0
4740,5,1.0,5.0,29.0
4740,6,0.0,3.0,16.0
4743,1,30.0,41.0,43.0
4743,2,6.0,27.0,39.0
4743,3,7.0,21.0,35.0
4743,4,5.0,14.0,32.0
4743,5,2.0,13.0,33.0
4743,6,1.0,17.0,34.0
4744,1,7.0,13.0,19.0
4744,2,1.0,8.0,19.0
4744,3,2.0,15.0,28.0
4744,4,1.0,11.0,27.0
4744,5,0.0,4.0,18.0
4744,6,1.0,1.0,16.0
4746,1,14.0,19.0,21.0
4746,2,3.0,11.0,20.0
4746,3,1.0,10.0,21.0
4746,4,2.0,12.0,23.0
4746,5,0.0,6.0,18.0
4746,6,1.0,4.0,19.0
4747,1,3.0,5.0,13.0
4747,2,1.0,8.0,18.0
4747,3,0.0,4.0,16.0
4747,4,3.0,8.0,20.0
4747,5,0.0,2.0,17.0
4747,6,0.0,1.0,17.0
4748,1,17.0,23.0,29.0
4748,2,6.0,14.0,20.0
4748,3,2.0,15.0,22.0
4748,4,3.0,13.0,26.0
4748,5,2.0,11.0,20.0
4748,6,1.0,11.0,22.0
4750,1,9.0,15.0,20.0
4750,2,2.0,16.0,26.0
4750,3,4.0,15.0,24.0
4750,4,4.0,12.0,29.0
4750,5,0.0,7.0,28.0
4750,6,0.0,4.0,16.0
4752,1,5.0,10.0,18.0
4752,2,1.0,6.0,22.0
4752,3,2.0,10.0,25.0
4752,4,3.0,12.0,30.0
4752,5,0.0,6.0,26.0
4752,6,0.0,1.0,17.0
4753,1,6.0,8.0,8.0
4753,2,2.0,3.0,9.0
4753,3,1.0,5.0,8.0
4753,4,0.0,2.0,9.0
4753,5,0.0,2.0,7.0
4753,6,0.0,3.0,15.0
4754,1,28.0,29.0,36.0
4754,2,3.0,27.0,33.0
4754,3,7.0,22.0,35.0
4754,4,3.0,18.0,36.0
4754,5,2.0,15.0,28.0
4754,6,1.0,14.0,28.0
4757,1,31.0,38.0,43.0
4757,2,5.0,16.0,28.0
4757,3,8.0,16.0,29.0
4757,4,3.0,16.0,32.0
4757,5,3.0,17.0,24.0
4757,6,2.0,11.0,29.0
4759,1,32.0,37.0,41.0
4759,2,5.0,21.0,30.0
4759,3,5.0,23.0,28.0
4759,4,3.0,21.0,27.0
4759,5,0.0,17.0,31.0
4759,6,0.0,10.0,25.0
4760,1,39.0,44.0,47.0
4760,2,3.0,19.0,35.0
4760,3,8.0,27.0,36.0
4760,4,10.0,17.0,34.0
4760,5,5.0,23.0,32.0
4760,6,0.0,11.0,29.0
4761,1,27.0,35.0,39.0
4761,2,6.0,20.0,27.0
4761,3,4.0,22.0,34.0
4761,4,6.0,14.0,30.0
4761,5,1.0,7.0,26.0
4761,6,0.0,7.0,36.0
4762,1,38.0,45.0,49.0
4762,2,10.0,25.0,32.0
4762,3,6.0,22.0,26.0
4762,4,4.0,14.0,27.0
4762,5,5.0,17.0,26.0
4762,6,2.0,12.0,33.0
4764,1,10.0,16.0,18.0
4764,2,4.0,13.0,21.0
4764,3,2.0,16.0,24.0
4764,4,2.0,7.0,19.0
4764,5,1.0,7.0,18.0
4764,6,0.0,1.0,16.0
4765,1,10.0,14.0,20.0
4765,2,3.0,11.0,20.0
4765,3,4.0,12.0,22.0
4765,4,2.0,5.0,21.0
4765,5,1.0,7.0,22.0
4765,6,1.0,3.0,24.0
4766,1,5.0,12.0,16.0
4766,2,3.0,10.0,23.0
4766,3,2.0,8.0,24.0
4766,4,4.0,12.0,20.0
4766,5,1.0,10.0,22.0
4766,6,0.0,3.0,22.0
4769,1,27.0,37.0,42.0
4769,2,8.0,20.0,30.0
4769,3,6.0,18.0,25.0
4769,4,6.0,18.0,28.0
4769,5,2.0,15.0,27.0
4769,6,1.0,8.0,27.0
4771,1,41.0,50.0,51.0
4771,2,11.0,22.0,30.0
4771,3,5.0,29.0,33.0
4771,4,6.0,21.0,28.0
4771,5,1.0,13.0,28.0
4771,6,0.0,10.0,28.0
4772,1,26.0,36.0,36.0
4772,2,4.0,19.0,26.0
4772,3,6.0,22.0,33.0
4772,4,4.0,19.0,31.0
4772,5,4.0,11.0,24.0
4772,6,1.0,7.0,28.0
4773,1,28.0,38.0,42.0
4773,2,5.0,27.0,34.0
4773,3,5.0,18.0,33.0
4773,4,3.0,17.0,30.0
4773,5,0.0,12.0,29.0
4773,6,2.0,9.0,27.0
4775,1,16.0,25.0,26.0
4775,2,4.0,18.0,24.0
4775,3,3.0,12.0,21.0
4775,4,3.0,15.0,22.0
4775,5,2.0,6.0,19.0
4775,6,0.0,3.0,16.0
4776,1,37.0,45.0,47.0
4776,2,7.0,30.0,35.0
4776,3,6.0,26.0,31.0
4776,4,3.0,18.0,29.0
4776,5,6.0,18.0,32.0
4776,6,1.0,11.0,30.0
4778,1,8.0,12.0,15.0
4778,2,2.0,9.0,19.0
4778,3,6.0,13.0,20.0
4778,4,1.0,8.0,19.0
4778,5,0.0,10.0,17.0
4778,6,2.0,4.0,21.0
4779,1,10.0,19.0,23.0
4779,2,1.0,13.0,26.0
4779,3,0.0,17.0,29.0
4779,4,2.0,13.0,25.0
4779,5,3.0,9.0,24.0
4779,6,0.0,4.0,19.0
4781,1,2.0,5.0,7.0
4781,2,0.0,4.0,8.0
4781,3,0.0,4.0,11.0
4781,4,0.0,1.0,12.0
4781,5,2.0,6.0,11.0
4781,6,0.0,0.0,5.0
4782,1,7.0,11.0,14.0
4782,2,3.0,9.0,19.0
4782,3,2.0,12.0,22.0
4782,4,1.0,7.0,20.0
4782,5,1.0,3.0,22.0
4782,6,0.0,3.0,15.0
4784,1,2.0,7.0,10.0
4784,2,2.0,7.0,16.0
4784,3,0.0,5.0,15.0
4784,4,1.0,4.0,11.0
4784,5,0.0,4.0,13.0
4784,6,0.0,1.0,16.0
4785,1,3.0,11.0,18.0
4785,2,2.0,11.0,25.0
4785,3,4.0,11.0,24.0
4785,4,0.0,11.0,24.0
4785,5,2.0,9.0,22.0
4785,6,0.0,4.0,17.0
4786,1,31.0,41.0,43.0
4786,2,12.0,27.0,32.0
4786,3,9.0,21.0,36.0
4786,4,3.0,24.0,31.0
4786,5,3.0,18.0,30.0
4786,6,1.0,14.0,34.0
4787,1,34.0,40.0,40.0
4787,2,10.0,24.0,33.0
4787,3,12.0,27.0,34.0
4787,4,5.0,18.0,25.0
4787,5,4.0,17.0,27.0
4787,6,2.0,6.0,24.0
4788,1,16.0,24.0,30.0
4788,2,3.0,22.0,31.0
4788,3,4.0,14.0,32.0
4788,4,6.0,16.0,30.0
4788,5,1.0,16.0,31.0
4788,6,0.0,6.0,22.0
4789,1,18.0,27.0,33.0
4789,2,6.0,21.0,26.0
4789,3,4.0,18.0,28.0
4789,4,3.0,17.0,33.0
4789,5,2.0,12.0,22.0
4789,6,0.0,7.0,27.0
4790,1,29.0,36.0,39.0
4790,2,6.0,17.0,27.0
4790,3,3.0,19.0,23.0
4790,4,3.0,22.0,30.0
4790,5,4.0,13.0,25.0
4790,6,0.0,8.0,27.0
4791,1,9.0,21.0,29.0
4791,2,7.0,21.0,29.0
4791,3,5.0,19.0,30.0
4791,4,2.0,17.0,29.0
4791,5,2.0,10.0,22.0
4791,6,1.0,6.0,21.0
4792,1,4.0,9.0,12.0
4792,2,1.0,9.0,17.0
4792,3,7.0,13.0,18.0
4792,4,3.0,10.0,18.0
4792,5,1.0,5.0,17.0
4792,6,0.0,3.0,16.0
4793,1,22.0,31.0,32.0
4793,2,6.0,18.0,30.0
4793,3,10.0,19.0,30.0
4793,4,7.0,18.0,27.0
4793,5,4.0,18.0,32.0
4793,6,1.0,8.0,25.0
4794,1,26.0,29.0,29.0
4794,2,9.0,24.0,30.0
4794,3,6.0,14.0,21.0
4794,4,3.0,12.0,21.0
4794,5,2.0,11.0,17.0
4794,6,0.0,6.0,21.0
4796,1,31.0,37.0,39.0
4796,2,8.0,25.0,35.0
4796,3,6.0,19.0,31.0
4796,4,3.0,12.0,18.0
4796,5,2.0,13.0,35.0
4796,6,1.0,9.0,32.0
4797,1,15.0,16.0,20.0
4797,2,5.0,11.0,19.0
4797,3,4.0,14.0,21.0
4797,4,5.0,18.0,23.0
4797,5,3.0,11.0,21.0
4797,6,1.0,15.0,26.0
4798,1,34.0,45.0,47.0
4798,2,8.0,25.0,33.0
4798,3,11.0,21.0,32.0
4798,4,1.0,17.0,32.0
4798,5,2.0,12.0,25.0
4798,6,1.0,8.0,30.0
4803,1,5.0,9.0,18.0
4803,2,0.0,11.0,22.0
4803,3,0.0,4.0,18.0
4803,4,3.0,6.0,20.0
4803,5,0.0,3.0,21.0
4803,6,0.0,2.0,18.0
4804,1,27.0,36.0,38.0
4804,2,6.0,23.0,33.0
4804,3,9.0,20.0,28.0
4804,4,7.0,16.0,31.0
4804,5,4.0,9.0,23.0
4804,6,1.0,7.0,33.0
4808,1,22.0,27.0,30.0
4808,2,5.0,19.0,27.0
4808,3,4.0,14.0,26.0
4808,4,4.0,19.0,30.0
4808,5,3.0,14.0,28.0
4808,6,0.0,5.0,27.0
4809,1,17.0,23.0,27.0
4809,2,5.0,14.0,20.0
4809,3,1.0,15.0,27.0
4809,4,1.0,15.0,26.0
4809,5,1.0,8.0,19.0
4809,6,0.0,9.0,25.0
4811,1,10.0,16.0,23.0
4811,2,5.0,21.0,33.0
4811,3,1.0,8.0,33.0
4811,4,2.0,10.0,27.0
4811,5,2.0,16.0,29.0
4811,6,0.0,4.0,22.0
4812,1,32.0,37.0,40.0
4812,2,4.0,18.0,22.0
4812,3,7.0,20.0,24.0
4812,4,5.0,18.0,24.0
4812,5,4.0,14.0,22.0
4812,6,2.0,12.0,21.0
4813,1,3.0,8.0,20.0
4813,2,3.0,5.0,21.0
4813,3,3.0,7.0,22.0
4813,4,3.0,11.0,23.0
4813,5,0.0,5.0,22.0
4813,6,0.0,5.0,19.0
4815,1,5.0,10.0,15.0
4815,2,4.0,9.0,15.0
4815,3,1.0,6.0,15.0
4815,4,2.0,8.0,22.0
4815,5,0.0,4.0,16.0
4815,6,0.0,3.0,23.0
4816,1,18.0,28.0,30.0
4816,2,9.0,20.0,30.0
4816,3,2.0,16.0,25.0
4816,4,3.0,8.0,22.0
4816,5,2.0,11.0,31.0
4816,6,0.0,7.0,23.0
4817,1,25.0,31.0,34.0
4817,2,6.0,18.0,26.0
4817,3,4.0,14.0,23.0
4817,4,2.0,16.0,22.0
4817,5,4.0,10.0,16.0
4817,6,0.0,3.0,21.0
4818,1,0.0,2.0,3.0
4818,2,0.0,0.0,4.0
4818,3,0.0,1.0,4.0
4818,4,2.0,4.0,10.0
4818,5,1.0,3.0,10.0
4818,6,0.0,0.0,14.0
4819,1,14.0,24.0,26.0
4819,2,4.0,13.0,23.0
4819,3,3.0,15.0,22.0
4819,4,0.0,10.0,23.0
4819,5,0.0,11.0,22.0
4819,6,0.0,6.0,29.0
4821,1,8.0,13.0,18.0
4821,2,4.0,14.0,29.0
4821,3,2.0,12.0,23.0
4821,4,2.0,16.0,28.0
4821,5,3.0,15.0,34.0
4821,6,0.0,6.0,19.0
4822,1,23.0,30.0,34.0
4822,2,6.0,23.0,31.0
4822,3,6.0,20.0,28.0
4822,4,0.0,15.0,30.0
4822,5,4.0,12.0,27.0
4822,6,0.0,6.0,29.0
4823,1,23.0,29.0,33.0
4823,2,8.0,24.0,28.0
4823,3,11.0,19.0,31.0
4823,4,7.0,17.0,26.0
4823,5,1.0,12.0,29.0
4823,6,2.0,13.0,24.0
4824,1,27.0,34.0,38.0
4824,2,8.0,20.0,33.0
4824,3,5.0,21.0,31.0
4824,4,1.0,11.0,27.0
4824,5,3.0,12.0,29.0
4824,6,1.0,9.0,30.0
4825,1,33.0,40.0,44.0
4825,2,9.0,25.0,32.0
4825,3,7.0,18.0,30.0
4825,4,9.0,21.0,26.0
4825,5,1.0,14.0,28.0
4825,6,0.0,10.0,28.0
4826,1,33.0,38.0,43.0
4826,2,2.0,23.0,30.0
4826,3,10.0,25.0,32.0
4826,4,5.0,12.0,24.0
4826,5,5.0,17.0,29.0
4826,6,1.0,11.0,32.0
4828,1,22.0,34.0,38.0
4828,2,5.0,18.0,27.0
4828,3,5.0,19.0,24.0
4828,4,4.0,16.0,26.0
4828,5,3.0,11.0,21.0
4828,6,2.0,10.0,31.0
4831,1,24.0,28.0,32.0
4831,2,5.0,19.0,26.0
4831,3,7.0,18.0,22.0
4831,4,2.0,16.0,24.0
4831,5,1.0,10.0,27.0
4831,6,1.0,7.0,19.0
4832,1,30.0,39.0,44.0
4832,2,10.0,22.0,33.0
4832,3,5.0,21.0,31.0
4832,4,6.0,21.0,33.0
4832,5,4.0,17.0,31.0
4832,6,0.0,10.0,24.0
4834,1,29.0,41.0,44.0
4834,2,4.0,16.0,34.0
4834,3,1.0,19.0,35.0
4834,4,4.0,19.0,36.0
4834,5,2.0,13.0,30.0
4834,6,0.0,6.0,33.0
4835,1,12.0,21.0,24.0
4835,2,3.0,18.0,28.0
4835,3,0.0,15.0,33.0
4835,4,1.0,13.0,30.0
4835,5,1.0,10.0,29.0
4835,6,0.0,6.0,25.0
4836,1,10.0,17.0,21.0
4836,2,7.0,16.0,26.0
4836,3,2.0,9.0,22.0
4836,4,3.0,13.0,21.0
4836,5,2.0,11.0,25.0
4836,6,1.0,6.0,19.0
4837,1,10.0,16.0,18.0
4837,2,1.0,11.0,20.0
4837,3,1.0,12.0,26.0
4837,4,0.0,11.0,23.0
4837,5,1.0,12.0,26.0
4837,6,0.0,2.0,20.0
4839,1,20.0,27.0,35.0
4839,2,8.0,23.0,31.0
4839,3,4.0,17.0,26.0
4839,4,5.0,16.0,32.0
4839,5,3.0,16.0,24.0
4839,6,0.0,10.0,24.0
4840,1,5.0,19.0,24.0
4840,2,3.0,14.0,29.0
4840,3,2.0,15.0,28.0
4840,4,4.0,11.0,33.0
4840,5,1.0,9.0,29.0
4840,6,0.0,7.0,23.0
4842,1,16.0,25.0,28.0
4842,2,4.0,14.0,24.0
4842,3,8.0,16.0,28.0
4842,4,2.0,15.0,27.0
4842,5,3.0,13.0,23.0
4842,6,2.0,9.0,27.0
4843,1,5.0,6.0,12.0
4843,2,0.0,3.0,18.0
4843,3,2.0,9.0,20.0
4843,4,4.0,7.0,16.0
4843,5,2.0,7.0,19.0
4843,6,2.0,6.0,19.0
4844,1,7.0,16.0,22.0
4844,2,2.0,18.0,34.0
4844,3,3.0,17.0,32.0
4844,4,5.0,10.0,30.0
4844,5,0.0,6.0,26.0
4844,6,0.0,1.0,18.0
4845,1,16.0,23.0,27.0
4845,2,9.0,16.0,23.0
4845,3,4.0,9.0,20.0
4845,4,5.0,17.0,23.0
4845,5,0.0,9.0,18.0
4845,6,1.0,7.0,23.0
4846,1,9.0,14.0,21.0
4846,2,0.0,10.0,27.0
4846,3,3.0,12.0,30.0
4846,4,3.0,12.0,26.0
4846,5,0.0,10.0,24.0
4846,6,0.0,2.0,23.0
4847,1,25.0,31.0,35.0
4847,2,7.0,21.0,27.0
4847,3,5.0,17.0,24.0
4847,4,3.0,13.0,23.0
4847,5,4.0,14.0,25.0
4847,6,0.0,10.0,22.0
4848,1,30.0,36.0,37.0
4848,2,3.0,19.0,28.0
4848,3,5.0,19.0,27.0
4848,4,2.0,14.0,24.0
4848,5,1.0,13.0,24.0
4848,6,0.0,4.0,23.0
4850,1,31.0,39.0,41.0
4850,2,5.0,14.0,26.0
4850,3,7.0,26.0,37.0
4850,4,5.0,15.0,34.0
4850,5,5.0,14.0,30.0
4850,6,2.0,8.0,30.0
4851,1,24.0,28.0,30.0
4851,2,8.0,18.0,28.0
4851,3,7.0,19.0,30.0
4851,4,4.0,15.0,24.0
4851,5,4.0,14.0,27.0
4851,6,1.0,11.0,24.0
4852,1,40.0,50.0,52.0
4852,2,13.0,29.0,34.0
4852,3,9.0,23.0,33.0
4852,4,7.0,16.0,27.0
4852,5,5.0,23.0,35.0
4852,6,1.0,13.0,30.0
4853,1,7.0,14.0,22.0
4853,2,0.0,9.0,24.0
4853,3,3.0,18.0,31.0
4853,4,2.0,4.0,22.0
4853,5,1.0,6.0,24.0
4853,6,0.0,1.0,24.0
4854,1,1.0,6.0,9.0
4854,2,0.0,5.0,14.0
4854,3,0.0,8.0,16.0
4854,4,0.0,5.0,15.0
4854,5,0.0,6.0,14.0
4854,6,0.0,2.0,16.0
4856,1,33.0,42.0,44.0
4856,2,7.0,26.0,37.0
4856,3,9.0,26.0,35.0
4856,4,7.0,16.0,31.0
4856,5,4.0,20.0,30.0
4856,6,2.0,18.0,38.0
4857,1,33.0,38.0,42.0
4857,2,7.0,29.0,37.0
4857,3,9.0,23.0,30.0
4857,4,9.0,24.0,29.0
4857,5,5.0,17.0,31.0
4857,6,1.0,11.0,28.0
4861,1,17.0,26.0,28.0
4861,2,4.0,17.0,30.0
4861,3,3.0,16.0,26.0
4861,4,1.0,15.0,33.0
4861,5,0.0,9.0,25.0
4861,6,0.0,9.0,23.0
4863,1,5.0,7.0,14.0
4863,2,1.0,12.0,18.0
4863,3,3.0,7.0,19.0
4863,4,1.0,7.0,20.0
4863,5,0.0,6.0,21.0
4863,6,0.0,3.0,19.0
4864,1,8.0,11.0,16.0
4864,2,2.0,9.0,20.0
4864,3,2.0,7.0,20.0
4864,4,0.0,6.0,19.0
4864,5,1.0,8.0,22.0
4864,6,0.0,0.0,18.0
4865,1,6.0,8.0,8.0
4865,2,0.0,3.0,10.0
4865,3,0.0,4.0,10.0
4865,4,0.0,2.0,9.0
4865,5,0.0,3.0,10.0
4865,6,0.0,3.0,11.0
4866,1,6.0,13.0,14.0
4866,2,2.0,8.0,22.0
4866,3,4.0,15.0,23.0
4866,4,0.0,7.0,20.0
4866,5,1.0,7.0,21.0
4866,6,0.0,2.0,19.0
4871,1,8.0,13.0,20.0
4871,2,2.0,11.0,24.0
4871,3,1.0,11.0,24.0
4871,4,2.0,6.0,19.0
4871,5,0.0,6.0,25.0
4871,6,1.0,4.0,21.0
4872,1,6.0,15.0,20.0
4872,2,1.0,12.0,29.0
4872,3,1.0,14.0,26.0
4872,4,2.0,10.0,26.0
4872,5,1.0,5.0,25.0
4872,6,0.0,2.0,26.0
4873,1,16.0,25.0,33.0
4873,2,5.0,15.0,35.0
4873,3,5.0,17.0,30.0
4873,4,1.0,11.0,32.0
4873,5,2.0,12.0,35.0
4873,6,0.0,5.0,30.0
4874,1,7.0,17.0,21.0
4874,2,4.0,14.0,23.0
4874,3,3.0,13.0,33.0
4874,4,3.0,9.0,21.0
4874,5,4.0,10.0,21.0
4874,6,0.0,5.0,21.0
4875,1,5.0,18.0,24.0
4875,2,4.0,18.0,26.0
4875,3,6.0,16.0,29.0
4875,4,4.0,12.0,28.0
4875,5,1.0,9.0,24.0
4875,6,0.0,3.0,23.0
4876,1,16.0,18.0,24.0
4876,2,1.0,14.0,27.0
4876,3,4.0,13.0,32.0
4876,4,2.0,17.0,32.0
4876,5,0.0,9.0,24.0
4876,6,0.0,3.0,24.0
4877,1,24.0,33.0,33.0
4877,2,8.0,19.0,24.0
4877,3,6.0,19.0,33.0
4877,4,4.0,15.0,28.0
4877,5,3.0,8.0,25.0
4877,6,0.0,5.0,23.0
4878,1,6.0,18.0,24.0
4878,2,3.0,15.0,26.0
4878,3,1.0,12.0,26.0
4878,4,4.0,9.0,29.0
4878,5,0.0,5.0,23.0
4878,6,0.0,1.0,20.0
4879,1,4.0,14.0,16.0
4879,2,5.0,19.0,27.0
4879,3,4.0,14.0,28.0
4879,4,1.0,6.0,23.0
4879,5,3.0,12.0,24.0
4879,6,0.0,5.0,19.0
4880,1,5.0,15.0,21.0
4880,2,3.0,15.0,29.0
4880,3,5.0,20.0,29.0
4880,4,3.0,19.0,29.0
4880,5,1.0,7.0,22.0
4880,6,0.0,7.0,19.0
4882,1,4.0,5.0,7.0
4882,2,0.0,4.0,11.0
4882,3,1.0,3.0,10.0
4882,4,0.0,1.0,9.0
4882,5,1.0,3.0,15.0
4882,6,0.0,0.0,12.0
4883,1,15.0,21.0,26.0
4883,2,6.0,17.0,26.0
4883,3,7.0,21.0,31.0
4883,4,7.0,13.0,27.0
4883,5,5.0,16.0,26.0
4883,6,0.0,3.0,23.0
4885,1,25.0,31.0,34.0
4885,2,6.0,20.0,26.0
4885,3,9.0,23.0,30.0
4885,4,5.0,15.0,17.0
4885,5,1.0,11.0,20.0
4885,6,0.0,4.0,17.0
4886,1,17.0,20.0,24.0
4886,2,3.0,14.0,27.0
4886,3,4.0,19.0,25.0
4886,4,0.0,12.0,24.0
4886,5,1.0,15.0,23.0
4886,6,1.0,14.0,28.0
4887,1,10.0,15.0,19.0
4887,2,3.0,13.0,24.0
4887,3,3.0,14.0,25.0
4887,4,5.0,13.0,23.0
4887,5,0.0,9.0,21.0
4887,6,0.0,4.0,21.0
4888,1,12.0,15.0,19.0
4888,2,5.0,18.0,26.0
4888,3,5.0,13.0,24.0
4888,4,1.0,11.0,25.0
4888,5,1.0,10.0,27.0
4888,6,1.0,5.0,19.0
4889,1,7.0,11.0,15.0
4889,2,2.0,10.0,16.0
4889,3,5.0,12.0,15.0
4889,4,2.0,4.0,13.0
4889,5,1.0,5.0,15.0
4889,6,0.0,3.0,18.0
4890,1,15.0,21.0,24.0
4890,2,6.0,19.0,30.0
4890,3,4.0,15.0,26.0
4890,4,5.0,19.0,25.0
4890,5,3.0,10.0,23.0
4890,6,0.0,7.0,23.0
4891,1,11.0,15.0,20.0
4891,2,6.0,17.0,24.0
4891,3,2.0,11.0,23.0
4891,4,1.0,6.0,23.0
4891,5,1.0,12.0,27.0
4891,6,0.0,5.0,18.0
4892,1,9.0,13.0,20.0
4892,2,7.0,19.0,27.0
4892,3,5.0,19.0,27.0
4892,4,1.0,11.0,25.0
4892,5,1.0,6.0,24.0
4892,6,0.0,8.0,20.0
4893,1,12.0,18.0,23.0
4893,2,5.0,16.0,25.0
4893,3,6.0,17.0,29.0
4893,4,3.0,11.0,24.0
4893,5,3.0,11.0,25.0
4893,6,0.0,1.0,21.0
4894,1,12.0,18.0,24.0
4894,2,1.0,19.0,29.0
4894,3,1.0,16.0,35.0
4894,4,5.0,15.0,36.0
4894,5,3.0,10.0,25.0
4894,6,0.0,5.0,23.0
4895,1,6.0,14.0,20.0
4895,2,3.0,12.0,22.0
4895,3,4.0,13.0,26.0
4895,4,2.0,11.0,24.0
4895,5,1.0,9.0,23.0
4895,6,0.0,6.0,19.0
4896,1,7.0,12.0,16.0
4896,2,2.0,9.0,24.0
4896,3,3.0,12.0,22.0
4896,4,0.0,7.0,25.0
4896,5,1.0,8.0,23.0
4896,6,0.0,4.0,18.0
4897,1,4.0,13.0,20.0
4897,2,4.0,15.0,28.0
4897,3,1.0,12.0,26.0
4897,4,0.0,3.0,22.0
4897,5,3.0,6.0,26.0
4897,6,0.0,1.0,20.0
4898,1,6.0,11.0,18.0
4898,2,2.0,10.0,23.0
4898,3,0.0,11.0,19.0
4898,4,4.0,16.0,23.0
4898,5,0.0,5.0,20.0
4898,6,2.0,7.0,27.0
4899,1,8.0,11.0,18.0
4899,2,4.0,10.0,24.0
4899,3,1.0,8.0,26.0
4899,4,3.0,13.0,24.0
4899,5,1.0,7.0,22.0
4899,6,0.0,4.0,19.0
4900,1,13.0,17.0,21.0
4900,2,3.0,12.0,27.0
4900,3,0.0,14.0,25.0
4900,4,2.0,9.0,22.0
4900,5,1.0,7.0,22.0
4900,6,0.0,5.0,24.0
4901,1,14.0,19.0,22.0
4901,2,3.0,13.0,22.0
4901,3,4.0,13.0,25.0
4901,4,1.0,14.0,28.0
4901,5,4.0,9.0,24.0
4901,6,1.0,6.0,20.0
4902,1,9.0,14.0,23.0
4902,2,1.0,14.0,28.0
4902,3,4.0,16.0,29.0
4902,4,2.0,10.0,25.0
4902,5,6.0,15.0,27.0
4902,6,1.0,5.0,23.0
4903,1,23.0,28.0,32.0
4903,2,8.0,18.0,24.0
4903,3,6.0,16.0,24.0
4903,4,8.0,14.0,28.0
4903,5,3.0,13.0,21.0
4903,6,2.0,9.0,25.0
4904,1,15.0,30.0,37.0
4904,2,1.0,15.0,32.0
4904,3,6.0,20.0,38.0
4904,4,1.0,13.0,32.0
4904,5,4.0,8.0,30.0
4904,6,0.0,8.0,33.0
4905,1,8.0,13.0,17.0
4905,2,5.0,18.0,26.0
4905,3,2.0,11.0,25.0
4905,4,0.0,10.0,29.0
4905,5,0.0,8.0,30.0
4905,6,0.0,2.0,17.0
4906,1,12.0,19.0,21.0
4906,2,5.0,13.0,24.0
4906,3,3.0,18.0,23.0
4906,4,2.0,10.0,23.0
4906,5,1.0,13.0,31.0
4906,6,0.0,4.0,15.0
4907,1,29.0,40.0,42.0
4907,2,5.0,20.0,29.0
4907,3,6.0,21.0,29.0
4907,4,4.0,20.0,30.0
4907,5,1.0,11.0,26.0
4907,6,3.0,10.0,32.0
4908,1,30.0,33.0,33.0
4908,2,5.0,20.0,30.0
4908,3,4.0,21.0,32.0
4908,4,2.0,18.0,28.0
4908,5,1.0,10.0,22.0
4908,6,2.0,12.0,29.0
4909,1,12.0,20.0,23.0
4909,2,4.0,16.0,28.0
4909,3,4.0,13.0,23.0
4909,4,1.0,7.0,21.0
4909,5,1.0,7.0,23.0
4909,6,0.0,3.0,26.0
4910,1,29.0,35.0,35.0
4910,2,4.0,25.0,32.0
4910,3,2.0,14.0,23.0
4910,4,3.0,13.0,29.0
4910,5,6.0,16.0,30.0
4910,6,2.0,8.0,25.0
4911,1,9.0,18.0,23.0
4911,2,1.0,14.0,26.0
4911,3,0.0,13.0,18.0
4911,4,1.0,6.0,24.0
4911,5,0.0,10.0,21.0
4911,6,0.0,10.0,20.0
4914,1,25.0,26.0,27.0
4914,2,5.0,22.0,31.0
4914,3,3.0,17.0,24.0
4914,4,5.0,13.0,28.0
4914,5,3.0,16.0,30.0
4914,6,1.0,9.0,24.0
4917,1,6.0,12.0,20.0
4917,2,3.0,12.0,23.0
4917,3,4.0,14.0,29.0
4917,4,0.0,8.0,29.0
4917,5,1.0,9.0,25.0
4917,6,1.0,4.0,22.0
4918,1,12.0,15.0,19.0
4918,2,1.0,13.0,25.0
4918,3,1.0,13.0,25.0
4918,4,1.0,14.0,31.0
4918,5,1.0,8.0,20.0
4918,6,0.0,6.0,21.0
4919,1,2.0,4.0,9.0
4919,2,1.0,8.0,20.0
4919,3,1.0,7.0,14.0
4919,4,1.0,12.0,23.0
4919,5,1.0,5.0,16.0
4919,6,0.0,1.0,14.0
4924,1,5.0,14.0,22.0
4924,2,1.0,14.0,32.0
4924,3,4.0,15.0,27.0
4924,4,1.0,10.0,29.0
4924,5,3.0,13.0,31.0
4924,6,0.0,1.0,20.0
4925,1,13.0,23.0,28.0
4925,2,2.0,17.0,25.0
4925,3,5.0,21.0,30.0
4925,4,2.0,17.0,30.0
4925,5,0.0,9.0,23.0
4925,6,0.0,6.0,26.0
4926,1,27.0,30.0,33.0
4926,2,9.0,22.0,25.0
4926,3,5.0,16.0,22.0
4926,4,8.0,18.0,21.0
4926,5,3.0,14.0,17.0
4926,6,5.0,9.0,22.0
4927,1,22.0,32.0,38.0
4927,2,7.0,23.0,34.0
4927,3,5.0,23.0,35.0
4927,4,5.0,19.0,30.0
4927,5,1.0,7.0,22.0
4927,6,0.0,8.0,29.0
4928,1,23.0,32.0,35.0
4928,2,3.0,17.0,30.0
4928,3,10.0,20.0,32.0
4928,4,6.0,15.0,25.0
4928,5,4.0,11.0,20.0
4928,6,1.0,11.0,28.0
4930,1,17.0,28.0,30.0
4930,2,6.0,18.0,28.0
4930,3,4.0,23.0,32.0
4930,4,6.0,18.0,31.0
4930,5,2.0,16.0,29.0
4930,6,1.0,7.0,28.0
4931,1,37.0,45.0,46.0
4931,2,5.0,21.0,31.0
4931,3,6.0,26.0,33.0
4931,4,2.0,17.0,31.0
4931,5,5.0,25.0,36.0
4931,6,1.0,13.0,29.0
4932,1,33.0,40.0,42.0
4932,2,10.0,23.0,28.0
4932,3,11.0,17.0,25.0
4932,4,6.0,19.0,28.0
4932,5,2.0,13.0,24.0
4932,6,2.0,11.0,27.0
4933,1,22.0,27.0,30.0
4933,2,4.0,17.0,27.0
4933,3,6.0,12.0,24.0
4933,4,4.0,15.0,25.0
4933,5,3.0,13.0,26.0
4933,6,1.0,9.0,27.0
4934,1,15.0,28.0,30.0
4934,2,6.0,17.0,30.0
4934,3,4.0,16.0,24.0
4934,4,2.0,15.0,29.0
4934,5,2.0,11.0,22.0
4934,6,1.0,5.0,29.0
4936,1,15.0,22.0,24.0
4936,2,6.0,16.0,23.0
4936,3,4.0,10.0,17.0
4936,4,2.0,14.0,22.0
4936,5,2.0,11.0,19.0
4936,6,0.0,9.0,28.0
4938,1,31.0,44.0,45.0
4938,2,11.0,26.0,37.0
4938,3,10.0,19.0,32.0
4938,4,6.0,18.0,32.0
4938,5,2.0,13.0,31.0
4938,6,0.0,10.0,29.0
4939,1,32.0,36.0,37.0
4939,2,6.0,19.0,28.0
4939,3,6.0,16.0,24.0
4939,4,5.0,16.0,29.0
4939,5,6.0,15.0,27.0
4939,6,2.0,9.0,28.0
4940,1,5.0,7.0,8.0
4940,2,0.0,5.0,9.0
4940,3,0.0,3.0,12.0
4940,4,0.0,4.0,10.0
4940,5,0.0,4.0,10.0
4940,6,0.0,3.0,8.0
4941,1,8.0,18.0,22.0
4941,2,6.0,19.0,31.0
4941,3,5.0,17.0,29.0
4941,4,2.0,6.0,27.0
4941,5,4.0,8.0,23.0
4941,6,0.0,5.0,18.0
4942,1,16.0,26.0,34.0
4942,2,2.0,16.0,27.0
4942,3,4.0,18.0,25.0
4942,4,4.0,15.0,22.0
4942,5,2.0,13.0,24.0
4942,6,2.0,9.0,27.0
4943,1,8.0,14.0,19.0
4943,2,4.0,12.0,24.0
4943,3,1.0,9.0,25.0
4943,4,2.0,5.0,24.0
4943,5,1.0,5.0,23.0
4943,6,0.0,3.0,17.0
4944,1,4.0,8.0,16.0
4944,2,4.0,8.0,25.0
4944,3,4.0,12.0,26.0
4944,4,4.0,8.0,24.0
4944,5,1.0,8.0,21.0
4944,6,0.0,6.0,21.0
4945,1,1.0,4.0,12.0
4945,2,1.0,7.0,19.0
4945,3,4.0,14.0,34.0
4945,4,2.0,14.0,26.0
4945,5,1.0,7.0,29.0
4945,6,0.0,4.0,20.0
4947,1,7.0,12.0,18.0
4947,2,2.0,15.0,25.0
4947,3,1.0,10.0,27.0
4947,4,1.0,9.0,21.0
4947,5,0.0,11.0,22.0
4947,6,0.0,2.0,18.0
4948,1,13.0,22.0,24.0
4948,2,3.0,19.0,31.0
4948,3,8.0,24.0,31.0
4948,4,4.0,11.0,30.0
4948,5,2.0,7.0,29.0
4948,6,0.0,5.0,20.0
4949,1,20.0,32.0,37.0
4949,2,5.0,14.0,23.0
4949,3,2.0,12.0,26.0
4949,4,3.0,16.0,28.0
4949,5,1.0,13.0,25.0
4949,6,2.0,5.0,25.0
4950,1,31.0,37.0,40.0
4950,2,5.0,21.0,30.0
4950,3,6.0,19.0,28.0
4950,4,7.0,19.0,30.0
4950,5,4.0,18.0,38.0
4950,6,0.0,6.0,28.0
4951,1,11.0,17.0,23.0
4951,2,4.0,13.0,25.0
4951,3,3.0,19.0,24.0
4951,4,2.0,11.0,24.0
4951,5,1.0,10.0,23.0
4951,6,1.0,4.0,22.0
4952,1,8.0,15.0,16.0
4952,2,1.0,12.0,24.0
4952,3,1.0,7.0,21.0
4952,4,0.0,7.0,24.0
4952,5,0.0,3.0,23.0
4952,6,0.0,0.0,16.0
4953,1,34.0,38.0,41.0
4953,2,8.0,22.0,35.0
4953,3,8.0,23.0,35.0
4953,4,6.0,21.0,29.0
4953,5,3.0,17.0,29.0
4953,6,2.0,8.0,29.0
4954,1,2.0,4.0,6.0
4954,2,0.0,6.0,17.0
4954,3,0.0,6.0,12.0
4954,4,2.0,10.0,18.0
4954,5,0.0,9.0,27.0
4954,6,2.0,10.0,30.0
4956,1,3.0,5.0,8.0
4956,2,0.0,5.0,11.0
4956,3,0.0,4.0,12.0
4956,4,1.0,2.0,9.0
4956,5,1.0,3.0,11.0
4956,6,0.0,0.0,6.0
4957,1,17.0,24.0,25.0
4957,2,3.0,16.0,31.0
4957,3,4.0,18.0,31.0
4957,4,2.0,19.0,30.0
4957,5,0.0,9.0,29.0
4957,6,1.0,6.0,24.0
4958,1,24.0,36.0,42.0
4958,2,8.0,26.0,35.0
4958,3,3.0,20.0,30.0
4958,4,9.0,26.0,34.0
4958,5,1.0,17.0,28.0
4958,6,0.0,10.0,33.0
4959,1,31.0,33.0,36.0
4959,2,9.0,24.0,35.0
4959,3,7.0,22.0,32.0
4959,4,7.0,22.0,28.0
4959,5,3.0,16.0,27.0
4959,6,0.0,10.0,30.0
4960,1,40.0,46.0,47.0
4960,2,11.0,24.0,29.0
4960,3,7.0,23.0,36.0
4960,4,11.0,18.0,24.0
4960,5,5.0,16.0,32.0
4960,6,2.0,13.0,28.0
4961,1,26.0,36.0,38.0
4961,2,4.0,15.0,28.0
4961,3,5.0,16.0,23.0
4961,4,3.0,15.0,30.0
4961,5,1.0,6.0,24.0
4961,6,1.0,10.0,28.0
4962,1,21.0,28.0,32.0
4962,2,3.0,19.0,34.0
4962,3,5.0,15.0,28.0
4962,4,4.0,17.0,30.0
4962,5,3.0,11.0,30.0
4962,6,0.0,4.0,23.0
4963,1,23.0,28.0,31.0
4963,2,5.0,19.0,26.0
4963,3,5.0,15.0,26.0
4963,4,3.0,15.0,29.0
4963,5,0.0,6.0,20.0
4963,6,0.0,6.0,24.0
4964,1,18.0,26.0,30.0
4964,2,4.0,16.0,27.0
4964,3,6.0,15.0,26.0
4964,4,3.0,19.0,31.0
4964,5,1.0,13.0,29.0
4964,6,1.0,6.0,25.0
4965,1,4.0,15.0,18.0
4965,2,1.0,12.0,27.0
4965,3,4.0,17.0,30.0
4965,4,1.0,7.0,21.0
4965,5,1.0,7.0,26.0
4965,6,0.0,1.0,21.0
4966,1,15.0,22.0,29.0
4966,2,3.0,18.0,28.0
4966,3,6.0,13.0,27.0
4966,4,3.0,12.0,25.0
4966,5,3.0,11.0,27.0
4966,6,0.0,5.0,26.0
4967,1,28.0,36.0,42.0
4967,2,4.0,22.0,32.0
4967,3,8.0,19.0,26.0
4967,4,5.0,20.0,32.0
4967,5,1.0,11.0,29.0
4967,6,1.0,16.0,30.0
4969,1,10.0,14.0,18.0
4969,2,3.0,20.0,28.0
4969,3,0.0,17.0,28.0
4969,4,1.0,9.0,25.0
4969,5,0.0,8.0,26.0
4969,6,0.0,1.0,20.0
4973,1,15.0,22.0,26.0
4973,2,2.0,16.0,28.0
4973,3,3.0,10.0,22.0
4973,4,2.0,11.0,26.0
4973,5,0.0,12.0,24.0
4973,6,0.0,4.0,21.0
4974,1,13.0,22.0,31.0
4974,2,5.0,17.0,31.0
4974,3,5.0,20.0,32.0
4974,4,8.0,22.0,32.0
4974,5,3.0,8.0,26.0
4974,6,0.0,3.0,25.0
4976,1,7.0,20.0,23.0
4976,2,4.0,15.0,29.0
4976,3,3.0,15.0,30.0
4976,4,0.0,11.0,22.0
4976,5,2.0,9.0,27.0
4976,6,0.0,6.0,18.0
4977,1,16.0,20.0,26.0
4977,2,2.0,17.0,24.0
4977,3,4.0,16.0,27.0
4977,4,5.0,15.0,24.0
4977,5,1.0,15.0,25.0
4977,6,0.0,7.0,17.0
4978,1,15.0,21.0,27.0
4978,2,3.0,17.0,28.0
4978,3,1.0,15.0,30.0
4978,4,2.0,14.0,23.0
4978,5,1.0,9.0,29.0
4978,6,0.0,8.0,26.0
4979,1,16.0,24.0,30.0
4979,2,2.0,10.0,30.0
4979,3,0.0,14.0,28.0
4979,4,5.0,21.0,33.0
4979,5,0.0,6.0,25.0
4979,6,0.0,5.0,26.0
4980,1,30.0,36.0,37.0
4980,2,6.0,18.0,32.0
4980,3,4.0,18.0,26.0
4980,4,7.0,13.0,28.0
4980,5,4.0,14.0,28.0
4980,6,2.0,13.0,32.0
4981,1,8.0,12.0,17.0
4981,2,3.0,15.0,23.0
4981,3,5.0,17.0,26.0
4981,4,2.0,12.0,27.0
4981,5,2.0,9.0,23.0
4981,6,0.0,2.0,22.0
4982,1,9.0,16.0,17.0
4982,2,2.0,13.0,22.0
4982,3,0.0,12.0,21.0
4982,4,2.0,9.0,21.0
4982,5,1.0,13.0,22.0
4982,6,2.0,3.0,17.0
4983,1,30.0,40.0,45.0
4983,2,7.0,24.0,35.0
4983,3,5.0,20.0,29.0
4983,4,9.0,22.0,30.0
4983,5,2.0,12.0,27.0
4983,6,1.0,14.0,31.0
4984,1,8.0,12.0,24.0
4984,2,1.0,14.0,23.0
4984,3,4.0,12.0,27.0
4984,4,3.0,12.0,25.0
4984,5,0.0,10.0,23.0
4984,6,2.0,11.0,29.0
4985,1,34.0,42.0,44.0
4985,2,6.0,19.0,29.0
4985,3,11.0,28.0,37.0
4985,4,2.0,13.0,28.0
4985,5,3.0,12.0,30.0
4985,6,1.0,7.0,28.0
4987,1,8.0,11.0,17.0
4987,2,1.0,5.0,20.0
4987,3,4.0,10.0,26.0
4987,4,0.0,2.0,23.0
4987,5,0.0,2.0,20.0
4987,6,0.0,3.0,21.0
4988,1,13.0,15.0,18.0
4988,2,2.0,17.0,27.0
4988,3,4.0,14.0,24.0
4988,4,2.0,9.0,25.0
4988,5,1.0,5.0,25.0
4988,6,1.0,1.0,22.0
4989,1,18.0,22.0,27.0
4989,2,7.0,17.0,26.0
4989,3,8.0,25.0,30.0
4989,4,3.0,15.0,30.0
4989,5,2.0,8.0,23.0
4989,6,0.0,5.0,25.0
4990,1,2.0,5.0,7.0
4990,2,0.0,3.0,12.0
4990,3,1.0,3.0,15.0
4990,4,0.0,3.0,12.0
4990,5,0.0,2.0,12.0
4990,6,1.0,1.0,8.0
4991,1,26.0,34.0,35.0
4991,2,5.0,21.0,29.0
4991,3,4.0,15.0,25.0
4991,4,2.0,13.0,27.0
4991,5,0.0,9.0,19.0
4991,6,0.0,8.0,23.0
4992,1,15.0,18.0,21.0
4992,2,5.0,16.0,27.0
4992,3,3.0,13.0,26.0
4992,4,7.0,15.0,28.0
4992,5,0.0,9.0,26.0
4992,6,0.0,2.0,19.0
4994,1,24.0,37.0,43.0
4994,2,8.0,23.0,34.0
4994,3,4.0,25.0,30.0
4994,4,6.0,18.0,29.0
4994,5,0.0,9.0,28.0
4994,6,1.0,9.0,30.0
4995,1,6.0,13.0,18.0
4995,2,3.0,15.0,25.0
4995,3,1.0,7.0,19.0
4995,4,0.0,8.0,26.0
4995,5,1.0,9.0,24.0
4995,6,0.0,3.0,19.0
4997,1,2.0,7.0,8.0
4997,2,0.0,6.0,12.0
4997,3,0.0,2.0,15.0
4997,4,1.0,2.0,16.0
4997,5,0.0,1.0,11.0
4997,6,0.0,0.0,10.0
4998,1,6.0,8.0,13.0
4998,2,1.0,9.0,15.0
4998,3,3.0,8.0,20.0
4998,4,0.0,6.0,21.0
4998,5,2.0,9.0,20.0
4998,6,1.0,4.0,13.0
5000,1,10.0,15.0,18.0
5000,2,0.0,13.0,24.0
5000,3,3.0,11.0,24.0
5000,4,3.0,8.0,25.0
5000,5,2.0,10.0,24.0
5000,6,0.0,6.0,23.0
5002,1,19.0,27.0,33.0
5002,2,8.0,21.0,29.0
5002,3,2.0,17.0,23.0
5002,4,1.0,12.0,24.0
5002,5,3.0,13.0,27.0
5002,6,1.0,10.0,31.0
5003,1,11.0,16.0,22.0
5003,2,2.0,20.0,35.0
5003,3,5.0,15.0,33.0
5003,4,5.0,17.0,29.0
5003,5,4.0,8.0,28.0
5003,6,1.0,3.0,19.0
5004,1,17.0,24.0,28.0
5004,2,5.0,21.0,34.0
5004,3,5.0,21.0,33.0
5004,4,3.0,15.0,34.0
5004,5,2.0,8.0,29.0
5004,6,1.0,10.0,28.0
5005,1,15.0,28.0,30.0
5005,2,4.0,14.0,25.0
5005,3,7.0,15.0,28.0
5005,4,4.0,16.0,27.0
5005,5,7.0,21.0,31.0
5005,6,2.0,9.0,20.0
5006,1,2.0,5.0,17.0
5006,2,1.0,7.0,29.0
5006,3,2.0,14.0,31.0
5006,4,1.0,4.0,26.0
5006,5,0.0,6.0,30.0
5006,6,0.0,0.0,17.0
5007,1,10.0,15.0,19.0
5007,2,3.0,11.0,22.0
5007,3,2.0,12.0,24.0
5007,4,2.0,7.0,18.0
5007,5,0.0,10.0,28.0
5007,6,0.0,3.0,16.0
5008,1,8.0,11.0,16.0
5008,2,2.0,10.0,22.0
5008,3,1.0,8.0,25.0
5008,4,3.0,10.0,26.0
5008,5,2.0,7.0,20.0
5008,6,0.0,6.0,19.0
5009,1,12.0,17.0,21.0
5009,2,4.0,13.0,26.0
5009,3,3.0,12.0,24.0
5009,4,3.0,14.0,23.0
5009,5,0.0,7.0,24.0
5009,6,1.0,5.0,27.0
5010,1,21.0,33.0,36.0
5010,2,6.0,24.0,35.0
5010,3,1.0,17.0,24.0
5010,4,4.0,13.0,32.0
5010,5,0.0,13.0,30.0
5010,6,0.0,4.0,26.0
5011,1,8.0,15.0,18.0
5011,2,2.0,10.0,27.0
5011,3,1.0,10.0,26.0
5011,4,0.0,5.0,22.0
5011,5,1.0,5.0,27.0
5011,6,0.0,3.0,22.0
5012,1,7.0,19.0,25.0
5012,2,1.0,10.0,23.0
5012,3,3.0,15.0,25.0
5012,4,1.0,9.0,23.0
5012,5,1.0,9.0,20.0
5012,6,1.0,8.0,28.0
5013,1,16.0,22.0,27.0
5013,2,6.0,15.0,24.0
5013,3,4.0,14.0,32.0
5013,4,6.0,14.0,29.0
5013,5,0.0,10.0,21.0
5013,6,1.0,4.0,21.0
5014,1,5.0,10.0,15.0
5014,2,2.0,11.0,19.0
5014,3,0.0,10.0,24.0
5014,4,1.0,7.0,19.0
5014,5,2.0,9.0,25.0
5014,6,0.0,2.0,17.0
5015,1,37.0,40.0,41.0
5015,2,9.0,23.0,31.0
5015,3,4.0,28.0,31.0
5015,4,5.0,20.0,32.0
5015,5,2.0,12.0,23.0
5015,6,0.0,6.0,24.0
5016,1,34.0,36.0,38.0
5016,2,8.0,25.0,28.0
5016,3,7.0,20.0,28.0
5016,4,2.0,17.0,25.0
5016,5,2.0,9.0,24.0
5016,6,2.0,13.0,31.0
5017,1,33.0,37.0,40.0
5017,2,6.0,20.0,32.0
5017,3,8.0,17.0,32.0
5017,4,7.0,20.0,35.0
5017,5,6.0,14.0,29.0
5017,6,0.0,7.0,30.0
5018,1,44.0,50.0,53.0
5018,2,9.0,27.0,39.0
5018,3,3.0,31.0,40.0
5018,4,5.0,21.0,37.0
5018,5,1.0,15.0,29.0
5018,6,0.0,16.0,33.0
5019,1,4.0,11.0,14.0
5019,2,1.0,8.0,15.0
5019,3,0.0,9.0,15.0
5019,4,2.0,5.0,12.0
5019,5,1.0,4.0,14.0
5019,6,0.0,2.0,13.0
5020,1,10.0,15.0,19.0
5020,2,5.0,14.0,29.0
5020,3,1.0,10.0,21.0
5020,4,4.0,13.0,27.0
5020,5,1.0,11.0,22.0
5020,6,0.0,3.0,22.0
5022,1,4.0,8.0,15.0
5022,2,3.0,12.0,26.0
5022,3,1.0,9.0,22.0
5022,4,2.0,9.0,22.0
5022,5,0.0,8.0,27.0
5022,6,0.0,2.0,14.0
5023,1,15.0,20.0,23.0
5023,2,7.0,19.0,28.0
5023,3,3.0,15.0,24.0
5023,4,3.0,16.0,24.0
5023,5,3.0,11.0,24.0
5023,6,0.0,10.0,24.0
5026,1,27.0,32.0,36.0
5026,2,5.0,23.0,31.0
5026,3,5.0,18.0,28.0
5026,4,1.0,17.0,26.0
5026,5,2.0,10.0,27.0
5026,6,1.0,8.0,23.0
5027,1,4.0,8.0,13.0
5027,2,0.0,8.0,18.0
5027,3,0.0,9.0,20.0
5027,4,2.0,8.0,23.0
5027,5,3.0,8.0,17.0
5027,6,0.0,5.0,17.0
5028,1,34.0,41.0,41.0
5028,2,9.0,29.0,33.0
5028,3,5.0,17.0,31.0
5028,4,3.0,14.0,26.0
5028,5,0.0,14.0,28.0
5028,6,2.0,7.0,28.0
5029,1,29.0,36.0,40.0
5029,2,10.0,26.0,33.0
5029,3,7.0,22.0,32.0
5029,4,8.0,25.0,33.0
5029,5,3.0,15.0,25.0
5029,6,0.0,6.0,27.0
5031,1,11.0,16.0,19.0
5031,2,3.0,19.0,29.0
5031,3,2.0,14.0,28.0
5031,4,2.0,14.0,24.0
5031,5,1.0,7.0,25.0
5031,6,0.0,2.0,23.0
5032,1,13.0,22.0,27.0
5032,2,6.0,22.0,29.0
5032,3,5.0,18.0,35.0
5032,4,4.0,12.0,37.0
5032,5,2.0,9.0,30.0
5032,6,0.0,5.0,24.0
5033,1,5.0,11.0,15.0
5033,2,1.0,14.0,24.0
5033,3,3.0,13.0,28.0
5033,4,1.0,10.0,23.0
5033,5,0.0,3.0,20.0
5033,6,1.0,3.0,18.0
5034,1,37.0,46.0,50.0
5034,2,2.0,12.0,32.0
5034,3,19.0,30.0,39.0
5034,4,9.0,22.0,33.0
5034,5,3.0,16.0,33.0
5034,6,2.0,17.0,31.0
5035,1,15.0,25.0,26.0
5035,2,4.0,18.0,33.0
5035,3,7.0,19.0,30.0
5035,4,2.0,17.0,29.0
5035,5,3.0,18.0,36.0
5035,6,1.0,5.0,22.0
5036,1,10.0,21.0,24.0
5036,2,1.0,20.0,29.0
5036,3,5.0,19.0,31.0
5036,4,7.0,13.0,34.0
5036,5,1.0,15.0,30.0
5036,6,3.0,9.0,24.0
5037,1,8.0,11.0,17.0
5037,2,10.0,18.0,24.0
5037,3,4.0,16.0,23.0
5037,4,3.0,18.0,25.0
5037,5,2.0,9.0,26.0
5037,6,0.0,7.0,22.0
5038,1,21.0,31.0,32.0
5038,2,8.0,23.0,32.0
5038,3,6.0,16.0,26.0
5038,4,5.0,14.0,22.0
5038,5,2.0,9.0,29.0
5038,6,4.0,6.0,22.0
5039,1,9.0,16.0,23.0
5039,2,2.0,10.0,22.0
5039,3,2.0,6.0,20.0
5039,4,3.0,12.0,28.0
5039,5,1.0,7.0,21.0
5039,6,0.0,2.0,29.0
5041,1,6.0,10.0,15.0
5041,2,2.0,6.0,17.0
5041,3,5.0,15.0,23.0
5041,4,4.0,6.0,20.0
5041,5,0.0,3.0,21.0
5041,6,0.0,2.0,17.0
5042,1,22.0,25.0,28.0
5042,2,5.0,15.0,25.0
5042,3,3.0,13.0,20.0
5042,4,2.0,19.0,26.0
5042,5,2.0,15.0,29.0
5042,6,2.0,6.0,22.0
5043,1,31.0,41.0,42.0
5043,2,6.0,20.0,33.0
5043,3,7.0,19.0,27.0
5043,4,3.0,17.0,24.0
5043,5,5.0,16.0,32.0
5043,6,2.0,16.0,35.0
5044,1,9.0,9.0,15.0
5044,2,2.0,10.0,22.0
5044,3,2.0,9.0,22.0
5044,4,1.0,7.0,21.0
5044,5,0.0,6.0,23.0
5044,6,0.0,4.0,17.0
5045,1,18.0,29.0,35.0
5045,2,10.0,24.0,30.0
5045,3,8.0,19.0,25.0
5045,4,4.0,22.0,32.0
5045,5,0.0,14.0,25.0
5045,6,2.0,12.0,27.0
5046,1,3.0,7.0,17.0
5046,2,2.0,9.0,20.0
5046,3,3.0,9.0,19.0
5046,4,1.0,7.0,26.0
5046,5,1.0,2.0,20.0
5046,6,0.0,7.0,23.0
5047,1,12.0,21.0,22.0
5047,2,6.0,20.0,24.0
5047,3,6.0,20.0,30.0
5047,4,2.0,12.0,26.0
5047,5,2.0,11.0,24.0
5047,6,0.0,7.0,21.0
5048,1,6.0,12.0,15.0
5048,2,1.0,7.0,20.0
5048,3,2.0,13.0,23.0
5048,4,2.0,9.0,24.0
5048,5,3.0,9.0,21.0
5048,6,0.0,5.0,23.0
5049,1,13.0,19.0,20.0
5049,2,8.0,10.0,16.0
5049,3,4.0,13.0,19.0
5049,4,2.0,8.0,15.0
5049,5,2.0,11.0,16.0
5049,6,1.0,5.0,20.0
5050,1,16.0,24.0,26.0
5050,2,5.0,11.0,25.0
5050,3,7.0,23.0,31.0
5050,4,3.0,14.0,24.0
5050,5,6.0,12.0,22.0
5050,6,0.0,7.0,21.0
5051,1,28.0,35.0,36.0
5051,2,4.0,23.0,33.0
5051,3,4.0,20.0,27.0
5051,4,2.0,15.0,25.0
5051,5,3.0,15.0,21.0
5051,6,1.0,12.0,28.0
5052,1,5.0,10.0,13.0
5052,2,0.0,11.0,20.0
5052,3,3.0,10.0,20.0
5052,4,3.0,5.0,17.0
5052,5,0.0,2.0,15.0
5052,6,0.0,1.0,13.0
5053,1,6.0,13.0,15.0
5053,2,0.0,5.0,19.0
5053,3,0.0,5.0,18.0
5053,4,1.0,4.0,21.0
5053,5,0.0,6.0,22.0
5053,6,0.0,3.0,21.0
5054,1,24.0,27.0,28.0
5054,2,2.0,12.0,22.0
5054,3,3.0,18.0,23.0
5054,4,1.0,17.0,27.0
5054,5,1.0,14.0,22.0
5054,6,1.0,8.0,19.0
5055,1,21.0,28.0,31.0
5055,2,6.0,20.0,26.0
5055,3,1.0,11.0,25.0
5055,4,6.0,14.0,27.0
5055,5,4.0,12.0,25.0
5055,6,1.0,8.0,25.0
5056,1,3.0,4.0,6.0
5056,2,2.0,2.0,6.0
5056,3,0.0,2.0,4.0
5056,4,0.0,4.0,6.0
5056,5,0.0,2.0,4.0
5056,6,0.0,1.0,7.0
5057,1,19.0,22.0,25.0
5057,2,4.0,17.0,26.0
5057,3,7.0,20.0,31.0
5057,4,3.0,11.0,28.0
5057,5,2.0,8.0,24.0
5057,6,1.0,4.0,22.0
5058,1,33.0,34.0,34.0
5058,2,6.0,21.0,33.0
5058,3,8.0,22.0,31.0
5058,4,5.0,16.0,31.0
5058,5,3.0,11.0,28.0
5058,6,1.0,11.0,28.0
5060,1,18.0,21.0,27.0
5060,2,6.0,19.0,27.0
5060,3,6.0,20.0,30.0
5060,4,4.0,14.0,24.0
5060,5,1.0,10.0,27.0
5060,6,2.0,7.0,27.0
5061,1,2.0,4.0,12.0
5061,2,0.0,7.0,20.0
5061,3,0.0,3.0,16.0
5061,4,1.0,5.0,17.0
5061,5,0.0,4.0,18.0
5061,6,0.0,1.0,14.0
5063,1,11.0,15.0,18.0
5063,2,2.0,13.0,22.0
5063,3,5.0,13.0,23.0
5063,4,1.0,9.0,23.0
5063,5,1.0,7.0,25.0
5063,6,0.0,2.0,17.0
5064,1,29.0,36.0,40.0
5064,2,5.0,22.0,31.0
5064,3,5.0,16.0,30.0
5064,4,6.0,23.0,31.0
5064,5,2.0,16.0,27.0
5064,6,1.0,10.0,32.0
5065,1,11.0,19.0,19.0
5065,2,1.0,16.0,24.0
5065,3,1.0,12.0,20.0
5065,4,3.0,8.0,22.0
5065,5,4.0,8.0,22.0
5065,6,0.0,4.0,21.0
5066,1,24.0,31.0,37.0
5066,2,11.0,23.0,32.0
5066,3,8.0,22.0,34.0
5066,4,9.0,25.0,32.0
5066,5,5.0,23.0,34.0
5066,6,2.0,8.0,24.0
5067,1,10.0,14.0,19.0
5067,2,3.0,16.0,27.0
5067,3,3.0,9.0,24.0
5067,4,5.0,12.0,26.0
5067,5,2.0,15.0,26.0
5067,6,1.0,6.0,16.0
5068,1,38.0,44.0,44.0
5068,2,8.0,20.0,29.0
5068,3,12.0,22.0,29.0
5068,4,7.0,17.0,25.0
5068,5,2.0,11.0,20.0
5068,6,2.0,10.0,24.0
5069,1,6.0,14.0,19.0
5069,2,4.0,16.0,28.0
5069,3,5.0,18.0,27.0
5069,4,1.0,7.0,22.0
5069,5,1.0,11.0,24.0
5069,6,0.0,0.0,18.0
5070,1,4.0,9.0,14.0
5070,2,0.0,8.0,22.0
5070,3,1.0,8.0,23.0
5070,4,2.0,11.0,24.0
5070,5,0.0,7.0,19.0
5070,6,0.0,2.0,15.0
5071,1,3.0,13.0,16.0
5071,2,1.0,7.0,19.0
5071,3,3.0,16.0,23.0
5071,4,1.0,9.0,25.0
5071,5,1.0,5.0,20.0
5071,6,1.0,4.0,21.0
5072,1,0.0,1.0,5.0
5072,2,0.0,1.0,6.0
5072,3,0.0,0.0,6.0
5072,4,0.0,0.0,4.0
5072,5,0.0,2.0,5.0
5072,6,0.0,0.0,5.0
5073,1,20.0,26.0,33.0
5073,2,3.0,19.0,35.0
5073,3,1.0,13.0,30.0
5073,4,4.0,11.0,24.0
5073,5,0.0,6.0,30.0
5073,6,0.0,9.0,27.0
5074,1,10.0,13.0,20.0
5074,2,1.0,10.0,22.0
5074,3,0.0,4.0,21.0
5074,4,1.0,7.0,23.0
5074,5,2.0,14.0,28.0
5074,6,0.0,1.0,23.0
5075,1,11.0,26.0,31.0
5075,2,3.0,20.0,27.0
5075,3,4.0,17.0,34.0
5075,4,12.0,20.0,36.0
5075,5,6.0,17.0,24.0
5075,6,1.0,12.0,32.0
5076,1,11.0,15.0,20.0
5076,2,5.0,24.0,36.0
5076,3,9.0,21.0,34.0
5076,4,2.0,15.0,32.0
5076,5,1.0,10.0,29.0
5076,6,0.0,3.0,22.0
5077,1,1.0,5.0,11.0
5077,2,1.0,5.0,15.0
5077,3,0.0,6.0,17.0
5077,4,3.0,10.0,18.0
5077,5,1.0,4.0,19.0
5077,6,0.0,1.0,12.0
5078,1,13.0,19.0,21.0
5078,2,0.0,17.0,28.0
5078,3,1.0,13.0,24.0
5078,4,1.0,6.0,24.0
5078,5,0.0,7.0,22.0
5078,6,0.0,2.0,25.0
5079,1,10.0,18.0,22.0
5079,2,4.0,15.0,24.0
5079,3,2.0,15.0,28.0
5079,4,2.0,10.0,24.0
5079,5,0.0,7.0,22.0
5079,6,1.0,3.0,26.0
5081,1,17.0,21.0,26.0
5081,2,5.0,15.0,23.0
5081,3,2.0,14.0,16.0
5081,4,5.0,16.0,27.0
5081,5,0.0,11.0,17.0
5081,6,0.0,5.0,22.0
5082,1,14.0,19.0,21.0
5082,2,1.0,19.0,37.0
5082,3,2.0,16.0,32.0
5082,4,6.0,21.0,35.0
5082,5,0.0,11.0,28.0
5082,6,1.0,7.0,26.0
5083,1,7.0,11.0,17.0
5083,2,1.0,4.0,17.0
5083,3,3.0,11.0,22.0
5083,4,1.0,7.0,15.0
5083,5,1.0,6.0,17.0
5083,6,1.0,3.0,17.0
5084,1,21.0,28.0,29.0
5084,2,4.0,16.0,19.0
5084,3,4.0,17.0,21.0
5084,4,2.0,8.0,16.0
5084,5,2.0,6.0,16.0
5084,6,0.0,8.0,24.0
5085,1,10.0,19.0,28.0
5085,2,4.0,14.0,24.0
5085,3,6.0,21.0,34.0
5085,4,4.0,11.0,24.0
5085,5,1.0,7.0,26.0
5085,6,0.0,5.0,22.0
5086,1,12.0,14.0,19.0
5086,2,0.0,3.0,18.0
5086,3,2.0,9.0,20.0
5086,4,1.0,7.0,21.0
5086,5,0.0,4.0,23.0
5086,6,0.0,5.0,19.0
5087,1,22.0,31.0,32.0
5087,2,7.0,22.0,31.0
5087,3,10.0,24.0,31.0
5087,4,5.0,19.0,34.0
5087,5,4.0,15.0,21.0
5087,6,1.0,9.0,30.0
5088,1,33.0,45.0,51.0
5088,2,11.0,20.0,31.0
5088,3,9.0,23.0,35.0
5088,4,5.0,20.0,32.0
5088,5,4.0,14.0,35.0
5088,6,3.0,15.0,29.0
5089,1,31.0,38.0,40.0
5089,2,7.0,21.0,26.0
5089,3,5.0,26.0,30.0
5089,4,3.0,15.0,22.0
5089,5,0.0,15.0,23.0
5089,6,1.0,8.0,23.0
5090,1,8.0,15.0,17.0
5090,2,5.0,10.0,16.0
5090,3,4.0,11.0,18.0
5090,4,1.0,9.0,19.0
5090,5,4.0,11.0,15.0
5090,6,0.0,6.0,25.0
5091,1,12.0,17.0,18.0
5091,2,3.0,14.0,19.0
5091,3,7.0,18.0,22.0
5091,4,3.0,10.0,19.0
5091,5,4.0,8.0,20.0
5091,6,0.0,5.0,18.0
5092,1,24.0,26.0,32.0
5092,2,5.0,16.0,24.0
5092,3,5.0,12.0,24.0
5092,4,5.0,15.0,21.0
5092,5,0.0,11.0,22.0
5092,6,1.0,9.0,26.0
5093,1,9.0,15.0,17.0
5093,2,3.0,9.0,19.0
5093,3,0.0,8.0,18.0
5093,4,1.0,8.0,18.0
5093,5,1.0,6.0,20.0
5093,6,0.0,3.0,24.0
5095,1,22.0,28.0,30.0
5095,2,6.0,18.0,24.0
5095,3,1.0,16.0,30.0
5095,4,3.0,14.0,25.0
5095,5,1.0,9.0,23.0
5095,6,0.0,13.0,22.0
5096,1,14.0,22.0,24.0
5096,2,4.0,17.0,28.0
5096,3,3.0,15.0,28.0
5096,4,8.0,19.0,30.0
5096,5,2.0,17.0,30.0
5096,6,0.0,3.0,22.0
5098,1,7.0,15.0,20.0
5098,2,4.0,21.0,26.0
5098,3,5.0,17.0,28.0
5098,4,6.0,17.0,23.0
5098,5,0.0,8.0,30.0
5098,6,0.0,4.0,19.0
5100,1,4.0,10.0,15.0
5100,2,2.0,9.0,18.0
5100,3,4.0,11.0,21.0
5100,4,2.0,5.0,18.0
5100,5,2.0,7.0,17.0
5100,6,0.0,3.0,22.0
5101,1,1.0,2.0,10.0
5101,2,2.0,9.0,19.0
5101,3,1.0,3.0,16.0
5101,4,0.0,7.0,21.0
5101,5,0.0,8.0,21.0
5101,6,0.0,1.0,12.0
5102,1,11.0,11.0,14.0
5102,2,4.0,14.0,26.0
5102,3,7.0,20.0,27.0
5102,4,0.0,9.0,21.0
5102,5,0.0,13.0,25.0
5102,6,1.0,5.0,19.0
5103,1,3.0,7.0,12.0
5103,2,1.0,5.0,12.0
5103,3,1.0,8.0,14.0
5103,4,2.0,5.0,14.0
5103,5,0.0,6.0,17.0
5103,6,0.0,1.0,21.0
5104,1,17.0,19.0,22.0
5104,2,5.0,10.0,15.0
5104,3,5.0,11.0,18.0
5104,4,1.0,11.0,17.0
5104,5,1.0,6.0,20.0
5104,6,1.0,5.0,23.0
5105,1,8.0,11.0,20.0
5105,2,1.0,17.0,32.0
5105,3,3.0,10.0,27.0
5105,4,1.0,10.0,30.0
5105,5,2.0,11.0,32.0
5105,6,0.0,1.0,20.0
5106,1,13.0,24.0,27.0
5106,2,3.0,18.0,29.0
5106,3,3.0,10.0,19.0
5106,4,4.0,19.0,25.0
5106,5,0.0,8.0,27.0
5106,6,0.0,5.0,22.0
5107,1,6.0,10.0,15.0
5107,2,2.0,12.0,20.0
5107,3,2.0,14.0,24.0
5107,4,1.0,7.0,19.0
5107,5,0.0,5.0,16.0
5107,6,1.0,4.0,18.0
5108,1,3.0,5.0,11.0
5108,2,0.0,2.0,18.0
5108,3,0.0,1.0,14.0
5108,4,0.0,3.0,12.0
5108,5,0.0,2.0,13.0
5108,6,0.0,1.0,12.0
5109,1,8.0,19.0,24.0
5109,2,5.0,21.0,32.0
5109,3,4.0,18.0,33.0
5109,4,1.0,10.0,25.0
5109,5,1.0,12.0,29.0
5109,6,0.0,4.0,28.0
5110,1,9.0,15.0,20.0
5110,2,4.0,17.0,27.0
5110,3,4.0,12.0,23.0
5110,4,0.0,9.0,20.0
5110,5,2.0,8.0,22.0
5110,6,1.0,7.0,21.0
5111,1,14.0,20.0,21.0
5111,2,9.0,20.0,27.0
5111,3,2.0,16.0,22.0
5111,4,5.0,15.0,24.0
5111,5,2.0,10.0,24.0
5111,6,1.0,6.0,19.0
5112,1,31.0,35.0,37.0
5112,2,8.0,27.0,36.0
5112,3,7.0,21.0,32.0
5112,4,4.0,20.0,30.0
5112,5,3.0,16.0,26.0
5112,6,1.0,9.0,26.0
5113,1,3.0,6.0,6.0
5113,2,1.0,5.0,10.0
5113,3,0.0,1.0,5.0
5113,4,0.0,1.0,7.0
5113,5,0.0,1.0,8.0
5113,6,0.0,0.0,6.0
5114,1,20.0,28.0,32.0
5114,2,4.0,21.0,32.0
5114,3,3.0,24.0,37.0
5114,4,3.0,11.0,27.0
5114,5,3.0,14.0,29.0
5114,6,1.0,5.0,25.0
5115,1,10.0,20.0,22.0
5115,2,7.0,17.0,24.0
5115,3,5.0,17.0,28.0
5115,4,6.0,16.0,27.0
5115,5,3.0,8.0,22.0
5115,6,0.0,4.0,22.0
5117,1,6.0,10.0,13.0
5117,2,1.0,11.0,20.0
5117,3,2.0,12.0,22.0
5117,4,3.0,9.0,20.0
5117,5,2.0,7.0,16.0
5117,6,0.0,0.0,15.0
5118,1,7.0,12.0,14.0
5118,2,0.0,13.0,15.0
5118,3,3.0,8.0,15.0
5118,4,0.0,5.0,9.0
5118,5,1.0,6.0,12.0
5118,6,0.0,4.0,13.0
5120,1,10.0,15.0,16.0
5120,2,4.0,13.0,20.0
5120,3,3.0,10.0,17.0
5120,4,0.0,2.0,16.0
5120,5,0.0,2.0,14.0
5120,6,0.0,5.0,23.0
5121,1,27.0,32.0,32.0
5121,2,4.0,19.0,27.0
5121,3,7.0,18.0,22.0
5121,4,5.0,13.0,27.0
5121,5,5.0,16.0,29.0
5121,6,1.0,8.0,20.0
5122,1,5.0,12.0,12.0
5122,2,2.0,8.0,17.0
5122,3,0.0,6.0,15.0
5122,4,3.0,7.0,19.0
5122,5,0.0,4.0,20.0
5122,6,0.0,2.0,14.0
5123,1,13.0,18.0,24.0
5123,2,2.0,14.0,24.0
5123,3,3.0,11.0,28.0
5123,4,1.0,10.0,27.0
5123,5,0.0,5.0,25.0
5123,6,0.0,3.0,24.0
5124,1,4.0,10.0,12.0
5124,2,0.0,11.0,27.0
5124,3,2.0,9.0,21.0
5124,4,3.0,11.0,22.0
5124,5,1.0,13.0,27.0
5124,6,0.0,0.0,13.0
5125,1,20.0,25.0,29.0
5125,2,3.0,16.0,24.0
5125,3,3.0,9.0,25.0
5125,4,2.0,12.0,23.0
5125,5,3.0,13.0,24.0
5125,6,0.0,9.0,28.0
5126,1,25.0,29.0,34.0
5126,2,5.0,16.0,26.0
5126,3,9.0,17.0,25.0
5126,4,13.0,21.0,26.0
5126,5,4.0,12.0,24.0
5126,6,0.0,11.0,25.0
5127,1,7.0,13.0,19.0
5127,2,2.0,14.0,26.0
5127,3,2.0,15.0,30.0
5127,4,1.0,9.0,24.0
5127,5,0.0,9.0,23.0
5127,6,0.0,4.0,19.0
5128,1,2.0,8.0,13.0
5128,2,4.0,11.0,22.0
5128,3,3.0,15.0,23.0
5128,4,1.0,13.0,23.0
5128,5,0.0,7.0,18.0
5128,6,0.0,1.0,17.0
5129,1,20.0,32.0,37.0
5129,2,3.0,17.0,29.0
5129,3,4.0,18.0,28.0
5129,4,7.0,18.0,27.0
5129,5,1.0,11.0,23.0
5129,6,0.0,10.0,36.0
5130,1,8.0,15.0,22.0
5130,2,1.0,16.0,29.0
5130,3,0.0,14.0,36.0
5130,4,3.0,10.0,27.0
5130,5,2.0,17.0,31.0
5130,6,0.0,8.0,21.0
5131,1,3.0,5.0,14.0
5131,2,5.0,11.0,24.0
5131,3,0.0,13.0,27.0
5131,4,2.0,10.0,28.0
5131,5,1.0,6.0,25.0
5131,6,0.0,2.0,14.0
5132,1,31.0,45.0,51.0
5132,2,8.0,23.0,31.0
5132,3,8.0,26.0,36.0
5132,4,11.0,26.0,31.0
5132,5,5.0,12.0,25.0
5132,6,0.0,13.0,30.0
5133,1,7.0,15.0,19.0
5133,2,1.0,9.0,20.0
5133,3,6.0,19.0,24.0
5133,4,2.0,5.0,18.0
5133,5,4.0,8.0,17.0
5133,6,0.0,6.0,16.0
5134,1,18.0,27.0,31.0
5134,2,5.0,21.0,29.0
5134,3,6.0,16.0,26.0
5134,4,2.0,14.0,27.0
5134,5,4.0,12.0,24.0
5134,6,0.0,12.0,26.0
5135,1,13.0,19.0,20.0
5135,2,1.0,11.0,17.0
5135,3,3.0,12.0,22.0
5135,4,1.0,9.0,15.0
5135,5,3.0,8.0,22.0
5135,6,0.0,7.0,30.0
5136,1,31.0,37.0,37.0
5136,2,10.0,24.0,41.0
5136,3,4.0,23.0,33.0
5136,4,4.0,18.0,29.0
5136,5,2.0,15.0,29.0
5136,6,0.0,8.0,28.0
5137,1,16.0,23.0,27.0
5137,2,3.0,15.0,26.0
5137,3,4.0,16.0,30.0
5137,4,2.0,14.0,23.0
5137,5,5.0,16.0,27.0
5137,6,0.0,7.0,27.0
5138,1,4.0,10.0,14.0
5138,2,0.0,6.0,17.0
5138,3,0.0,8.0,22.0
5138,4,0.0,6.0,17.0
5138,5,0.0,1.0,19.0
5138,6,1.0,3.0,13.0
5139,1,21.0,25.0,31.0
5139,2,8.0,22.0,29.0
5139,3,5.0,23.0,35.0
5139,4,6.0,15.0,24.0
5139,5,1.0,13.0,22.0
5139,6,2.0,7.0,21.0
5140,1,4.0,11.0,17.0
5140,2,1.0,10.0,17.0
5140,3,2.0,11.0,20.0
5140,4,1.0,8.0,17.0
5140,5,1.0,4.0,19.0
5140,6,0.0,4.0,17.0
5141,1,23.0,30.0,34.0
5141,2,3.0,18.0,28.0
5141,3,5.0,21.0,25.0
5141,4,5.0,14.0,24.0
5141,5,4.0,14.0,23.0
5141,6,2.0,10.0,27.0
5142,1,26.0,31.0,33.0
5142,2,8.0,26.0,30.0
5142,3,4.0,24.0,28.0
5142,4,4.0,20.0,27.0
5142,5,2.0,9.0,21.0
5142,6,1.0,8.0,27.0
5143,1,5.0,10.0,18.0
5143,2,0.0,11.0,32.0
5143,3,0.0,15.0,32.0
5143,4,2.0,14.0,30.0
5143,5,0.0,10.0,30.0
5143,6,0.0,3.0,17.0
5144,1,8.0,19.0,22.0
5144,2,2.0,14.0,30.0
5144,3,5.0,19.0,27.0
5144,4,1.0,13.0,23.0
5144,5,2.0,11.0,26.0
5144,6,0.0,2.0,23.0
5145,1,31.0,40.0,43.0
5145,2,7.0,27.0,41.0
5145,3,4.0,19.0,33.0
5145,4,8.0,19.0,27.0
5145,5,1.0,9.0,28.0
5145,6,0.0,8.0,35.0
5146,1,12.0,19.0,22.0
5146,2,5.0,21.0,27.0
5146,3,6.0,19.0,24.0
5146,4,1.0,9.0,25.0
5146,5,0.0,9.0,25.0
5146,6,0.0,3.0,18.0
5147,1,4.0,8.0,11.0
5147,2,1.0,6.0,17.0
5147,3,4.0,12.0,19.0
5147,4,2.0,7.0,15.0
5147,5,0.0,4.0,16.0
5147,6,0.0,2.0,12.0
5148,1,9.0,13.0,14.0
5148,2,3.0,15.0,23.0
5148,3,4.0,15.0,22.0
5148,4,1.0,13.0,24.0
5148,5,0.0,5.0,22.0
5148,6,0.0,3.0,17.0
5150,1,18.0,29.0,31.0
5150,2,6.0,16.0,25.0
5150,3,3.0,11.0,21.0
5150,4,7.0,14.0,26.0
5150,5,3.0,11.0,20.0
5150,6,2.0,12.0,27.0
5151,1,6.0,16.0,18.0
5151,2,3.0,13.0,30.0
5151,3,1.0,14.0,30.0
5151,4,1.0,6.0,28.0
5151,5,0.0,4.0,24.0
5151,6,2.0,5.0,17.0
5152,1,1.0,7.0,15.0
5152,2,1.0,10.0,23.0
5152,3,0.0,4.0,24.0
5152,4,0.0,0.0,19.0
5152,5,0.0,4.0,19.0
5152,6,0.0,2.0,16.0
5153,1,2.0,8.0,21.0
5153,2,0.0,13.0,30.0
5153,3,2.0,8.0,25.0
5153,4,0.0,9.0,26.0
5153,5,1.0,4.0,26.0
5153,6,0.0,5.0,20.0
5154,1,8.0,14.0,21.0
5154,2,6.0,18.0,33.0
5154,3,5.0,14.0,34.0
5154,4,2.0,11.0,25.0
5154,5,0.0,11.0,34.0
5154,6,1.0,4.0,23.0
5155,1,16.0,31.0,34.0
5155,2,5.0,16.0,26.0
5155,3,8.0,24.0,34.0
5155,4,5.0,16.0,27.0
5155,5,1.0,13.0,25.0
5155,6,1.0,12.0,29.0
5156,1,4.0,9.0,17.0
5156,2,1.0,9.0,26.0
5156,3,4.0,11.0,22.0
5156,4,3.0,9.0,19.0
5156,5,1.0,12.0,21.0
5156,6,0.0,4.0,19.0
5157,1,10.0,17.0,19.0
5157,2,4.0,12.0,30.0
5157,3,2.0,11.0,26.0
5157,4,3.0,11.0,26.0
5157,5,1.0,10.0,25.0
5157,6,1.0,3.0,22.0
5158,1,29.0,35.0,40.0
5158,2,8.0,19.0,31.0
5158,3,7.0,19.0,28.0
5158,4,10.0,19.0,31.0
5158,5,1.0,12.0,27.0
5158,6,1.0,13.0,27.0
5160,1,29.0,38.0,42.0
5160,2,6.0,24.0,41.0
5160,3,8.0,29.0,35.0
5160,4,2.0,15.0,32.0
5160,5,2.0,12.0,29.0
5160,6,0.0,4.0,33.0
5161,1,17.0,23.0,25.0
5161,2,1.0,13.0,22.0
5161,3,4.0,15.0,30.0
5161,4,6.0,18.0,27.0
5161,5,3.0,8.0,19.0
5161,6,0.0,7.0,22.0
5162,1,1.0,3.0,3.0
5162,2,0.0,2.0,5.0
5162,3,0.0,2.0,6.0
5162,4,0.0,1.0,2.0
5162,5,0.0,0.0,3.0
5162,6,0.0,1.0,3.0
5163,1,22.0,30.0,30.0
5163,2,3.0,15.0,22.0
5163,3,7.0,15.0,21.0
5163,4,4.0,16.0,26.0
5163,5,3.0,15.0,21.0
5163,6,2.0,11.0,27.0
5164,1,2.0,6.0,9.0
5164,2,1.0,7.0,16.0
5164,3,0.0,0.0,12.0
5164,4,0.0,1.0,8.0
5164,5,0.0,2.0,13.0
5164,6,0.0,0.0,8.0
5165,1,7.0,13.0,23.0
5165,2,4.0,14.0,27.0
5165,3,3.0,13.0,27.0
5165,4,3.0,11.0,25.0
5165,5,0.0,9.0,27.0
5165,6,0.0,4.0,22.0
5166,1,21.0,27.0,34.0
5166,2,6.0,14.0,21.0
5166,3,6.0,19.0,27.0
5166,4,1.0,14.0,24.0
5166,5,3.0,19.0,30.0
5166,6,1.0,6.0,24.0
5167,1,5.0,18.0,20.0
5167,2,7.0,21.0,28.0
5167,3,1.0,14.0,24.0
5167,4,3.0,10.0,22.0
5167,5,2.0,10.0,25.0
5167,6,0.0,3.0,18.0
5169,1,1.0,6.0,11.0
5169,2,2.0,7.0,18.0
5169,3,0.0,3.0,13.0
5169,4,1.0,6.0,15.0
5169,5,0.0,5.0,17.0
5169,6,0.0,1.0,10.0
5170,1,19.0,22.0,23.0
5170,2,3.0,15.0,28.0
5170,3,2.0,20.0,32.0
5170,4,1.0,13.0,28.0
5170,5,1.0,7.0,25.0
5170,6,1.0,7.0,18.0
5172,1,9.0,14.0,19.0
5172,2,3.0,12.0,22.0
5172,3,1.0,10.0,28.0
5172,4,3.0,15.0,26.0
5172,5,3.0,8.0,20.0
5172,6,1.0,6.0,25.0
5173,1,17.0,19.0,24.0
5173,2,9.0,17.0,25.0
5173,3,5.0,14.0,25.0
5173,4,0.0,9.0,22.0
5173,5,2.0,7.0,24.0
5173,6,0.0,1.0,24.0
5174,1,8.0,11.0,15.0
5174,2,2.0,10.0,18.0
5174,3,2.0,15.0,21.0
5174,4,1.0,10.0,22.0
5174,5,2.0,6.0,14.0
5174,6,0.0,2.0,14.0
5175,1,8.0,10.0,17.0
5175,2,3.0,9.0,21.0
5175,3,2.0,12.0,20.0
5175,4,0.0,12.0,24.0
5175,5,0.0,7.0,22.0
5175,6,1.0,4.0,13.0
5176,1,3.0,3.0,6.0
5176,2,2.0,7.0,14.0
5176,3,1.0,3.0,16.0
5176,4,0.0,3.0,10.0
5176,5,0.0,2.0,13.0
5176,6,0.0,0.0,5.0
5177,1,6.0,14.0,21.0
5177,2,5.0,18.0,38.0
5177,3,2.0,10.0,35.0
5177,4,0.0,13.0,32.0
5177,5,0.0,12.0,36.0
5177,6,0.0,2.0,22.0
5178,1,10.0,17.0,24.0
5178,2,1.0,14.0,35.0
5178,3,2.0,14.0,33.0
5178,4,1.0,11.0,30.0
5178,5,1.0,9.0,30.0
5178,6,0.0,2.0,24.0
5179,1,7.0,8.0,14.0
5179,2,1.0,6.0,14.0
5179,3,3.0,11.0,18.0
5179,4,2.0,7.0,20.0
5179,5,1.0,5.0,17.0
5179,6,0.0,3.0,17.0
5180,1,2.0,4.0,10.0
5180,2,1.0,7.0,17.0
5180,3,1.0,5.0,13.0
5180,4,2.0,6.0,22.0
5180,5,1.0,6.0,14.0
5180,6,1.0,4.0,16.0
5181,1,9.0,14.0,20.0
5181,2,1.0,12.0,22.0
5181,3,3.0,12.0,27.0
5181,4,3.0,11.0,22.0
5181,5,0.0,7.0,20.0
5181,6,0.0,8.0,21.0
5182,1,5.0,10.0,18.0
5182,2,2.0,14.0,27.0
5182,3,1.0,7.0,24.0
5182,4,3.0,9.0,17.0
5182,5,1.0,10.0,24.0
5182,6,0.0,5.0,24.0
5183,1,7.0,17.0,21.0
5183,2,2.0,13.0,20.0
5183,3,0.0,9.0,25.0
5183,4,3.0,11.0,22.0
5183,5,2.0,9.0,20.0
5183,6,0.0,4.0,22.0
5184,1,2.0,3.0,6.0
5184,2,2.0,5.0,12.0
5184,3,2.0,4.0,11.0
5184,4,0.0,2.0,11.0
5184,5,0.0,5.0,10.0
5184,6,0.0,0.0,6.0
5185,1,10.0,16.0,20.0
5185,2,6.0,12.0,26.0
5185,3,4.0,13.0,23.0
5185,4,4.0,10.0,17.0
5185,5,2.0,12.0,22.0
5185,6,0.0,7.0,27.0
5186,1,7.0,10.0,14.0
5186,2,3.0,14.0,24.0
5186,3,1.0,10.0,25.0
5186,4,1.0,6.0,22.0
5186,5,1.0,4.0,19.0
5186,6,0.0,3.0,17.0
5187,1,2.0,4.0,9.0
5187,2,0.0,6.0,14.0
5187,3,0.0,5.0,13.0
5187,4,0.0,3.0,14.0
5187,5,1.0,1.0,9.0
5187,6,0.0,1.0,9.0
5188,1,21.0,25.0,29.0
5188,2,8.0,16.0,23.0
5188,3,6.0,23.0,35.0
5188,4,5.0,16.0,28.0
5188,5,1.0,11.0,27.0
5188,6,1.0,4.0,23.0
5189,1,14.0,24.0,37.0
5189,2,6.0,22.0,34.0
5189,3,10.0,19.0,34.0
5189,4,2.0,15.0,31.0
5189,5,1.0,12.0,34.0
5189,6,0.0,8.0,31.0
5190,1,4.0,12.0,13.0
5190,2,2.0,13.0,24.0
5190,3,1.0,10.0,23.0
5190,4,4.0,11.0,25.0
5190,5,3.0,7.0,24.0
5190,6,0.0,4.0,20.0
5191,1,33.0,35.0,37.0
5191,2,9.0,27.0,38.0
5191,3,11.0,23.0,32.0
5191,4,8.0,23.0,32.0
5191,5,6.0,18.0,34.0
5191,6,1.0,13.0,29.0
5192,1,10.0,14.0,17.0
5192,2,4.0,12.0,18.0
5192,3,1.0,7.0,15.0
5192,4,0.0,8.0,18.0
5192,5,3.0,8.0,17.0
5192,6,1.0,3.0,22.0
5193,1,30.0,35.0,37.0
5193,2,8.0,22.0,30.0
5193,3,6.0,23.0,27.0
5193,4,1.0,12.0,28.0
5193,5,4.0,12.0,27.0
5193,6,1.0,6.0,28.0
5194,1,7.0,12.0,17.0
5194,2,4.0,12.0,24.0
5194,3,1.0,11.0,28.0
5194,4,3.0,12.0,26.0
5194,5,1.0,7.0,23.0
5194,6,1.0,2.0,22.0
5195,1,17.0,21.0,23.0
5195,2,4.0,18.0,28.0
5195,3,3.0,9.0,20.0
5195,4,3.0,11.0,23.0
5195,5,1.0,8.0,19.0
5195,6,0.0,4.0,24.0
5196,1,21.0,26.0,34.0
5196,2,5.0,17.0,26.0
5196,3,5.0,17.0,32.0
5196,4,4.0,15.0,26.0
5196,5,5.0,14.0,30.0
5196,6,3.0,9.0,23.0
5197,1,9.0,12.0,14.0
5197,2,6.0,11.0,15.0
5197,3,4.0,12.0,16.0
5197,4,3.0,6.0,15.0
5197,5,1.0,8.0,13.0
5197,6,0.0,7.0,20.0
5198,1,8.0,14.0,16.0
5198,2,5.0,15.0,24.0
5198,3,4.0,14.0,22.0
5198,4,3.0,9.0,24.0
5198,5,2.0,6.0,23.0
5198,6,0.0,4.0,15.0
5199,1,9.0,16.0,19.0
5199,2,4.0,17.0,30.0
5199,3,7.0,12.0,23.0
5199,4,1.0,6.0,25.0
5199,5,4.0,10.0,26.0
5199,6,1.0,5.0,21.0
5200,1,0.0,1.0,7.0
5200,2,0.0,0.0,11.0
5200,3,1.0,1.0,14.0
5200,4,0.0,2.0,15.0
5200,5,0.0,1.0,10.0
5200,6,0.0,0.0,11.0
5201,1,6.0,12.0,16.0
5201,2,3.0,11.0,13.0
5201,3,2.0,5.0,13.0
5201,4,5.0,9.0,17.0
5201,5,1.0,3.0,13.0
5201,6,0.0,7.0,17.0
5203,1,10.0,17.0,19.0
5203,2,4.0,14.0,25.0
5203,3,6.0,19.0,32.0
5203,4,0.0,10.0,26.0
5203,5,1.0,8.0,23.0
5203,6,0.0,4.0,19.0
5204,1,5.0,11.0,15.0
5204,2,3.0,13.0,24.0
5204,3,0.0,10.0,22.0
5204,4,3.0,8.0,23.0
5204,5,0.0,3.0,23.0
5204,6,0.0,4.0,18.0
5205,1,16.0,24.0,29.0
5205,2,5.0,21.0,30.0
5205,3,6.0,17.0,28.0
5205,4,3.0,19.0,30.0
5205,5,0.0,13.0,24.0
5205,6,1.0,9.0,30.0
5206,1,5.0,10.0,18.0
5206,2,1.0,10.0,27.0
5206,3,1.0,13.0,27.0
5206,4,1.0,9.0,22.0
5206,5,1.0,8.0,24.0
5206,6,0.0,2.0,20.0
5207,1,10.0,13.0,15.0
5207,2,1.0,9.0,22.0
5207,3,6.0,12.0,22.0
5207,4,2.0,7.0,23.0
5207,5,2.0,11.0,19.0
5207,6,1.0,4.0,19.0
5208,1,6.0,12.0,19.0
5208,2,2.0,12.0,25.0
5208,3,4.0,14.0,21.0
5208,4,0.0,9.0,25.0
5208,5,0.0,9.0,26.0
5208,6,1.0,4.0,21.0
5209,1,2.0,3.0,12.0
5209,2,1.0,8.0,21.0
5209,3,0.0,10.0,24.0
5209,4,1.0,10.0,23.0
5209,5,3.0,6.0,19.0
5209,6,0.0,1.0,21.0
5210,1,18.0,23.0,25.0
5210,2,4.0,18.0,29.0
5210,3,6.0,17.0,30.0
5210,4,2.0,17.0,31.0
5210,5,1.0,8.0,24.0
5210,6,0.0,6.0,30.0
5211,1,2.0,9.0,15.0
5211,2,0.0,9.0,25.0
5211,3,1.0,14.0,24.0
5211,4,2.0,8.0,23.0
5211,5,0.0,4.0,26.0
5211,6,0.0,5.0,19.0
5212,1,20.0,25.0,27.0
5212,2,6.0,26.0,34.0
5212,3,5.0,25.0,35.0
5212,4,6.0,20.0,33.0
5212,5,5.0,17.0,30.0
5212,6,0.0,5.0,26.0
5213,1,16.0,25.0,28.0
5213,2,3.0,16.0,28.0
5213,3,2.0,11.0,25.0
5213,4,2.0,14.0,26.0
5213,5,1.0,9.0,26.0
5213,6,0.0,3.0,27.0
5214,1,11.0,18.0,24.0
5214,2,2.0,17.0,35.0
5214,3,0.0,12.0,28.0
5214,4,6.0,11.0,24.0
5214,5,1.0,5.0,25.0
5214,6,0.0,4.0,24.0
5216,1,31.0,41.0,48.0
5216,2,6.0,27.0,35.0
5216,3,11.0,29.0,44.0
5216,4,3.0,22.0,36.0
5216,5,3.0,15.0,30.0
5216,6,0.0,11.0,31.0
5217,1,17.0,22.0,27.0
5217,2,4.0,21.0,27.0
5217,3,1.0,22.0,30.0
5217,4,5.0,9.0,20.0
5217,5,2.0,13.0,23.0
5217,6,2.0,7.0,32.0
5218,1,21.0,31.0,31.0
5218,2,6.0,13.0,25.0
5218,3,3.0,21.0,29.0
5218,4,8.0,20.0,30.0
5218,5,3.0,12.0,24.0
5218,6,0.0,7.0,24.0
5219,1,14.0,16.0,21.0
5219,2,7.0,13.0,28.0
5219,3,6.0,17.0,28.0
5219,4,1.0,11.0,23.0
5219,5,2.0,9.0,24.0
5219,6,0.0,5.0,21.0
5220,1,33.0,40.0,42.0
5220,2,6.0,20.0,29.0
5220,3,6.0,16.0,33.0
5220,4,8.0,19.0,28.0
5220,5,4.0,16.0,24.0
5220,6,2.0,10.0,27.0
5221,1,28.0,38.0,46.0
5221,2,9.0,24.0,32.0
5221,3,7.0,24.0,36.0
5221,4,5.0,21.0,33.0
5221,5,4.0,18.0,30.0
5221,6,1.0,8.0,25.0
5222,1,27.0,33.0,36.0
5222,2,5.0,30.0,35.0
5222,3,4.0,21.0,32.0
5222,4,5.0,23.0,28.0
5222,5,3.0,9.0,27.0
5222,6,0.0,5.0,27.0
5223,1,10.0,14.0,23.0
5223,2,6.0,20.0,34.0
5223,3,1.0,12.0,32.0
5223,4,6.0,15.0,27.0
5223,5,0.0,8.0,31.0
5223,6,0.0,7.0,31.0
5224,1,30.0,38.0,41.0
5224,2,10.0,22.0,32.0
5224,3,5.0,20.0,29.0
5224,4,4.0,22.0,30.0
5224,5,2.0,14.0,28.0
5224,6,1.0,16.0,31.0
5226,1,15.0,17.0,20.0
5226,2,4.0,13.0,20.0
5226,3,2.0,13.0,18.0
5226,4,3.0,8.0,17.0
5226,5,2.0,9.0,18.0
5226,6,0.0,4.0,16.0
5227,1,3.0,4.0,4.0
5227,2,0.0,1.0,6.0
5227,3,0.0,3.0,8.0
5227,4,1.0,5.0,9.0
5227,5,2.0,2.0,6.0
5227,6,0.0,1.0,6.0
5228,1,17.0,21.0,25.0
5228,2,7.0,16.0,28.0
5228,3,4.0,15.0,25.0
5228,4,2.0,14.0,25.0
5228,5,3.0,11.0,24.0
5228,6,1.0,12.0,26.0
5229,1,20.0,26.0,30.0
5229,2,1.0,15.0,29.0
5229,3,5.0,13.0,27.0
5229,4,4.0,10.0,26.0
5229,5,1.0,10.0,27.0
5229,6,0.0,8.0,28.0
5230,1,14.0,20.0,27.0
5230,2,3.0,15.0,31.0
5230,3,5.0,17.0,29.0
5230,4,2.0,12.0,32.0
5230,5,1.0,9.0,29.0
5230,6,0.0,5.0,26.0
5231,1,12.0,16.0,18.0
5231,2,4.0,16.0,22.0
5231,3,3.0,12.0,19.0
5231,4,5.0,11.0,16.0
5231,5,1.0,8.0,17.0
5231,6,0.0,3.0,18.0
5232,1,13.0,21.0,24.0
5232,2,2.0,13.0,24.0
5232,3,4.0,15.0,25.0
5232,4,2.0,8.0,25.0
5232,5,1.0,9.0,25.0
5232,6,0.0,6.0,26.0
5234,1,34.0,47.0,52.0
5234,2,7.0,25.0,34.0
5234,3,3.0,19.0,35.0
5234,4,8.0,25.0,31.0
5234,5,3.0,21.0,30.0
5234,6,0.0,13.0,37.0
5235,1,2.0,7.0,11.0
5235,2,1.0,4.0,14.0
5235,3,2.0,8.0,19.0
5235,4,0.0,5.0,15.0
5235,5,0.0,1.0,15.0
5235,6,0.0,1.0,12.0
5236,1,5.0,11.0,19.0
5236,2,0.0,12.0,31.0
5236,3,4.0,23.0,36.0
5236,4,5.0,13.0,32.0
5236,5,0.0,6.0,24.0
5236,6,0.0,4.0,23.0
5237,1,5.0,8.0,11.0
5237,2,2.0,9.0,14.0
5237,3,1.0,9.0,14.0
5237,4,2.0,7.0,18.0
5237,5,1.0,7.0,18.0
5237,6,0.0,5.0,18.0
5238,1,14.0,27.0,31.0
5238,2,5.0,15.0,26.0
5238,3,14.0,21.0,26.0
5238,4,2.0,13.0,25.0
5238,5,2.0,9.0,22.0
5238,6,1.0,4.0,30.0
5239,1,6.0,14.0,19.0
5239,2,6.0,17.0,23.0
5239,3,6.0,16.0,25.0
5239,4,1.0,11.0,22.0
5239,5,2.0,11.0,23.0
5239,6,0.0,9.0,26.0
5240,1,10.0,12.0,19.0
5240,2,3.0,18.0,26.0
5240,3,3.0,13.0,25.0
5240,4,1.0,6.0,22.0
5240,5,1.0,5.0,18.0
5240,6,0.0,5.0,27.0
5241,1,7.0,14.0,19.0
5241,2,4.0,16.0,25.0
5241,3,5.0,19.0,27.0
5241,4,0.0,6.0,24.0
5241,5,0.0,9.0,25.0
5241,6,0.0,4.0,20.0
5242,1,3.0,8.0,14.0
5242,2,2.0,9.0,25.0
5242,3,0.0,3.0,20.0
5242,4,1.0,6.0,18.0
5242,5,0.0,7.0,24.0
5242,6,0.0,2.0,22.0
5243,1,15.0,23.0,32.0
5243,2,6.0,19.0,26.0
5243,3,6.0,19.0,25.0
5243,4,5.0,17.0,25.0
5243,5,2.0,8.0,26.0
5243,6,2.0,8.0,28.0
5244,1,7.0,10.0,14.0
5244,2,1.0,5.0,22.0
5244,3,2.0,10.0,26.0
5244,4,3.0,10.0,23.0
5244,5,0.0,3.0,20.0
5244,6,0.0,1.0,18.0
5245,1,8.0,13.0,18.0
5245,2,4.0,13.0,27.0
5245,3,4.0,13.0,22.0
5245,4,4.0,11.0,22.0
5245,5,2.0,15.0,25.0
5245,6,0.0,8.0,21.0
5246,1,13.0,19.0,26.0
5246,2,4.0,15.0,29.0
5246,3,6.0,21.0,27.0
5246,4,3.0,13.0,26.0
5246,5,0.0,7.0,23.0
5246,6,1.0,10.0,29.0
5247,1,5.0,13.0,20.0
5247,2,1.0,19.0,33.0
5247,3,1.0,11.0,29.0
5247,4,1.0,17.0,27.0
5247,5,3.0,14.0,28.0
5247,6,1.0,7.0,25.0
5248,1,5.0,12.0,19.0
5248,2,2.0,14.0,23.0
5248,3,4.0,16.0,22.0
5248,4,2.0,7.0,26.0
5248,5,1.0,9.0,26.0
5248,6,0.0,6.0,20.0
5249,1,10.0,17.0,21.0
5249,2,3.0,19.0,27.0
5249,3,5.0,15.0,22.0
5249,4,0.0,9.0,23.0
5249,5,2.0,14.0,21.0
5249,6,1.0,6.0,24.0
5250,1,9.0,16.0,20.0
5250,2,0.0,12.0,30.0
5250,3,1.0,13.0,30.0
5250,4,1.0,9.0,28.0
5250,5,0.0,7.0,24.0
5250,6,0.0,3.0,19.0
5251,1,0.0,2.0,7.0
5251,2,0.0,4.0,13.0
5251,3,0.0,0.0,11.0
5251,4,1.0,1.0,7.0
5251,5,0.0,1.0,11.0
5251,6,0.0,0.0,11.0
5252,1,22.0,33.0,39.0
5252,2,8.0,28.0,42.0
5252,3,7.0,24.0,36.0
5252,4,3.0,18.0,30.0
5252,5,1.0,10.0,27.0
5252,6,1.0,8.0,28.0
5253,1,4.0,5.0,12.0
5253,2,0.0,8.0,16.0
5253,3,1.0,4.0,15.0
5253,4,2.0,6.0,18.0
5253,5,0.0,5.0,16.0
5253,6,0.0,4.0,16.0
5254,1,6.0,8.0,13.0
5254,2,1.0,9.0,22.0
5254,3,0.0,10.0,22.0
5254,4,1.0,8.0,20.0
5254,5,0.0,6.0,24.0
5254,6,0.0,3.0,18.0
5255,1,24.0,29.0,32.0
5255,2,5.0,21.0,29.0
5255,3,6.0,21.0,31.0
5255,4,4.0,18.0,27.0
5255,5,1.0,17.0,30.0
5255,6,1.0,13.0,25.0
5256,1,32.0,35.0,37.0
5256,2,3.0,16.0,25.0
5256,3,3.0,16.0,24.0
5256,4,5.0,10.0,25.0
5256,5,3.0,11.0,24.0
5256,6,0.0,5.0,24.0
5257,1,35.0,45.0,49.0
5257,2,8.0,32.0,43.0
5257,3,4.0,22.0,35.0
5257,4,5.0,16.0,31.0
5257,5,3.0,18.0,40.0
5257,6,1.0,9.0,34.0
5258,1,10.0,13.0,18.0
5258,2,3.0,8.0,24.0
5258,3,1.0,9.0,23.0
5258,4,3.0,8.0,25.0
5258,5,1.0,9.0,24.0
5258,6,0.0,5.0,18.0
5259,1,2.0,7.0,13.0
5259,2,0.0,3.0,19.0
5259,3,2.0,6.0,17.0
5259,4,1.0,7.0,21.0
5259,5,2.0,4.0,14.0
5259,6,0.0,1.0,12.0
5261,1,5.0,12.0,17.0
5261,2,2.0,11.0,28.0
5261,3,2.0,8.0,24.0
5261,4,2.0,9.0,24.0
5261,5,1.0,8.0,22.0
5261,6,1.0,2.0,15.0
5262,1,3.0,8.0,17.0
5262,2,2.0,10.0,18.0
5262,3,0.0,12.0,21.0
5262,4,1.0,3.0,20.0
5262,5,0.0,6.0,18.0
5262,6,0.0,2.0,19.0
5263,1,5.0,13.0,20.0
5263,2,3.0,12.0,29.0
5263,3,1.0,12.0,26.0
5263,4,3.0,9.0,25.0
5263,5,0.0,9.0,26.0
5263,6,0.0,3.0,20.0
5264,1,4.0,13.0,19.0
5264,2,6.0,21.0,29.0
5264,3,4.0,15.0,31.0
5264,4,4.0,10.0,25.0
5264,5,1.0,12.0,30.0
5264,6,1.0,3.0,23.0
5265,1,7.0,11.0,20.0
5265,2,0.0,11.0,29.0
5265,3,1.0,8.0,31.0
5265,4,3.0,14.0,30.0
5265,5,1.0,6.0,29.0
5265,6,0.0,0.0,24.0
5266,1,9.0,16.0,22.0
5266,2,0.0,14.0,27.0
5266,3,3.0,11.0,25.0
5266,4,1.0,10.0,28.0
5266,5,1.0,7.0,27.0
5266,6,0.0,5.0,16.0
5267,1,26.0,30.0,36.0
5267,2,17.0,30.0,37.0
5267,3,8.0,18.0,26.0
5267,4,7.0,19.0,29.0
5267,5,5.0,16.0,29.0
5267,6,1.0,6.0,31.0
5268,1,3.0,7.0,15.0
5268,2,0.0,9.0,24.0
5268,3,2.0,12.0,24.0
5268,4,2.0,5.0,22.0
5268,5,2.0,7.0,21.0
5268,6,0.0,1.0,17.0
5269,1,25.0,30.0,32.0
5269,2,7.0,15.0,26.0
5269,3,7.0,15.0,24.0
5269,4,6.0,16.0,31.0
5269,5,3.0,10.0,24.0
5269,6,2.0,8.0,26.0
5270,1,5.0,8.0,17.0
5270,2,2.0,18.0,25.0
5270,3,2.0,11.0,24.0
5270,4,2.0,10.0,23.0
5270,5,2.0,12.0,23.0
5270,6,0.0,3.0,23.0
5271,1,6.0,8.0,17.0
5271,2,2.0,12.0,27.0
5271,3,2.0,13.0,26.0
5271,4,0.0,5.0,18.0
5271,5,0.0,6.0,26.0
5271,6,0.0,3.0,19.0
5272,1,14.0,14.0,23.0
5272,2,3.0,20.0,27.0
5272,3,0.0,6.0,19.0
5272,4,1.0,5.0,21.0
5272,5,1.0,8.0,27.0
5272,6,0.0,5.0,20.0
5273,1,8.0,14.0,21.0
5273,2,2.0,12.0,30.0
5273,3,2.0,10.0,25.0
5273,4,1.0,5.0,27.0
5273,5,3.0,7.0,27.0
5273,6,0.0,0.0,23.0
5274,1,12.0,16.0,16.0
5274,2,5.0,12.0,17.0
5274,3,4.0,14.0,20.0
5274,4,1.0,7.0,16.0
5274,5,0.0,6.0,16.0
5274,6,0.0,2.0,18.0
5275,1,23.0,31.0,35.0
5275,2,14.0,29.0,36.0
5275,3,9.0,23.0,30.0
5275,4,8.0,18.0,29.0
5275,5,4.0,15.0,29.0
5275,6,1.0,9.0,27.0
5276,1,7.0,12.0,21.0
5276,2,3.0,14.0,26.0
5276,3,2.0,20.0,32.0
5276,4,3.0,12.0,27.0
5276,5,1.0,9.0,22.0
5276,6,0.0,3.0,22.0
5277,1,9.0,16.0,20.0
5277,2,3.0,17.0,24.0
5277,3,3.0,15.0,27.0
5277,4,4.0,17.0,30.0
5277,5,1.0,6.0,27.0
5277,6,0.0,6.0,22.0
5278,1,38.0,45.0,49.0
5278,2,7.0,22.0,31.0
5278,3,11.0,21.0,27.0
5278,4,6.0,15.0,29.0
5278,5,8.0,18.0,27.0
5278,6,6.0,17.0,30.0
5279,1,14.0,25.0,27.0
5279,2,6.0,20.0,32.0
5279,3,4.0,16.0,28.0
5279,4,4.0,12.0,22.0
5279,5,1.0,14.0,24.0
5279,6,1.0,6.0,20.0
5280,1,34.0,38.0,38.0
5280,2,11.0,35.0,45.0
5280,3,5.0,19.0,29.0
5280,4,6.0,21.0,27.0
5280,5,5.0,32.0,37.0
5280,6,0.0,10.0,29.0
5281,1,24.0,25.0,32.0
5281,2,9.0,15.0,24.0
5281,3,3.0,11.0,22.0
5281,4,3.0,10.0,25.0
5281,5,3.0,14.0,24.0
5281,6,0.0,8.0,26.0
5282,1,14.0,20.0,25.0
5282,2,4.0,16.0,31.0
5282,3,5.0,17.0,32.0
5282,4,1.0,9.0,32.0
5282,5,1.0,14.0,29.0
5282,6,0.0,9.0,23.0
5283,1,1.0,3.0,8.0
5283,2,0.0,2.0,17.0
5283,3,0.0,1.0,13.0
5283,4,0.0,3.0,16.0
5283,5,3.0,5.0,15.0
5283,6,0.0,0.0,14.0
5284,1,6.0,8.0,12.0
5284,2,1.0,8.0,25.0
5284,3,0.0,7.0,26.0
5284,4,1.0,8.0,24.0
5284,5,0.0,8.0,22.0
5284,6,0.0,0.0,17.0
5285,1,6.0,10.0,17.0
5285,2,0.0,4.0,21.0
5285,3,1.0,8.0,29.0
5285,4,0.0,8.0,26.0
5285,5,2.0,4.0,22.0
5285,6,0.0,5.0,23.0
5286,1,9.0,17.0,22.0
5286,2,4.0,18.0,33.0
5286,3,1.0,15.0,31.0
5286,4,2.0,10.0,29.0
5286,5,1.0,7.0,29.0
5286,6,0.0,5.0,22.0
5287,1,2.0,6.0,11.0
5287,2,0.0,3.0,19.0
5287,3,0.0,4.0,20.0
5287,4,3.0,6.0,17.0
5287,5,0.0,4.0,19.0
5287,6,0.0,3.0,20.0
5288,1,3.0,5.0,16.0
5288,2,2.0,10.0,22.0
5288,3,2.0,7.0,24.0
5288,4,2.0,7.0,20.0
5288,5,0.0,6.0,22.0
5288,6,1.0,4.0,18.0
5289,1,17.0,28.0,30.0
5289,2,3.0,19.0,25.0
5289,3,2.0,20.0,30.0
5289,4,4.0,16.0,33.0
5289,5,1.0,15.0,26.0
5289,6,1.0,9.0,24.0
5290,1,3.0,7.0,19.0
5290,2,1.0,5.0,22.0
5290,3,0.0,10.0,28.0
5290,4,2.0,12.0,28.0
5290,5,0.0,3.0,20.0
5290,6,0.0,0.0,13.0
5291,1,5.0,12.0,20.0
5291,2,2.0,19.0,33.0
5291,3,0.0,11.0,28.0
5291,4,1.0,9.0,36.0
5291,5,1.0,7.0,34.0
5291,6,0.0,7.0,25.0
5292,1,3.0,11.0,19.0
5292,2,5.0,11.0,31.0
5292,3,3.0,18.0,27.0
5292,4,3.0,10.0,26.0
5292,5,0.0,10.0,27.0
5292,6,1.0,3.0,17.0
5293,1,1.0,5.0,10.0
5293,2,1.0,7.0,20.0
5293,3,2.0,8.0,17.0
5293,4,3.0,8.0,18.0
5293,5,1.0,7.0,20.0
5293,6,0.0,0.0,12.0
5294,1,8.0,10.0,18.0
5294,2,2.0,8.0,27.0
5294,3,1.0,10.0,21.0
5294,4,3.0,9.0,23.0
5294,5,1.0,5.0,20.0
5294,6,0.0,1.0,21.0
5295,1,6.0,9.0,12.0
5295,2,1.0,5.0,15.0
5295,3,1.0,6.0,19.0
5295,4,4.0,5.0,17.0
5295,5,1.0,6.0,15.0
5295,6,2.0,7.0,23.0
5296,1,4.0,6.0,12.0
5296,2,2.0,6.0,20.0
5296,3,3.0,11.0,20.0
5296,4,2.0,6.0,20.0
5296,5,1.0,5.0,25.0
5296,6,0.0,0.0,15.0
5297,1,6.0,12.0,19.0
5297,2,0.0,11.0,30.0
5297,3,4.0,9.0,29.0
5297,4,1.0,6.0,27.0
5297,5,0.0,5.0,28.0
5297,6,0.0,2.0,16.0
5298,1,31.0,33.0,37.0
5298,2,5.0,22.0,27.0
5298,3,9.0,25.0,33.0
5298,4,10.0,22.0,32.0
5298,5,3.0,15.0,23.0
5298,6,0.0,8.0,32.0
5299,1,20.0,27.0,29.0
5299,2,6.0,19.0,28.0
5299,3,7.0,18.0,29.0
5299,4,8.0,22.0,35.0
5299,5,1.0,11.0,26.0
5299,6,0.0,10.0,28.0
5300,1,1.0,3.0,15.0
5300,2,0.0,3.0,20.0
5300,3,1.0,4.0,28.0
5300,4,0.0,1.0,26.0
5300,5,1.0,2.0,20.0
5300,6,0.0,1.0,16.0
5301,1,17.0,23.0,27.0
5301,2,3.0,18.0,33.0
5301,3,4.0,14.0,32.0
5301,4,3.0,9.0,21.0
5301,5,3.0,10.0,24.0
5301,6,0.0,3.0,27.0
5302,1,6.0,11.0,13.0
5302,2,1.0,6.0,20.0
5302,3,1.0,9.0,26.0
5302,4,0.0,6.0,20.0
5302,5,1.0,3.0,20.0
5302,6,0.0,2.0,21.0
5303,1,15.0,23.0,28.0
5303,2,4.0,13.0,25.0
5303,3,1.0,21.0,29.0
5303,4,3.0,14.0,26.0
5303,5,2.0,13.0,27.0
5303,6,0.0,10.0,25.0
5304,1,2.0,3.0,9.0
5304,2,0.0,4.0,10.0
5304,3,1.0,5.0,11.0
5304,4,0.0,3.0,15.0
5304,5,0.0,0.0,16.0
5304,6,0.0,1.0,15.0
5305,1,1.0,5.0,10.0
5305,2,0.0,3.0,22.0
5305,3,1.0,3.0,19.0
5305,4,1.0,3.0,20.0
5305,5,0.0,6.0,20.0
5305,6,0.0,0.0,14.0
5306,1,3.0,5.0,12.0
5306,2,0.0,2.0,17.0
5306,3,1.0,7.0,20.0
5306,4,0.0,3.0,19.0
5306,5,0.0,3.0,18.0
5306,6,0.0,1.0,16.0
5307,1,9.0,15.0,19.0
5307,2,3.0,17.0,32.0
5307,3,2.0,13.0,28.0
5307,4,2.0,8.0,24.0
5307,5,3.0,12.0,32.0
5307,6,2.0,5.0,21.0
5308,1,3.0,8.0,17.0
5308,2,4.0,21.0,32.0
5308,3,5.0,16.0,31.0
5308,4,1.0,7.0,29.0
5308,5,1.0,10.0,31.0
5308,6,0.0,4.0,23.0
5309,1,4.0,8.0,12.0
5309,2,0.0,6.0,24.0
5309,3,1.0,6.0,22.0
5309,4,2.0,2.0,19.0
5309,5,0.0,5.0,24.0
5309,6,0.0,1.0,15.0
5310,1,7.0,12.0,14.0
5310,2,1.0,10.0,19.0
5310,3,3.0,15.0,22.0
5310,4,2.0,7.0,18.0
5310,5,0.0,6.0,20.0
5310,6,0.0,5.0,21.0
5311,1,13.0,19.0,24.0
5311,2,6.0,16.0,28.0
5311,3,6.0,15.0,30.0
5311,4,2.0,16.0,26.0
5311,5,5.0,16.0,27.0
5311,6,0.0,3.0,19.0
5312,1,5.0,9.0,17.0
5312,2,3.0,11.0,27.0
5312,3,2.0,8.0,27.0
5312,4,0.0,3.0,25.0
5312,5,1.0,5.0,22.0
5312,6,0.0,3.0,24.0
5313,1,5.0,12.0,18.0
5313,2,6.0,17.0,26.0
5313,3,1.0,7.0,23.0
5313,4,1.0,6.0,23.0
5313,5,1.0,8.0,22.0
5313,6,0.0,6.0,21.0
5314,1,5.0,9.0,18.0
5314,2,2.0,10.0,27.0
5314,3,1.0,7.0,22.0
5314,4,0.0,6.0,23.0
5314,5,2.0,5.0,21.0
5314,6,0.0,1.0,21.0
5315,1,3.0,8.0,14.0
5315,2,1.0,5.0,22.0
5315,3,0.0,3.0,15.0
5315,4,2.0,3.0,18.0
5315,5,1.0,7.0,22.0
5315,6,1.0,2.0,27.0
5316,1,13.0,18.0,21.0
5316,2,2.0,15.0,27.0
5316,3,2.0,14.0,24.0
5316,4,3.0,14.0,24.0
5316,5,0.0,7.0,20.0
5316,6,0.0,6.0,22.0
5317,1,8.0,18.0,23.0
5317,2,1.0,15.0,32.0
5317,3,1.0,16.0,27.0
5317,4,1.0,11.0,32.0
5317,5,3.0,11.0,27.0
5317,6,0.0,6.0,22.0
5318,1,5.0,9.0,15.0
5318,2,0.0,7.0,26.0
5318,3,2.0,10.0,28.0
5318,4,2.0,6.0,25.0
5318,5,0.0,10.0,23.0
5318,6,0.0,3.0,18.0
5319,1,6.0,10.0,13.0
5319,2,3.0,9.0,13.0
5319,3,0.0,2.0,11.0
5319,4,1.0,5.0,11.0
5319,5,1.0,5.0,13.0
5319,6,0.0,3.0,15.0
5320,1,4.0,8.0,15.0
5320,2,0.0,2.0,23.0
5320,3,2.0,10.0,25.0
5320,4,1.0,5.0,27.0
5320,5,1.0,4.0,21.0
5320,6,0.0,3.0,22.0
5321,1,5.0,6.0,14.0
5321,2,5.0,11.0,27.0
5321,3,3.0,13.0,22.0
5321,4,3.0,9.0,18.0
5321,5,1.0,10.0,20.0
5321,6,0.0,7.0,14.0
5322,1,5.0,9.0,18.0
5322,2,3.0,11.0,25.0
5322,3,1.0,5.0,27.0
5322,4,2.0,3.0,21.0
5322,5,0.0,6.0,30.0
5322,6,2.0,3.0,20.0
5323,1,9.0,15.0,19.0
5323,2,2.0,11.0,23.0
5323,3,1.0,11.0,23.0
5323,4,2.0,10.0,23.0
5323,5,0.0,6.0,22.0
5323,6,0.0,2.0,20.0
5324,1,3.0,3.0,14.0
5324,2,0.0,3.0,20.0
5324,3,1.0,6.0,20.0
5324,4,0.0,4.0,21.0
5324,5,1.0,1.0,18.0
5324,6,0.0,1.0,17.0
5325,1,15.0,21.0,25.0
5325,2,4.0,20.0,29.0
5325,3,3.0,23.0,31.0
5325,4,1.0,12.0,25.0
5325,5,1.0,11.0,21.0
5325,6,0.0,6.0,29.0
5326,1,9.0,13.0,26.0
5326,2,5.0,19.0,34.0
5326,3,8.0,17.0,35.0
5326,4,2.0,15.0,28.0
5326,5,1.0,11.0,36.0
5326,6,2.0,8.0,26.0
5327,1,0.0,2.0,12.0
5327,2,0.0,1.0,21.0
5327,3,0.0,1.0,17.0
5327,4,2.0,3.0,19.0
5327,5,0.0,1.0,18.0
5327,6,0.0,0.0,15.0
5328,1,6.0,9.0,17.0
5328,2,2.0,10.0,26.0
5328,3,2.0,14.0,24.0
5328,4,2.0,9.0,24.0
5328,5,0.0,10.0,26.0
5328,6,0.0,3.0,17.0
5329,1,7.0,14.0,15.0
5329,2,0.0,11.0,26.0
5329,3,4.0,10.0,21.0
5329,4,3.0,9.0,17.0
5329,5,2.0,9.0,23.0
5329,6,1.0,5.0,19.0
5330,1,29.0,34.0,39.0
5330,2,7.0,28.0,35.0
5330,3,9.0,21.0,33.0
5330,4,5.0,23.0,32.0
5330,5,6.0,19.0,30.0
5330,6,1.0,11.0,29.0
5331,1,10.0,15.0,19.0
5331,2,3.0,9.0,24.0
5331,3,4.0,12.0,30.0
5331,4,7.0,13.0,24.0
5331,5,1.0,7.0,19.0
5331,6,0.0,3.0,17.0
5332,1,8.0,13.0,20.0
5332,2,1.0,10.0,23.0
5332,3,2.0,13.0,24.0
5332,4,2.0,5.0,21.0
5332,5,2.0,8.0,22.0
5332,6,2.0,5.0,28.0
5333,1,5.0,8.0,8.0
5333,2,1.0,3.0,19.0
5333,3,1.0,7.0,19.0
5333,4,0.0,2.0,13.0
5333,5,0.0,7.0,20.0
5333,6,0.0,2.0,8.0
5334,1,2.0,5.0,14.0
5334,2,1.0,8.0,20.0
5334,3,2.0,6.0,27.0
5334,4,1.0,4.0,23.0
5334,5,0.0,6.0,24.0
5334,6,0.0,3.0,23.0
5335,1,4.0,7.0,12.0
5335,2,0.0,6.0,21.0
5335,3,0.0,7.0,18.0
5335,4,1.0,4.0,20.0
5335,5,1.0,4.0,22.0
5335,6,0.0,1.0,29.0
5336,1,5.0,10.0,15.0
5336,2,0.0,11.0,26.0
5336,3,1.0,7.0,27.0
5336,4,1.0,4.0,20.0
5336,5,1.0,5.0,27.0
5336,6,0.0,0.0,19.0
5337,3,0.0,0.0,1.0
5337,4,2.0,24.0,47.0
5337,5,2.0,21.0,50.0
5337,6,1.0,14.0,49.0
5338,1,7.0,9.0,14.0
5338,2,1.0,14.0,21.0
5338,3,5.0,13.0,23.0
5338,4,2.0,12.0,31.0
5338,5,1.0,7.0,30.0
5338,6,0.0,5.0,26.0
5339,1,5.0,10.0,19.0
5339,2,7.0,17.0,22.0
5339,3,3.0,15.0,21.0
5339,4,3.0,10.0,20.0
5339,5,1.0,10.0,21.0
5339,6,2.0,5.0,15.0
5340,1,1.0,4.0,11.0
5340,2,3.0,10.0,20.0
5340,3,5.0,20.0,38.0
5340,4,3.0,16.0,31.0
5340,5,1.0,11.0,33.0
5340,6,0.0,6.0,28.0
5341,1,3.0,5.0,8.0
5341,2,0.0,2.0,10.0
5341,3,1.0,6.0,12.0
5341,4,2.0,5.0,24.0
5341,5,0.0,7.0,23.0
5341,6,0.0,2.0,27.0
5342,1,1.0,3.0,5.0
5342,2,0.0,1.0,13.0
5342,3,1.0,3.0,14.0
5342,4,1.0,3.0,25.0
5342,5,0.0,3.0,25.0
5342,6,0.0,1.0,22.0
5343,1,2.0,4.0,6.0
5343,2,1.0,7.0,16.0
5343,3,1.0,10.0,16.0
5343,4,0.0,12.0,41.0
5343,5,2.0,14.0,29.0
5343,6,0.0,5.0,30.0
5344,1,9.0,12.0,17.0
5344,2,3.0,12.0,23.0
5344,3,5.0,17.0,32.0
5344,4,6.0,14.0,22.0
5344,5,1.0,8.0,28.0
5344,6,1.0,6.0,21.0
5345,1,4.0,9.0,15.0
5345,2,0.0,6.0,23.0
5345,3,1.0,5.0,31.0
5345,4,2.0,8.0,37.0
5345,5,0.0,6.0,26.0
5345,6,0.0,2.0,29.0
5346,1,1.0,3.0,10.0
5346,2,1.0,5.0,12.0
5346,3,0.0,0.0,12.0
5346,4,0.0,6.0,28.0
5346,5,1.0,7.0,33.0
5346,6,0.0,1.0,31.0
5347,1,0.0,1.0,2.0
5347,2,0.0,0.0,1.0
5347,3,0.0,1.0,8.0
5347,4,0.0,3.0,33.0
5347,5,0.0,3.0,32.0
5347,6,0.0,2.0,37.0
5348,1,1.0,1.0,3.0
5348,2,0.0,1.0,3.0
5348,3,3.0,14.0,23.0
5348,4,6.0,22.0,39.0
5348,5,5.0,16.0,29.0
5348,6,0.0,7.0,34.0
5349,1,0.0,0.0,6.0
5349,2,0.0,1.0,7.0
5349,3,0.0,0.0,9.0
5349,4,0.0,0.0,29.0
5349,5,1.0,3.0,30.0
5349,6,0.0,0.0,30.0
5350,1,7.0,13.0,23.0
5350,2,1.0,13.0,24.0
5350,3,4.0,16.0,30.0
5350,4,1.0,11.0,26.0
5350,5,0.0,10.0,27.0
5350,6,2.0,11.0,23.0
5351,1,9.0,14.0,21.0
5351,2,3.0,18.0,31.0
5351,3,3.0,16.0,29.0
5351,4,3.0,9.0,23.0
5351,5,1.0,17.0,30.0
5351,6,0.0,5.0,25.0
5352,1,11.0,15.0,22.0
5352,2,5.0,18.0,34.0
5352,3,6.0,17.0,29.0
5352,4,2.0,12.0,31.0
5352,5,0.0,7.0,26.0
5352,6,0.0,6.0,21.0
5353,1,2.0,4.0,5.0
5353,2,1.0,4.0,11.0
5353,3,1.0,5.0,15.0
5353,4,3.0,7.0,25.0
5353,5,0.0,2.0,26.0
5353,6,0.0,3.0,32.0
5354,1,4.0,9.0,10.0
5354,2,1.0,7.0,15.0
5354,3,1.0,13.0,18.0
5354,4,1.0,16.0,35.0
5354,5,2.0,10.0,29.0
5354,6,0.0,4.0,32.0
5355,1,2.0,5.0,13.0
5355,2,1.0,5.0,23.0
5355,3,0.0,6.0,26.0
5355,4,1.0,4.0,19.0
5355,5,0.0,3.0,23.0
5355,6,0.0,1.0,22.0
5356,1,9.0,14.0,17.0
5356,2,4.0,9.0,21.0
5356,3,2.0,11.0,23.0
5356,4,1.0,4.0,13.0
5356,5,1.0,5.0,17.0
5356,6,0.0,8.0,23.0
5357,1,0.0,2.0,15.0
5357,2,3.0,5.0,19.0
5357,3,0.0,2.0,20.0
5357,4,5.0,7.0,18.0
5357,5,0.0,4.0,22.0
5357,6,0.0,0.0,27.0
5358,1,0.0,1.0,6.0
5358,2,0.0,4.0,11.0
5358,3,0.0,2.0,13.0
5358,4,1.0,5.0,18.0
5358,5,0.0,1.0,13.0
5358,6,0.0,3.0,25.0
5359,1,6.0,9.0,16.0
5359,2,6.0,11.0,22.0
5359,3,6.0,13.0,22.0
5359,4,0.0,5.0,21.0
5359,5,0.0,8.0,19.0
5359,6,0.0,7.0,20.0
5360,1,4.0,6.0,11.0
5360,2,0.0,5.0,17.0
5360,3,0.0,9.0,18.0
5360,4,0.0,4.0,20.0
5360,5,0.0,5.0,21.0
5360,6,0.0,3.0,26.0
5361,1,0.0,3.0,9.0
5361,2,0.0,4.0,13.0
5361,3,1.0,3.0,17.0
5361,4,2.0,8.0,29.0
5361,5,1.0,5.0,29.0
5361,6,0.0,2.0,25.0
5362,1,4.0,5.0,8.0
5362,2,0.0,7.0,15.0
5362,3,0.0,1.0,10.0
5362,4,2.0,5.0,24.0
5362,5,0.0,4.0,25.0
5362,6,0.0,1.0,31.0
5363,3,0.0,0.0,1.0
5363,4,0.0,0.0,1.0
5363,5,0.0,6.0,16.0
5363,6,0.0,1.0,33.0
5364,1,0.0,0.0,2.0
5364,2,0.0,1.0,4.0
5364,3,0.0,1.0,3.0
5364,4,1.0,8.0,43.0
5364,5,2.0,9.0,42.0
5364,6,0.0,3.0,49.0
5365,1,2.0,4.0,6.0
5365,2,1.0,1.0,13.0
5365,3,0.0,3.0,12.0
5365,4,1.0,6.0,27.0
5365,5,0.0,5.0,32.0
5365,6,1.0,5.0,36.0
5366,1,1.0,1.0,5.0
5366,2,0.0,3.0,10.0
5366,3,0.0,0.0,9.0
5366,4,0.0,6.0,20.0
5366,5,0.0,2.0,25.0
5366,6,0.0,2.0,35.0
5367,3,1.0,2.0,11.0
5367,4,2.0,6.0,21.0
5367,5,1.0,3.0,23.0
5367,6,0.0,0.0,30.0
5368,1,15.0,18.0,21.0
5368,2,5.0,16.0,20.0
5368,3,2.0,11.0,20.0
5368,4,4.0,10.0,19.0
5368,5,1.0,7.0,20.0
5368,6,0.0,8.0,18.0
5369,1,3.0,9.0,16.0
5369,2,2.0,10.0,26.0
5369,3,2.0,6.0,26.0
5369,4,2.0,10.0,25.0
5369,5,1.0,5.0,21.0
5369,6,0.0,2.0,26.0
5370,3,1.0,2.0,8.0
5370,4,0.0,2.0,19.0
5370,5,0.0,3.0,25.0
5370,6,0.0,0.0,30.0
5371,3,0.0,1.0,3.0
5371,4,2.0,4.0,30.0
5371,5,0.0,4.0,36.0
5371,6,0.0,1.0,37.0
5372,4,2.0,9.0,20.0
5372,5,0.0,9.0,32.0
5372,6,0.0,2.0,50.0
5373,1,0.0,1.0,2.0
5373,2,0.0,2.0,5.0
5373,3,0.0,0.0,10.0
5373,4,1.0,11.0,33.0
5373,5,1.0,8.0,31.0
5373,6,0.0,2.0,25.0
5374,4,0.0,11.0,46.0
5374,5,1.0,12.0,37.0
5374,6,0.0,6.0,38.0
5375,4,1.0,13.0,48.0
5375,5,2.0,6.0,47.0
5375,6,0.0,7.0,41.0
5376,1,15.0,19.0,22.0
5376,2,1.0,17.0,29.0
5376,3,4.0,16.0,29.0
5376,4,2.0,15.0,31.0
5376,5,2.0,10.0,26.0
5376,6,0.0,8.0,26.0
5377,1,5.0,6.0,7.0
5377,2,1.0,7.0,12.0
5377,3,0.0,4.0,6.0
5377,4,3.0,14.0,34.0
5377,5,1.0,10.0,30.0
5377,6,1.0,8.0,31.0
5378,1,1.0,1.0,4.0
5378,2,0.0,1.0,4.0
5378,3,0.0,0.0,5.0
5378,4,0.0,5.0,26.0
5378,5,0.0,6.0,33.0
5378,6,0.0,1.0,42.0
5379,1,3.0,6.0,13.0
5379,2,0.0,1.0,21.0
5379,3,1.0,5.0,21.0
5379,4,0.0,8.0,19.0
5379,5,1.0,5.0,23.0
5379,6,0.0,3.0,21.0
5380,4,1.0,3.0,42.0
5380,5,0.0,0.0,41.0
5380,6,0.0,0.0,56.0
5381,1,4.0,5.0,8.0
5381,2,0.0,5.0,16.0
5381,3,1.0,4.0,12.0
5381,4,2.0,9.0,28.0
5381,5,1.0,11.0,33.0
5381,6,0.0,2.0,30.0
5382,3,0.0,3.0,19.0
5382,4,2.0,6.0,29.0
5382,5,1.0,6.0,37.0
5382,6,0.0,4.0,45.0
5383,2,0.0,1.0,3.0
5383,3,0.0,1.0,2.0
5383,4,3.0,7.0,40.0
5383,5,1.0,9.0,44.0
5383,6,0.0,1.0,43.0
5384,1,0.0,0.0,1.0
5384,2,0.0,0.0,2.0
5384,3,0.0,0.0,13.0
5384,4,2.0,5.0,38.0
5384,5,2.0,6.0,33.0
5384,6,1.0,1.0,36.0
5385,1,1.0,2.0,3.0
5385,2,0.0,2.0,6.0
5385,3,0.0,4.0,9.0
5385,4,0.0,7.0,31.0
5385,5,2.0,9.0,32.0
5385,6,0.0,1.0,39.0
5386,1,4.0,7.0,21.0
5386,2,0.0,6.0,25.0
5386,3,3.0,10.0,25.0
5386,4,2.0,4.0,20.0
5386,5,0.0,2.0,20.0
5386,6,0.0,5.0,27.0
5387,4,0.0,4.0,19.0
5387,5,1.0,5.0,30.0
5387,6,0.0,1.0,27.0
5388,3,0.0,2.0,3.0
5388,4,5.0,18.0,32.0
5388,5,4.0,18.0,33.0
5388,6,2.0,10.0,51.0
5389,4,3.0,13.0,41.0
5389,5,1.0,8.0,42.0
5389,6,0.0,7.0,42.0
5390,4,1.0,6.0,23.0
5390,5,1.0,8.0,28.0
5390,6,1.0,3.0,46.0
5391,4,1.0,8.0,35.0
5391,5,1.0,9.0,39.0
5391,6,0.0,1.0,31.0
5392,4,3.0,7.0,34.0
5392,5,1.0,6.0,37.0
5392,6,0.0,1.0,55.0
5393,3,0.0,0.0,1.0
5393,4,0.0,5.0,21.0
5393,5,2.0,9.0,38.0
5393,6,0.0,0.0,59.0
5394,1,1.0,2.0,2.0
5394,2,0.0,1.0,6.0
5394,3,0.0,1.0,3.0
5394,4,4.0,13.0,43.0
5394,5,0.0,12.0,43.0
5394,6,1.0,10.0,50.0
5395,1,1.0,1.0,4.0
5395,2,0.0,1.0,5.0
5395,3,1.0,2.0,7.0
5395,4,3.0,9.0,27.0
5395,5,2.0,7.0,34.0
5395,6,0.0,4.0,37.0
5396,3,2.0,4.0,12.0
5396,4,0.0,5.0,25.0
5396,5,0.0,2.0,29.0
5396,6,0.0,0.0,44.0
5397,4,0.0,1.0,5.0
5397,5,0.0,8.0,34.0
5397,6,0.0,1.0,59.0
5398,1,5.0,8.0,11.0
5398,2,2.0,8.0,19.0
5398,3,1.0,6.0,11.0
5398,4,2.0,9.0,34.0
5398,5,1.0,11.0,39.0
5398,6,1.0,5.0,36.0
5399,4,0.0,1.0,16.0
5399,5,1.0,3.0,24.0
5399,6,0.0,2.0,53.0
5400,1,1.0,1.0,5.0
5400,2,0.0,3.0,8.0
5400,3,0.0,3.0,11.0
5400,4,1.0,1.0,27.0
5400,5,0.0,5.0,34.0
5400,6,0.0,2.0,39.0
5401,4,0.0,0.0,1.0
5401,5,1.0,6.0,15.0
5401,6,1.0,4.0,32.0
5402,4,0.0,1.0,7.0
5402,5,1.0,7.0,22.0
5402,6,0.0,1.0,46.0
5403,4,1.0,6.0,19.0
5403,5,4.0,15.0,41.0
5403,6,0.0,4.0,47.0
5404,3,0.0,0.0,1.0
5404,4,2.0,4.0,24.0
5404,5,2.0,9.0,33.0
5404,6,1.0,8.0,65.0
5405,3,0.0,1.0,1.0
5405,4,3.0,14.0,39.0
5405,5,1.0,10.0,37.0
5405,6,0.0,3.0,44.0
5406,4,0.0,5.0,11.0
5406,5,5.0,13.0,39.0
5406,6,0.0,2.0,78.0
5407,1,1.0,2.0,4.0
5407,2,0.0,0.0,6.0
5407,3,0.0,2.0,4.0
5407,4,0.0,6.0,22.0
5407,5,1.0,6.0,37.0
5407,6,0.0,3.0,52.0
5408,4,0.0,0.0,4.0
5408,5,0.0,1.0,5.0
5408,6,0.0,0.0,9.0
5409,3,1.0,2.0,2.0
5409,4,2.0,9.0,19.0
5409,5,3.0,9.0,31.0
5409,6,0.0,6.0,54.0
5410,4,0.0,2.0,6.0
5410,5,1.0,9.0,24.0
5410,6,0.0,4.0,54.0
5411,4,1.0,4.0,17.0
5411,5,0.0,9.0,33.0
5411,6,1.0,2.0,58.0
5412,3,1.0,1.0,4.0
5412,4,0.0,3.0,23.0
5412,5,2.0,5.0,33.0
5412,6,0.0,1.0,55.0
5413,4,0.0,1.0,1.0
5413,5,4.0,16.0,45.0
5413,6,0.0,1.0,72.0
5415,4,0.0,1.0,5.0
5415,5,0.0,4.0,23.0
5415,6,0.0,1.0,43.0
5416,4,1.0,6.0,21.0
5416,5,5.0,12.0,40.0
5416,6,0.0,5.0,54.0
5417,3,5.0,9.0,13.0
5417,4,4.0,16.0,27.0
5417,5,1.0,9.0,25.0
5417,6,0.0,4.0,42.0
5418,4,1.0,3.0,8.0
5418,5,3.0,13.0,45.0
5418,6,0.0,1.0,59.0
5419,4,1.0,6.0,27.0
5419,5,1.0,13.0,31.0
5419,6,0.0,3.0,51.0
5420,4,4.0,7.0,22.0
5420,5,1.0,8.0,31.0
5420,6,0.0,3.0,48.0
5421,4,1.0,2.0,18.0
5421,5,1.0,11.0,30.0
5421,6,0.0,1.0,40.0
5422,4,0.0,3.0,6.0
5422,5,2.0,10.0,23.0
5422,6,0.0,0.0,48.0
5423,4,0.0,2.0,3.0
5423,5,0.0,13.0,27.0
5423,6,0.0,0.0,61.0
5424,4,0.0,1.0,14.0
5424,5,1.0,6.0,21.0
5424,6,1.0,1.0,51.0
5425,4,2.0,5.0,16.0
5425,5,2.0,7.0,26.0
5425,6,0.0,0.0,55.0
5426,4,1.0,4.0,11.0
5426,5,0.0,12.0,32.0
5426,6,0.0,3.0,64.0
5427,4,1.0,9.0,25.0
5427,5,2.0,16.0,41.0
5427,6,0.0,12.0,66.0
5428,4,1.0,2.0,4.0
5428,5,2.0,10.0,26.0
5428,6,0.0,0.0,62.0
5429,4,2.0,3.0,3.0
5429,5,2.0,15.0,32.0
5429,6,0.0,0.0,52.0
5430,4,0.0,1.0,3.0
5430,5,3.0,20.0,27.0
5430,6,0.0,1.0,59.0
5431,4,0.0,3.0,3.0
5431,5,4.0,16.0,25.0
5431,6,0.0,1.0,57.0
5432,4,2.0,10.0,28.0
5432,5,4.0,14.0,40.0
5432,6,2.0,9.0,60.0
5433,4,0.0,0.0,12.0
5433,5,0.0,10.0,35.0
5433,6,0.0,2.0,50.0
5434,4,1.0,9.0,24.0
5434,5,0.0,8.0,38.0
5434,6,2.0,15.0,61.0
5435,4,0.0,1.0,2.0
5435,5,3.0,7.0,25.0
5435,6,0.0,2.0,57.0
5436,4,3.0,5.0,14.0
5436,5,0.0,9.0,39.0
5436,6,0.0,1.0,66.0
5437,4,0.0,2.0,2.0
5437,5,1.0,10.0,14.0
5437,6,0.0,2.0,55.0
5438,4,1.0,1.0,4.0
5438,5,3.0,14.0,35.0
5438,6,0.0,1.0,67.0
5439,4,1.0,9.0,17.0
5439,5,2.0,12.0,30.0
5439,6,1.0,4.0,68.0
5440,4,1.0,4.0,8.0
5440,5,1.0,11.0,20.0
5440,6,0.0,3.0,67.0
5441,4,2.0,11.0,23.0
5441,5,4.0,10.0,35.0
5441,6,3.0,17.0,56.0
5442,4,0.0,1.0,3.0
5442,5,2.0,16.0,31.0
5442,6,0.0,4.0,62.0
5443,4,1.0,2.0,3.0
5443,5,2.0,13.0,27.0
5443,6,0.0,2.0,60.0
5444,4,1.0,4.0,5.0
5444,5,4.0,15.0,31.0
5444,6,0.0,2.0,67.0
5445,4,0.0,0.0,3.0
5445,5,1.0,4.0,12.0
5445,6,0.0,1.0,32.0
5446,5,0.0,5.0,14.0
5446,6,0.0,0.0,29.0
5447,4,1.0,4.0,5.0
5447,5,1.0,6.0,14.0
5447,6,0.0,0.0,34.0
5448,4,0.0,2.0,2.0
5448,5,2.0,4.0,15.0
5448,6,0.0,0.0,39.0
5449,5,1.0,5.0,10.0
5449,6,1.0,2.0,35.0
5450,4,0.0,2.0,2.0
5450,5,0.0,8.0,14.0
5450,6,0.0,1.0,37.0
5451,5,0.0,6.0,11.0
5451,6,0.0,0.0,24.0
5452,5,1.0,10.0,17.0
5452,6,0.0,0.0,33.0
5453,4,0.0,0.0,1.0
5453,5,1.0,11.0,22.0
5453,6,0.0,4.0,35.0
5454,4,0.0,0.0,1.0
5454,5,4.0,12.0,15.0
5454,6,0.0,1.0,42.0
5455,4,0.0,2.0,2.0
5455,5,3.0,13.0,20.0
5455,6,0.0,2.0,41.0
5456,4,0.0,2.0,5.0
5456,5,1.0,7.0,15.0
5456,6,0.0,3.0,42.0
5457,4,0.0,3.0,3.0
5457,5,0.0,4.0,20.0
5457,6,0.0,0.0,37.0
5458,4,0.0,0.0,1.0
5458,5,3.0,8.0,17.0
5458,6,1.0,1.0,40.0
5459,5,1.0,8.0,15.0
5459,6,0.0,0.0,29.0
5460,4,1.0,2.0,3.0
5460,5,0.0,5.0,20.0
5460,6,1.0,4.0,53.0
5461,4,1.0,3.0,3.0
5461,5,0.0,6.0,9.0
5461,6,0.0,0.0,36.0
5462,5,2.0,10.0,17.0
5462,6,0.0,1.0,32.0
5463,4,0.0,1.0,2.0
5463,5,1.0,3.0,11.0
5463,6,0.0,0.0,40.0
5464,4,0.0,0.0,1.0
5464,5,3.0,7.0,13.0
5464,6,0.0,0.0,33.0
5465,5,1.0,4.0,8.0
5465,6,0.0,0.0,32.0
5466,4,0.0,2.0,3.0
5466,5,3.0,7.0,13.0
5466,6,0.0,2.0,31.0
5467,4,0.0,1.0,5.0
5467,5,0.0,6.0,16.0
5467,6,2.0,7.0,35.0
5468,5,1.0,13.0,17.0
5468,6,0.0,0.0,40.0
5469,4,0.0,1.0,1.0
5469,5,2.0,8.0,20.0
5469,6,0.0,0.0,36.0
5470,4,0.0,1.0,2.0
5470,5,1.0,2.0,8.0
5470,6,0.0,0.0,35.0
5471,4,1.0,3.0,3.0
5471,5,2.0,6.0,14.0
5471,6,0.0,0.0,50.0
5472,4,1.0,4.0,6.0
5472,5,0.0,4.0,9.0
5472,6,0.0,0.0,33.0
