tree
version=v4
num_class=1
num_tree_per_iteration=1
label_index=0
max_feature_idx=22
objective=binary sigmoid:1
feature_names=lane_number national_win_rate local_win_rate motor_2rate boat_2rate exhibition_time exhibition_time_rank tilt national_win_rate_rank local_win_rate_rank motor_2rate_rank exhibition_time_diff national_win_rate_diff local_win_rate_diff motor_2rate_diff rc_is1 rc_is3 rc_n rl_is1 rl_is3 rl_n sl_is1 sl_is3
feature_infos=[1:6] [0:8.7699999999999996] [0:10.710000000000001] [0:100] [0:100] [6.3099999999999996:8.0999999999999996] [1:6] [-0.5:3] [1:6] [1:6] [1:6] [-0.34333333333333282:0.84499999999999975] [-5.413333333333334:4.3650000000000011] [-6.8183333333333325:7.2516666666666669] [-52.45333333333334:83.333333333333329] [0.007183730111958931:0.6145820433117023] [0.033655433872776717:0.87500589724174205] [0:230] [0.00094659488240397827:0.93966213203841387] [0.015345951968809937:0.980976340603116] [0:99] [0.00050585229165503605:0.80985287561301833] [0.064091917046206204:0.94516709938545185]
tree_sizes=3424 3541 3549 3554 3540 3538 3543 3544 3545 3545 3545 3560 3536 3553 3550 3562 3564 3567 3560 3562 3562 3551 3570 3571 3558 3563 3579 3581 3565 3571 3573 3554 3551 3524 3563 3568 3535 3569 3569 3560 3541 3528 3559 3536 3540 3562 3531 3539 3536 3554 3559 3522 3503 3532 3562 3531 3529 3532 3504 3475 3483 3481 3533 3485 3481 3536 3518 3486 3483 3488 3475 3500 3493 3438 3478 3493 3464 3505 3506 3513 3462 3455 3425 3506 3509 3492 3496 3483 3451 3482 3491 3464 3531 3502 3479 3445 3481 3483 3439 3497

Tree=0
num_leaves=31
num_cat=0
split_feature=19 12 18 0 0 12 12 12 0 1 0 1 12 12 11 0 0 21 21 12 0 12 11 11 12 12 11 12 22 12
split_gain=4649.17 763.223 867.404 905.581 647.078 350.076 282.069 272.991 266.085 198.927 147.133 132.532 114.355 107.695 85.3404 81.4502 76.0847 73.5503 73.5413 72.1129 65.1447 48.5499 44.8352 42.5818 41.048 39.6506 37.3491 36.848 35.7806 34.4087
threshold=0.41161033563820565 -0.25333333333333247 0.45181038063338563 3.5000000000000004 5.5000000000000009 -0.33333333333333365 0.74666666666666759 0.62500000000000056 3.5000000000000004 5.6950000000000012 3.5000000000000004 5.8950000000000005 -0.77166666666666617 0.76000000000000012 0.027333333333333435 2.5000000000000004 3.5000000000000004 0.082510582603357377 0.19197083488891067 -0.43499999999999911 4.5000000000000009 0.36333333333333268 -0.01666666666666616 0.040000000000000487 -1.4149999999999996 0.28000000000000075 -0.015000000000000123 1.1925000000000001 0.73652121722103014 0.43833333333333396
decision_type=2 2 2 2 2 2 2 2 2 2 2 2 2 2 10 2 2 2 2 2 2 2 8 8 2 2 8 2 2 2
left_child=4 8 3 9 5 16 17 19 12 14 25 -4 -2 -12 28 18 24 -5 23 -6 27 -17 -9 -11 -1 -7 -22 -8 29 -3
right_child=1 2 11 6 7 10 20 22 -10 15 13 -13 -14 -15 -16 21 -18 -19 -20 -21 26 -23 -24 -25 -26 -27 -28 -29 -30 -31
leaf_value=-1.6371086607210905 -1.6131813638505035 -1.5794102719831908 -1.5989649760921569 -1.6213102692812329 -1.6601296137838293 -1.5907603658504486 -1.5884592732427079 -1.6136729577226294 -1.6273460740176109 -1.5538800509371669 -1.6205286719986718 -1.6184748690141886 -1.5972042394806032 -1.5947804355095958 -1.5962300228234882 -1.5858472623910704 -1.6378481376092444 -1.6044295824280626 -1.6001415690539738 -1.6468993443035984 -1.5831950576448126 -1.5681594582338814 -1.6339357012202267 -1.57453734493361 -1.6134266928581062 -1.5534945544561483 -1.6049016343111426 -1.5701998071608845 -1.59252408408434 -1.5656592657182702
leaf_weight=266.25526875257492 2010.5953419208527 1378.3606088161469 1395.4442802071571 1109.1886156797409 2176.9875234365463 218.05987060070038 508.34339261054993 426.1195433139801 1726.0063770413399 1790.0354218482971 1752.2568964958191 2313.7957862019539 2528.2444742321968 528.62157166004181 796.68243169784546 522.3714479804039 2880.1958832144737 1542.8083074092865 102.50202834606171 1954.7609037160873 313.75620871782303 1507.6687231659889 759.73725616931915 289.86684709787369 585.01157641410828 106.11321091651917 537.92731136083603 605.28975546360016 333.61771285533905 679.04121488332748
leaf_count=1917 14476 9924 10047 7986 15674 1570 3660 3068 12427 12888 12616 16659 18203 3806 5736 3761 20737 11108 738 14074 2259 10855 5470 2087 4212 764 3873 4358 2402 4889
internal_value=-1.60941 -1.59588 -1.59 -1.58348 -1.63494 -1.62415 -1.60085 -1.6478 -1.61064 -1.57263 -1.61008 -1.61114 -1.60428 -1.61456 -1.58206 -1.5655 -1.63397 -1.61149 -1.5588 -1.65387 -1.5865 -1.57271 -1.62665 -1.55676 -1.62083 -1.57856 -1.59691 -1.57853 -1.57733 -1.57487
internal_weight=33645.7 21991.5 15726.7 12017.5 11654.1 6336.51 4617.31 5317.61 6264.85 7400.15 2605.05 3709.24 4538.84 2280.88 3187.7 4212.44 3731.46 2652 2182.4 4131.75 1965.32 2030.04 1185.86 2079.9 851.267 324.173 851.684 1113.63 2391.02 2057.4
internal_count=242244 158336 113230 86524 83908 45622 33244 38286 45106 53280 18756 26706 32679 16422 22951 30329 26866 19094 15713 29748 14150 14616 8538 14975 6129 2334 6132 8018 17215 14813
is_linear=0
shrinkage=1


Tree=1
num_leaves=31
num_cat=0
split_feature=19 12 18 0 0 0 12 12 12 1 12 1 22 0 12 11 0 12 0 21 12 0 11 0 18 18 12 8 11 8
split_gain=4236.63 785.29 741.771 859.756 476.018 349.102 255.236 252.029 249.916 160.494 135.062 115.302 91.3615 75.5774 74.5436 72.8168 72.5707 69.9182 63.2798 64.5922 50.3327 48.3488 42.1649 39.3505 36.9005 35.2525 34.0127 33.935 33.0233 32.9565
threshold=0.3886414827485461 -0.20333333333333289 0.45181038063338563 3.5000000000000004 5.5000000000000009 3.5000000000000004 0.62500000000000056 0.74666666666666759 -0.38999999999999918 5.6950000000000012 -0.77166666666666617 6.1050000000000013 0.51741219038772213 5.5000000000000009 0.76000000000000012 0.027333333333333435 4.5000000000000009 -0.43499999999999911 2.5000000000000004 0.19197083488891067 1.1925000000000001 3.5000000000000004 -0.01666666666666616 2.5000000000000004 0.14056531952559362 0.61063873554325887 0.36333333333333268 3.5000000000000004 0.040000000000000487 1.5000000000000002
decision_type=2 2 2 2 2 2 2 2 2 2 2 2 2 2 2 10 2 2 2 2 2 2 8 2 2 2 2 2 8 2
left_child=4 5 3 9 8 10 17 16 21 15 24 29 14 20 -10 -3 -5 -6 19 28 -9 -1 -8 25 -2 -12 -20 -17 -11 -4
right_child=1 2 11 7 6 -7 22 13 12 18 23 -13 -14 -15 -16 27 -18 -19 26 -21 -22 -23 -24 -25 -26 -27 -28 -29 -30 -31
leaf_value=-0.013073867760372254 -0.0098801188389646827 0.030306679712807871 -0.0087240494523909331 0.0045005880923366017 -0.049954300148121661 -0.018365929356610713 -0.0037111669315838176 0.014543274528728148 -0.012004765106541897 0.050992105048452641 0.018697546804089658 -0.010381884433993689 0.025197878728797182 -0.0095702161532068269 0.012139571167046434 0.020353163006922179 -0.011797163963663324 -0.036621097632922248 0.023201739077617477 0.0077275498311765488 0.030600408920638929 -0.028701035927456098 -0.02391530301933547 0.0044952638981304227 0.0034155203962827961 -0.0048640384970521011 0.038144243612739742 -0.0014949514510964497 0.032868331000295299 0.010416558193805929
leaf_weight=623.86609618365765 1224.1767123788595 2362.7344202250242 266.05517928302288 1680.0356631875038 2088.6948718428612 2223.2138655781746 403.58015650510788 881.31108248233795 1522.7233021110296 1834.8318782746792 1740.4197987020016 1915.0724558830261 249.8751752525568 190.14411477744579 404.63240514695644 506.87540623545647 1150.9896737933159 1857.7894897460938 503.94952380657196 101.73848009109497 1093.6779156923294 2395.3168924748898 717.02203369140625 1047.5715985149145 909.62871146202087 174.686778023839 1558.8444502204657 273.69835630059242 291.23513668775558 1453.4711222350597
leaf_count=4529 8841 16651 1912 12079 15561 16209 2914 6273 11053 12736 12421 13872 1771 1364 2885 3616 8351 13717 3572 728 7730 17578 5248 7478 6566 1249 10921 1953 2049 10417
internal_value=-1.31205e-05 0.0117409 0.0179258 0.0237356 -0.0267935 -0.00183321 -0.037698 0.00769534 -0.0161604 0.0345159 0.00537878 -0.00194326 -0.00324795 0.0205366 -0.00693586 0.0259325 -0.00212547 -0.0436778 0.0408041 0.046647 0.0234351 -0.0254719 -0.0166389 0.0122865 -0.00421227 0.0165484 0.0344937 0.0126924 0.0485095 0.00745501
internal_weight=33647.9 23384.4 16064.7 12430.1 10263.5 7319.7 5067.09 4996.16 5196.41 7433.91 5096.48 3634.6 2177.23 2165.13 1927.36 3143.31 2831.03 3946.48 4290.6 2227.81 1974.99 3019.18 1120.6 2962.68 2133.81 1915.11 2062.79 780.574 2126.07 1719.53
internal_count=242244 166988 114224 88023 75256 52764 37440 35797 37816 52226 36555 26201 15709 15367 13938 22220 20430 29278 30006 15513 14003 22107 8162 21148 15407 13670 14493 5569 14785 12329
is_linear=0
shrinkage=0.05


Tree=2
num_leaves=31
num_cat=0
split_feature=19 12 18 0 0 0 12 12 12 1 12 1 22 12 0 21 11 12 0 21 12 0 11 16 0 11 12 18 22 22
split_gain=3865.33 695.29 651.586 742.294 454.737 318.329 247.198 232.676 223.414 135.374 120.775 104.405 81.6097 67.5885 66.6524 66.1184 62.7472 53.565 52.6656 54.4479 45.7686 45.7399 43.4571 35.5234 34.7089 33.1896 32.2135 31.4295 31.3858 30.0507
threshold=0.3886414827485461 -0.20333333333333289 0.45181038063338563 3.5000000000000004 5.5000000000000009 3.5000000000000004 0.40500000000000075 -0.38999999999999918 0.74666666666666759 5.6950000000000012 -0.77166666666666617 6.1050000000000013 0.51741219038772213 0.76000000000000012 5.5000000000000009 0.082510582603357377 0.027333333333333435 -0.56416666666666682 2.5000000000000004 0.19197083488891067 1.7916666666666676 3.5000000000000004 -0.018333333333333087 0.4701958896178115 2.5000000000000004 -0.015000000000000123 -1.4149999999999996 0.55416056302146377 0.64744730774745662 0.73652121722103014
decision_type=2 2 2 2 2 2 2 2 2 2 2 2 2 2 2 2 10 2 2 2 2 2 8 2 2 8 2 2 2 2
left_child=4 5 3 9 7 10 17 21 15 16 23 -4 13 -9 20 -5 29 -6 19 -11 25 26 -8 28 27 -10 -1 -12 -2 -3
right_child=1 2 11 8 6 -7 22 12 14 18 24 -13 -14 -15 -16 -17 -18 -19 -20 -21 -22 -23 -24 -25 -26 -27 -28 -29 -30 -31
leaf_value=-0.028111612620142629 -0.012061292196975404 0.030407940080817115 0.0070455798982449391 -0.010789011469121907 -0.049887998602674802 -0.017670789780293534 -0.0070400837729397234 -0.011499287972923752 0.027751066263139501 0.04462765425574397 0.018096095082179613 -0.0099335114566070221 0.023535024641502172 0.011438022766978638 -0.009151404767745553 0.004647119345709912 0.011952501696736013 -0.037540770165449468 0.032021662855926343 0.0073026694906442079 0.037605730886053818 -0.027816179317402451 -0.025475226832474159 0.0088265549182992547 0.0042574694377160984 0.012898930992467628 -0.0041734947292540554 -0.00036129414764227586 0.0023689500476044459 0.014015487579072117
leaf_weight=215.94755551218987 1133.538644015789 2087.1530293673277 1728.0592515170574 1221.6126584410667 1807.847036704421 2195.8497659116983 485.30852039158344 1510.4946888834238 589.7371211796999 2193.5848420411348 1668.5272381007671 1901.7858273983002 254.04207789897919 407.89159272611141 188.93532490730286 1605.3703304827213 787.15665102005005 1708.4800657331944 2109.63572897017 102.26105213165283 377.25964184105396 2349.1313628256321 936.64624364674091 429.8253239095211 1050.6957000344992 1038.6116822659969 402.46272401511669 267.63690477609634 564.44860005378723 322.82303278148174
leaf_count=1598 8230 14398 12329 8927 13939 16209 3546 11053 4110 14785 11761 13872 1771 2885 1364 11503 5569 12963 14493 728 2614 17578 6992 3111 7478 7279 2931 1909 4066 2253
internal_value=-2.43223e-05 0.0110593 0.0168192 0.0221873 -0.0259395 -0.00174719 -0.036775 -0.0155292 0.00726896 0.0320409 0.00508919 -0.00185028 -0.00309573 -0.00662231 0.019239 -0.00202323 0.0242089 -0.0438888 0.0377247 0.0429651 0.0219135 -0.0246312 -0.0191834 -0.00401394 0.0115742 0.0182779 -0.0125326 0.0155447 -0.00726436 0.0282121
internal_weight=33642.8 23564.5 16254 12624.1 10078.3 7310.52 4938.28 5139.97 5021.53 7602.61 5114.67 3629.85 2172.43 1918.39 2194.54 2826.98 3197.13 3516.33 4405.48 2295.85 2005.61 2967.54 1421.95 2127.81 2986.86 1628.35 618.41 1936.16 1697.99 2409.98
internal_count=242244 166988 114224 88023 75256 52764 37440 37816 35797 52226 36555 26201 15709 13938 15367 20430 22220 26902 30006 15513 14003 22107 10538 15407 21148 11389 4529 13670 12296 16651
is_linear=0
shrinkage=0.05


Tree=3
num_leaves=31
num_cat=0
split_feature=19 12 18 0 22 0 12 12 12 21 12 12 1 22 6 21 11 0 12 12 0 11 12 14 22 1 6 11 12 6
split_gain=3527.13 618.382 550.627 635.982 434.292 248.839 241.581 218.381 218.254 136.497 134.144 91.7238 82.0879 71.3322 63.8146 63.3352 61.74 61.5716 60.9859 52.2933 42.8179 42.1381 34.4749 31.042 30.9386 30.7688 30.7449 30.3185 30.3009 29.0734
threshold=0.3886414827485461 -0.25333333333333247 0.51120446898422833 3.5000000000000004 0.32667586892521261 3.5000000000000004 0.40500000000000075 0.73499999999999976 -0.38999999999999918 0.42500261269022682 0.16833333333333325 -0.77166666666666617 5.8950000000000005 0.51741219038772213 4.5000000000000009 0.085961799064398478 0.025000000000000803 4.5000000000000009 0.76000000000000012 -0.56416666666666682 3.5000000000000004 -0.018333333333333087 -1.8183333333333325 0.95749999999999968 0.27854009324196022 2.9250000000000003 2.5000000000000004 -0.010000000000000229 0.98833333333333384 2.5000000000000004
decision_type=2 2 2 2 2 2 2 2 2 2 2 2 2 2 10 2 10 2 2 2 2 8 2 2 2 2 8 8 2 8
left_child=4 5 3 9 6 11 19 15 20 10 14 22 -4 18 -3 27 -12 -9 -10 -1 25 28 -2 -13 -19 -6 -14 -5 -8 -24
right_child=1 2 12 7 8 -7 21 17 13 -11 16 23 26 -15 -16 -17 -18 24 -20 -21 -22 -23 29 -25 -26 -27 -28 -29 -30 -31
leaf_value=-0.048832894985648106 -0.023641495752242791 0.025672627374524849 0.0082271354896582202 -0.00024916325874876406 -0.036607842354101847 -0.016937147450581846 -0.019087881688363457 0.025413758047963989 -0.010750619910080354 0.0098401690769151905 0.037771864008800712 0.0055102233160891677 -0.01357332569522404 0.022010262132078951 0.006711368159587343 0.0039863088024630674 0.025252207281824458 -0.0096785498200901918 0.011217946790599334 -0.036543865729612636 -0.026901378876852289 -0.024566732585108209 0.0065726612399416703 0.016419286979925868 0.012927674512648821 -0.0069119698557156342 -0.0015685461510208075 -0.016126751714991897 0.0058659401918455135 -0.0063026708453476979
leaf_weight=1773.7350245863199 198.90722715854645 1463.3750567436218 1119.9024195820093 454.21424694359303 105.31707361340523 2031.9627777636051 239.4964202195406 1238.5231206566095 1471.5118862241507 879.3782095760107 4148.5861156582832 1552.1367520838976 1244.9262502491474 257.95429994165897 636.84694789350033 1590.0235998183489 1291.2400966882706 185.28832930326462 402.27457539737225 1690.9151032567024 2272.1666215807199 931.08347757160664 676.2121220678091 1124.568471968174 826.32059456408024 507.86775276064873 933.08585557341576 889.37508669495583 247.23782736063004 1246.9780536144972
leaf_count=14149 1448 9920 7927 3340 791 15191 1775 8493 10855 6180 27625 10914 9111 1771 4403 11373 8753 1346 2827 13155 17333 7065 4902 7908 5731 3738 6828 6538 1797 9057
internal_value=-3.38229e-05 0.0104242 0.0155553 0.019999 -0.0251045 -0.00227144 -0.0357205 0.0062208 -0.0147734 0.028482 0.0306562 0.00393848 -0.00277381 -0.00264072 0.019923 -0.00276709 0.0348001 0.0179388 -0.00603429 -0.0428353 -0.0237372 -0.0183344 -0.0038251 0.0100935 0.00878707 -0.0120124 -0.00843034 -0.0107592 -0.00641253 -0.00177558
internal_weight=33631.4 23731.9 16901.1 13603.2 9899.56 6830.77 4882.47 5183.74 5017.09 8419.43 7540.05 4798.8 3297.91 2131.74 2100.22 2933.61 5439.83 2250.13 1873.79 3464.65 2885.35 1417.82 2122.1 2676.71 1011.61 613.185 2178.01 1343.59 486.734 1923.19
internal_count=242244 166988 117568 93702 75256 49420 37941 36821 37315 56881 50701 34229 23866 15453 14323 21251 36378 15570 13682 27304 21862 10637 15407 18822 7077 4529 15939 9878 3572 13959
is_linear=0
shrinkage=0.05


Tree=4
num_leaves=31
num_cat=0
split_feature=19 12 18 0 0 12 0 12 12 21 12 12 8 12 22 0 11 0 8 0 6 1 11 16 12 0 22 22 14 6
split_gain=3218.84 549.349 486.294 553.894 414.807 233.926 227.01 201.47 194.285 117.812 115.26 82.2215 74.3255 67.7671 62.5679 57.9726 56.4884 53.6835 53.0645 43.7458 42.335 40.2921 34.0935 31.853 31.2511 28.8328 28.5328 27.7033 27.6835 26.886
threshold=0.3886414827485461 -0.25333333333333247 0.51120446898422833 3.5000000000000004 5.5000000000000009 0.62500000000000056 3.5000000000000004 -0.33333333333333365 0.73499999999999976 0.42500261269022682 0.12916666666666646 -0.77166666666666617 1.5000000000000002 -0.43499999999999911 0.52718449816396296 4.5000000000000009 0.025000000000000803 4.5000000000000009 2.5000000000000004 3.5000000000000004 4.5000000000000009 5.8950000000000005 -0.01666666666666616 0.4701958896178115 -1.4149999999999996 2.5000000000000004 0.64744730774745662 0.27854009324196022 4.1650000000000018 2.5000000000000004
decision_type=2 2 2 2 2 2 2 2 2 2 2 2 2 2 2 2 10 2 2 2 10 2 8 2 2 2 2 2 2 8
left_child=4 6 3 9 7 13 11 19 15 10 20 23 -4 -6 18 29 25 -10 -9 24 -3 -14 -7 26 -1 -12 -2 -19 -13 -5
right_child=1 2 12 8 5 22 -8 14 17 -11 16 28 21 -15 -16 -17 -18 27 -20 -21 -22 -23 -24 -25 -26 -27 -28 -29 -30 -31
leaf_value=-0.026620009285199323 -0.011364326633811565 0.022847335773808954 -0.012178980824621412 0.012048521243568191 -0.047636650649724534 -0.0029739173748323175 -0.016282755960436386 0.0063801080550426924 0.023742305627119657 0.0092865423143410116 0.038665953398271433 0.0064724492450168817 0.010488919988126606 -0.03392929066889077 0.023112854556067236 -0.011285341136217718 0.023195283005005573 -0.0092561617277066559 -0.011500530803343043 -0.025688018067728066 0.0067113153380741163 -0.0035995643598533476 -0.021369832874628847 0.0084741782647382285 -0.00294081131213684 0.030558200596293991 0.0024232913428782958 0.012176051602877982 0.017942163998758219 -0.0011690496229534891
leaf_weight=209.0053468644619 1120.9812334775925 1339.4626759588718 1260.5248104482889 567.45268556475639 1885.9303310438991 399.41636000573635 2008.5539002120495 639.14385890960693 1258.8847542852163 885.06270356476307 2325.0788696408272 1977.7297899127007 991.41543082892895 1727.7076413035393 218.05130295455456 1165.7720195800066 1363.6929331570864 184.08781762421131 1182.8210672736168 2365.438757494092 583.58806675672531 1039.713470891118 681.79356116056442 431.6395158469677 418.02520199120045 2075.2736633121967 564.04517284035683 833.27800911664963 716.73951181769371 1194.8597779124975
leaf_count=1598 8230 8937 9266 4055 15561 2914 15191 4574 8493 6180 15005 13836 6969 13717 1472 8641 9107 1346 8753 18358 4019 7631 5248 3111 3061 13633 4066 5731 4986 8555
internal_value=-4.19474e-05 0.00983131 0.0146242 0.0187496 -0.0242881 -0.0349781 -0.00216414 -0.0143154 0.00588258 0.0265614 0.0285503 0.00373011 -0.0026417 -0.0410831 -0.00219874 -0.00263518 0.0320867 0.0168395 -0.00522802 -0.0225755 0.0179505 0.00327717 -0.0145741 -0.00364468 -0.0108337 0.0348422 -0.00674906 0.00829799 0.00952344 0.00308692
internal_weight=33615.2 23887.8 17068.1 13776.5 9727.33 4694.85 6819.69 5032.49 5204.34 8572.16 7687.1 4811.14 3291.65 3613.64 2040.02 2928.08 5764.05 2276.25 1821.96 2992.47 1923.05 2031.13 1081.21 2116.67 627.031 4400.35 1685.03 1017.37 2694.47 1762.31
internal_count=242244 166988 117568 93702 75256 37440 49420 37816 36821 56881 50701 34229 23866 29278 14799 21251 37745 15570 13327 23017 12956 14600 8162 15407 4659 28638 12296 7077 18822 12610
is_linear=0
shrinkage=0.05


Tree=5
num_leaves=31
num_cat=0
split_feature=19 12 18 0 0 0 12 12 12 12 12 8 21 21 6 12 12 22 0 1 11 12 11 6 0 12 11 11 1 5
split_gain=2937.64 488.62 449.633 486.082 395.329 243.194 225.854 187.707 163.858 98.0253 87.5115 82.4485 71.8117 59.8197 52.8792 52.6649 49.2097 39.4788 38.3803 38.0538 38.0272 37.6887 35.9974 33.4144 32.056 31.3858 30.0387 29.7567 28.0803 27.2645
threshold=0.3886414827485461 -0.20333333333333289 0.45181038063338563 3.5000000000000004 5.5000000000000009 3.5000000000000004 0.40500000000000075 -0.38999999999999918 1.1925000000000001 0.42666666666666725 -0.58999999999999952 1.5000000000000002 0.080197288870793498 0.10024621566392526 3.5000000000000004 -0.56416666666666682 0.38333333333333314 0.75275447482703395 3.5000000000000004 5.8050000000000006 -0.0016666666666673711 -1.8183333333333325 -0.018333333333333087 2.5000000000000004 5.5000000000000009 0.22 0.025000000000000803 -0.018333333333333087 2.9250000000000003 6.7650000000000006
decision_type=2 2 2 2 2 2 2 2 2 2 2 2 2 2 10 2 2 2 2 2 8 2 8 8 2 2 10 8 2 10
left_child=4 5 3 9 7 10 15 18 12 14 21 -4 20 16 -3 -6 -9 26 28 29 -5 -2 -8 -23 -10 -14 -11 -7 -1 -13
right_child=1 2 11 8 6 27 22 13 24 17 -12 19 25 -15 -16 -17 -18 -19 -20 -21 -22 23 -24 -25 -26 -27 -28 -29 -30 -31
leaf_value=-0.035096787335331898 -0.022648636115254184 0.025198253340332682 -0.011580005063727314 0.001698869260782534 -0.047653019668951198 -0.0058616768352651033 -0.0060123030713005229 -0.014574804697358935 0.02417958232260442 0.033948766325989331 0.01169853554118583 0.0015325351464690127 -0.0015397320993522214 0.011683157845934454 0.012818648481256146 -0.034845011544382513 0.0032717309563346773 0.0081034453763999797 -0.025262758529407799 -0.0020211142442748842 -0.014149400687053513 0.007627552456663942 -0.023024846598038679 -0.0039981997547327225 -0.0026148927100581804 0.010899132570045258 0.024041202732525819 -0.019309754665236309 -0.0062086622965071515 0.01756347369995807
leaf_weight=101.03243112564087 195.05636256933212 1912.8552622646093 1321.0286483615637 663.293905839324 1629.0606212392449 557.96768926084042 477.87059053778648 971.3845416456461 1162.6458573192358 3386.7491586506367 2261.9057609140873 455.52087880671024 770.29095485806465 544.95502369105816 1571.08561450243 1582.0196988359094 641.25001993775368 184.56854970753193 2221.2743834331632 1206.560018107295 881.56012143194675 955.59938359260559 890.10300415754318 1749.7888634651899 123.47922876477242 1484.3281067460775 988.29490168392658 1565.3315727710724 502.54481530189514 634.9021233022213
leaf_count=791 1448 12486 9772 4823 13939 4258 3546 7264 7730 21499 15671 3179 5491 3856 10503 12963 4589 1271 17578 8818 6493 6827 6992 12609 907 10353 6467 11951 3738 4432
internal_value=-4.87913e-05 0.00927724 0.0139796 0.0182804 -0.0234898 -0.00153187 -0.034095 -0.0137432 0.00618109 0.0259302 0.00432673 -0.00162712 0.000959383 -0.00263857 0.0196157 -0.0413428 -0.00747829 0.0307551 -0.0222247 0.00409694 -0.00734483 -0.00142215 -0.0170819 0.000108258 0.0216071 0.00664939 0.0317107 -0.0157758 -0.0110442 0.0108666
internal_weight=33594.3 24032.8 16747.2 13129.2 9561.5 7285.65 4579.05 4982.44 5085.6 8043.55 5162.35 3618.01 3799.47 2157.59 3483.94 3211.08 1612.63 4559.61 2824.85 2296.98 1544.85 2900.44 1367.97 2705.39 1286.13 2254.62 4375.04 2123.3 603.577 1090.42
internal_count=242244 166988 114224 88023 75256 52764 37440 37816 35797 52226 36555 26201 27160 15709 22989 26902 11853 29237 22107 16429 11316 20884 10538 19436 8637 15844 27966 16209 4529 7611
is_linear=0
shrinkage=0.05


Tree=6
num_leaves=31
num_cat=0
split_feature=19 8 18 22 0 0 12 12 12 12 8 12 11 21 1 22 12 18 11 11 11 6 11 12 12 22 11 0 11 0
split_gain=2680.97 438.02 450.29 376.976 342.546 313.566 229.835 162.829 114.257 106.786 70.3461 55.1268 53.9341 51.4737 47.6981 41.2535 40.4256 37.693 48.3716 34.8202 34.7698 31.6047 31.5195 30.644 30.5514 29.9673 28.9529 28.7435 27.1431 27.1309
threshold=0.3886414827485461 3.5000000000000004 0.45181038063338563 0.35108561621039752 3.5000000000000004 3.5000000000000004 0.40500000000000075 -0.38999999999999918 -0.58999999999999952 1.1925000000000001 1.5000000000000002 -0.43499999999999911 -0.0016666666666673711 0.10024621566392526 5.8950000000000005 0.4306427459827698 0.5300000000000008 0.55416056302146377 -0.00083333333333346349 0.023333333333333876 1.0000000180025095e-35 2.5000000000000004 -0.016333333333333307 0.98833333333333384 1.1741666666666666 0.346597360171359 -0.020000000000000014 4.5000000000000009 0.0016666666666673715 2.5000000000000004
decision_type=2 2 2 2 2 2 2 2 2 2 2 2 8 2 2 2 2 2 8 8 8 10 8 2 2 2 8 2 10 2
left_child=3 2 4 6 14 8 11 20 19 12 -4 -1 -6 16 24 -14 -9 18 -10 -3 -5 -12 23 -8 28 -7 -27 -11 -2 -16
right_child=1 5 10 7 9 25 22 13 17 27 21 -13 15 -15 29 -17 -18 -19 -20 -21 -22 -23 -24 -25 -26 26 -28 -29 -30 -31
leaf_value=-0.04510785571518406 0.024604830709070186 0.0022885743608225821 -0.011090148957498552 -0.013788788829217885 0.010561293837881956 -0.032836140920382041 -0.018326985265538838 -0.012325288558236325 0.01900407807683907 0.027127073810076632 -0.0020675246185269253 -0.032244918359338147 -0.011748541915587047 0.011605192373981327 0.03410636488338907 0.0039596348997100904 0.0056419442284168179 -0.00161820995218343 0.0075569066339082371 -0.0096643078261720999 -0.025502150201921661 0.010947460261473994 -0.021290700377337116 0.0058730348055537548 0.038950051978245394 -0.0029675936356963143 -0.015021073476259396 0.012239849038396486 0.014656865574461379 0.02556033915412775
leaf_weight=1926.6282697543502 1499.8823424577713 2022.8258235156536 1310.680374994874 1084.5988876149058 1358.1011562943459 184.60882154107094 254.31214866042137 971.74170976132154 1860.8776962310076 698.16463609039783 998.83785305917263 1467.3491343036294 733.1586726307869 537.59660878777504 1931.62172318995 972.26128631830215 461.86197727918625 476.31206521391869 1830.7908303141594 871.92359156906605 1523.4326440989971 875.12385682761669 905.16658148169518 269.37616533041 231.93758037686348 664.67227606475353 1989.2106663733721 605.35856571793556 1263.1772032827139 1788.6786357164383
leaf_count=16896 9606 14535 9772 8611 9585 1417 1938 7323 12454 4515 7163 12197 5404 3772 11971 6821 3269 3367 12429 6329 12101 6233 7187 1962 1477 5003 15140 4121 8289 11357
internal_value=-5.45749e-05 0.0087585 0.0143661 -0.0227088 0.0191278 0.000678407 -0.0324645 -0.0124341 0.00631929 0.00822713 -0.00220445 -0.0395467 0.00312698 -0.00158902 0.0262166 -0.0027933 -0.00653681 0.0116192 0.0133271 -0.00131174 -0.0206309 0.00401036 -0.0156421 -0.00587892 0.0215201 -0.0133572 -0.0120022 0.0202134 0.020057 0.0299975
internal_weight=33570.3 24168.2 14267 9402.06 11082.3 9901.22 4822.83 4579.23 7062.73 4367.04 3184.64 3393.98 3063.52 1971.2 6715.3 1705.42 1433.6 4167.98 3691.67 2894.75 2608.03 1873.96 1428.85 523.688 2995 2838.49 2653.88 1303.52 2763.06 3720.3
internal_count=242244 166988 96314 75256 73146 70674 40180 35076 49114 30446 23168 29093 21810 14364 42700 12225 10592 28250 24883 20864 20712 13396 11087 3900 19372 21560 20143 8636 17895 23328
is_linear=0
shrinkage=0.05


Tree=7
num_leaves=31
num_cat=0
split_feature=19 12 0 18 0 12 21 12 12 22 12 12 21 12 0 12 22 0 11 0 12 1 10 6 11 11 14 5 11 18
split_gain=2446.89 406.494 337.341 323.297 376.73 213.591 175.392 173.694 158.449 135.677 105.603 68.42 62.6178 56.8504 55.3535 54.7274 54.7153 52.6185 41.4163 39.1841 37.4385 34.7295 30.2619 29.8039 29.5213 29.1932 26.422 24.9354 23.5504 23.1868
threshold=0.38157356464311437 -0.42333333333333351 5.5000000000000009 0.59671863747042098 3.5000000000000004 0.6600000000000007 0.19197083488891067 0.61249999999999993 0.26083333333333331 0.52978447392302852 0.12916666666666646 -0.56416666666666682 0.085961799064398478 -1.4149999999999996 2.5000000000000004 -1.1608333333333334 0.46499609505041722 5.5000000000000009 0.025000000000000803 3.5000000000000004 1.7916666666666676 6.6550000000000011 2.5000000000000004 5.5000000000000009 -0.015000000000000123 -0.038333333333332657 5.0291666666666659 6.7650000000000006 0.024999999999999915 0.15481869519988115
decision_type=2 2 2 2 2 2 2 2 2 2 2 2 2 2 2 2 2 2 10 2 2 2 2 8 8 8 2 10 8 2
left_child=2 9 8 4 6 11 10 12 13 -2 14 -4 23 -1 -3 29 -15 20 -12 -10 24 -5 -17 -6 -9 -7 -16 -8 -14 -11
right_child=1 3 5 21 7 25 27 17 19 15 18 -13 28 16 26 22 -18 -19 -20 -21 -22 -23 -24 -25 -26 -27 -28 -29 -30 -31
leaf_value=-0.028397366526328856 -0.01533131752635806 0.021475346361110717 -0.046355994060602181 -0.0013551053845481304 -0.0088612610596855521 0.0043861494434103863 0.00091043017464301375 0.020274195250985293 0.044353684244998297 -0.015427774463431881 0.028630422297814942 -0.031957584944493467 0.006227584833668566 -0.019263221070895366 0.0033292586547662888 0.012130423587583658 -0.0047765535654010309 -0.010073106688143613 0.018818459378016048 0.002805399886035577 0.028838368324907188 -0.01408954513159905 0.0011527944648060289 -0.02801392493139911 0.00780723044786002 -0.016525458775822781 0.020021722107111711 0.011507667733571779 -0.0064315214877731621 0.00065090256286554321
leaf_weight=922.76633767783642 1769.5436408221722 1378.2952084690332 1514.2303686961532 1513.4147262871265 1170.9527316987514 212.89970959722996 957.17563398182392 741.3904862254858 60.772445648908615 554.51442164182663 4599.1682286262512 1812.8810763955116 1127.5213671326637 1834.2747314572334 1025.6285456568003 982.8578727543354 1011.0734240785241 227.96621280163527 1403.7194623202085 856.72857220470905 409.64037418365479 828.49839076399803 1737.8273457437754 245.75057253241539 1320.7927731126547 772.38247357308865 308.33045741915703 1321.4591779559851 544.96886728703976 376.4405138194561
leaf_count=7520 13698 9021 13877 10968 8845 1562 6665 4915 394 4130 28295 15464 8096 14583 6847 6904 7661 1684 8989 6164 2630 6216 12287 1882 8956 6115 2044 9153 3952 2727
internal_value=-5.93744e-05 0.00811689 -0.0223636 0.0115427 0.0139711 -0.0324551 0.0194071 0.00364763 -0.0130759 -0.00396841 0.0226364 -0.0385106 -0.00444899 -0.017613 0.0144482 0.00153792 -0.0141155 0.0129121 0.026336 0.00555743 0.0150319 -0.00586017 0.0051185 -0.0121836 0.0122893 -0.0120069 0.00718754 0.00705613 0.00210271 -0.00892621
internal_weight=33543.9 24545.9 8998.01 19124.7 16782.8 4312.39 10993.8 5788.98 4685.62 5421.18 8715.14 3327.11 3089.19 3768.11 2712.25 3651.64 2845.35 2699.79 6002.89 917.501 2471.82 2341.91 2720.69 1416.7 2062.18 985.282 1333.96 2278.63 1672.49 930.955
internal_count=242244 168904 73340 129158 111974 37018 71014 40960 36322 39746 55196 29341 22775 29764 17912 26048 22244 18185 37284 6558 16501 17184 19191 10727 13871 7677 8891 15818 12048 6857
is_linear=0
shrinkage=0.05


Tree=8
num_leaves=31
num_cat=0
split_feature=19 12 0 18 0 12 12 21 12 0 8 0 21 12 12 22 0 12 6 0 12 11 1 14 12 11 11 1 22 11
split_gain=2233.8 363.261 320.855 288.186 332.295 208.511 155.541 153.651 145.616 124.26 92.5667 65.3873 57.104 55.4075 53.6571 50.779 46.9495 45.277 42.3842 34.1874 33.6233 32.306 32.1935 31.0977 30.0625 28.3244 25.6594 23.5725 22.4673 22.4578
threshold=0.38157356464311437 -0.42333333333333351 5.5000000000000009 0.59671863747042098 3.5000000000000004 -0.060000000000000268 0.61249999999999993 0.19197083488891067 0.26083333333333331 3.5000000000000004 2.5000000000000004 2.5000000000000004 0.085961799064398478 0.8008333333333334 -1.4149999999999996 0.46499609505041722 5.5000000000000009 -1.4149999999999996 3.5000000000000004 3.5000000000000004 1.1925000000000001 -0.038333333333332657 6.7650000000000006 2.8949999999999982 -2.0791666666666653 0.043333333333333453 -0.026666666666666835 5.6950000000000012 0.27022471268330189 0.0083333333333341936
decision_type=2 2 2 2 2 2 2 2 2 2 2 2 2 2 2 2 2 2 10 2 2 8 2 2 2 8 8 2 2 8
left_child=2 9 8 4 7 24 12 10 14 17 -3 27 25 -7 -1 29 20 -2 -13 -10 -8 -15 -5 26 -4 28 -19 -12 -6 -16
right_child=1 3 5 22 6 13 16 -9 19 -11 11 18 -14 21 15 -17 -18 23 -20 -21 -22 -23 -24 -25 -26 -27 -28 -29 -30 -31
leaf_value=-0.027546989753958914 -0.012467217822665079 0.026487658170500857 -0.052965168694415921 -0.0018475910141361952 -0.028700481283773383 -0.026788517705777334 0.008476807541790669 0.0066714819127013051 0.04097835766733389 -0.015674787094219992 0.018436693444225792 0.016775389685595731 0.0019941340368038849 0.008682517988825347 -0.0128358152489542 -0.0045529975797493185 -0.0096367676042387624 0.0096199730032395341 0.0029195444265913795 0.0026600314679377022 0.020088602719594936 -0.015169254418886644 -0.01480881416120277 0.010278905312296504 -0.039000061773548818 -0.026585811384260527 -0.0030373759964316513 0.028995074623066976 -0.0058914137605890551 -0.023980390528644438
leaf_weight=904.16970476508141 533.55835374444723 4279.3152880519629 495.79903125762939 1658.9598893076181 120.68022780865431 1170.0102104023099 1277.7466021180153 2289.0839127004147 62.444074705243111 1561.9686947464943 1539.1111836880445 1141.4720127880573 1674.8196311891079 183.19107040762901 880.48074949532747 1007.7688309773803 226.41436695307493 521.25979498028755 1068.6201616972685 858.32852926850319 1217.3995129615068 630.83722966909409 673.62391871213913 1062.0743494778872 1730.1881179362535 259.64401313662529 1727.0275716036558 805.17851933836937 1024.5409458354115 928.99283514916897
leaf_count=7520 3979 26014 4706 12077 940 9994 8715 15818 394 12348 9899 7289 12048 1335 7074 7661 1684 3661 7044 6164 7786 5048 5107 7454 15935 2020 12304 4950 7767 7509
internal_value=-6.35009e-05 0.00767009 -0.0216095 0.0108853 0.0131561 -0.0316053 0.00345487 0.0182159 -0.0125443 -0.00378285 0.0212074 0.0162461 -0.00424154 -0.019819 -0.0169492 -0.0135479 0.012164 0.00104941 0.0100758 0.00525867 0.0141423 -0.00980159 -0.00559065 0.003228 -0.0421105 -0.0116754 -0.000102801 0.0220631 -0.00829497 -0.0185575
internal_weight=33514.7 24662.5 8852.21 19256.6 16924 4210.03 5801.25 11122.8 4642.18 5405.89 8833.7 4554.38 3079.68 1984.04 3721.41 2817.24 2721.56 3843.92 2210.09 920.773 2495.15 814.028 2332.58 3310.36 2225.99 1404.87 2248.29 2344.29 1145.22 1809.47
internal_count=242244 168904 73340 129158 111974 37018 40960 71014 36322 39746 55196 29182 22775 16377 29764 22244 18185 27398 14333 6558 16501 6383 17184 23419 20641 10727 15965 14849 8707 14583
is_linear=0
shrinkage=0.05


Tree=9
num_leaves=31
num_cat=0
split_feature=19 12 22 18 0 12 0 12 0 12 0 12 0 6 12 22 16 12 6 8 12 1 6 22 6 14 9 14 11 0
split_gain=2043.16 361.807 265.962 250.951 332.053 193.264 129.518 119.486 115.824 107.603 88.4237 80.8412 56.5146 55.5972 51.24 43.5965 41.7354 41.1661 32.5278 32.4982 30.56 29.5212 29.4799 28.3161 26.1298 25.7161 25.1227 24.2908 23.7196 23.0509
threshold=0.3712625063297062 -0.42333333333333351 0.32667586892521261 0.59671863747042098 4.5000000000000009 -0.060000000000000268 3.5000000000000004 0.29000000000000054 1.5000000000000002 -0.38999999999999918 2.5000000000000004 0.62500000000000056 2.5000000000000004 2.5000000000000004 0.67166666666666719 0.76294667977124508 0.37914536817326983 1.1925000000000001 2.5000000000000004 2.5000000000000004 -2.0791666666666653 6.7650000000000006 5.5000000000000009 0.27854009324196022 3.5000000000000004 4.7258333333333349 3.5000000000000004 1.2474999999999989 -0.019999999999999126 3.5000000000000004
decision_type=2 2 2 2 2 2 2 2 2 2 2 2 2 10 2 2 2 2 10 2 2 2 8 2 8 2 2 2 10 2
left_child=2 6 5 4 7 20 16 10 -9 18 15 22 -10 -12 -7 26 -2 29 -4 -11 -1 -5 -6 -13 -21 -16 -3 -18 -28 -14
right_child=1 3 9 21 11 14 -8 8 12 19 13 23 17 -15 25 -17 27 -19 -20 24 -22 -23 -24 -25 -26 -27 28 -29 -30 -31
leaf_value=-0.052378946936660065 -0.0065820512296664302 0.025998145129361296 -0.010598231149886351 -0.0017574457454815129 -0.0090296766914469608 -0.027322001888547182 -0.015651365432165065 0.0042982656378281739 0.026787156523654078 0.0067736752329982013 0.01347457806003146 -0.01020675668267179 0.01832325582402718 -0.00083988286851980438 -0.015494794929743269 0.0069115111138771824 0.00039979220215315072 0.024529904100552793 -0.023665557114387531 -9.0749862584021119e-05 -0.038050767345042265 -0.014216488734279345 -0.028295203844959024 0.0084826073643620974 -0.014958279011790171 0.0042852059942239534 0.025109344865859407 0.010194160454592089 0.0092333272424511264 0.0097789793652499971
leaf_weight=478.47798757255077 1289.2352928295732 948.26554165780544 669.5957328081131 1656.905149191618 1147.4925964400172 981.24904771894217 1729.7210309281945 1181.4438947588205 2787.8974936157465 539.22349459677935 1004.2961064651608 250.20664488524199 1807.9798395931721 2089.9571378082037 708.82767978310585 912.41775315999985 1546.9368231967092 1543.5348773896694 1649.1723995506763 553.57382891327143 1674.5723029822111 666.78410497307777 240.11641985923052 1066.6709829643369 633.98438113927841 213.90922449529171 360.25208081305027 1071.5262250453234 678.13932991027832 1401.0697889178991
leaf_count=4726 9394 5984 5526 12077 8831 8630 13920 8285 16559 3810 6747 1887 11046 14456 5625 6184 10987 9448 13732 4170 15866 5107 1906 7172 4801 1686 2262 7490 4343 9587
internal_value=-6.68629e-05 0.00691169 -0.0219267 0.0101016 0.0121605 -0.0309726 -0.0042602 0.0151199 0.0188548 -0.0128551 0.00968471 -0.00394207 0.0211355 0.00380614 -0.0193679 0.0159591 0.000782033 0.0178202 -0.0198921 -0.00340577 -0.041235 -0.00533258 -0.0123634 0.00493163 -0.00802786 -0.0109094 0.0201144 0.00440784 0.0147412 0.0145928
internal_weight=33483.4 25380.8 8102.59 19743.4 17419.7 4057.04 5637.42 14715.3 8721.93 4045.55 5993.33 2704.49 7540.48 3094.25 1903.99 2899.07 3907.7 4752.58 2318.77 1726.78 2153.05 2323.69 1387.61 1316.88 1187.56 922.737 1986.66 2618.46 1038.39 3209.05
internal_count=242244 173672 68572 131881 114697 36533 41791 94901 54925 32039 39976 19796 46640 21203 15941 18773 27871 30081 19258 12781 20592 17184 10737 9059 8971 7311 12589 18477 6605 20633
is_linear=0
shrinkage=0.05


Tree=10
num_leaves=31
num_cat=0
split_feature=19 12 22 18 0 12 0 12 21 0 12 12 12 12 11 1 0 12 6 8 22 8 11 6 21 16 22 11 6 5
split_gain=1866.71 324.533 252.886 235.296 264.871 187.754 160.35 99.7587 80.0372 118.467 100.607 62.1085 52.9763 48.3522 43.9615 32.505 31.9415 30.7045 30.5671 29.4307 29.049 28.7118 26.0527 26.0101 25.612 25.3848 25.0894 24.3992 23.9717 23.7369
threshold=0.3712625063297062 -0.25333333333333247 0.32667586892521261 0.59671863747042098 4.5000000000000009 -0.060000000000000268 3.5000000000000004 -0.38999999999999918 0.42500261269022682 2.5000000000000004 0.77333333333333398 0.6600000000000007 -0.86833333333333285 0.67166666666666719 0.033333333333333666 5.5250000000000012 3.5000000000000004 -2.0791666666666653 2.5000000000000004 2.5000000000000004 0.346597360171359 1.5000000000000002 0.0054999999999996172 5.5000000000000009 0.12181706028588683 0.41967752011824655 0.27854009324196022 -0.010000000000000229 3.5000000000000004 6.8750000000000009
decision_type=2 2 2 2 2 2 2 2 2 2 2 2 2 2 10 2 2 2 10 2 2 2 8 8 2 2 2 8 8 10
left_child=2 6 5 4 8 17 12 18 9 15 14 23 25 -7 16 -3 -11 -1 -4 -9 -8 -5 24 -6 -14 -2 -13 -15 -21 -23
right_child=1 3 7 21 11 13 20 19 -10 10 -12 26 22 27 -16 -17 -18 -19 -20 28 -22 29 -24 -25 -26 -27 -28 -29 -30 -31
leaf_value=-0.051880396404514362 -0.0085469280316895126 0.016957694789253297 -0.010147306216564282 -0.01162281684983589 -0.0075383316351174999 -0.026500827381876441 -0.033636995007339902 0.0064057066117108839 0.0054943265179030207 0.01469031660930839 0.019965524388819364 -0.0095254565404545039 0.020403850599392728 -0.0011719665868879547 -0.0012496111179807505 0.026048695207147688 0.0048972632411287305 -0.037242121869683835 -0.022880494971521077 -8.6216147692513441e-05 -0.012141257824159098 -0.0038179046209741913 0.0011987752722915676 -0.027057275888452949 0.00678285463864612 0.0038821486611272521 0.0083544853899787264 -0.017629197398325462 -0.014361012594082498 0.012731875576532884
leaf_weight=459.40575958788395 1209.3435607776046 1485.2783270776272 664.51650172472 968.35500836372375 1022.1339855864644 961.58000056445599 170.58010566979647 541.6252573505044 1926.0025280714035 1990.7058167755604 2815.7214142382145 242.18642213195562 467.11163024604321 399.61133094877005 1016.1237408965826 2909.0687685310841 1431.3106907457113 1626.614786028862 1621.1945362761617 553.53952067345381 1999.0238556489348 985.5585573464632 1381.3679702728987 204.88665399700403 1321.4309332668781 622.14157472550869 1033.2608536928892 516.06952989846468 627.50279773771763 277.71148191392422
leaf_count=4726 8985 9193 5526 7423 7865 8630 1445 3810 13294 12341 17254 1838 3176 3019 6923 17036 10082 15866 13732 4170 16092 7169 9534 1648 8982 4505 6884 4292 4801 2003
internal_value=-6.952e-05 0.00653718 -0.0211861 0.0100688 0.0121806 -0.0301421 -0.00247936 -0.0123308 0.0149362 0.0164974 0.0125728 -0.00276664 0.00244511 -0.0186702 0.00788255 0.022976 0.0105942 -0.0404659 -0.0191786 -0.00324486 -0.0138313 -0.00514513 0.00635661 -0.0107976 0.0103402 -0.00432487 0.00495938 -0.0104471 -0.0076706 -0.000179677
internal_weight=33451 25479.3 7971.66 18308.3 16076.7 3963.28 7171 4008.38 13574.2 11648.2 7253.86 2502.47 5001.4 1877.26 4438.14 4394.35 3422.02 2086.02 2285.71 1722.67 2169.6 2231.63 3169.91 1227.02 1788.54 1831.49 1275.45 915.681 1181.04 1263.27
internal_count=242244 173672 68572 120953 104358 36533 52719 32039 86123 72829 46600 18235 35182 15941 29346 26229 22423 20592 19258 12781 17537 16595 21692 9513 12158 13490 8722 7311 8971 9172
is_linear=0
shrinkage=0.05


Tree=11
num_leaves=31
num_cat=0
split_feature=19 8 18 22 0 0 12 8 12 12 22 8 12 12 22 11 11 22 21 12 6 6 0 11 19 11 12 14 1 11
split_gain=1705.24 295.278 248.912 240.205 237.741 204.757 182.196 92.7578 74.1077 63.938 56.558 53.8793 45.564 42.6846 45.8112 39.8798 35.7154 35.0416 33.6209 30.8499 29.9782 27.2981 27.0727 26.0437 25.5673 29.3652 24.8663 23.6527 22.5273 22.4065
threshold=0.3712625063297062 3.5000000000000004 0.45181038063338563 0.32667586892521261 3.5000000000000004 3.5000000000000004 -0.060000000000000268 3.5000000000000004 -0.83499999999999963 1.1925000000000001 0.27022471268330189 1.5000000000000002 0.67166666666666719 -1.4149999999999996 0.49011100244102923 -1.0000000180025095e-35 -0.013333333333334084 0.346597360171359 0.19197083488891067 -2.0791666666666653 3.5000000000000004 2.5000000000000004 2.5000000000000004 -0.038333333333333545 0.60817195618030251 -0.026666666666666835 1.0200000000000002 4.7258333333333349 6.1050000000000013 -0.025000000000000796
decision_type=2 2 2 2 2 2 2 2 2 2 2 2 2 2 2 8 8 2 2 2 10 10 2 8 2 8 2 2 2 8
left_child=3 2 5 6 8 20 19 29 24 10 -7 -4 -8 -9 -15 -12 18 -6 22 -1 -2 28 -10 -19 25 -3 -22 -14 -13 -5
right_child=1 4 11 7 17 9 12 13 16 -11 15 21 27 14 -16 -17 -18 23 -20 -21 26 -23 -24 -25 -26 -27 -28 -29 -30 -31
leaf_value=-0.051393911571615714 0.021975509747278504 0.0058939155198341779 -0.0097288279673440146 0.013539511319438877 -0.029834903292394296 -0.022960476370274856 -0.025692485138762867 -0.026308786505064914 0.024187289832942105 0.01465505590756876 0.0098717800444577831 0.003845584759977397 -0.014466469690158551 -0.016951350261311469 2.2759992317442243e-05 -0.0014946638423437037 0.0043837836621657021 0.0014535339035492655 0.0044719408557381971 -0.036438341847757849 0.012510181671439908 0.0099522222067845827 0.009811081776207967 -0.012286724515375276 0.0043151522788717261 -0.011972731318442641 0.02254065474468149 0.0045733990298506737 -0.011576778630723634 -0.0033126352981930948
leaf_weight=441.03253458440304 4214.7948198318481 299.29142442345619 1282.1573937535286 262.65077862888575 250.93328443914652 211.31612247228622 942.72890817373991 793.91847322136164 713.44800825417042 1450.5841713547707 1438.2160537540913 613.54060238599777 695.76320411264896 1594.6702762171626 529.48361081629992 1665.1482620313764 3303.8895763605833 401.73187824338675 776.04141286015511 1580.5516574755311 2121.3375454843044 885.11049668490887 605.32914116978645 2436.4320759922266 651.12817242741585 993.03149865567684 871.82479833066463 213.06556890904903 385.59055596590042 792.06000825762749
leaf_count=4726 24803 2194 9772 1888 2135 1684 8630 6929 4515 9220 9959 4272 5625 13352 4072 11918 22118 3115 5286 15866 13020 6233 3951 19309 4706 7437 5134 1686 2891 5798
internal_value=-7.15858e-05 0.00618489 0.0106448 -0.0204623 -0.000288051 0.0139417 -0.0293227 -0.0118241 0.00460814 0.00590007 0.00206868 -0.00182212 -0.0179913 -0.0164173 -0.0127202 0.00377297 0.00762206 -0.0119253 0.0127294 -0.0397011 0.0192582 0.00355811 0.0175885 -0.0103418 -0.00376422 -0.00783496 0.0154318 -0.0100028 -0.0021063 0.000883993
internal_weight=33416.8 25570.9 15139.6 7845.93 10431.3 11973.2 3873.14 3972.78 7342.16 4765.26 3314.68 3166.4 1851.56 2918.07 2124.15 3103.36 5398.71 3089.1 2094.82 2021.58 7207.96 1884.24 1318.78 2838.16 1943.45 1292.32 2993.16 908.829 999.131 1054.71
internal_count=242244 173672 98906 68572 74766 75738 36533 32039 50207 32781 23561 23168 15941 24353 17424 21877 35870 24559 13752 20592 42957 13396 8466 22424 14337 9631 18154 7311 7163 7686
is_linear=0
shrinkage=0.05


Tree=12
num_leaves=31
num_cat=0
split_feature=19 12 22 12 18 0 0 12 12 0 12 0 6 12 0 6 22 15 12 21 12 12 11 8 11 10 0 9 22 2
split_gain=1557.46 267.169 228.349 188.003 187.479 239.25 104.418 81.119 79.2406 98.2136 62.9003 60.8204 44.3509 42.9237 42.4828 40.1739 34.16 41.4404 31.5716 31.3559 30.6312 30.3895 30.0005 28.3904 25.4044 23.8027 22.956 22.8485 21.3587 20.3571
threshold=0.3712625063297062 -0.42333333333333351 0.35108561621039752 -0.060000000000000268 0.62602266213501179 4.5000000000000009 2.5000000000000004 -1.0933333333333333 0.26083333333333331 1.5000000000000002 0.26083333333333331 2.5000000000000004 2.5000000000000004 0.8008333333333334 2.5000000000000004 2.5000000000000004 0.45187185734062268 0.14975296627679027 1.1925000000000001 0.47496843075909795 -1.1608333333333334 -2.0791666666666653 0.010833333333333252 2.5000000000000004 -0.01666666666666616 2.5000000000000004 3.5000000000000004 3.5000000000000004 0.4887805991748792 5.4750000000000005
decision_type=2 2 2 2 2 2 2 2 2 2 2 2 10 2 2 8 2 2 2 2 2 2 8 2 8 2 2 2 2 2
left_child=2 6 3 21 5 8 20 -4 11 -10 -7 19 -13 -5 -11 26 -8 -18 -16 27 -2 -1 -12 -17 -15 -22 -9 -3 -25 -6
right_child=1 4 7 13 29 10 16 15 9 14 22 12 -14 24 18 23 17 -19 -20 -21 25 -23 -24 28 -26 -27 -28 -29 -30 -31
leaf_value=-0.049957272398466861 -0.0057702662826699174 0.022401270448294562 -0.022177937959645466 -0.022936083839031368 0.0026524423774799302 -0.014587669703693707 -0.018447596944269916 0.023456842196400002 0.0035474236070279805 0.022291064873361497 0.0070016986659213847 0.011695412463359232 -0.0012972251602272086 0.0034835254339262156 0.0120505980472796 0.0032404721196422678 -0.010810689828531386 0.0048288308935376398 0.020556252458993909 0.0057191518734740834 0.014275171726866027 -0.035222559696643188 -0.0061228971328383501 -0.016497034904591569 -0.01491948003308227 0.0026412474909744349 -0.00025841417470349716 0.011610006894997506 -0.0024560866753923741 -0.0090356655012208947
leaf_weight=443.25937966257334 640.90769686549902 934.16928714513779 1103.8613857850432 1121.5370340719819 498.3795013576746 879.20666716247797 865.07037658244371 119.84195896983147 1480.6775359511375 2983.3803702294827 1080.6938032507896 978.01507652550936 1999.9847635924816 308.544015660882 3425.9103138148785 324.0820679217577 1616.4683662876487 573.95535935461521 1600.756963789463 961.88328033685684 690.74750526249409 1661.9408581629395 729.20073971897364 1119.9312224090099 478.14069363474846 1209.4854871332645 687.0321169346571 1032.8460183590651 357.24250273406506 1475.3503845632076
leaf_count=4908 4779 5710 9661 10232 3639 7011 7228 851 10385 17052 7515 6454 13818 2294 21564 2273 12316 4281 9448 6469 4726 16967 5270 9306 4028 8461 5343 6407 2709 11139
internal_value=-7.32279e-05 0.00585298 -0.0197549 -0.028022 0.00854794 0.0101447 -0.00380679 -0.0108165 0.0125479 0.0153777 -0.00361597 0.00800131 0.00296973 -0.0166555 0.0175645 -0.00600783 -0.0100351 -0.00671268 0.0147592 0.0131172 0.00368216 -0.038325 0.00171384 -0.0101611 -0.00770167 0.00687026 0.00326392 0.016735 -0.0131013 -0.00608434
internal_weight=33382.5 25657.1 7725.41 4013.42 20060.5 18086.7 5596.63 3711.99 15397.6 9490.73 2689.1 5906.9 2978 1908.22 8010.05 2608.13 3055.49 2190.42 5026.67 2928.9 2541.14 2105.2 1809.89 1801.26 786.685 1900.23 806.874 1967.02 1477.17 1973.73
internal_count=242244 173672 68572 38429 131881 117103 41791 30143 97307 58449 19796 38858 20272 16554 48064 20482 23825 16597 31012 18586 17966 21875 12785 14288 6322 13187 6194 12117 12015 14778
is_linear=0
shrinkage=0.05


Tree=13
num_leaves=31
num_cat=0
split_feature=19 12 19 21 22 0 8 6 12 8 11 12 22 8 22 22 12 22 22 11 22 0 0 13 11 1 16 15 22 12
split_gain=1422.22 239.969 217.917 192.392 179.835 179.832 87.944 64.1821 57.314 55.4693 53.345 45.8059 43.6704 36.1449 35.5478 34.9149 37.6784 33.1836 30.9675 30.7901 27.842 26.576 44.1857 25.8866 25.2627 23.2168 23.1651 22.9573 22.805 21.5005
threshold=0.3712625063297062 0.010000000000000011 0.23242346756241841 0.50898107985542818 0.44322571061913468 3.5000000000000004 4.5000000000000009 3.5000000000000004 -0.58999999999999952 1.5000000000000002 0.038333333333333559 1.3133333333333341 0.23759085277671491 2.5000000000000004 0.35108561621039752 0.52497635056382796 0.37333333333333335 0.27022471268330189 0.346597360171359 0.028333333333333769 0.76294667977124508 1.5000000000000002 2.5000000000000004 1.7700000000000005 0.00083333333333346371 3.0750000000000006 0.4722283378803252 0.22548950228528528 0.27022471268330189 0.29000000000000054
decision_type=2 2 2 2 2 2 2 8 2 2 10 2 2 2 2 2 2 2 2 8 2 2 2 2 8 2 2 2 2 2
left_child=2 5 6 4 11 8 -1 15 19 -5 21 17 -9 -14 -8 16 28 -3 -7 26 -21 -6 -23 -24 -20 -17 -2 -11 -4 -12
right_child=1 3 7 9 10 18 14 12 -10 27 29 -13 13 -15 -16 25 -18 -19 24 20 -22 22 23 -25 -26 -27 -28 -29 -30 -31
leaf_value=-0.020188445063989924 -0.0013929077485618248 -0.021872021636274885 -0.025251996870138571 -0.010959395031753494 0.0058667577978357864 -0.028351289884655476 -0.04184532971885091 -0.032339156621009189 0.0076852998362192592 0.0067062164163412905 -0.0029337514910331777 0.011234027568566082 0.00020825875730734646 -0.017928974234765169 -0.024787005251258352 -0.025893071425575689 0.0011363289569895592 -0.0016026559152048901 -0.0038220543524287286 -0.014762707630644467 0.0089119278662791891 0.021849467087190284 0.012120389691384178 0.020437107569799915 -0.013591392220954858 0.016300686976321171 0.01042418033192535 -0.0053328574404618613 -0.0098283708835463831 0.01009095616935235
leaf_weight=1332.8744320198894 1659.6662645190954 231.69414007663727 313.05848252773285 1098.0247955173254 544.58841522037983 234.47984842956066 1208.60651191324 437.11459074169397 4048.186181679368 1341.5465451031923 421.09668312966824 654.66061180830002 330.76284691691399 1620.3785385340452 408.67901138216257 37.846777699887753 663.09201068431139 1571.4066433832049 1157.15517873317 619.88319196552038 155.29864136874676 3193.2614391893148 3602.6328158006072 1263.8931657671928 1545.6663416698575 235.26507260650396 552.87025748193264 561.80843143165112 1022.2197170481086 1279.8740745186806
leaf_count=12089 12053 1868 3186 8404 3915 2066 13348 4182 26445 9215 2797 4268 2486 13902 3630 332 5075 11330 9158 4600 1121 18053 22348 7567 12542 1726 3845 4136 8616 7941
internal_value=-7.44012e-05 0.00554029 -0.0190641 0.00938038 0.012059 -0.000529663 -0.0296978 -0.0123317 0.00380844 -0.00201009 0.0149574 -9.42191e-05 -0.0180545 -0.0148543 -0.0375348 -0.00631464 -0.00860632 -0.00420722 -0.010921 -0.00144448 -0.0100198 0.0165569 0.0172792 0.0142803 -0.00940886 0.0104536 0.00155995 0.00315267 -0.0134445 0.00686653
internal_weight=33347.6 25737.7 7609.9 15764.5 12763.1 9973.21 2950.16 4659.74 7035.9 3001.38 10305.3 2457.76 2388.26 1951.14 1617.29 2271.48 1998.37 1803.1 2937.3 2987.72 775.182 8604.38 8059.79 4866.53 2702.82 273.112 2212.54 1903.35 1335.28 1700.97
internal_count=242244 173672 68572 101842 80087 71830 29067 39505 48064 21755 62621 17466 20570 16388 16978 18935 16877 13198 23766 21619 5721 51883 47968 29915 21700 2058 15898 13351 11802 10738
is_linear=0
shrinkage=0.05


Tree=14
num_leaves=31
num_cat=0
split_feature=19 12 22 12 18 0 0 12 12 0 0 12 11 12 6 14 11 0 12 2 11 12 11 10 1 12 22 22 0 13
split_gain=1298.29 217.308 209.422 177.298 154.852 193.391 89.9257 77.1508 62.5285 82.6244 54.8688 54.1817 42.723 33.1753 33.0165 30.0671 29.1474 28.9691 30.2217 28.6803 30.0892 27.9343 25.1772 23.5794 22.5611 20.7852 20.177 19.7665 19.4762 19.0773
threshold=0.3712625063297062 -0.42333333333333351 0.37113961292804654 -0.086666666666666656 0.62602266213501179 4.5000000000000009 2.5000000000000004 -1.4149999999999996 0.41666666666666635 1.5000000000000002 3.5000000000000004 0.34166666666666706 -0.020833333333333478 1.1550000000000009 3.5000000000000004 1.5266666666666657 0.025000000000000803 5.5000000000000009 -2.0791666666666653 6.2250000000000005 -0.0066666666666663757 -1.8183333333333325 0.010833333333333252 2.5000000000000004 5.1650000000000009 0.67166666666666719 0.2999234303001857 0.453724739988214 3.5000000000000004 -0.16499999999999979
decision_type=2 2 2 2 2 2 2 2 2 2 2 2 8 2 8 2 10 2 2 2 10 2 8 2 2 2 2 2 2 2
left_child=2 6 3 17 5 8 21 -4 10 -10 19 26 13 -5 28 27 -11 -1 -19 20 -3 -2 -13 -23 -21 -14 -7 -8 -9 -29
right_child=1 4 7 12 -6 11 15 14 9 16 -12 22 25 -15 -16 -17 -18 18 -20 24 -22 23 -24 -25 -26 -27 -28 29 -30 -31
leaf_value=-0.02459009555601873 -0.019298649100799065 0.012590146553708818 -0.024090308508526635 -0.011278606284545099 -0.0056965601808134014 -0.03035183901217417 -0.021561351786437994 0.015046999900281566 0.0023582906340987812 0.018123284508901782 -0.00048642543542296756 0.0069987815278987359 -0.024962899979617682 0.013725271872595705 -0.009836888850426306 -0.003166208556214438 0.010500148809901005 -0.050176673150546983 -0.034458955637517857 -0.0064115727240057919 0.0044921794870579615 0.011135280423467883 -0.0054453479093096342 0.000882611812561268 0.018870460125426584 -0.012954890944670106 -0.0097841335188546662 -0.014379792614372625 -0.0013715230770124779 -0.0015710262478335311
leaf_weight=531.12349494546652 128.54271049052477 2159.2456193566322 618.5402108207345 472.48678760975599 1962.1134302094579 138.99314817041159 524.912538215518 224.07622081041336 1246.9001345336437 5336.9090146273375 1550.3637525886297 1025.308614641428 809.01725991815329 184.44709314405918 1284.2471823617816 1193.5504606515169 1639.02392975986 391.02024123817682 1403.7561446353793 95.720115840435028 2447.1173800975084 882.5789846777916 673.42265096306801 1538.0839207693934 1129.5347812920809 649.84195715934038 839.07975057512522 863.4968995153904 931.44991831481457 438.22938848286867
leaf_count=4771 998 13368 5654 4118 14778 1210 4486 1597 8772 30891 11223 7050 7604 1354 10499 9357 9918 4704 15343 607 15604 6089 4843 10879 6924 5491 6693 6665 7437 3317
internal_value=-7.50452e-05 0.00524553 -0.0183871 -0.0253201 0.00765181 0.00908445 -0.00350085 -0.0083182 0.0112144 0.0142132 0.00787392 -0.00333214 -0.0148462 -0.00425828 -0.00431959 -0.0093379 0.0163322 -0.0348478 -0.0378833 0.0100966 0.00828812 0.00341463 0.00206559 0.00462076 0.0168954 -0.019614 -0.012707 -0.0133706 0.00181231 -0.0100677
internal_weight=33313.1 25813.1 7500.01 4441.69 20243.7 18281.6 5569.39 3058.31 15604.8 8222.83 7381.98 2676.8 2115.79 656.934 2439.77 3020.19 6975.93 2325.9 1794.78 5831.62 4606.36 2549.21 1698.73 2420.66 1225.25 1458.86 978.073 1826.64 1155.53 1301.73
internal_count=242244 173672 68572 43385 131881 117103 41791 25187 97307 49581 47726 19796 18567 5472 19533 23825 40809 24818 20047 36503 28972 17966 11893 16968 7531 13095 7903 14468 9034 9982
is_linear=0
shrinkage=0.05


Tree=15
num_leaves=31
num_cat=0
split_feature=19 0 12 18 22 12 12 12 0 12 15 11 11 6 14 22 2 22 3 8 22 12 21 0 2 16 11 6 22 2
split_gain=1188.21 226.801 191.115 180.017 158.03 156.615 95.0667 92.1037 75.1174 73.0442 43.2319 40.6412 38.4354 38.2777 35.7006 29.3235 29.1218 27.1038 25.714 24.6787 24.593 24.3394 23.6456 25.0158 22.7407 22.6834 21.8717 20.797 20.7511 20.3043
threshold=0.34442420604192908 4.5000000000000009 -0.58999999999999952 0.51120446898422833 0.37113961292804654 -0.086666666666666656 0.6600000000000007 0.49500000000000038 2.5000000000000004 -1.0933333333333333 0.25239783601312554 0.013333333333334087 0.023333333333333876 5.5000000000000009 4.7258333333333349 0.24529630974026073 4.2250000000000005 0.76294667977124508 33.395000000000003 2.5000000000000004 0.2875528289601626 -1.3483333333333327 0.54077537032938483 2.5000000000000004 6.2250000000000005 0.45014683382564558 -0.018333333333333975 3.5000000000000004 0.48082002551948944 5.4750000000000005
decision_type=2 2 2 2 2 2 2 2 2 2 2 10 8 8 2 2 2 2 2 2 2 2 2 2 2 2 8 8 2 2
left_child=4 2 12 7 5 21 13 8 24 -6 18 28 16 15 26 -3 -2 25 -5 -11 -8 -1 23 -9 -4 -14 -7 -21 -10 -25
right_child=1 6 3 10 9 14 20 22 11 19 -12 -13 17 -15 -16 -17 -18 -19 -20 27 -22 -23 -24 29 -26 -27 -28 -29 -30 -31
leaf_value=-0.042169753294740119 -0.0051255784945385607 -0.027146361609079656 0.010697711930906489 0.0069812639449078262 -0.0218547760962534 -0.0095254939413175633 -0.0087245535315071208 0.019663244656851025 -7.636770869568453e-05 0.010578008643587003 -0.010120059688058188 -0.0024499153621827044 -0.019223239639928693 -0.026251415112879539 -0.0024831681832275373 -0.0076766465751187622 0.0052546467910524154 0.0070444643087846457 -0.0032406109661602019 0.0010024193035664687 0.0069942179873201523 -0.030912895482684489 0.00047124720620409844 0.0082033678712046011 0.020500818867283506 -0.0037257246457583076 -0.022826747035613184 -0.011743800769512092 0.0095543586434404023 0.015730195193988532
leaf_weight=723.61187940835953 1444.963950060308 216.31995169818401 3151.0069559365511 1246.4049071222544 757.03676646202803 445.50038060545921 318.79125522077084 2495.4088473469019 765.24182961136103 277.82179521769285 1065.5751414075494 1921.6620322391391 697.07425428926945 423.93971894681454 438.9106969088316 1824.5330479890108 1269.1646718159318 179.50013134628534 1214.9762188047171 594.9689767062664 1133.9776428341866 1427.4731112122536 264.6291940510273 1318.5648657679558 728.32360590994358 357.06017304956913 1009.0932362601161 692.49940295517445 2078.5859563499689 2795.7828923612833
leaf_count=8471 10891 1995 19493 8897 6912 3756 2470 13869 5560 1946 8202 13387 5543 3673 3866 14917 9313 1288 8660 4751 7468 15274 1782 7924 4264 2721 9271 5830 13300 16550
internal_value=-7.54756e-05 0.00452001 0.00641464 0.00848995 -0.0194995 -0.0254685 -0.00660044 0.0108073 0.00737239 -0.0091039 -0.0017067 0.00316719 -0.00359776 -0.0125802 -0.0149816 -0.00974034 -0.000271639 -0.0109156 0.00193559 -0.00293707 0.00354494 -0.0346996 0.0151268 0.0157135 0.0125382 -0.0139739 -0.018753 -0.00585348 0.00696284 0.013318
internal_weight=33278.4 26911.5 22993.9 19046.2 6366.92 4044.59 3917.56 15519.2 8644.82 2322.33 3526.96 4765.49 3947.76 2464.79 1893.5 2040.85 2714.13 1233.63 2461.38 1565.29 1452.77 2151.08 6874.39 6609.76 3879.33 1054.13 1454.59 1287.47 2843.83 4114.35
internal_count=242244 182167 151644 121888 60077 40638 30523 96129 56004 19439 25759 32247 29756 20585 16893 16912 20204 9552 17557 12527 9938 23745 40125 38343 23757 8264 13027 10581 18860 24474
is_linear=0
shrinkage=0.05


Tree=16
num_leaves=31
num_cat=0
split_feature=22 12 12 18 22 0 12 0 21 0 8 1 12 11 11 14 6 11 11 16 14 12 13 5 11 14 6 22 8 1
split_gain=1086.53 307.655 283.128 136.753 112.785 112.403 80.3344 78.3088 73.5335 62.4165 53.8717 41.9994 35.7753 32.9999 32.7704 30.7544 30.6782 26.126 25.4592 23.4015 23.0685 20.9748 20.6558 20.5241 19.7919 19.1381 18.5909 18.5148 18.1898 18.075
threshold=0.3813828000222142 -0.58999999999999952 0.2500000000000005 0.62602266213501179 0.27022471268330189 3.5000000000000004 0.6966666666666671 3.5000000000000004 0.16250392377921061 5.5000000000000009 2.5000000000000004 2.9250000000000003 -1.2358333333333331 -0.0066666666666672638 -0.021666666666666053 2.8949999999999982 1.5000000000000002 0.0049999999999994502 0.029166666666666789 0.39193634129387617 0.20333333333333672 0.29000000000000054 -0.041666666666666845 6.7650000000000006 0.029999999999999808 7.2949999999999973 2.5000000000000004 0.63704670738491742 1.5000000000000002 6.0950000000000006
decision_type=2 2 2 2 2 2 2 2 2 2 2 2 2 10 8 2 8 8 8 2 2 2 2 10 8 2 8 2 2 2
left_child=2 7 4 5 12 8 17 11 10 16 -3 -2 -1 -12 28 18 -4 25 -13 -9 21 -15 -21 -10 -6 -7 -5 -20 -11 -24
right_child=1 3 9 26 24 6 -8 19 23 14 13 15 -14 20 -16 -17 -18 -19 27 22 -22 -23 29 -25 -26 -27 -28 -29 -30 -31
leaf_value=-0.044998330073852941 -0.021522950943925079 0.017559304644173431 0.019825712040220326 -0.0095657439857399079 -0.014111996304706477 0.00014441061526978126 0.010416875927222347 -0.019521685953563017 0.00085055534220600498 0.0070712023478022206 0.014605782332351042 -0.00012507730381367322 -0.030401119650319365 -0.00023968685853019948 -0.01703161942924426 0.0070026108188696728 -0.00084018189239757658 -0.0058499784704852198 -0.016826954943295839 -0.013178161550299021 0.011630368384551702 0.012915152709307601 0.0013359268030854335 0.0082473269449598024 -0.025292467053930109 0.013587583023401927 0.00016776776072806036 0.0045609486157137486 -0.010935174442916293 0.071106001597737598
leaf_weight=577.27581268548965 248.68773248046637 4263.1067418456078 221.93004591017962 1113.7965146675706 1297.4171072393656 1472.4879637509584 2136.0042676925659 1035.5240307897329 1588.9593538418412 273.00300591439009 2220.3636156916618 1503.1991358920932 1538.1451263055205 1323.315687969327 1097.2489685565233 1009.9403864368796 941.11332782357931 1900.3171286359429 475.69526488333941 614.57212860882282 1285.6016635745764 393.00980615615845 228.22240005433559 2288.531924597919 569.6123321428895 322.78514181822538 876.7199796512723 128.52544064074755 288.43643171340227 9.6764149069786054
leaf_count=7258 2062 23749 1494 8514 11561 10838 13255 9323 10429 2058 13208 10958 16762 8504 9866 7266 6652 14656 3677 5297 8017 2293 1957 14949 5265 2374 6546 926 2449 81
internal_value=-7.56616e-05 0.00451003 -0.0178943 0.00719607 -0.0264796 0.00848973 0.00269775 -0.00632042 0.0110174 -0.00577743 0.0133888 -0.00174882 -0.0343845 0.00998427 -0.0120044 -0.000171331 0.00310325 -0.00176381 -0.0036093 -0.014471 0.00656599 0.00277255 -0.00833576 0.0052162 -0.017523 0.00256146 -0.00527863 -0.0122775 -0.00217947 0.00417379
internal_weight=33243.2 26439 6804.18 21185 3982.45 19194.5 5831.59 5254.04 13362.9 2821.73 9485.4 3366.05 2115.42 5222.29 1658.69 3117.36 1163.04 3695.59 2107.42 1887.99 3001.93 1716.33 852.471 3877.49 1867.03 1795.27 1990.52 604.221 561.439 237.899
internal_count=242244 178879 63365 137332 40846 122272 41123 41547 81149 22519 55771 24889 24020 32022 14373 22827 8146 27868 15561 16658 18814 10797 7335 25378 16826 13212 15060 4603 4507 2038
is_linear=0
shrinkage=0.05


Tree=17
num_leaves=31
num_cat=0
split_feature=19 22 19 12 18 12 12 0 12 12 22 1 22 12 11 12 6 11 2 5 11 10 11 14 11 21 14 22 22 5
split_gain=998.263 185.914 144.667 144.055 150.613 84.7208 79.1572 75.967 62.4413 57.1651 66.8992 44.8226 38.5892 33.255 31.5148 31.3749 31.0709 28.6415 26.4532 26.3415 26.0118 25.7663 25.1488 24.9434 23.9528 23.1724 22.0606 21.9095 20.5639 18.2171
threshold=0.34442420604192908 0.44322571061913468 0.21524076773614079 -0.58999999999999952 0.45181038063338563 0.6600000000000007 0.30166666666666614 2.5000000000000004 -0.85166666666666624 0.8008333333333334 0.37113961292804654 5.8050000000000006 0.26307786197712674 -1.4149999999999996 0.033666666666666518 -1.0933333333333333 5.5000000000000009 -0.021666666666666941 7.0850000000000009 6.7650000000000006 -0.020000000000000014 3.5000000000000004 -0.023333333333332981 3.294166666666666 0.025000000000000803 0.042949646542805565 7.2949999999999973 0.39244454038841264 0.2875528289601626 6.5750000000000011
decision_type=2 2 2 2 2 2 2 2 2 2 2 2 2 2 10 2 8 8 2 10 8 2 8 2 10 2 2 2 2 8
left_child=2 5 8 13 6 12 7 21 28 10 17 19 -2 -3 -9 -12 -14 -4 23 -6 -7 -5 -13 -15 -8 -22 -17 -10 -1 -11
right_child=1 3 9 4 11 20 24 14 27 29 15 22 16 18 -16 26 -18 -19 -20 -21 25 -23 -24 -25 -26 -27 -28 -29 -30 -31
leaf_value=-0.042840223503202303 -0.02796590018400218 -0.012310854964523915 -0.011354478154890102 0.016364264698740853 -0.0020369370958952904 0.012581904833235492 0.014863348089709247 0.0038096994040193594 -0.022742525183759004 0.077973668606391211 -0.018392838039740227 -0.0105084018249859 -0.0061290278222983219 -0.0041450517349623465 -0.0070171343322878409 -0.0071013740957569065 -0.021101924473099495 -0.027068983857438729 0.040771909491956304 0.010959608031916562 -0.013495334044315389 0.0069742867058611565 -0.00032074538095474159 0.0056751079317354123 0.0084616016225355448 0.0034911846917732854 0.011280899322715523 0.006276852357370662 -0.026624844724912878 0.00013839338051308773
leaf_weight=673.89911434799433 287.68142749369144 757.66335644572973 392.59266105294228 1569.8066186457872 661.79047223925591 551.59417247027159 6207.5458525344729 2808.1054346710443 1192.8538040742278 7.6061602905392638 572.6053676083684 1148.6799758225679 2077.7420194149017 2111.082056671381 883.62450610101223 1054.191390581429 415.8263031616807 1109.1263256371021 38.125092804431915 948.87431098520756 268.60089405626059 1366.5540067702532 1281.6792035922408 932.15656983107328 1910.9783308133483 795.04633969068527 193.11342489719391 68.793386153876781 275.43245552480221 644.10899438709021
leaf_count=8696 2765 6117 3933 9486 4514 3589 35341 18841 12121 55 5347 8781 16926 15835 6302 8611 3601 11415 273 6366 2075 8365 9573 6778 11437 5202 1563 567 2705 5064
internal_value=-7.57027e-05 0.00407147 -0.0181973 0.00589958 0.007703 -0.0053369 0.0100465 0.00599222 -0.028449 -0.0124927 -0.0151492 -0.000848948 -0.0106264 -0.00292613 0.00121827 -0.00870348 -0.0086259 -0.0229608 -0.000618565 0.00561958 0.00377089 0.0119943 -0.00513582 -0.0011371 0.0133565 -0.00079839 -0.00425535 -0.0211602 -0.0381356 0.00104681
internal_weight=33207.5 27023.2 6184.32 22626.7 18787.6 4396.49 14746.6 6628.09 2210.98 3973.34 3321.63 4041.02 2781.25 3839.03 3691.73 1819.91 2493.57 1501.72 3081.36 1610.66 1615.24 2936.36 2430.36 3043.24 8118.52 1063.65 1247.3 1261.65 949.332 651.715
internal_count=242244 182167 60077 148009 119006 34158 89772 42994 24089 35988 30869 29234 23292 29003 25143 15521 20527 15348 22886 10880 10866 17851 18354 22613 46778 7277 10174 12688 11401 5119
is_linear=0
shrinkage=0.05


Tree=18
num_leaves=31
num_cat=0
split_feature=19 22 19 12 18 12 12 8 0 0 12 21 22 22 22 2 2 11 12 6 5 2 11 0 22 22 11 11 16 21
split_gain=911.968 169.784 137.2 130.625 109.959 139.736 60.8464 53.6597 47.9603 57.99 52.7596 44.4239 37.9382 37.0361 32.3291 31.0296 29.3549 28.5874 28.19 28.1057 24.6855 23.0936 23.0723 21.1614 20.4799 20.4521 19.7484 19.6177 19.6036 21.822
threshold=0.34442420604192908 0.4743659870440064 0.21524076773614079 0.34166666666666706 0.62602266213501179 -0.58999999999999952 -0.85166666666666624 4.5000000000000009 1.5000000000000002 2.5000000000000004 0.20916666666666653 0.042949646542805565 0.37113961292804654 0.26307786197712674 0.27854009324196022 3.9950000000000006 6.0550000000000006 0.010000000000000233 0.78666666666666762 5.5000000000000009 6.7650000000000006 7.0850000000000009 0.017333333333333204 2.5000000000000004 0.2875528289601626 0.39664454379611858 0.039166666666666579 -0.013333333333333195 0.40793777766197331 0.63783421302875809
decision_type=2 2 2 2 2 2 2 2 2 2 2 2 2 2 2 2 2 8 2 8 10 2 10 2 2 2 8 8 2 2
left_child=2 3 6 13 5 15 24 12 20 26 16 -9 18 -2 -5 28 22 -16 27 -15 -7 23 -11 -17 -1 -8 -10 -4 29 -3
right_child=1 4 7 14 -6 8 25 11 9 10 -12 -13 -14 19 17 21 -18 -19 -20 -21 -22 -23 -24 -25 -26 -27 -28 -29 -30 -31
leaf_value=-0.042216945778962123 -0.030458172677784157 -0.012348745162337936 -0.0072289117793187738 -0.0093714454283296746 -0.0048789609679479005 -0.0020863686771266394 -0.021905102603125969 -0.033551963744706557 0.015837577482534271 0.0033500564300418078 0.01114957661654983 -0.014285929321554022 0.0012704094808879249 -0.0064839899426955595 0.010151232107006625 0.0064506027406990938 0.011644175798808214 -0.00019515697214794045 -0.002686298921939289 -0.018961173173903934 0.0074180465455998493 0.044291730102402116 -0.0077026017760455619 -0.0043810203926525444 -0.025831618769260822 0.0077567327139327477 0.0073818870902809036 -0.02290423265281491 0.00056198554534234071 0.046638864426415245
leaf_weight=650.25845873355865 206.34524907916784 964.66035616397858 305.4292324706912 387.19654242694378 2051.2737666666508 1161.2712701410055 1179.994968496263 389.46941886842251 4639.1311984211206 1249.152148462832 4173.3104998394847 1291.0402084067464 865.3946887254715 2657.3390593156219 1682.8218877092004 1027.7024104148149 616.66671451181173 1106.6973537057638 508.15908001363277 543.67800614982843 1659.389729373157 32.385841585695744 759.10290066897869 803.43480142951012 269.84022530913353 61.124436393380165 811.27029232680798 576.04085256904364 527.70887992531061 15.937821343541144
leaf_count=8696 2081 7480 2952 3144 15565 7929 12188 4584 25974 8154 24292 11827 6641 21601 10788 7319 4056 7465 4169 4685 11103 225 5311 6151 2705 500 4841 5815 3888 115
internal_value=-7.53692e-05 0.00385849 -0.0175462 -0.00312659 0.00610276 0.00732429 -0.0276678 -0.0119878 0.00938311 0.0107367 0.00765624 -0.018751 -0.00694776 -0.00992669 0.00416724 -0.0018769 0.00210225 0.00604647 -0.0120656 -0.00860318 0.00350506 0.00243832 -0.000827752 0.00169809 -0.0374116 -0.0204443 0.014579 -0.0174727 -0.00720839 -0.01139
internal_weight=33173.2 27076.5 6096.75 6584.08 20492.4 18441.1 2161.22 3935.53 15069.3 12248.6 6798.23 1680.51 2255.02 3407.36 3176.72 3371.83 2624.92 2789.52 1389.63 3201.02 2820.66 1863.52 2008.26 1831.14 920.099 1241.12 5450.4 881.47 1508.31 980.598
internal_count=242244 182167 60077 49764 132403 116838 24089 35988 91660 72628 41813 16411 19577 28367 21397 25178 17521 18253 12936 26286 19032 13695 13465 13470 11401 12688 30815 8767 11483 7595
is_linear=0
shrinkage=0.05


Tree=19
num_leaves=31
num_cat=0
split_feature=0 12 8 0 21 0 12 12 0 1 12 1 12 11 11 6 11 11 5 12 3 6 19 11 9 6 14 18 11 0
split_gain=839.17 290.145 168.414 115.697 119.537 100.638 64.8617 61.4156 58.6804 49.9646 38.6508 35.9397 35.2892 32.5802 29.2327 27.1402 26.0497 25.3141 24.6978 23.6722 23.9585 22.8149 22.5848 18.3563 17.9894 17.9157 17.6394 17.2701 17.2516 16.7909
threshold=5.5000000000000009 -0.58999999999999952 3.5000000000000004 4.5000000000000009 0.50898107985542818 3.5000000000000004 0.20916666666666653 0.26083333333333331 2.5000000000000004 6.5550000000000006 0.89833333333333376 2.9250000000000003 -2.0791666666666653 -0.038333333333332657 0.01166666666666716 2.5000000000000004 0.041666666666666526 -0.01666666666666616 6.8850000000000007 1.2716666666666669 31.525000000000002 5.5000000000000009 0.49363217802436116 -0.083333333333332579 3.5000000000000004 2.5000000000000004 0.75083333333333269 0.15271016669812928 0.04500000000000038 3.5000000000000004
decision_type=2 2 2 2 2 2 2 2 2 2 2 2 2 8 8 8 10 10 10 2 2 8 2 8 2 8 2 2 8 2
left_child=1 5 10 4 6 11 8 21 24 18 -2 -1 -4 -12 -10 -13 23 -7 -6 20 -9 -5 -19 -8 -3 -14 -16 28 -17 -25
right_child=2 3 12 7 9 17 16 19 14 -11 13 15 25 -15 26 27 -18 22 -20 -21 -22 -23 -24 29 -26 -27 -28 -29 -30 -31
leaf_value=-0.019964733025898303 -0.018274522826292921 0.015254563866123318 -0.048226372685231576 -0.0076555062522449188 -0.00027739722817937879 -0.0065906016869319087 0.0029495345138582092 -0.0084383989690779773 0.0045429364285955757 -0.011306962625491836 0.013656000765659537 0.0064282535304565685 -0.021857736186162956 -0.0095278442830207012 -0.0086003626264741072 -0.0033152073943497062 0.0049920531722850645 -0.019414046981149721 0.01082933042395672 0.011026063359081151 0.0046695790006180881 -0.023652876713322429 -0.0014545250477716004 0.014365185992512033 0.0068174050997623142 -0.0337408701604908 0.0022585441926007252 0.0031509100788652531 -0.01632438175703824 0.0091124455357670438
leaf_weight=240.75854707509279 1096.5495796948671 1138.9353224411607 326.19194173067808 1301.5864869952202 2383.7717097848654 734.89649645239115 488.01454026997089 593.94509325921535 2141.7946564257145 910.85657454282045 199.09595100581646 1093.6559438928962 459.35247077047825 634.4053189009428 972.04206566512585 993.12680670619011 1407.4654804840684 1677.8833316639066 633.55450677126646 607.6046953946352 843.91297360509634 268.92375742644072 195.44165835529566 5640.5770374089479 1418.8002850189805 1024.8368136435747 607.84478871524334 676.65632376074791 342.80873327702284 2083.3143689706922
leaf_count=2062 10888 6825 4706 10950 16517 6576 2889 4295 14500 7160 1468 7783 5480 5432 7059 7523 8561 15730 4320 3834 6089 2426 1686 31428 8684 12400 4375 4834 2690 13074
internal_value=-7.48098e-05 0.0027633 -0.0223811 0.00526687 0.00676693 -0.0070921 0.0086967 -0.00295823 0.00474399 -0.00104356 -0.0121057 -0.0013543 -0.0333357 -0.00398999 0.000737024 8.8151e-05 0.011277 -0.0144551 0.00205471 0.00275158 -0.000745016 -0.0103948 -0.0175404 0.0123542 0.0105744 -0.0300631 -0.00442251 -0.0033571 -0.00665344 0.0129484
internal_weight=33138.6 29398.2 3740.43 23442.9 19827 5955.23 15898.8 3615.97 6279.42 3928.18 1930.05 3347.01 1810.38 833.501 3721.68 3106.25 9619.37 2608.22 3017.33 2045.46 1437.86 1570.51 1873.32 8211.91 2557.74 1484.19 1579.89 2012.59 1335.94 7723.89
internal_count=242244 201870 40374 152986 125392 48884 97395 27594 41443 27997 17788 24892 22586 6900 25934 22830 55952 23992 20837 14218 10384 13376 17416 47391 15509 17880 11434 15047 10213 44502
is_linear=0
shrinkage=0.05


Tree=20
num_leaves=31
num_cat=0
split_feature=0 12 8 0 18 0 12 21 12 8 12 6 11 11 12 14 11 11 11 6 14 22 11 13 13 18 2 12 8 5
split_gain=770.415 262.201 161.198 127.991 83.4847 113.964 73.3937 55.0258 38.2559 36.5027 35.2406 33.4397 32.6566 26.528 26.2297 22.1223 20.5428 20.0967 20.0222 18.6189 18.4947 17.8581 17.4352 17.2786 17.0163 19.9697 17.0132 16.7773 16.7314 16.5263
threshold=5.5000000000000009 -0.42333333333333351 3.5000000000000004 3.5000000000000004 0.62602266213501179 3.5000000000000004 0.74666666666666759 0.16250392377921061 -1.4149999999999996 1.5000000000000002 -2.0791666666666653 3.5000000000000004 0.043666666666666305 -0.01666666666666616 1.0350000000000006 2.8949999999999982 -0.038333333333332657 0.024999999999999915 0.0050000000000003384 2.5000000000000004 2.7283333333333375 0.39664454379611858 -0.010833333333333249 -1.1099999999999994 0.25500000000000006 0.033951920884756771 5.4750000000000005 1.7916666666666676 3.5000000000000004 6.7150000000000007
decision_type=2 2 2 2 2 2 2 2 2 2 2 10 8 10 2 2 8 10 8 8 2 2 8 2 2 2 2 2 2 10
left_child=1 3 9 8 5 7 12 11 17 16 -4 -3 28 -5 -13 19 -2 23 27 -10 -11 -14 -12 -1 -15 -26 -6 -8 -7 -30
right_child=2 4 10 13 26 6 18 -9 15 20 22 14 21 24 -16 -17 -18 -19 -20 -21 -22 -23 -24 -25 25 -27 -28 -29 29 -31
leaf_value=-0.012407950796313828 0.01202321255490069 0.01391207788428931 -0.047790915872111928 -0.0058611578875822894 0.0034477532333716645 0.002201335001973434 0.0089505704181377446 0.0039929807877571687 0.0054370638494203741 -0.021382030255181452 -0.02160439017252487 0.0056721313474402341 -0.021733857067497964 -0.018124014872459709 0.015798219794591062 0.0076140394395974517 -0.0075607059491311817 -0.024020052398934722 0.0029162984251559936 -0.0037443944655893378 -0.008021713826145074 -0.0061963179353624401 -0.0332064085738666 0.007826519315766561 -0.02352083084083708 0.00088343798583024246 -0.0073170178536472556 0.021908216977907461 0.005591226407184598 -0.0072500716330290635
leaf_weight=295.15760623663664 176.58176536113024 5174.0925072878599 313.0395689830184 879.87973527610302 493.0823987647891 2253.3144160881639 1262.1304340437055 3628.7260836213827 833.24112702906132 797.97928427904844 488.81413567066193 3079.7209143042564 282.11934867501259 1842.5724230706692 807.11457601189613 1205.9822463691235 554.06913314759731 204.44057466089725 1188.071435816586 1636.9078107401729 383.52863189578056 536.82643618434668 959.3293851017952 164.19295830279589 121.31978469341993 271.2409270554781 1435.9286211207509 311.45445844531059 316.22048413008451 1206.5219577923417
leaf_count=2449 1315 28650 4706 7840 3639 16397 7719 23431 5770 7902 5940 18399 2457 17299 4391 8291 4840 1740 7470 11924 3731 4109 11940 1299 1144 2437 11139 1811 2455 9610
internal_value=-7.4293e-05 0.00262052 -0.0216647 -0.0054823 0.00536933 0.00632532 0.001374 0.00919579 6.81206e-05 -0.0116126 -0.0325786 0.0112794 -0.00249769 -0.0132153 0.00777485 0.00206292 -0.00282772 -0.0109792 0.00781595 -0.000647266 -0.0170451 -0.0115489 -0.0292902 -0.00517522 -0.0161103 -0.00665863 -0.00456539 0.0115152 -0.000534688 -0.00458338
internal_weight=33103.6 29430.3 3673.34 7454.94 21975.3 20046.3 7356.66 12689.7 4339.92 1912.16 1761.18 9060.93 4595 3115.01 3886.84 3676.13 730.651 663.791 2761.66 2470.15 1181.51 818.946 1448.14 459.351 2235.13 392.561 1929.01 1573.58 3776.06 1522.74
internal_count=242244 201870 40374 60193 141677 126899 52028 74871 31473 17788 22586 51440 35028 28720 22790 25985 6155 5488 17000 17694 11633 6566 17880 3748 20880 3581 14778 9530 28462 12065
is_linear=0
shrinkage=0.05


Tree=21
num_leaves=31
num_cat=0
split_feature=19 0 12 8 21 0 12 9 8 22 18 0 11 11 5 3 11 11 14 12 22 19 12 5 1 11 22 8 15 16
split_gain=708.368 180.443 121.968 111.795 101.714 75.9133 74.6834 57.7682 43.2856 38.908 37.0155 33.5433 33.4003 32.9323 30.5487 29.4102 26.6284 22.2049 21.3221 21.003 20.991 18.6905 18.265 17.5525 17.0799 16.8107 16.6482 22.151 16.1674 16.0173
threshold=0.30464579260834285 4.5000000000000009 -0.66833333333333356 4.5000000000000009 0.50898107985542818 5.5000000000000009 0.6600000000000007 3.5000000000000004 1.5000000000000002 0.27022471268330189 0.15271016669812928 2.5000000000000004 0.033333333333332778 -0.012666666666666602 6.8650000000000011 32.385000000000012 0.025000000000000803 0.038333333333333559 -15.861666666666663 -2.0791666666666653 0.27854009324196022 0.78159727382308752 0.5300000000000008 6.8850000000000007 5.4250000000000007 -0.023333333333333869 0.39915147256960376 1.5000000000000002 0.2265209899244105 0.67866399105105257
decision_type=2 2 2 2 2 2 2 2 2 2 2 2 8 8 10 2 10 10 2 2 2 2 2 8 2 8 2 2 2 2
left_child=3 2 10 13 7 -5 9 17 -6 -3 12 18 -2 26 28 25 24 -4 -9 -7 -15 -18 -20 -17 -13 -11 27 -1 -10 -22
right_child=1 6 4 5 8 19 -8 11 14 15 -12 16 -14 20 -16 23 21 -19 22 -21 29 -23 -24 -25 -26 -27 -28 -29 -30 -31
leaf_value=0.0094929807861651536 -0.0037722705349726099 -0.024682224519424409 0.011192192042165504 -0.017329023116505533 -0.0096250874021625923 -0.04733972503105547 0.0021847535953847439 -0.018846318592157098 0.001513507772998096 -0.0028488295898435097 0.0034951426697075768 -0.00049912656254141635 -0.016858358603379291 -0.019994146396209601 0.010778512821459092 -0.00083164258723065663 -0.0067054383113103345 0.0049123443282223754 0.0069485965826067368 -0.03179383463294249 -0.0086793264726002985 0.056848160652723245 0.017530541450770359 -0.013750972748124538 0.0077041601284256155 -0.017949062731098787 0.016282207796492167 -0.010582167075044422 -0.008589903697934935 0.058413353675614156
leaf_weight=182.87169471383095 1821.867327824235 437.4366887435317 8506.1582387387753 1072.0042617917061 1073.857343479991 299.69102497398853 1714.6132666915655 69.604669854044914 1662.7707474604249 234.35833527892828 1174.5041109994054 1268.4359878972173 665.80531244724989 928.54563418775797 754.53273257613182 1112.076704390347 1004.5007512122393 1686.7740903645754 1897.2716479599476 789.95780985802412 522.97577232122421 11.703371182084082 519.42149471491575 344.30044714361429 1269.6651918962598 863.15504597127438 98.655474193394184 552.7284000068903 519.71244122833014 9.0496164634823781
leaf_count=1421 14442 4729 49859 10407 8404 4695 11856 413 11183 1940 8554 8605 5590 9907 5085 9496 7072 10586 11410 10556 4410 73 2879 3043 7912 7604 735 5398 3898 82
internal_value=-7.35383e-05 0.00281453 0.0045762 -0.0186162 0.00609518 -0.0267757 -0.00613495 0.00785683 -0.00103491 -0.0109038 -0.00382065 0.00398232 -0.00727466 -0.0109301 0.00210591 -0.00854374 0.000866074 0.010153 0.00843717 -0.0360695 -0.0154569 -0.00597351 0.00922298 -0.00388589 0.0036045 -0.0147246 -0.00300476 -0.00559144 -0.000892407 -0.0075381
internal_weight=33069 28612.5 23906.6 4456.48 20244.4 2161.65 4705.94 16233.5 4010.87 2991.33 3662.18 6040.6 2487.67 2294.83 2937.02 2553.89 3554.31 10192.9 2486.3 1089.65 1460.57 1016.2 2416.69 1456.38 2538.1 1097.51 834.256 735.6 2182.48 532.025
internal_count=242244 194633 155965 47611 127379 25658 38668 98809 28570 26812 28586 38364 20032 21953 20166 22083 23662 60445 14702 15251 14399 7145 14289 12539 16517 9544 7554 6819 15081 4492
is_linear=0
shrinkage=0.05


Tree=22
num_leaves=31
num_cat=0
split_feature=0 12 12 0 18 22 12 8 12 21 12 0 0 13 18 11 14 11 11 11 21 11 16 11 14 11 21 5 5 21
split_gain=652.219 217.311 148.199 93.2517 90.0092 72.5321 53.9548 45.3438 35.4209 33.8938 32.1574 31.9834 31.4873 28.7715 28.7502 27.8856 27.6178 26.4966 23.109 21.2083 22.627 21.1156 20.5013 20.3687 17.8905 16.9577 16.9706 16.5558 15.0879 15.5225
threshold=5.5000000000000009 -0.66833333333333356 -0.060000000000000268 4.5000000000000009 0.62602266213501179 0.52271993145182172 0.26083333333333331 3.5000000000000004 0.89833333333333376 0.1783024256120633 -2.0791666666666653 2.5000000000000004 2.5000000000000004 1.02 0.14360822325747022 0.033333333333332778 1.2474999999999989 -0.038333333333332657 -0.03666666666666573 -0.020833333333333478 0.058384607139045287 0.043333333333333453 0.20539386404431231 0.071666666666666781 2.8949999999999982 0.0083333333333333055 0.11919883396401761 6.8150000000000004 6.7950000000000008 0.55407154627553512
decision_type=2 2 2 2 2 2 2 2 2 2 2 2 2 2 2 8 2 8 10 8 2 8 2 8 2 10 2 10 8 2
left_child=1 5 10 4 7 18 21 9 24 11 -2 -3 -9 25 15 22 23 -10 -1 20 -8 -5 -7 -14 -4 26 -13 -11 -6 -30
right_child=2 3 8 6 28 14 19 12 17 27 -12 13 16 -15 -16 -17 -18 -19 -20 -21 -22 -23 -24 -25 -26 -27 -28 -29 29 -31
leaf_value=-0.0019074903427312804 -0.046922102995429281 0.01328212842713823 -0.021026484172907499 -0.0068453278929493447 -0.0084670133676488703 -0.028487182598103008 0.021693998659021711 0.0069266462262795939 0.012397974199704301 -0.001120426663816323 -0.028431002193199759 0.01128154569736599 -0.002591586815019122 0.010961121708931446 0.0047238707416252758 -0.016198203734872751 0.0054251827348433604 -0.0084426418204400621 -0.015495873485907502 -0.00092361264743755006 0.0024009642905888258 -0.021001702625252378 -0.00031027623131603399 -0.022405450146840394 -0.0076221154943377362 0.00018467020163844894 0.0018056317896425035 0.008139549508122651 0.011747649521703551 -0.0034519495524323175
leaf_weight=371.16633290052414 288.38886584341526 3832.7887840867043 804.82618068158627 1326.6573604419827 1074.6968253478408 68.148183733224869 252.37810787558556 3010.9953068047762 201.96285949647427 1211.8969690874219 1272.9923299178481 1140.6601758375764 1748.1619751751423 3155.7234881445765 1119.5324788838625 454.14575508236885 1292.0992708057165 622.90594374388456 1992.6282031461596 1416.8409563526511 381.99680486321449 328.67332668602467 1224.5817040801048 140.10234270244837 360.39059207588434 1429.2418528199196 806.61755293607712 802.20518192648888 222.99763837456703 680.7232276648283
leaf_count=3338 4706 20457 8397 11403 8311 636 1666 18611 1468 8217 16689 6962 12441 18259 7995 3740 9039 5439 18952 10038 2514 3050 9306 1060 3675 9063 4641 5304 1667 5200
internal_value=-7.26089e-05 0.00236556 -0.0203152 0.0043588 0.00567549 -0.00687825 -0.00294087 0.0067556 -0.0112682 0.00850289 -0.0318463 0.00965618 0.00326203 0.00752867 -0.00153123 -0.00553998 -0.000207428 -0.00333998 -0.0133622 0.00247835 0.0100765 -0.00965614 -0.00179566 -0.0040617 -0.0168806 0.00432066 0.00735635 0.00256777 -0.00446296 0.000298627
internal_weight=33037.1 29485.7 3551.47 24255.5 20548.9 5230.2 3706.55 18570.5 1990.09 12379.1 1561.38 10365 6191.36 6532.24 2866.41 1746.88 3180.36 824.869 2363.79 2051.22 634.375 1655.33 1292.73 1888.26 1165.22 3376.52 1947.28 2014.1 1978.42 903.721
internal_count=242244 201870 40374 157903 129232 43967 28671 114054 18979 72903 21395 59382 41151 38925 21677 13682 22540 6907 22290 14218 4180 14453 9942 13501 12072 20666 11603 13521 15178 6867
is_linear=0
shrinkage=0.05


Tree=23
num_leaves=31
num_cat=0
split_feature=0 12 12 22 0 12 22 12 2 1 11 5 1 5 10 11 11 11 6 11 12 11 19 18 12 22 6 19 12 13
split_gain=598.097 196.328 142.146 84.1493 101.406 79.4873 66.5789 47.3385 42.4969 39.846 38.0476 27.8839 27.5892 25.2985 24.8227 24.1801 23.9284 23.9086 21.3794 21.3645 20.5251 19.601 17.0535 16.7514 16.4814 16.3603 15.7811 15.1657 16.7262 14.9622
threshold=5.5000000000000009 -0.66833333333333356 -0.43499999999999911 0.48082002551948944 1.5000000000000002 0.39333333333333403 0.52271993145182172 0.89833333333333376 6.3850000000000007 5.8050000000000006 0.027333333333333435 6.6950000000000012 2.9250000000000003 6.7650000000000006 4.5000000000000009 -0.023333333333332981 0.010000000000000233 -0.038333333333332657 2.5000000000000004 -0.03666666666666573 -2.3091666666666657 0.06000000000000006 0.59340452714828784 0.15271016669812928 1.7916666666666676 0.56236747278813226 3.5000000000000004 0.49363217802436116 -3.1508333333333325 -0.34499999999999947
decision_type=2 2 2 2 2 2 2 2 2 2 10 8 2 10 2 8 8 8 8 10 2 8 2 2 2 2 8 2 2 2
left_child=1 6 20 5 9 11 19 26 10 13 14 -3 29 -5 25 -11 24 -9 -14 -1 -2 -13 -10 -20 -7 -6 -4 -21 -29 -8
right_child=2 3 7 4 8 16 12 17 22 15 -12 21 18 -15 -16 -17 -18 -19 23 27 -22 -23 -24 -25 -26 -27 -28 28 -30 -31
leaf_value=-0.0018147518976475284 -0.047707257820961441 0.005988423587595236 -0.013069211825304992 -0.0018717959685372603 0.0074167548541782015 0.006515020314845678 -0.022944663537627329 0.01167836634708682 0.0085068454208374437 -0.009922093479072757 0.001015017542820326 -0.0063882724376252923 0.0060648684319483739 0.0085201653232885918 0.0037733130007881186 -2.4715962624410833e-05 -0.0004536145866723263 -0.0080716632823171833 -0.0069160162887351362 -0.016515491040756388 -0.031091196360896717 -0.019004767887837112 0.01586333338883885 0.0035734401500556404 0.019903178679721183 0.013096246337774939 -0.023005958175991069 0.059355188188414988 -0.0058354406455093299 0.014838166284581853
leaf_weight=370.64097306877375 239.33182783797383 411.79693012684584 814.57663058489561 979.16653691232204 2549.6330256462097 1679.517127931118 201.0188629552722 203.6426555365324 1265.368141643703 1160.8540450036526 2347.0127426460385 2536.7191779613495 935.59021235257387 1457.2545155137777 2096.553288154304 1317.4504842758179 1280.5290680006146 619.05897770822048 1119.5612732768059 1734.2443407550454 831.74309689924121 350.37227292358875 2087.3065458238125 576.66055925935507 266.328049659729 2522.4250439330935 784.26575563102961 10.289819695055483 224.75576428323984 30.130258649587631
leaf_count=3338 4070 3224 8742 6534 15266 10729 1803 1468 7259 8977 14843 20766 6672 9453 12229 9851 8604 5439 8822 16934 11777 3090 11424 4126 1534 14120 8878 93 1925 254
internal_value=-7.16144e-05 0.00224395 -0.0196371 0.00413069 0.00591272 -0.000725792 -0.00657107 -0.0129286 0.00824611 -0.00019684 0.00654056 -0.00618329 -0.00145767 0.00434377 0.00834963 -0.00466071 0.00485436 -0.00318295 -3.04371e-06 -0.0128274 -0.0348041 -0.00791939 0.0130868 -0.00334994 0.00834746 0.0102413 -0.0179434 -0.0149001 -0.00298153 -0.0180197
internal_weight=33003.8 29511.2 3492.62 24308.3 17783 6525.26 5202.89 2421.54 12868.3 4914.73 9515.62 3298.89 2862.96 2436.42 7168.61 2478.3 3226.37 822.702 2631.81 2339.93 1071.07 2887.09 3352.67 1696.22 1945.85 5072.06 1598.84 1969.29 235.046 231.149
internal_count=242244 201870 40374 157903 109956 47947 43967 24527 75141 34815 56458 27080 21677 15987 41615 18828 20867 6907 19620 22290 15847 23856 18683 12948 12263 29386 17620 18952 2018 2057
is_linear=0
shrinkage=0.05


Tree=24
num_leaves=31
num_cat=0
split_feature=19 0 8 12 18 0 12 13 14 22 0 18 11 3 19 1 12 11 12 0 22 8 11 2 5 11 5 21 15 7
split_gain=549.008 134.465 98.0571 89.8339 72.1554 67.4072 58.18 44.9465 47.0288 34.4935 32.2437 29.5373 28.3224 27.1743 23.918 23.8597 21.0117 20.4661 20.9666 18.7716 17.2393 16.6534 16.1065 15.7653 20.2851 14.8497 14.8161 14.7873 16.2913 14.6254
threshold=0.30464579260834285 4.5000000000000009 4.5000000000000009 -0.83499999999999963 0.62602266213501179 5.5000000000000009 0.63666666666666727 0.6833333333333339 2.8949999999999982 0.27022471268330189 2.5000000000000004 0.33338211462875172 -0.012666666666666602 32.250000000000007 0.60817195618030251 5.4250000000000007 -2.3091666666666657 -0.026666666666666835 -1.4149999999999996 2.5000000000000004 0.23759085277671491 2.5000000000000004 -0.008333333333333302 6.7750000000000012 6.7750000000000012 -0.041666666666665624 6.7150000000000007 0.54077537032938483 0.26490651355770428 1.2500000000000002
decision_type=2 2 2 2 2 2 2 2 2 2 2 2 8 2 2 2 2 8 2 2 2 2 10 2 10 8 8 2 2 8
left_child=2 3 12 14 7 -4 9 8 10 -3 -5 19 -1 25 17 -12 -7 -2 -19 -9 -14 -21 23 -10 -25 -11 -15 -6 -29 -8
right_child=1 6 5 4 27 16 29 11 22 13 15 -13 20 26 -16 -17 -18 18 -20 21 -22 -23 -24 24 -26 -27 -28 28 -30 -31
leaf_value=-0.0021854800047042865 0.0018644042667382889 -0.023222440810458631 -0.01581139116524604 0.0048794587649563237 0.0038559730699118258 -0.047298545333929319 0.0023680162209207367 0.013016055050997458 0.011089765808866453 0.0020806771637692412 -0.0060725456711739553 0.0021068880949960925 -0.019865546608982123 0.0073231809666015196 0.0035669602235875401 0.0020705996327810565 -0.03004756878915589 -0.018256947147237138 -0.0060039763654364609 0.010160464278339072 -0.0087812638941880943 0.0040231532748244382 0.0050884988262660871 0.016162646275500233 0.075636307887121404 -0.015927864260838896 -0.0055456796151698955 -0.0023703633174760037 -0.012993206816984994 -0.034756556839269565
leaf_weight=822.47487549483776 474.38753139227629 407.38890803605318 1038.6421554461122 3357.4507726430893 456.19981052726507 229.09227971360087 1731.1497998982668 2829.1072822585702 1601.3943261802197 130.90992897748947 1769.4157215878367 1496.8203123286366 646.96626871079206 277.18999058753252 677.86052665114403 1829.7640519291162 769.06188361346722 515.84508819133043 1080.2563406005502 2955.9886812567711 766.25535047054291 1765.4628325477242 1647.9281523674726 42.069647334516048 21.749551817774773 911.68310271576047 1158.2513806894422 951.90604587644339 581.34423882514238 26.942145079374313
leaf_count=7554 3714 4656 10407 20341 3453 4063 11977 15220 9801 1090 12585 9985 7227 2334 4907 11524 11188 4608 8828 16655 7172 11499 10599 247 128 8201 10219 7166 4705 191
internal_value=-7.0562e-05 0.0024189 -0.0167923 0.00392262 0.00502002 -0.0247283 -0.00537088 0.0059538 0.00369005 -0.00973955 0.00135502 0.0085234 -0.00956236 -0.00752296 -0.00458502 -0.0019327 -0.0340069 -0.00725391 -0.00996402 0.0097954 -0.0138556 0.00786558 0.00859293 0.012061 0.0364312 -0.0136667 -0.00306065 -0.00404674 -0.0063981 0.0017991
internal_weight=32971 28698.5 4272.49 24055 21306.6 2036.8 4643.52 19317.2 10269.8 2885.42 6956.63 9047.38 2235.7 2478.03 2748.35 3599.18 998.154 2070.49 1596.1 7550.56 1413.22 4721.45 3313.14 1665.21 63.8192 1042.59 1435.44 1989.45 1533.25 1758.09
internal_count=242244 194633 47611 155965 133908 25658 38668 118584 65225 26500 44450 53359 21953 21844 22057 24109 15251 17150 13436 43374 14399 28154 20775 10176 375 9291 12553 15324 11871 12168
is_linear=0
shrinkage=0.05


Tree=25
num_leaves=31
num_cat=0
split_feature=0 12 12 0 21 0 12 8 1 11 1 14 5 6 13 12 22 12 18 11 13 21 11 3 14 19 1 19 22 4
split_gain=506.101 164.852 130.737 88.3672 53.2592 87.5881 51.7908 43.2202 36.6236 30.5974 29.6857 24.4091 22.3055 21.7102 21.5523 23.1913 20.8651 20.4596 19.4366 18.5638 18.2526 18.0852 17.0053 16.0606 15.61 15.7278 15.5929 15.5266 15.1928 14.7239
threshold=5.5000000000000009 -0.42333333333333351 -0.43499999999999911 3.5000000000000004 0.52754334016902782 3.5000000000000004 1.1925000000000001 1.5000000000000002 6.6550000000000011 0.0016666666666664833 2.7550000000000003 4.4375000000000009 6.7650000000000006 3.5000000000000004 -0.18000000000000035 -3.3241666666666663 0.40824006174431865 -2.3091666666666657 0.2898604154831258 0.029166666666666789 0.44749999999999984 0.088220816142230915 0.0033333333333334107 21.630000000000006 -7.4533333333333305 0.74057768200657204 5.9750000000000005 0.52135205861955425 0.75275447482703395 35.145000000000003
decision_type=2 2 2 2 2 2 2 2 2 8 2 2 10 10 2 2 2 2 2 8 2 2 8 2 2 2 2 2 2 2
left_child=1 3 17 10 5 13 9 -4 12 -7 -1 19 -6 18 15 27 -16 -2 24 -12 26 23 -9 -11 -3 -26 -15 -5 -21 -8
right_child=2 4 7 14 8 6 29 22 -10 21 11 -13 -14 20 16 -17 -18 -19 -20 28 -22 -23 -24 -25 25 -27 -28 -29 -30 -31
leaf_value=-0.019239905515583414 -0.046912498554057394 0.0040669532801411931 -0.0017146141873752804 0.0058163505784615561 -0.0044498186308855941 0.0026193572821948722 0.012965044879088578 -0.011441944380279036 -0.011702751956440403 -0.02247546823747287 0.0010581206413038517 0.0074416092355328424 0.0046781801344639943 -0.0014364693240319678 -0.013541175443076217 -0.014673093846220238 0.0024761750422941549 -0.029679653910088068 0.003409881964233856 -0.010974765645429015 0.0080390790155105817 -0.00067868247760138575 -0.021571803002926739 -0.0065632751834018427 0.011149481596755488 0.021590807771996297 0.0079400149626365508 0.077951205060471915 0.0064107357543086224 0.0029527959430335955
leaf_weight=189.96478425711393 220.14782502502203 713.21374109387398 717.56850601732731 61.870672821998596 1106.2530747354031 2783.7351526841521 954.00880280137062 845.93460568785667 701.52669391036034 179.1185272410512 2240.2554756179452 1078.8751557096839 1694.30119150877 1308.7700770795345 350.85355779528618 2087.9594315141439 483.52003105729818 791.39142423123121 998.85795844346285 670.28019874542952 2745.1129735186696 1483.0089314579964 811.96698050945997 1382.7920854911208 4516.6670543402433 391.95620647072792 670.57016507536173 8.4825518727302534 154.65676888823509 596.97144475579262
leaf_count=1729 4070 3878 6155 620 7861 19670 5580 9021 5700 1478 15943 7477 11588 8051 3440 20244 4342 11777 6490 5242 15657 10556 9351 11249 24506 2054 3864 74 1082 3495
internal_value=-6.9268e-05 0.00202883 -0.0183764 -0.0044754 0.00417285 0.00523133 0.000991267 -0.0119661 -0.00148659 -0.00116945 8.75441e-05 0.000973518 0.00107251 0.00798934 -0.0110835 -0.0137217 -0.00425911 -0.0334301 0.00983699 -0.0013031 0.0054001 -0.00463326 -0.0164031 -0.00838807 0.0109789 0.0119832 0.00174014 0.0145137 -0.00771538 0.00911134
internal_weight=32940.6 29553.6 3387.01 7326.72 22226.9 18724.8 7379.63 2375.47 3502.08 5828.65 4334.03 4144.07 2800.55 11345.1 2992.69 2158.31 834.374 1011.54 6620.69 3065.19 4724.45 3044.92 1657.9 1561.91 5621.84 4908.62 1979.34 70.3532 824.937 1550.98
internal_count=242244 201870 40374 60193 141677 116528 52028 24527 25149 42953 31473 29744 19449 64500 28720 20938 7782 15847 36928 22267 27572 23283 18372 12727 30438 26560 11915 694 6324 9075
is_linear=0
shrinkage=0.05


Tree=26
num_leaves=31
num_cat=0
split_feature=0 8 0 12 21 0 12 12 8 11 11 14 12 11 5 12 13 11 10 18 3 14 18 16 11 2 16 13 19 11
split_gain=463.514 150.857 128.545 125.043 63.1767 43.4748 40.3583 33.8221 32.0703 28.5818 27.1752 25.7747 20.4766 19.7873 19.5539 18.9472 18.4679 16.9403 16.9037 16.6155 15.4528 15.3386 15.2991 15.1325 14.8875 14.8086 14.781 14.6192 14.5619 14.2822
threshold=5.5000000000000009 3.5000000000000004 3.5000000000000004 -0.43499999999999911 0.50898107985542818 3.5000000000000004 0.78666666666666762 -1.4149999999999996 1.5000000000000002 -0.013333333333334084 0.010000000000000233 1.2474999999999989 -2.3091666666666657 0.048333333333333346 6.8750000000000009 1.7916666666666676 0.25500000000000006 0.024999999999999915 5.5000000000000009 0.48890335589510808 28.175000000000004 4.1650000000000018 0.033951920884756771 0.62239614251654651 -0.084999999999999507 6.5050000000000008 0.4722283378803252 -1.1099999999999994 0.23242346756241841 -0.041666666666666512
decision_type=2 2 2 2 2 2 2 2 2 10 8 2 2 8 10 2 2 10 2 2 2 2 2 2 10 2 2 2 2 8
left_child=1 4 7 12 5 -1 29 17 -6 -4 15 13 -2 -9 24 18 20 27 -7 26 -11 25 -18 -17 -10 -8 -13 -3 -22 -5
right_child=3 2 9 6 8 10 21 11 14 16 -12 19 -14 -15 -16 23 22 -19 -20 -21 28 -23 -24 -25 -26 -27 -28 -29 -30 -31
leaf_value=0.008763415500443468 -0.046512198806347049 -0.010767963779224114 -0.002814244924476102 -0.0055742505512616052 -0.0086073381476315138 0.0061675694445765374 -0.013308892613680796 0.0015711025277499479 -0.021382962775694247 -0.020114766259896857 -0.0011739096514160362 0.0042146668084046407 -0.028940319219740902 -0.0080583102344966157 0.011865901893919284 0.00016595238845592381 -0.015697938966883474 -0.021638064920741801 -0.0048342812420334403 -0.0031053248390979357 -0.024923980954778255 0.0075143705763468628 -0.0012714988900246426 0.023561079978470845 0.00079147239460438789 0.0016215392177898269 0.011703997788467065 0.0079570648453339433 -0.0095728481878238902 -0.018993758369947267
leaf_weight=8269.9936607405543 211.16815270483494 286.56941245496273 1474.8180680945516 237.95389075577259 1055.9769292622805 2527.2004230692983 403.43049352616072 3732.8334930613637 80.261775232851505 643.85052744299173 2263.2765179425478 1443.6665946021676 771.53931672126055 622.45059102773666 415.95754337310791 95.777265042066574 252.2332821264863 193.74315139651299 405.09548933804035 416.82403257489204 171.09566164016724 240.42936551570892 677.1193634942174 248.33701711893082 1329.7606566995382 282.28069180995226 1211.8059669435024 163.82674051076174 1590.9386866912246 1188.9363652840257
leaf_count=45491 4070 2449 12711 2612 8404 16592 3537 24694 585 6192 15844 9659 11777 4428 2807 543 2349 1740 2679 2812 1828 1993 5776 1385 9356 2414 7398 1299 14849 13971
internal_value=-6.80065e-05 0.00192491 -0.00214012 -0.0177364 0.00506209 0.00646734 -0.0114803 0.00171556 -0.0016715 -0.00861032 0.0030396 0.00266869 -0.0327162 0.000194881 0.00233954 0.00595021 -0.0111733 -0.00927504 0.00464767 0.00617557 -0.0134857 -0.00335242 -0.00518694 0.0170495 -0.000470748 -0.00716261 0.00763237 -0.00395694 -0.0110635 -0.0167559
internal_weight=32909.2 29573.4 12881.8 3335.74 16691.6 13809.7 2353.03 8071.72 2881.96 4810.06 5539.69 7427.58 982.707 4355.28 1825.98 3276.41 3335.24 644.139 2932.3 3072.3 2405.88 926.141 929.353 344.114 1410.02 685.711 2655.47 450.396 1762.03 1426.89
internal_count=242244 201870 98184 40374 103686 82534 24527 54479 21152 43705 37043 48991 15847 29122 12748 21199 30994 5488 19271 19869 22869 7944 8125 1928 9941 5951 17057 3748 16677 16583
is_linear=0
shrinkage=0.05


Tree=27
num_leaves=31
num_cat=0
split_feature=22 12 12 22 18 12 19 8 15 12 6 18 11 14 2 11 14 11 11 11 14 12 5 5 2 18 15 3 19 19
split_gain=424.476 131.104 131.008 59.879 63.0328 61.5657 37.4876 29.7694 29.3033 25.2003 23.8714 22.4139 22.2869 21.2805 21.0271 20.8309 20.6173 20.1428 19.2721 17.8299 17.2471 16.5658 16.2487 15.2631 14.0226 14.0049 13.8952 13.7147 13.6874 13.6504
threshold=0.346597360171359 -0.18333333333333332 -0.88499999999999945 0.48082002551948944 0.62602266213501179 0.36333333333333268 0.49201921071594046 1.5000000000000002 0.1577576146168248 -2.3091666666666657 2.5000000000000004 0.2898604154831258 0.065000000000000849 -0.070000000000002047 6.4050000000000011 0.010000000000000233 1.6666666666666663 0.010000000000000233 -0.019999999999999126 0.068333333333333815 -24.165833333333332 0.30166666666666614 6.6950000000000012 6.8050000000000006 7.0850000000000009 0.45181038063338563 0.21900729380121348 48.555000000000007 0.79553450240253643 0.2538107386413227
decision_type=2 2 2 2 2 2 2 2 2 2 8 2 8 2 2 8 2 10 8 8 2 2 10 8 2 2 2 2 2 2
left_child=1 9 6 5 8 12 18 -3 10 -1 25 14 22 19 17 26 -9 -10 -2 20 -12 -22 -4 -11 -8 -5 -7 -24 -19 -20
right_child=2 7 3 4 -6 15 24 16 11 23 13 -13 -14 -15 -16 -17 -18 28 29 -21 21 -23 27 -25 -26 -27 -28 -29 -30 -31
leaf_value=-0.043412422110422573 -0.003324781628984046 -0.00074561398450835939 0.0045933450237837766 0.0085759737086405132 -0.0037917387059076576 0.0027513695947031266 -0.00040683221615876681 -0.017294128354836204 0.0089969845030141941 -0.018889279612571908 0.036797071406767877 0.002474070892626217 -0.018568491610719284 0.0045484165097768288 0.011961174798252457 -0.0009098297381107146 -0.0052529149520120343 0.0020144746096000302 -0.023734280539963393 -0.015547185935088926 -0.0044128196491102457 0.0056801787870280037 -0.0066447781838908336 -0.030269199630929406 0.066679573325056557 -0.0010826005177743646 0.01126182691765098 0.0093524235724846035 0.029977801645515941 -0.011523445564310392
leaf_weight=223.05001516267657 644.56038566678762 787.05322200804949 439.05593477934599 2151.4689764231443 1983.5768543258309 886.39791645109653 1247.603370025754 939.39982835203409 3357.4358409047127 540.16584709659219 29.747179597616196 1915.0853845849633 301.00543173402548 2026.7488992959261 2838.1285385861993 1258.8842715024948 571.92330464720726 1941.5184422284365 272.37658568099141 234.80791284143925 1436.535917930305 567.01969338953495 2510.6637535989285 648.25960170850158 7.8382294028997412 454.62092879414558 1045.1418509557843 141.5323505923152 44.769527837634087 1432.9641849696636
leaf_count=4292 5717 6623 3490 12945 15354 5677 9466 10121 18589 7834 192 12413 2769 12934 15488 8468 5950 11584 2993 1601 9654 3304 21209 9276 54 3010 6361 1168 246 13462
internal_value=-6.66722e-05 -0.0159969 0.00195937 0.00321775 0.0046428 -0.000891425 -0.00696336 -0.00863096 0.00562707 -0.0279911 0.00311593 0.00734336 -0.00558083 0.000825197 0.00848309 0.00409464 -0.0127374 0.00663583 -0.01069 -0.00250182 -0.000995322 -0.00155643 -0.00431618 -0.0250968 1.20153e-05 0.00689108 0.00735631 -0.0057911 0.00264475 -0.0134738
internal_weight=32879.3 3709.85 29169.5 25564.1 18981.5 6582.68 3605.34 2298.38 16997.9 1411.48 6900.95 10096.9 3392.26 4294.86 8181.85 3190.42 1511.32 5343.72 2349.9 2268.11 2033.3 2003.56 3091.25 1188.43 1255.44 2606.09 1931.54 2652.2 1986.29 1705.34
internal_count=242244 44096 198148 166456 117314 49142 31692 22694 101960 21402 43640 58320 28636 27685 45907 20506 16071 30419 22172 14751 13150 12958 25867 17110 9520 15955 12038 22377 11830 16455
is_linear=0
shrinkage=0.05


Tree=28
num_leaves=31
num_cat=0
split_feature=0 8 12 0 21 12 0 8 12 11 12 14 11 12 5 11 19 16 22 11 11 3 6 18 18 3 15 11 1 3
split_gain=391.123 124.678 114.68 107.773 52.6936 35.3954 33.172 32.6885 28.9983 24.7419 24.1118 23.4124 22.5606 20.3706 19.0374 17.6931 17.0492 16.6071 19.251 15.0861 14.7671 14.6604 14.2253 14.0039 13.8038 13.7021 15.458 13.4688 16.2848 13.2812
threshold=5.5000000000000009 3.5000000000000004 -0.43499999999999911 3.5000000000000004 0.54451082625737557 0.78666666666666762 3.5000000000000004 1.5000000000000002 -1.5299999999999998 -0.013333333333334084 1.2716666666666669 1.2474999999999989 0.043333333333333453 -2.0791666666666653 6.8750000000000009 0.048333333333333346 0.65912096894040728 0.36678093198007011 0.46183237974964991 0.061666666666666987 -0.038333333333332657 60.135000000000012 5.5000000000000009 0.52457659000235923 0.15271016669812928 36.785000000000004 0.21794781068075764 -0.028166666666666892 6.6550000000000011 26.745000000000001
decision_type=2 2 2 2 2 2 2 2 2 10 2 2 8 2 10 8 2 2 2 10 8 2 8 2 2 2 2 10 2 2
left_child=1 4 13 8 6 22 -1 -6 29 -5 12 15 25 -2 27 -10 17 -11 19 21 -7 -19 -4 -13 -17 -8 -27 28 -9 -3
right_child=2 3 5 9 7 20 10 14 11 16 -12 23 -14 -15 -16 24 -18 18 -20 -21 -22 -23 -24 -25 -26 26 -28 -29 -30 -31
leaf_value=0.0077055536523928788 -0.044353880963525077 -0.025586356717977689 -0.013300055241585163 -0.0025464986224698347 -0.0095045698778912693 0.0081060941411989391 0.00025019859574016009 -0.0036143635710918901 0.0012455492248357642 -0.016463659322543331 0.0084749386199465659 0.0067896967040667437 -0.0073467104481586181 -0.027152916116343569 0.011795845942866985 -0.01317929211521923 0.020455655196945959 -0.010274801174823465 -0.0022706574417091997 -0.023598384672428599 -0.0065942525985197746 0.042050678548471089 -0.026661518470423341 -0.0036730806335685861 0.0023018821964077545 0.0020064501489272459 0.01358508185047845 0.0036212355650864663 -0.030465564703462147 -0.005826395612585202
leaf_weight=8651.799051836133 227.86615216732025 110.58949366211891 1150.4224402159452 1468.6174916923046 929.84295997023582 226.61189538240433 2292.2791597470641 452.82260454446077 3817.9931459054351 918.9724405258894 1383.536077067256 2793.3805544227362 697.71984411776066 703.59430168569088 395.16054543107748 412.52812513709068 44.299298949539661 1272.8012659549713 804.60940589755774 231.14775625616312 694.09947976469994 13.528572492301462 240.91857746988535 361.16043285280466 221.19517757743597 685.38917586952448 497.4872172549367 717.46157440543175 64.511732362210751 368.02342910319567
leaf_count=47815 4706 981 13578 12711 7463 1657 15806 3196 25329 9521 7986 17921 5193 11141 2650 3061 360 11885 6805 2304 6287 119 3005 2462 1513 4753 3305 4991 528 3212
internal_value=-6.52265e-05 0.00174057 -0.0165486 -0.00196749 0.00457973 -0.0105811 0.00576944 -0.00202378 0.00154531 -0.00794154 0.00275476 0.00229646 0.000858205 -0.0313608 0.0022438 -3.86739e-05 -0.0103532 -0.0107743 -0.00852276 -0.0118378 -0.0029761 -0.00972448 -0.0156137 0.00559182 -0.00777573 0.00250554 0.00687612 -0.000813053 -0.00696272 -0.0103922
internal_weight=32850.4 29606.9 3243.51 12838.8 16768 2312.05 14208.2 2559.8 8084.87 4753.98 5556.41 7606.26 4172.88 931.46 1629.96 4451.72 3285.36 3241.06 2322.09 1517.48 920.711 1286.33 1391.34 3154.54 633.723 3475.16 1182.88 1234.8 517.334 478.613
internal_count=242244 201870 40374 98184 103686 24527 84858 18828 54479 43705 37043 50286 29057 15847 11365 29903 30994 30634 21113 14308 7944 12004 16583 20383 4574 23864 8058 8715 3724 4193
is_linear=0
shrinkage=0.05


Tree=29
num_leaves=31
num_cat=0
split_feature=0 12 12 0 18 19 2 12 8 0 12 11 21 12 14 11 2 15 14 12 11 18 11 6 21 12 18 13 11 1
split_gain=357.815 114.75 109.218 55.4876 46.774 35.7857 34.4907 34.4508 33.27 23.4347 20.3471 19.8692 18.9123 24.4593 17.6781 17.4407 16.9519 16.7072 16.2406 16.466 15.9638 15.5055 15.2625 15.1098 17.9087 15.006 14.1975 14.0235 13.9462 13.955
threshold=5.5000000000000009 -0.83499999999999963 -0.43499999999999911 4.5000000000000009 0.62602266213501179 0.49201921071594046 4.9850000000000012 0.26083333333333331 1.5000000000000002 2.5000000000000004 -2.3091666666666657 0.021833333333333375 0.1488834012493235 0.5300000000000008 0.34249999999999764 -0.01666666666666616 2.3350000000000004 0.24553745463784585 -2.8283333333333345 0.30166666666666614 0.02166666666666606 0.025459218900182521 0.0033333333333334107 1.5000000000000002 0.048869225143787866 0.41666666666666635 0.16348156960678528 0.24000000000000046 0.0083333333333341936 4.8950000000000005
decision_type=2 2 2 2 2 2 2 2 2 2 2 8 2 2 2 10 2 2 2 2 10 2 8 8 2 2 2 2 10 2
left_child=1 5 10 4 6 15 9 11 -4 -3 -2 20 13 14 28 -1 17 -11 19 -18 27 -17 26 24 -9 -19 -10 -5 -8 -30
right_child=2 3 8 7 -6 -7 12 23 22 16 -12 -13 -14 -15 -16 21 18 25 -20 -21 -22 -23 -24 -25 -26 -27 -28 -29 29 -31
leaf_value=-0.0035057004582132118 -0.045329087835448173 0.0047023168097164655 -0.0011629697945206453 -0.0091533193671077522 -0.0034914574178397211 0.00015075859433115585 0.0053708962669181889 0.033974615693089759 -0.0099307520648834191 0.0016623393572360286 -0.026823338998102676 -0.014792135084561323 0.0029194508784406892 0.0098917411312470626 0.0081610387517955726 -0.022706495903645586 -0.01300300156981036 -0.0070639234660867106 -0.0002776355991310045 0.0017128060434785644 0.038351281103749107 -0.01037866653501943 -0.019243156709500706 -0.00033338580905049815 0.0057095027331955945 0.027477804703526749 0.074858574466451486 0.0022046790380290081 -0.014908829543855438 0.00027123113469872584
leaf_weight=770.28519582003355 187.21063448488712 3579.1466125696898 711.43345992267132 681.67870705574751 1972.407026745379 1399.9694476574659 1384.956587061286 67.538894347846508 808.80116731673479 775.36139228194952 718.99335864931345 639.20567990094423 3316.4244146645069 4629.9501370638609 2099.7849506065249 308.285739608109 622.67974424362183 41.690750986337662 1805.9066246077418 273.61937806755304 22.027769573032856 1477.534690566361 767.11696550995111 1670.6760505288839 329.17003951221704 127.91091819107533 4.9673783034086219 451.93644244223833 178.51593323051929 996.66885031014681
leaf_count=6886 4070 21591 6155 6085 15324 10596 8423 434 8967 5188 11777 6237 20559 24897 12942 3356 4599 271 12207 1615 207 14229 9351 11677 2107 713 54 3923 1285 6519
internal_value=-6.38149e-05 0.00165163 -0.0159515 0.00287335 0.00385175 -0.00627497 0.00458205 -0.00265045 -0.0101423 0.00182804 -0.0306464 -0.00771857 0.00616074 0.00731786 0.00476054 -0.00979432 -0.000992635 0.00477175 -0.00300844 -0.00851061 -0.00380607 -0.0125068 -0.0141831 0.00174957 0.0105216 0.0189869 -0.00941318 -0.00462525 0.0019715 -0.00203469
internal_weight=32821.9 29623.3 3198.52 25667.3 21805 3956.08 19832.6 3862.23 2292.32 7226.32 906.204 1794.85 12606.3 9289.88 4659.93 2556.11 3647.17 944.963 2702.21 896.299 1155.64 1785.82 1580.89 2067.38 396.709 169.602 813.769 1133.62 2560.14 1175.18
internal_count=242244 201870 40374 166803 136133 35067 120809 30670 24527 46184 15847 16452 74625 54066 29169 24471 24593 6172 18421 6214 10215 17585 18372 14218 2541 984 9021 10008 16227 7804
is_linear=0
shrinkage=0.05


Tree=30
num_leaves=31
num_cat=0
split_feature=19 22 8 0 16 18 11 2 0 12 6 13 14 12 21 11 12 14 14 14 11 5 18 11 3 13 18 14 2 15
split_gain=327.737 77.9337 74.4858 51.2805 50.2128 46.7932 40.3274 37.3506 34.4832 25.8862 25.8121 25.8015 24.8278 24.2821 25.7212 21.6781 20.3946 19.2494 18.285 17.9777 17.7945 17.5486 16.9774 16.1817 14.7608 14.292 13.5569 16.3893 13.1177 12.8648
threshold=0.30464579260834285 0.44322571061913468 4.5000000000000009 5.5000000000000009 0.37914536817326983 0.51120446898422833 -0.018333333333333975 6.3850000000000007 2.5000000000000004 0.20916666666666653 2.5000000000000004 -0.93333333333333279 7.2949999999999973 1.3133333333333341 0.03518093612083343 -0.011666666666667156 -2.3091666666666657 -10.457499999999998 0.75083333333333269 2.4924999999999984 0.012916666666666467 6.6750000000000007 0.56734559700805576 -0.018333333333333087 26.180000000000003 -0.56916666666666671 0.023396565354524397 -7.7258333333333349 7.3250000000000011 0.25506568363761389
decision_type=2 2 2 2 2 2 8 2 2 2 8 2 2 2 2 8 2 2 2 2 8 10 2 8 2 2 2 2 2 2
left_child=2 6 12 -4 11 7 26 8 15 20 29 22 23 14 -8 17 -5 -6 28 -13 -10 -17 -3 -1 -12 -22 -2 -28 -16 -7
right_child=1 4 3 16 5 10 13 -9 9 -11 24 19 -14 -15 18 21 -18 -19 -20 -21 25 -23 -24 -25 -26 -27 27 -29 -30 -31
leaf_value=-0.0024768020298229086 -0.0057761304288695943 -0.010493786814374333 -0.013152238588632865 -0.044899281217510828 -0.0062621754433167566 -0.0026453556352200257 -0.018262429037896679 0.0089312099812862509 0.0012793675795378589 0.0042682142544059123 0.012106754526292191 -0.0033805017401506072 0.005576156129714154 0.0032478888688697756 -0.01105059765756586 -0.01338753216203064 -0.025914932994771198 0.010911633757471834 -0.0010934024094510851 0.0083343361679286947 -0.011788169699321735 0.0044704337238302408 0.044236313018269552 -0.01265141708022227 0.00071635366869670259 -0.0019660246713643506 -0.011280833685694007 0.0073068634451420623 0.010490502693044433 -0.0115194698584082
leaf_weight=569.22230280563235 357.71821433678269 1023.2988285943866 983.65563905984163 179.33714626356959 174.77022793889046 1372.4167953282595 555.76770111173391 4255.3301254361868 2169.637888930738 3640.2565655633807 361.53308188915253 971.60739406198263 323.3524897582829 509.81365126371384 1362.9439227804542 143.77397419512272 669.99360274896026 2456.9279970303178 986.27704858407378 494.00054689496756 598.36428571492434 3187.3638759180903 14.368573956191538 1246.5436310060322 1333.6298097372055 971.94016351550817 133.04068369045854 1091.8577683418989 74.539657235145569 581.42941009253263
leaf_count=5335 3086 8406 10407 4063 1005 9892 6070 23758 15083 20880 2577 7021 3222 3403 11798 839 11188 13940 8345 3450 4745 18916 103 13396 9597 7262 986 8123 583 4765
internal_value=-6.23097e-05 0.00179325 -0.0135267 -0.0209234 0.00299473 0.00378384 -0.00383296 0.00485231 0.00355148 0.00126672 -0.00136912 -0.00370316 -0.00718863 -0.00683557 -0.0085609 0.00637931 -0.0299235 0.00977113 -0.00633635 0.000568123 -0.00165476 0.00369967 -0.00973594 -0.00946179 0.00314562 -0.00570875 0.00278717 0.00528799 -0.0099336 -0.00528613
internal_weight=32794.7 28822.6 3972.1 1832.99 23750.6 21247.4 5071.96 17598.4 13343 7380.2 3649.01 2503.28 2139.12 3489.34 2979.53 5962.84 849.331 2631.7 2423.76 1465.61 3739.94 3331.14 1037.67 1815.77 1695.16 1570.3 1582.62 1224.9 1437.48 1953.85
internal_count=242244 194633 47611 25658 152239 133259 42394 106428 82670 47970 26831 18980 21953 30199 26796 34700 15251 14945 20726 10471 27090 19755 8509 18731 12174 12007 12195 9109 12381 14657
is_linear=0
shrinkage=0.05


Tree=31
num_leaves=31
num_cat=0
split_feature=0 12 12 0 19 13 14 19 12 12 8 12 11 0 14 11 19 4 11 2 12 22 6 21 3 13 4 21 19 6
split_gain=302.261 98.9594 96.17 44.5166 39.1762 31.8635 33.7304 30.8452 30.8437 30.1205 23.2318 19.9569 18.5198 17.9114 17.6917 15.9312 14.685 13.8157 31.0095 12.7612 12.7479 14.421 12.7232 15.6928 12.2938 12.4341 12.2548 13.9462 16.5125 13.953
threshold=5.5000000000000009 -0.43499999999999911 -0.83499999999999963 4.5000000000000009 0.84258227617233428 0.6833333333333339 0.81583333333333397 0.49201921071594046 0.62500000000000056 0.26083333333333331 1.5000000000000002 -2.3091666666666657 0.043333333333333453 2.5000000000000004 4.1650000000000018 -0.03666666666666573 0.78159727382308752 37.645000000000003 -0.05000000000000026 6.5050000000000008 -1.4149999999999996 0.4678702662448086 1.5000000000000002 0.048869225143787866 46.725000000000001 0.24000000000000046 40.32500000000001 0.13607537210296777 0.82996236302914805 2.5000000000000004
decision_type=2 2 2 2 2 2 2 2 2 2 2 2 8 2 2 10 2 2 8 2 2 2 8 2 2 2 2 2 2 8
left_child=2 11 7 4 5 6 13 15 -3 12 -6 -2 24 -4 19 -1 -15 -16 -19 -10 -17 -22 23 -11 25 -5 27 28 29 -7
right_child=1 8 3 9 10 26 -8 -9 14 22 -12 -13 -14 16 17 20 -18 18 -20 -21 21 -23 -24 -25 -26 -27 -28 -29 -30 -31
leaf_value=-0.00024966586351600186 -0.044495330809987396 -0.014959465144604379 0.0029204890512243399 -0.0099169797523897575 -0.0080854029603552452 0.010750177421282463 0.005708142043948464 0.00015844011530900335 -0.01215048438455741 0.03144377139311328 0.0013080128233949682 -0.025477512236482858 -0.017551962253824802 -0.0030436077368818878 0.0008080189993347266 -0.015391839838355828 0.029570765124067207 0.087849086365434925 0.0092507009248240998 0.00082140680468003658 -0.014067287413450947 -0.0029435675808150048 -0.00017171456361399006 0.0052352342097110663 0.011510931248494888 -2.8177408988287703e-05 0.010914296845892875 0.0029706502377874352 0.073251084844688452 0.005107311046939106
leaf_weight=423.51949798315763 172.5040479414165 1178.5740406736732 2631.6510764732957 793.79168808460236 1000.5924713239074 1779.6113502979279 4370.9828705191612 1399.6414036303759 485.10643541067839 69.029515765607357 1923.7357821539044 688.6060388199985 343.67255234718323 3087.8186061307788 207.92579886317253 896.97002613544464 34.90422748029232 15.887440316379069 59.719233997166157 311.231968536973 494.7973774522543 708.65969393402338 1666.8329105302691 330.92650181055069 109.02128710597754 530.21161485463381 1337.8558480888605 2856.1983594894409 9.5036454796791059 2849.715370811522
leaf_count=3751 4070 14868 15645 7291 8050 9744 27088 10596 4498 434 13506 11777 3508 20912 1780 9458 200 115 526 2740 5215 6047 11677 2107 950 4703 7681 16612 48 16647
internal_value=-6.08036e-05 -0.0148652 0.00149683 0.00260891 0.00348059 0.00431148 0.00239695 -0.00579481 -0.00936632 -0.00235394 -0.00190605 -0.0292873 -0.00712792 -0.000118215 -0.00326195 -0.00909615 -0.00267906 0.00746352 0.0257668 -0.0070807 -0.0108799 -0.00751705 0.00174996 0.00975864 -0.00462799 -0.0059569 0.00650616 0.00571932 0.00741171 0.00727655
internal_weight=32769.2 3119.56 29649.6 25726.1 21882.6 18958.2 10125.4 3923.59 2258.44 3843.49 2924.33 861.11 1776.7 5754.37 1079.87 2523.95 3122.72 283.532 75.6067 796.338 2100.43 1203.46 2066.79 399.956 1433.02 1324 8832.88 7495.03 4638.83 4629.33
internal_count=242244 40374 201870 166803 136133 114577 63845 35067 24527 30670 21556 15847 16452 36757 9659 24471 21112 2421 641 7238 20720 11262 14218 2541 12944 11994 50732 43051 26439 26391
is_linear=0
shrinkage=0.05


Tree=32
num_leaves=31
num_cat=0
split_feature=0 12 8 0 21 12 8 0 1 6 12 11 12 14 5 12 12 14 2 14 18 3 11 14 14 19 13 4 3 4
split_gain=276.224 93.8593 88.7059 79.0055 39.2754 28.4879 26.6663 24.6784 24.3325 25.4888 19.8502 19.728 18.6459 18.4217 16.777 16.2366 16.2222 21.3482 21.7346 15.9898 15.8837 14.7356 14.2647 13.9691 13.9641 17.0567 14.2688 14.0149 12.9281 12.8084
threshold=5.5000000000000009 -0.43499999999999911 3.5000000000000004 3.5000000000000004 0.54451082625737557 0.62500000000000056 1.5000000000000002 3.5000000000000004 2.7550000000000003 2.5000000000000004 -2.0791666666666653 -0.044999999999999478 1.7916666666666676 0.27583333333333476 6.8750000000000009 -1.0933333333333333 -3.3241666666666663 1.9700000000000009 1.0100000000000002 4.1650000000000018 0.51120446898422833 33.525000000000013 0.046666666666666419 -2.7583333333333306 0.95749999999999968 0.60627073550613464 0.72999999999999987 44.010000000000012 37.150000000000006 37.195000000000007
decision_type=2 2 2 2 2 2 2 2 2 8 2 10 2 2 10 2 2 2 2 2 2 2 8 2 2 2 2 2 2 2
left_child=2 10 4 8 7 -3 -6 -1 -4 20 -2 -5 13 22 -8 16 17 -13 -19 -7 28 -17 -9 -14 25 26 -11 -26 -10 -24
right_child=1 5 3 11 6 19 14 12 9 24 -12 15 23 -15 -16 21 -18 18 -20 -21 -22 -23 29 -25 27 -27 -28 -29 -30 -31
leaf_value=0.0064738271915476334 -0.042541331989043418 -0.014392623776666398 -0.016836172053294889 0.0017914363819670012 -0.0087344148669917798 -0.0067640251329204107 -0.00096401100435533106 0.00013609671905019926 0.004111157965837442 -0.0082128080108613329 -0.024340327305540123 -0.0074513663590046741 0.022407086097891007 0.0045949844200908951 0.010823524423079038 -0.0097044787693890446 -0.014870639409791116 0.11067974471498304 0.00080063810770132171 0.0070463479845893412 -0.0031122577098375796 -0.002710934463411311 -0.0043702401693686442 0.0052748352622979042 0.0014823069676590554 0.001726112209978345 0.0035322536217221243 0.017325655305932015 0.011469117362613669 -0.023099874317502687
leaf_weight=8749.0853645130992 195.22365752980113 1164.1178510263562 181.59310030192137 572.13423462957144 917.99685236811638 792.13728921860456 1236.7707342132926 2304.3919897079468 1616.5838024094701 1375.5136021152139 643.82592532783747 43.135829657316208 181.36637105047703 2297.9247090741992 399.32806914299726 1517.5871795192361 1021.3188428878784 9.2729689106345194 8.7445338368415815 284.99764804542065 476.57228415459394 1495.3979689255357 331.20982247591019 345.9021605104208 1807.407070659101 1232.6405552327633 318.46283513307571 151.26614295691252 946.50945141166449 126.00704707950354
leaf_count=47815 4706 14868 1731 4897 7463 7238 8715 15463 10283 10109 11141 451 1013 15301 2650 13905 10969 93 89 2421 3265 13301 2424 1921 11990 8150 2106 997 5848 921
internal_value=-5.92878e-05 -0.0143105 0.00142054 -0.00172343 0.00379838 -0.00897023 -0.0019139 0.00481609 0.00126031 0.00167497 -0.0285752 -0.00690552 0.00222002 0.00128754 0.00191301 -0.00812048 -0.0133729 0.0116414 0.0573515 -0.00310996 0.0052698 -0.00623346 -0.00146458 0.0111679 -0.000561757 -0.00274866 -0.00600477 0.00270587 0.00682833 -0.00953205
internal_weight=32744.4 3080.3 29664.1 12774.1 16890 2241.25 2554.1 14335.9 8106.55 7924.96 839.05 4667.59 5586.8 5059.53 1636.1 4095.46 1082.47 61.1533 18.0175 1077.13 3039.67 3012.99 2761.61 527.269 4885.29 2926.62 1693.98 1958.67 2563.09 457.217
internal_count=242244 40374 201870 98184 103686 24527 18828 84858 54479 52748 15847 43705 37043 34109 11365 38808 11602 633 182 9659 19396 27206 18808 2934 33352 20365 12215 12987 16131 3345
is_linear=0
shrinkage=0.05


Tree=33
num_leaves=31
num_cat=0
split_feature=22 12 12 22 8 21 0 12 6 14 1 6 5 6 6 21 19 0 12 3 13 11 7 2 20 9 22 16 20 4
split_gain=254.039 101.646 71.5163 47.9261 33.9371 40.5851 31.4346 28.5908 26.2722 25.1478 22.5226 18.1999 18.0468 17.6965 17.6702 16.7546 16.0223 15.7314 15.4449 16.248 16.8356 14.6429 15.6791 14.533 15.4792 21.1374 16.664 14.0751 13.8207 13.595
threshold=0.37786786726580712 0.2500000000000005 -1.4149999999999996 0.27022471268330189 3.5000000000000004 0.50898107985542818 2.5000000000000004 -2.0791666666666653 5.5000000000000009 1.385 6.8150000000000004 1.5000000000000002 6.9050000000000011 3.5000000000000004 5.5000000000000009 0.11774897174294476 0.2437094893514867 2.5000000000000004 1.1925000000000001 36.785000000000004 1.4066666666666672 -0.044999999999999478 1.2500000000000002 6.0950000000000006 20.500000000000004 5.5000000000000009 0.47620337924199946 0.73962877976480068 23.500000000000004 34.815000000000005
decision_type=2 2 2 2 2 2 2 2 8 2 2 10 8 8 8 2 2 2 2 2 2 10 10 2 2 2 2 2 2 2
left_child=1 3 14 7 5 17 15 -1 21 13 11 -7 28 -8 -2 -6 -11 -4 19 -19 -21 22 -3 -18 25 -25 -26 29 -9 -20
right_child=2 8 4 -5 6 10 9 12 -10 16 -12 -13 -14 -15 -16 -17 23 18 27 20 -22 -23 -24 24 26 -27 -28 -29 -30 -31
leaf_value=-0.041836699280040773 -0.0073584369422266208 0.010638796997069967 0.0074149430934193532 -0.0099011195492002789 0.010324046345569861 -0.0060542181691017301 -0.0011441090891091245 -0.018776821205350291 -0.015361322762664829 -0.019579421559237434 -0.01119425806891557 0.0034486157739321284 -0.031668679734996569 -0.0084706628219077436 -0.023825649108811835 0.0019703424723476787 0.00086339858505341818 0.00063129477995166664 0.0097105165458492085 0.0035575370457696779 0.014344625631151037 -0.0026453654717288216 -0.022372777644609237 0.015540144808939805 -0.040843561674864665 0.097036907669398861 0.0097002538405388493 0.024531100030734901 0.0038722889644576246 0.0014212097152905621
leaf_weight=174.09174408391118 1012.3677516765893 394.82166550308466 4702.4135282859206 1419.1241223178804 701.87107563763857 724.75744998455048 1527.3119184151292 929.42322809621692 348.86989951878786 84.931080810725689 492.62697130441666 1653.0618231743574 271.48019516468048 1790.2934916764498 194.14930121973157 4144.7162741646171 1867.4308191686869 3990.9723106622696 1253.3748512119055 1482.5645254477859 478.43826281279325 1715.4344361796975 39.57427167147398 242.37437738478184 25.23826976120472 8.2263356670737249 46.0832459628582 113.39187364280224 72.61692376807332 817.08683986961842
leaf_count=4373 9704 2971 25189 14983 4371 5342 11528 14264 3309 841 4177 11633 4280 15101 2016 26759 14251 24832 6773 9138 2829 14880 323 1697 204 58 286 608 1103 4421
internal_value=-5.78141e-05 -0.0100056 0.00189344 -0.0164306 0.00244263 0.00391102 0.00023286 -0.0228316 -0.00263417 -0.00232157 -0.00146376 0.000552159 -0.0202336 -0.00509777 -0.0100083 0.00318011 0.0017282 0.00511275 0.00378211 0.00246251 0.00618933 -0.00056884 0.00763138 0.00255479 0.0123663 0.0182154 -0.00818549 0.00737861 -0.0171355 0.00643923
internal_weight=32719.1 5365.44 27353.7 2866.74 26147.2 15708.7 10438.5 1447.61 2498.7 5591.89 2870.45 2377.82 1273.52 3317.61 1206.52 4846.59 2274.28 12838.2 8135.83 5951.98 1961 2149.83 434.396 2189.35 321.922 250.601 71.3215 2183.85 1002.04 2070.46
internal_count=242244 60486 181758 39003 170038 94942 75096 24020 21483 43966 21152 16975 19647 26629 11720 31130 17337 73790 48601 36799 11967 18174 3294 16496 2245 1755 490 11802 15367 11194
is_linear=0
shrinkage=0.05


Tree=34
num_leaves=31
num_cat=0
split_feature=0 12 12 22 16 19 0 12 8 2 5 12 8 6 11 12 2 21 21 19 6 16 5 19 5 11 18 10 11 14
split_gain=232.326 85.0599 73.694 47.121 27.7466 27.309 35.5158 26.5186 25.4019 22.2226 20.1702 19.4752 18.5715 16.6853 15.633 15.5992 14.746 14.6901 14.6502 15.5082 16.63 15.4713 14.6325 13.7159 13.4669 13.1908 12.7528 12.4665 12.4581 12.1624
threshold=5.5000000000000009 -0.43499999999999911 -0.42333333333333351 0.46353433924258575 0.38905635975764657 0.84258227617233428 3.5000000000000004 1.1925000000000001 1.5000000000000002 3.9950000000000006 6.995000000000001 -2.3091666666666657 1.5000000000000002 2.5000000000000004 0.046666666666666419 -2.982499999999999 7.1650000000000009 0.13562593026385994 0.16250392377921061 0.67590739875811967 3.5000000000000004 0.73962877976480068 6.7650000000000006 0.61679076496823682 6.8650000000000011 0.0033333333333334107 0.17368313684631118 1.5000000000000002 -0.010833333333333249 0.95749999999999968
decision_type=2 2 2 2 2 2 2 2 2 2 8 2 2 8 10 2 2 2 2 2 10 2 10 2 8 8 2 2 8 2
left_child=2 11 3 15 9 6 18 10 24 23 14 -2 -7 -11 -8 -1 29 27 19 20 -4 -22 -20 -5 -3 26 -10 -18 -13 -6
right_child=1 8 5 4 16 12 7 -9 25 13 -12 28 -14 -15 -16 -17 17 -19 22 -21 21 -23 -24 -25 -26 -27 -28 -29 -30 -31
leaf_value=0.0079556560421871047 -0.043258666783307816 0.0040586101860752366 0.0068636514414770339 -0.011500636629568409 -0.0010242450349862845 -0.0074514220439464117 0.00082456503358702019 0.006315108696052606 -0.0078845384594636529 0.010857848393705738 -0.013142041419948725 -0.013609056456254051 0.0010980691884078274 -0.0037967395410906319 -0.0068574569030138595 -0.011064800776300241 0.099640499687099163 -0.00042688912968890107 -0.0023985776487732203 0.0093732699095409548 0.0016101153326310233 0.037988465630233906 0.0048295068151447615 0.0021748109119245625 -0.011168279096482174 -0.016761579167818657 0.076278467000513939 0.030695696218484537 -0.028344589008961193 0.0053551331019319687
leaf_weight=114.76797363162041 153.62778978794813 497.79847873002291 3997.5415227264166 1079.5726684331894 1685.6811522468925 990.21265784651041 4708.5182364583015 1591.9276232719421 778.85378451645374 293.23476112633944 321.49071232974529 214.66650873795152 1771.6698248311877 575.32103288173676 770.65693625062704 1774.2624375075102 8.3206498771905881 31.759830884635448 1186.9386168196797 2430.8792576640844 3021.6016428917646 29.512151107192039 1707.3718821406364 220.86056232452393 205.00500141084194 723.53479117900133 4.5270903483033171 30.926555633544922 432.28144128248096 1341.9067587926984
leaf_count=1211 4070 4294 21138 9632 12535 8050 34199 9060 8973 2129 2503 3837 12459 4690 6240 18502 53 207 7484 12661 17262 157 10464 1604 1861 9351 48 209 7940 9421
internal_value=-5.6332e-05 -0.0132918 0.00128586 -0.00313421 -0.000704597 0.00268999 0.00334071 0.000598692 -0.00823288 -0.00504193 -0.000970115 -0.0272554 -0.00196716 0.00115082 -0.000255927 -0.00990921 0.0023315 0.0248543 0.00497889 0.00592954 0.00474189 0.00196199 0.00186531 -0.00917805 -0.000383013 -0.0118939 -0.00739817 0.0453124 -0.0234551 0.00180326
internal_weight=32695.2 3010.29 29684.9 7156.61 5267.58 22528.3 19766.4 7392.59 2209.72 2168.99 5800.67 800.576 2761.88 868.556 5479.18 1889.03 3098.59 71.007 12373.8 9479.53 7048.66 3051.11 2894.31 1300.43 702.803 1506.92 783.381 39.2472 646.948 3027.59
internal_count=242244 40374 201870 60193 40480 141677 121168 52002 24527 18055 42942 15847 20509 6819 40439 19713 22425 469 69166 51218 38557 17419 17948 11236 6155 18372 9021 262 11777 21956
is_linear=0
shrinkage=0.05


Tree=35
num_leaves=31
num_cat=0
split_feature=19 22 12 12 16 19 3 22 14 12 7 11 2 22 11 15 6 18 5 12 22 17 12 11 11 19 21 4 11 2
split_gain=213.613 66.9585 56.3255 51.8632 28.0667 41.1685 26.6208 25.4457 21.6898 21.1126 20.8499 19.2589 18.6307 17.0363 18.6545 16.9891 16.8427 18.3213 16.0061 15.855 15.7897 15.3039 14.4272 14.1108 14.0729 17.7119 13.5782 12.941 12.6869 12.1926
threshold=0.25632306181026671 0.48082002551948944 0.34166666666666706 -0.56416666666666682 0.41694634554740501 0.84258227617233428 28.175000000000004 0.36453159981522182 2.8949999999999982 -3.3241666666666663 1.2500000000000002 -0.043333333333333439 6.4050000000000011 0.24031560751532091 -0.033333333333332764 0.2716670512946141 5.5000000000000009 0.01199612115095946 6.7150000000000007 1.2716666666666669 0.22662647232471442 135.50000000000003 -0.99083333333333357 0.056666666666667094 0.034999999999999705 0.68361016800606644 0.13713319061608117 33.805000000000007 0.028333333333333769 3.8150000000000004
decision_type=2 2 2 2 2 2 2 2 2 2 8 8 2 2 8 2 8 2 8 2 2 2 2 8 8 2 2 2 8 2
left_child=3 2 6 7 8 12 23 -1 22 28 11 -4 24 14 21 -7 17 -5 -15 20 -13 -11 -3 -2 -6 -26 -14 -24 -8 -10
right_child=1 4 10 16 5 15 9 -9 29 13 -12 19 26 18 -16 -17 -18 -19 -20 -21 -22 -23 27 -25 25 -27 -28 -29 -30 -31
leaf_value=-0.028711341709397421 -0.010620514830785079 -0.0091509887191968814 0.00970448564497421 -0.011160167176509146 0.0043454672695967629 0.00012489344246043203 0.049466086403799001 -0.012651794627636033 -0.0016020689445813614 -0.0039920624982358799 -0.0306648988104967 -0.015154761034021722 0.0099792044704844485 0.0037099041404241189 -0.023881249577608985 -0.0089177009850894204 -0.020266151580011417 0.0012711759585674342 -0.005289884218309439 0.0053544143695881579 -0.00057636852986962665 0.061593608703023939 -0.0051207789332534427 -0.026154925562551362 -0.00277367221393926 0.0083909031665147463 0.0037638915474866017 0.0036099191447379548 -0.015961540861355945 0.0085359813090967376
leaf_weight=650.08217991888523 980.98745314404368 863.07781945168972 684.7737590149045 660.78161540254951 8959.631677672267 2197.863483287394 28.68257936835289 397.4556824490428 515.71806308627129 51.488899629563093 49.288414776325226 203.86541377007961 2285.1475802063942 611.15717185288668 206.96587422117591 680.17152079194784 233.3828209079802 537.45882871001959 2578.0116153471172 1134.3615166321397 2088.4809913337231 10.75189361348748 951.71434506773949 171.78384240344167 1577.5522801056504 458.48330242186785 1427.7709231153131 766.07883007079363 9.9897913336753827 697.90949632227421
leaf_count=13221 9515 7449 4333 8018 52417 15752 275 4495 3855 706 382 2102 12276 5243 3048 5568 2923 5440 23849 7216 14731 141 6392 1856 10237 2777 8085 5145 106 4691
internal_value=-5.48105e-05 0.00110373 -0.00256437 -0.0141638 0.00261526 0.00345673 -0.00634609 -0.022618 -0.00128473 -0.00417397 0.00166184 0.00204937 0.00452682 -0.0045848 -0.0166634 -0.00201216 -0.00797766 -0.00558421 -0.00356521 0.000519617 -0.00187287 0.00733765 -0.00387701 -0.0129354 0.00349276 -0.000259585 0.00758916 -0.00122718 0.0325649 0.00422793
internal_weight=32670.9 30191.7 8810.59 2479.16 21381.1 17586.6 4649.82 1047.54 3794.5 3497.05 4160.77 4111.48 14708.6 3458.38 269.207 2878.04 1431.62 1198.24 3189.17 3426.71 2292.35 62.2408 2580.87 1152.77 10995.7 2036.04 3712.92 1717.79 38.6724 1213.63
internal_count=242244 208147 73503 34097 134644 107112 44739 17716 27532 33368 28764 28382 85792 32987 3895 21320 16381 13458 29092 24049 16833 847 18986 11371 65431 13014 20361 11537 381 8546
is_linear=0
shrinkage=0.05


Tree=36
num_leaves=31
num_cat=0
split_feature=22 8 12 0 18 2 12 12 19 11 3 14 14 11 6 21 19 0 3 13 18 12 3 11 3 5 11 18 20 13
split_gain=195.742 76.004 64.3686 34.0785 26.6567 28.5544 25.3936 23.0016 21.569 21.0628 20.8163 19.5167 18.4167 17.793 17.3082 13.2992 12.5787 12.4264 12.0995 15.0732 12.0385 12.0282 11.9191 11.7672 15.5112 11.7412 11.6173 11.3184 13.7699 11.8351
threshold=0.27854009324196022 3.5000000000000004 -1.0933333333333333 4.5000000000000009 0.62602266213501179 4.9850000000000012 -2.3091666666666657 0.36333333333333268 0.61979637217414008 -0.026666666666666835 47.230000000000011 4.7258333333333349 2.8949999999999982 0.079999999999999641 2.5000000000000004 0.58973142641247656 0.18872859416628437 2.5000000000000004 33.915000000000006 -0.45166666666666683 0.067048100262545221 2.6358333333333337 28.055000000000003 -0.014999999999999234 50.115000000000002 6.7950000000000008 -0.038333333333333545 0.0080003067807230474 25.500000000000004 1.186666666666667
decision_type=2 2 2 2 2 2 2 2 2 10 2 2 2 8 8 2 2 2 2 2 2 2 2 10 2 8 10 2 2 2
left_child=1 11 8 4 5 12 -3 10 9 -2 22 13 17 21 -8 -7 -11 -4 -17 -20 -12 -1 -5 24 -22 26 -6 -13 -29 -30
right_child=2 6 3 7 25 15 14 -9 -10 16 20 27 -14 -15 -16 18 -18 -19 19 -21 23 -23 -24 -25 -26 -27 -28 28 29 -31
leaf_value=-0.0078656049287591217 0.00054113935535567484 -0.042721341304103828 0.0015071201903807856 -0.013634616272198891 -0.012723400000592612 0.0049075468595889023 -0.010448224187004019 0.0016248312008910902 0.0049832094616515344 -0.029507293469789753 0.0029463774959377839 -0.004792874075959061 0.0041497562644841023 -0.033823137995719038 -0.024241291051822413 0.0038688908312090719 -0.010075046031550794 -0.0032804788835011619 0.050890935676928852 -0.012245576007044255 0.1172301408517616 0.044238007622900241 -0.0048986135549064494 0.012649221136552488 0.024297680095356867 0.0012022633779211862 -0.0021255195560418408 0.008772505171259503 0.11496966424922093 0.018842309803393339
leaf_weight=1145.0610591806471 506.80192042887211 136.103146456182 2689.6308597624302 521.71192180365324 443.12210879474878 12438.479441471398 337.30756622925401 1964.4158128425479 350.77374476194382 87.934275198727846 103.81863085925579 190.5772415176034 2698.3968767225742 67.220207922160625 698.29144237935543 336.1831790804863 1572.6428021341562 2732.0621004775167 9.7860954180359823 277.98766124993563 7.9675189703702953 11.184764839708803 1551.7617121115327 26.399841167032719 10.287427261471747 907.62472755461931 620.94116304814816 191.24107208848 5.8184561133384687 7.1204413548111916
leaf_count=12065 4608 3862 16532 5156 3601 72466 5449 13409 2604 1216 971 1939 17091 795 12119 2245 15760 19266 65 1867 65 92 14881 238 85 6981 4870 1828 58 60
internal_value=-5.33322e-05 -0.0127187 0.00113009 0.00183464 0.00258524 0.00310283 -0.0224172 -0.00231685 -0.00651943 -0.00838104 -0.00580167 -0.0056964 0.000774476 -0.00881545 -0.0197487 0.00455022 -0.0111041 -0.000905414 -0.002573 -0.0100985 0.0122838 -0.00736159 -0.0070967 0.0339926 0.0648588 -0.00297544 -0.00653894 0.00397045 0.0121499 0.0620695
internal_weight=32648.7 2789.93 29858.7 27340.6 23154.2 21182.5 1171.7 4186.36 2518.15 2167.38 2221.95 1618.22 8120.09 1223.47 1035.6 13062.4 1660.58 5421.69 623.957 287.774 148.473 1156.25 2073.47 44.6548 18.2549 1971.69 1064.06 394.757 204.18 12.9389
internal_count=242244 38267 203977 179789 144984 129532 21430 34805 24188 21584 21396 16837 52889 12952 17568 76643 16976 35798 4177 1932 1359 12157 20037 388 150 15452 8471 3885 1946 118
is_linear=0
shrinkage=0.05


Tree=37
num_leaves=31
num_cat=0
split_feature=19 22 12 12 16 6 18 22 0 12 11 21 13 11 22 6 18 5 14 13 12 2 17 21 22 1 12 4 13 12
split_gain=179.492 56.0185 46.887 36.2682 35.7812 30.3933 24.359 23.5049 20.6322 25.5907 19.5058 19.4252 16.6592 15.2674 16.4008 15.2621 16.1521 15.2261 15.0237 14.9984 14.2888 24.578 15.3335 14.0111 14.6466 15.8346 13.5553 13.5337 13.2877 13.1152
threshold=0.25632306181026671 0.3813828000222142 -0.56416666666666682 1.2716666666666669 0.37914536817326983 5.5000000000000009 0.62602266213501179 0.36453159981522182 2.5000000000000004 0.77333333333333398 0.0049999999999994502 0.19197083488891067 -0.60916666666666675 -0.03666666666666573 0.22662647232471442 5.5000000000000009 0.01199612115095946 6.7650000000000006 -7.1891666666666678 -0.21166666666666664 -3.3241666666666663 1.0100000000000002 9.5000000000000018 0.11428622367945195 0.53397861359532561 7.0550000000000006 -0.12416666666666652 59.175000000000004 2.639166666666668 0.15833333333333346
decision_type=2 2 2 2 2 8 2 2 2 2 10 2 2 10 2 8 2 10 2 2 2 2 2 2 2 2 2 2 2 2
left_child=2 3 7 5 12 13 8 -1 11 10 23 18 20 -2 -15 16 -4 -13 28 29 21 -3 -22 24 27 -26 -16 -10 -6 -12
right_child=1 4 15 -5 6 -7 -8 -9 9 -11 19 17 -14 14 26 -17 -18 -19 -20 -21 22 -23 -24 -25 25 -27 -28 -29 -30 -31
leaf_value=-0.027415675425607373 0.0022149164943636545 0.065578989378357308 -0.01028926152437596 0.0055226787210843073 -0.00098649521457567862 -0.019204383118310783 -0.0029049925500206665 -0.011754617276526895 0.0024195209280311355 0.0049661773036207392 -0.0088549495774885648 -0.002680277242034144 0.00044036236239278573 -0.017514293268875689 -0.01075617244945728 -0.019138394497899253 0.0014374512021721648 0.004354626852820005 0.0073131742501665528 -0.00012089219242095471 -0.026337438279596864 -0.0236671653948019 -0.0063777402407328085 -0.00081211226444101404 0.010577321779806187 0.057889971259313201 -0.0013235786436232627 0.048520257512089382 0.023711681156022138 0.0023291331804596855
leaf_weight=620.35155424848199 552.48669947311282 17.55344852805138 649.45433967933059 680.95388064533472 898.904934220016 452.47765361145139 1957.0264224559069 390.33027622848749 1846.3871829882264 3801.3850027695298 1186.125791952014 1298.1577220857143 1446.7512789145112 321.87963462993503 638.88664331659675 227.02034037187696 535.97261722013354 1887.4763279333711 5339.5094951614738 2569.6308564543724 103.45120776444674 13.763285972177981 1376.880857668817 1925.3537027165294 518.49623586237431 18.308972835540771 943.14675066620111 16.05837968736887 57.969571307301521 336.49112512916327
leaf_count=13221 5017 168 8018 4778 4993 5114 15380 4495 13623 20797 9892 8740 10612 4106 7021 2923 5440 12224 28915 18147 875 140 12010 11800 3049 95 8022 117 289 2223
internal_value=-5.18586e-05 0.000998501 -0.0131451 -0.00486456 0.00178929 -0.00729616 0.00243759 -0.0213673 0.00291941 0.00156123 2.34213e-05 0.00466951 -0.00339492 -0.00510262 -0.00722606 -0.00726171 -0.00498721 0.00148788 0.00627925 -0.00245098 -0.00706555 0.0263565 -0.0077726 0.00236487 0.00491434 0.012191 -0.00513283 0.00281701 0.000509775 -0.00638332
internal_weight=32628.6 30205.5 2423.13 3589.83 26615.7 2908.88 23657.3 1010.68 21700.3 12218.2 8416.85 9482.02 2958.4 2456.4 1903.91 1412.45 1185.43 3185.63 6296.38 4092.25 1511.65 31.3167 1480.33 4324.6 2399.25 536.805 1582.03 1862.45 956.875 1522.62
internal_count=242244 208147 34097 34058 174089 29280 150284 17716 134904 79743 58946 55161 23805 24166 19149 16381 13458 20964 34197 30262 13193 308 12885 28684 16884 3144 15043 13740 5282 12115
is_linear=0
shrinkage=0.05


Tree=38
num_leaves=31
num_cat=0
split_feature=22 8 12 22 12 12 21 2 14 11 14 5 11 19 11 8 5 13 4 11 6 15 21 18 11 21 14 11 5 19
split_gain=164.41 67.9818 55.3551 33.0148 35.2221 24.8732 23.3733 24.1961 21.7583 18.2712 17.7447 17.2874 17.036 16.4751 16.4642 16.2573 14.8859 14.4482 13.0707 15.2788 12.9423 12.6627 12.56 12.3541 12.5773 12.0122 11.5632 11.3261 11.0131 11.5405
threshold=0.27854009324196022 3.5000000000000004 -1.4149999999999996 0.48082002551948944 0.34166666666666706 -2.3091666666666657 0.14803723219711504 5.2350000000000012 -3.629166666666666 1.0000000180025095e-35 4.7258333333333349 6.9050000000000011 -0.039166666666666565 0.61979637217414008 0.079999999999999641 1.5000000000000002 6.8650000000000011 2.2108333333333348 33.875000000000007 -0.0066666666666663757 1.5000000000000002 0.23374068869159828 0.54077537032938483 0.082308363232348983 0.027333333333333435 0.11523191510290075 18.775833333333338 0.023333333333333876 6.5850000000000009 0.40630760736912247
decision_type=2 2 2 2 2 2 2 2 2 8 2 8 10 2 8 2 10 2 2 10 8 2 2 2 10 2 2 8 10 2
left_child=1 10 12 4 9 -3 7 8 17 28 14 -7 -2 -14 -1 22 -17 20 -10 -20 25 -6 -8 24 -18 -5 -21 -28 29 -4
right_child=2 5 3 6 21 11 15 -9 18 -11 -12 -13 13 -15 -16 16 23 -19 19 26 -22 -23 -24 -25 -26 -27 27 -29 -30 -31
leaf_value=-0.0067834414095835965 0.003469718105430732 -0.041976061729210083 -0.0026308690056266134 0.022486313679288793 -0.00025457995314042417 -0.015155239779906677 0.00066404549913848027 0.0058977777526617401 0.00089040384813368558 -0.0074769388094372046 0.0040458888070257007 -0.031292158099421478 -0.013186789213956324 0.0063495395888818612 -0.032721443206862905 0.00015870878440451096 0.0056099692782169523 0.045856261282530335 0.011424873550169742 0.0015163345738326824 -0.0055843141537399556 0.0057828657316480814 -0.0077857305292380599 0.0069530311721014652 -0.021599070754962792 -0.0012243783220646431 0.065712249919433516 -0.0063155653093521216 -0.0013677291173596418 0.049057652552820706
leaf_weight=1144.2859654091299 239.7225966565311 127.53523641452193 20.83186748623848 82.334505654871464 2018.2601987421513 792.93039033934474 833.35427297651768 6836.8330558538437 2254.750487960875 2258.862747464329 394.19321529567242 209.90490991994739 1043.9650901891291 120.35641838610172 64.635399367660284 4704.7031477689743 90.080418221652508 14.795553639531134 862.79527663439512 975.63508792221546 1409.5913188904524 1524.4746677055955 931.21021097153425 1572.9955094158649 80.361746065318584 152.08524662256241 13.916349522769449 8.9794498682022112 1800.1378859318793 22.421783909201622
leaf_count=12157 2223 3862 186 511 13370 13741 5034 37593 14271 21882 3885 3827 11378 952 795 30663 546 84 5128 6445 9356 9422 7688 10005 559 901 87 60 15468 165
internal_value=-5.03917e-05 -0.0117876 0.00102359 0.00150156 -0.00130861 -0.0211779 0.00253322 0.00388498 0.00150205 -0.0044625 -0.00516638 -0.0185329 -0.00866822 -0.0111673 -0.00817023 0.000457414 0.00162115 -0.00333248 0.0034504 0.0065515 -0.00377516 0.00234339 -0.00379514 0.00556756 -0.00721882 0.00710345 0.00234059 0.0374638 -0.000768663 0.0241634
internal_weight=32606.9 2733.49 29873.5 28469.4 7644.99 1130.37 20824.4 12611.7 5774.88 4102.25 1603.11 1002.84 1404.04 1164.32 1208.92 8212.71 6448.14 1658.81 4116.08 1861.33 1644.01 3542.73 1764.56 1743.44 170.442 234.42 998.531 22.8958 1843.39 43.2537
internal_count=242244 38267 203977 189424 60493 21430 128931 74436 36843 37701 16837 17568 14553 12330 12952 54495 41773 10852 25991 11720 10768 22792 12722 11110 1105 1412 6592 147 15819 351
is_linear=0
shrinkage=0.05


Tree=39
num_leaves=31
num_cat=0
split_feature=19 22 12 12 14 22 16 19 7 14 11 12 5 22 2 15 6 18 1 2 11 19 4 13 14 21 18 5 11 12
split_gain=151.3 46.7275 42.3803 40.5712 23.8965 21.4426 20.2039 29.8424 18.737 18.5025 16.9179 16.1924 16.7223 15.3542 14.4522 14.339 13.7841 14.3827 12.2659 11.8818 11.7117 15.2482 11.8479 12.6315 11.6258 10.8667 10.7503 15.7842 14.9758 14.9706
threshold=0.25632306181026671 0.48082002551948944 -0.56416666666666682 0.34166666666666706 0.27583333333333476 0.36453159981522182 0.41694634554740501 0.84258227617233428 1.2500000000000002 2.8949999999999982 -0.012666666666666602 -3.3241666666666663 6.745000000000001 0.35108561621039752 6.4050000000000011 0.2716670512946141 5.5000000000000009 0.01199612115095946 1.6950000000000001 3.1150000000000007 0.034999999999999705 0.68361016800606644 30.405000000000005 -3.8491666666666657 -4.7583333333333302 0.13713319061608117 0.11213930995194929 6.8450000000000006 -0.12500000000000042 1.4016666666666668
decision_type=2 2 2 2 2 2 2 2 8 2 8 2 8 2 2 2 8 2 2 2 8 2 2 2 2 2 2 10 10 2
left_child=2 3 5 4 13 18 9 14 10 19 -5 12 -6 -2 20 24 17 -4 -1 -3 26 -22 -23 -24 -9 -16 29 28 -28 -8
right_child=1 6 16 8 11 -7 7 15 -10 -11 -12 -13 -14 -15 25 -17 -18 -19 -20 -21 21 22 23 -25 -26 -27 27 -29 -30 -31
leaf_value=-0.041999160129614556 -0.017886091912192602 -0.0090042686496113519 -0.0095137281649269531 0.0056501288853700593 0.10405481195127537 -0.010987179156439278 0.0050980285309680049 0.0065712219213495682 -0.02964855941636714 0.0039227623999776393 -0.00087941023506199999 -0.0020022029503679599 0.011333308529911053 -0.0070703403890208863 0.0085775792433766974 -0.0081891123918317599 -0.018060892764251074 0.001598557806091492 -0.022886413868259559 -0.0014359867378865585 -0.0028937451816000073 0.018369980241433197 0.040276766368610495 -0.0011230978748903451 -0.0019057037695797828 0.0030419878196135289 -0.029937360502668844 0.0063863197517133041 0.00091489410131543377 0.020046509604069996
leaf_weight=101.20303313061595 390.4300088621676 721.15852899849415 639.60875334218144 1662.5982985273004 7.1108944341540363 384.40585901215672 3165.2312216237187 534.60400332510471 48.054947309195995 1217.1898240372539 2459.565294303 2105.8469202406704 15.380121998488901 2056.6275734975934 2313.6292893514037 671.9538106918335 221.2140084579587 534.54431562498212 492.25091680139303 1846.2843622565269 1579.130440749228 161.17733701318502 19.711761996150017 282.15476011484861 1661.5880301445723 1437.3446669727564 39.727168992161751 1677.5845913663507 3962.7530459538102 176.84653855860233
leaf_count=3036 5356 5823 8018 10691 63 4495 18732 3829 382 8546 17691 20103 148 19069 12276 5568 2923 5440 10185 13163 10237 959 120 1698 11923 8085 231 9593 22965 896
internal_value=-4.89409e-05 0.00090591 -0.0122052 -0.00217483 -0.00542607 -0.0201868 0.00216094 0.00287055 0.00139229 -0.00115467 0.00175416 -0.00155149 0.0406487 -0.008796 0.0037743 -0.00179775 -0.0066118 -0.00445475 -0.0261458 -0.00356181 0.00286503 -0.000554183 0.00742449 0.0015803 0.000157776 0.00645638 0.00363898 0.00231507 0.000608666 0.00588903
internal_weight=32586.9 30213.7 2373.23 8745.61 4575.4 977.86 21468.1 17683.4 4170.22 3784.63 4122.16 2128.34 22.491 2447.06 14815.3 2868.15 1395.37 1174.15 593.454 2567.44 11064.3 2042.17 463.044 301.867 2196.19 3750.97 9022.14 5680.06 4002.48 3342.08
internal_count=242244 208147 34097 73503 44739 17716 134644 107112 28764 27532 28382 20314 211 24425 85792 21320 16381 13458 13221 18986 65431 13014 2777 1818 15752 20361 52417 32789 23196 19628
is_linear=0
shrinkage=0.05


Tree=40
num_leaves=31
num_cat=0
split_feature=22 12 8 22 6 21 16 12 8 14 5 11 12 21 3 21 12 2 1 22 13 5 1 15 11 16 18 15 3 19
split_gain=138.886 60.562 47.9706 41.8209 21.7522 21.1868 20.9998 20.8192 18.5478 17.5845 16.7865 16.2147 14.2819 18.4488 20.4401 13.9662 13.8478 15.0505 13.1227 14.8769 14.4363 12.9962 12.9212 12.1672 11.0647 10.9008 10.8034 10.7099 10.5724 11.0196
threshold=0.27854009324196022 -0.18333333333333332 3.5000000000000004 0.46353433924258575 2.5000000000000004 0.54451082625737557 0.39193634129387617 -2.3091666666666657 1.5000000000000002 1.6666666666666663 6.8150000000000004 1.0000000180025095e-35 1.2116666666666676 0.085961799064398478 31.525000000000002 0.64756819469220184 0.98833333333333384 6.8850000000000007 5.4250000000000007 0.61699632217842548 2.2108333333333348 6.8750000000000009 6.5950000000000006 0.072877880971863707 -0.076666666666665759 0.22514239797454247 0.51120446898422833 0.22899776204174596 43.085000000000008 0.69498861242619614
decision_type=2 2 2 2 8 2 2 2 2 2 8 8 2 2 2 2 2 2 2 2 2 8 2 2 10 2 2 2 2 2
left_child=1 7 5 11 25 12 15 -1 -7 16 -9 -4 13 14 -2 -6 22 -18 19 20 -14 24 -3 -17 -10 -5 -27 -19 29 -13
right_child=2 9 3 4 6 8 -8 10 21 -11 -12 28 18 -15 -16 23 17 27 -20 -21 -22 -23 -24 -25 -26 26 -28 -29 -30 -31
leaf_value=-0.04110442410485203 -0.0077516887570876648 -0.010705023941263743 -0.002419190562302029 -0.013883077590536348 -0.0066219840406196544 -0.0073400728095461944 0.00026282243503646541 -0.011568374940635012 -0.017220453467614256 0.00062165747095466173 -0.026328224022634072 -0.011452237030786648 0.003356833919020156 0.0034834256673254857 0.0022929491698860703 0.08722891619716272 -0.0085235656927100008 -0.013748606706713219 0.0055106586374455441 0.069733211550843222 0.043128555032294548 0.009366107356102436 -0.028632864168518686 -0.0024319219751600478 0.00042731598734960122 0.004799523152985069 -0.003271496093336026 0.020835476560826446 0.0011924067027624396 0.063339276858535271
leaf_weight=118.5892729870975 844.1270202472806 575.91248320788145 1343.7163382992148 90.326842464506626 1753.5306955128908 897.07535717636347 4302.0886089354753 404.1552790440619 96.324931621551514 688.64498370885849 368.07329780980945 1489.9727239795029 73.064074173569679 8749.2192236706614 1266.1613785065711 7.4363889396190626 284.63384317606688 29.533796206116676 3629.6299513429403 14.521266832947729 33.176958486437798 405.65323066711426 121.75275813415647 7.7034094706177711 1139.6169084683061 3061.9997614771128 479.54971873760223 92.494574472308159 194.32339431717992 4.9412928521633139
leaf_count=3862 6453 7354 12835 876 14643 7463 29470 7511 717 7242 7179 16159 401 49584 9378 52 2591 264 19727 86 180 2650 1467 53 7998 19915 3289 797 2006 42
internal_value=-4.74647e-05 -0.010943 0.000931029 -0.00139354 0.000208402 0.00265739 -0.00162273 -0.0215989 -0.00155869 -0.00564881 -0.0186035 -0.00651825 0.00339 0.0024713 -0.00172496 -0.00620914 -0.009559 -0.00222537 0.00605014 0.0222648 0.0157768 0.00160064 -0.0138337 0.0416078 -0.000948089 0.00326919 0.00370665 0.0124653 -0.00977887 -0.011205
internal_weight=32567.9 2683.79 29884.2 12735.6 9702.64 17148.6 6070.76 890.818 2538.67 1792.97 772.229 3032.95 14609.9 10859.5 2110.29 1768.67 1104.33 406.662 3750.39 120.762 106.241 1641.6 697.665 15.1398 1235.94 3631.88 3541.55 122.028 1689.24 1494.91
internal_count=242244 38267 203977 99340 68298 104637 44218 18552 18828 19715 14690 31042 85809 65415 15831 14748 12473 3652 20394 667 581 11365 8821 105 8715 24080 23204 1061 18207 16201
is_linear=0
shrinkage=0.05


Tree=41
num_leaves=31
num_cat=0
split_feature=19 0 1 8 21 11 12 22 6 3 11 22 12 15 14 18 8 5 13 16 12 11 17 17 1 21 13 22 13 3
split_gain=127.268 39.8489 39.1842 35.331 22.1729 22.6786 20.4126 19.3494 19.3078 17.2344 16.2361 16.723 15.7987 15.2647 14.2507 13.9727 14.3345 12.505 16.2323 12.3007 12.243 11.8459 16.4819 16.1824 11.8273 13.2807 11.7813 11.4644 15.0857 11.3124
threshold=0.25632306181026671 3.5000000000000004 2.4850000000000008 3.5000000000000004 0.16023000618996683 0.033666666666666518 -1.3174999999999997 0.26307786197712674 5.5000000000000009 28.175000000000004 -0.012666666666666602 0.22662647232471442 -3.3241666666666663 0.26091598671808308 -6.1549999999999985 0.01199612115095946 3.5000000000000004 6.7950000000000008 -3.9308333333333327 0.66443084023905452 0.22 -0.028333333333333762 133.50000000000003 151.50000000000003 3.4950000000000006 0.60565622846699674 -0.22666666666666721 0.17669786583434613 -1.2483333333333326 31.755000000000006
decision_type=2 2 2 2 2 8 2 2 8 2 8 2 2 2 2 2 2 8 2 2 2 8 2 2 2 2 2 2 2 2
left_child=2 4 -1 10 5 14 -7 21 15 -9 -3 -12 17 24 20 -4 -17 18 -11 -13 -2 22 -5 -24 25 -6 -14 28 -18 -26
right_child=1 3 8 7 13 6 -8 9 -10 12 11 19 26 -15 -16 16 27 -19 -20 -21 -22 -23 23 -25 29 -27 -28 -29 -30 -31
leaf_value=-0.02927120798008024 -0.0040810083782762789 0.003829789325173541 -0.011255219249469515 -0.010805938208357124 -0.015877886531832263 -0.022017473786424296 6.3740936112111434e-05 -0.010021426212950858 -0.019523218578633428 0.11340327469107102 -0.013082880842428916 -0.0018319958492857861 -0.0056879428033637311 -0.0053673149362344786 0.0053659544958226555 0.0057674431202143148 0.13579904909156099 0.0020150619616447472 0.022401286516478432 0.0055648482031553552 0.0043709887246704696 -0.024205802444213859 0.1261251362687498 0.0028725551540315364 0.0039869209568444211 0.01628116829296097 0.00063839937522747496 -0.0085530779421241036 0.0021824926668315286 -0.00045765025459701121
leaf_weight=268.67596152238548 815.53840143233538 2531.6559993252158 854.89169931411743 56.738273546099663 185.46622413396835 109.82918353378773 2225.0755138248205 985.89967054501176 357.96786932274699 7.5874082967638996 280.18870751187205 2906.5662622712553 1642.92301620543 1129.800778336823 8225.5393990948796 339.0202185548842 3.176723001524806 23.880157977342606 13.836326405405996 696.79691573604941 902.71865302324295 201.53399427980185 4.7137984707951528 6.1216192618012428 2447.1942199245095 38.823880761861801 1333.0206045210361 497.3244438841939 6.3053306229412538 3449.8978482633829
leaf_count=6204 5282 16668 12720 862 1484 1088 13777 9703 5449 66 3117 20795 16063 8613 46346 3216 61 238 131 4674 4562 3415 68 86 16248 291 11768 6335 112 22802
internal_value=-4.60857e-05 0.00082155 -0.0113125 -0.00163233 0.0021649 0.00345958 -0.000974915 -0.00515282 -0.00896878 -0.00428122 0.000714363 -0.00131656 -0.00240806 -2.74144e-05 0.00450084 -0.00674727 -0.00219101 0.0268963 0.0546305 -0.000401638 0.000359407 -0.0181314 -1.4756e-05 0.0564919 0.000958151 -0.0103113 -0.00285417 -0.0075147 0.0469474 0.00138677
internal_weight=32548.7 30221.3 2327.36 10691.5 19529.9 12278.7 2334.9 4276.25 2058.69 4007.15 6415.21 3883.55 3021.25 7251.18 9943.8 1700.72 845.827 45.3039 21.4237 3603.36 1718.26 269.108 67.5737 10.8354 6121.38 224.29 2975.94 506.806 9.48205 5897.09
internal_count=242244 208147 34097 87654 120493 71055 14865 42400 27893 37969 45254 28586 28266 49438 56190 22444 9724 435 197 25469 9844 4431 1016 154 40825 1775 27831 6508 173 39050
is_linear=0
shrinkage=0.05


Tree=42
num_leaves=31
num_cat=0
split_feature=22 12 12 11 12 12 18 0 22 13 3 5 14 22 11 11 8 0 19 10 15 5 12 2 1 5 20 5 12 14
split_gain=116.871 54.4021 41.5827 23.4744 20.0866 19.1666 26.0904 20.7388 17.7715 16.651 21.6694 16.0716 16.0281 15.3015 14.9896 14.8561 14.6422 14.5771 14.4521 13.1542 12.8611 12.5131 12.4585 13.5371 12.3672 11.7051 11.1277 10.4746 10.5947 17.4847
threshold=0.27854009324196022 -0.18333333333333332 -1.4149999999999996 0.064999999999999961 -2.3091666666666657 0.12916666666666646 0.30750960660679788 2.5000000000000004 0.45934723903150615 -0.1958333333333335 42.120000000000012 6.8750000000000009 1.6666666666666663 0.55042871446869868 -0.039166666666666565 -0.083333333333332579 1.5000000000000002 2.5000000000000004 0.61979637217414008 1.5000000000000002 0.2327611448401693 6.5550000000000006 0.98833333333333384 6.8850000000000007 6.5950000000000006 6.9250000000000007 38.500000000000007 6.8050000000000006 -3.3241666666666663 4.3533333333333344
decision_type=2 2 2 8 2 2 2 2 2 2 2 8 2 2 10 10 2 2 2 2 2 10 2 2 2 10 2 10 2 2
left_child=1 4 14 5 -1 7 17 13 19 10 -9 -6 22 -4 -2 25 26 -7 27 -5 -19 -15 24 -24 -3 -8 -17 28 29 -16
right_child=2 12 3 8 11 6 15 9 -10 -11 -12 -13 -14 21 18 16 -18 20 -20 -21 -22 -23 23 -25 -26 -27 -28 -29 -30 -31
leaf_value=-0.040285257318792345 0.0037553009105975909 -0.0099391699216621471 0.013178705560277141 0.0073612114752005858 -0.012847873755043105 0.0065934631859811384 -0.014535568991263129 -0.0061419023708120437 -0.0013253197694526573 0.00075031092105500605 0.0049557437935748259 -0.029000536709281086 0.00085464453131158565 -0.033162702724054263 -0.00010369615533801047 -0.0053800346018384564 0.0026163381047280194 0.0011655973344606239 0.0063613023873381139 -0.016055621091029575 0.0052396644105824593 0.0019797560632017603 -0.0079801846467636248 0.011907956480701705 -0.027706509426035877 0.03823081330183814 0.01634287087312316 -0.016546028880789737 -0.0083257361400519182 0.088591688896617393
leaf_weight=111.11120848730206 238.59812253713608 567.11567820981145 314.65263315290213 70.503908753395081 533.94372277706861 3571.0489442646503 254.72726318240166 2692.9740204066038 1387.1392036825418 3234.8082029670477 525.74742117151618 216.41375250741839 686.01639193296432 25.468477793037891 21.363796181976799 1185.6878741383553 1978.9735858514905 4946.5098656490445 120.30270005762577 401.46820485591888 3184.0764730870724 4669.2674120366573 281.96134082973003 122.8354406952858 118.38714629784226 10.962248243391512 62.03811052441597 560.59843539819121 428.90693514794111 7.5095740258693686
leaf_count=3862 2223 7354 1898 665 10265 17778 1913 23072 9289 25186 4252 4425 7242 162 229 9182 13354 30328 952 3866 18359 29509 2591 1061 1467 74 537 6384 4698 67
internal_value=-4.47335e-05 -0.0101336 0.000845503 0.00125533 -0.0204445 0.00163419 0.00279871 9.06156e-05 -0.00417685 -0.00178312 -0.00432921 -0.0175065 -0.005133 0.00250452 -0.0076399 -0.000993878 -5.8108e-05 0.00393062 -0.0100276 -0.0125576 0.00276107 0.00178911 -0.00890043 -0.00194514 -0.0130076 -0.0123584 -0.00429995 -0.0119637 -0.00635216 0.0229648
internal_weight=32531.1 2637.78 29893.3 28516.1 861.469 26656.9 15194 11462.9 1859.11 6453.53 3218.72 750.357 1776.32 5009.39 1377.28 3492.39 3226.7 11701.6 1138.68 471.972 8130.59 4694.74 1090.3 404.797 685.503 265.69 1247.73 1018.38 457.78 28.8734
internal_count=242244 38267 203977 189424 18552 175604 91525 84079 13820 52510 27324 14690 19715 31569 14553 25060 23073 66465 12330 4531 48687 29671 12473 3652 8821 1987 9719 11378 4994 296
is_linear=0
shrinkage=0.05


Tree=43
num_leaves=31
num_cat=0
split_feature=18 12 0 12 6 22 6 13 22 18 3 6 12 6 5 3 9 7 5 22 14 5 19 19 5 5 10 13 10 22
split_gain=107.796 36.552 37.6823 32.7432 26.3113 23.2353 22.2346 21.1577 19.8032 19.1697 17.0178 16.1842 14.5746 14.0378 13.1752 13.1587 12.4878 12.4025 12.0552 11.5165 15.5629 12.9854 11.4765 11.4719 11.2188 11.193 10.8903 10.8619 10.854 11.5213
threshold=0.017958928282850433 0.12916666666666646 2.5000000000000004 -1.3483333333333327 2.5000000000000004 0.35108561621039752 5.5000000000000009 -0.22666666666666721 0.36347856774368886 0.30750960660679788 34.385000000000012 5.5000000000000009 -3.3241666666666663 1.5000000000000002 6.7950000000000008 43.525000000000013 2.5000000000000004 -1.0000000180025095e-35 6.8950000000000005 0.20686067181902232 7.7416666666666663 6.8450000000000006 0.51538737801555468 0.26225509827270871 6.6750000000000007 6.5550000000000006 2.5000000000000004 1.1700000000000004 2.5000000000000004 0.54885584219425987
decision_type=2 2 2 2 8 2 8 2 2 2 2 8 2 8 10 2 2 10 10 2 2 10 2 2 8 10 2 2 2 2
left_child=3 2 23 8 -4 10 19 12 24 11 -6 -3 14 18 17 -14 -15 -7 26 20 -5 27 -8 -2 -1 -25 -11 -22 29 -27
right_child=1 9 4 6 5 7 22 -9 -10 13 -12 -13 15 16 -16 -17 -18 -19 -20 -21 21 -23 -24 25 -26 28 -28 -29 -30 -31
leaf_value=0.0046777480956517467 -0.031525527201191471 0.0040168966950853069 0.00080395308524017586 -0.01817231512174234 -0.029486362342669489 0.016376434521497788 -0.019513070775394895 -0.0011329160529331573 -0.0044863838103889912 -0.013162107060561694 -0.005235607611336679 -0.0014557103566527089 -0.0094790047455818715 -0.0016107060851633889 -0.0007842968559106339 0.0019501157492071691 0.0055827649020626117 0.10926358638540326 0.011107194804232022 -0.0037287547285181593 0.0087636171129978832 -0.031097048098088775 0.035941805115384938 -0.027978605023302117 -0.035009644370598829 0.020058029555239956 -0.0026829123964223641 0.067924208275224135 0.00062189550242524802 0.0042372786609588264
leaf_weight=19.384416492655873 25.417576357722282 11134.60352820158 2528.7622110117227 289.53966800123453 168.03019535914063 7.4994722008705139 391.90742064639926 2313.5299880318344 92.193774316459894 425.10531157255173 127.0344428177923 1537.5053975246847 2230.9169062115252 1485.2353167682886 21.728522233664989 283.88879560306668 1016.0622917711735 6.9000916704535467 100.40857657790184 1761.0871467627585 23.564797881990671 12.500179462134836 9.5572281330823881 30.679535865783691 218.75584303401411 122.21706129610538 594.84925333410501 11.56684238091111 3553.0202926471829 1969.5548961907625
leaf_count=546 253 63903 20243 4009 2595 74 5632 18542 1148 3182 1888 9858 20708 10647 234 2479 6927 65 713 20602 332 173 86 201 6158 739 4470 114 23307 12416
internal_value=-4.34254e-05 0.000845544 -0.00109001 -0.00936735 -0.00337413 -0.00542187 -0.00741227 -0.00459549 -0.0241619 0.00243606 -0.0190457 0.00335291 -0.00773582 -0.000771964 0.0237959 -0.00818881 0.00131138 0.0608868 -0.0054232 -0.00534958 -0.0138154 0.0126693 -0.0181929 0.00199038 -0.0317791 0.00214048 -0.00705052 0.0282418 0.00230418 0.00516165
internal_weight=32513 29682.9 13389.2 2830.06 7688.29 5159.53 2499.72 4864.46 330.334 16293.8 295.065 12672.1 2550.93 3621.66 36.1281 2514.81 2501.3 14.3996 1120.36 2098.26 337.171 47.6318 401.465 5700.89 238.14 5675.47 1019.95 35.1316 5644.79 2091.77
internal_count=242244 203444 103744 38800 66828 46585 30948 42102 7852 99700 4483 73761 23560 25939 373 23187 17574 139 8365 25230 4628 619 5718 36916 6704 36663 7652 446 36462 13155
is_linear=0
shrinkage=0.05


Tree=44
num_leaves=31
num_cat=0
split_feature=22 12 12 22 12 11 5 6 2 21 15 6 19 14 13 20 3 13 7 20 7 3 3 13 22 5 6 14 13 1
split_gain=100.012 49.7655 34.0251 25.5148 22.3294 17.9627 17.0098 14.741 14.3187 29.8881 17.3883 16.8554 19.6137 17.6847 13.3033 15.6364 15.001 13.6125 12.8013 12.1738 11.6939 11.1659 11.1656 12.5045 13.5196 10.8903 10.8737 10.5778 11.7214 10.7286
threshold=0.37786786726580712 0.2500000000000005 -1.4149999999999996 0.27022471268330189 -2.3091666666666657 -0.020833333333333478 6.9050000000000011 5.5000000000000009 4.9850000000000012 0.55407154627553512 0.2716670512946141 2.5000000000000004 0.6240929361749693 -7.4533333333333305 -1.1749999999999992 21.500000000000004 48.160000000000004 -4.944166666666665 1.2500000000000002 20.500000000000004 1.7500000000000002 41.125000000000007 28.605000000000004 0.091666666666667243 0.15879981774520383 6.785000000000001 5.5000000000000009 -2.6183333333333301 -0.4716666666666664 5.1250000000000009
decision_type=2 2 2 2 2 8 8 8 2 2 2 8 2 2 2 2 2 2 10 2 8 2 2 2 2 8 8 2 2 2
left_child=1 3 7 4 -1 18 19 -2 11 26 27 -4 13 -13 15 16 -14 -17 -3 22 21 -7 -6 24 -24 -5 -10 -11 29 -29
right_child=2 5 8 25 6 20 -8 -9 9 10 -12 12 14 -15 -16 17 -18 -19 -20 -21 -22 -23 23 -25 -26 -27 -28 28 -30 -31
leaf_value=-0.039102026737616466 -0.004852946095416321 0.0058073546699571425 0.0026126897352209272 9.6890191847325815e-05 -0.023866579585634467 -0.0059933764941382467 -0.026788793984638289 -0.020481150064612173 0.0037981943982991653 0.0043145147310596878 -0.012137214837583581 -0.010904294003648432 0.0035627768838762566 -0.0020484546954657539 -0.00055656611944149552 0.07808174168801138 0.045799632716157224 0.019966745161787786 -0.022893504128972907 0.0034987550840077531 -0.055128331689651811 0.0056552975704496121 0.056040433945599634 -0.00066842957263276944 -0.017238663653647384 -0.0096676618723887265 -0.0004609933578510063 0.076032964995605065 -0.0045770906064347061 0.010432828042117329
leaf_weight=101.45954075455666 968.76068441942334 808.73782474547625 3865.9188268780708 413.71404592134058 202.24342478066683 1342.4869192242622 228.21120288223028 178.72268829122186 12341.310758687556 647.47207722067833 417.07271354645491 663.61232009530067 552.15096048265696 3745.7692527770996 1093.6660602539778 11.345994196832178 21.854246519505978 90.042148537933826 40.811904802918434 117.584128215909 11.355883128941057 242.9529015943408 6.409036047756671 214.93892202153802 351.43949789181352 921.70950548909605 1705.6339238584042 7.605863779783248 1148.0599802210927 34.521065689623356
leaf_count=3780 9704 6224 24950 4516 3660 12619 4401 2016 73078 4594 3615 5162 3478 27925 6810 73 132 559 352 2059 140 2148 120 3499 6501 10467 11178 49 8190 245
internal_value=-4.21413e-05 -0.00654381 0.00114122 -0.0114203 -0.0166402 -0.00144534 -0.0146069 -0.00728707 0.00150831 0.00242328 -0.00292048 2.33322e-05 -0.00159686 -0.00338126 0.00285077 0.00836827 0.00517087 0.0264702 0.00442858 -0.0114924 -0.00457046 -0.00420833 -0.0137668 -0.0102007 -0.0159262 -0.0066426 0.00328103 -0.000828662 -0.00362659 0.0222767
internal_weight=32497.6 5004.05 27493.5 2557.71 1222.29 2446.35 1120.83 1147.48 26346 16301.7 2254.73 10044.4 6178.44 4409.38 1769.06 675.393 574.005 101.388 849.55 892.615 1596.8 1585.44 775.031 572.787 357.849 1335.42 14046.9 1837.66 1190.19 42.1269
internal_count=242244 60486 181758 39003 24020 21483 20240 11720 170038 100949 16693 69089 44139 33087 11052 4242 3610 632 6576 15839 14907 14767 13780 10120 6621 14983 84256 13078 8484 294
is_linear=0
shrinkage=0.05


Tree=45
num_leaves=31
num_cat=0
split_feature=19 1 0 12 11 22 21 6 14 5 13 14 12 22 7 5 15 0 16 14 2 2 16 1 3 2 11 11 5 21
split_gain=91.5813 33.2959 29.8139 26.5744 20.5524 31.377 17.6404 19.8606 16.8754 16.5469 15.1945 12.986 12.8308 17.0715 12.8212 12.7614 15.3518 15.0148 13.1006 12.4903 18.8604 12.2547 12.1406 12.1354 11.9394 12.1541 14.0775 13.7083 18.644 11.6854
threshold=0.25632306181026671 2.4850000000000008 3.5000000000000004 0.78666666666666762 0.0016666666666664833 0.22539792992382765 0.14803723219711504 3.5000000000000004 0.75083333333333269 6.785000000000001 0.31333333333333374 -6.1549999999999985 -0.6558333333333336 0.24031560751532091 1.2500000000000002 6.7650000000000006 0.25362267560216739 2.5000000000000004 0.26730324202581984 7.2949999999999973 5.495000000000001 3.3950000000000005 0.3347296352549986 6.4450000000000012 28.875000000000004 6.4050000000000011 0.050000000000000273 -0.033333333333333652 6.7550000000000008 0.12098454317871263
decision_type=2 2 2 2 8 2 2 8 2 8 2 2 2 2 8 8 2 2 2 2 2 2 2 2 2 2 10 10 8 2
left_child=1 -1 6 4 19 -6 7 11 -7 24 22 -2 -11 -14 -5 16 18 23 -8 -4 -21 -12 -9 -17 -3 -26 27 28 -27 -13
right_child=2 9 3 14 5 8 15 10 -10 12 21 29 13 -15 -16 17 -18 -19 -20 20 -22 -23 -24 -25 25 26 -28 -29 -30 -31
leaf_value=-0.027073757202964979 -0.00020717330763039116 -0.012648900420935458 -0.0017694905657305621 0.0026089917726894608 -0.027374594420930751 -0.0074540604006178256 -0.024689096907630746 -0.012564808187510674 -0.00057346904050587216 -0.019358568377580022 0.045711495838277313 0.008575837680289921 -0.014462921711312277 0.00020125802646271077 -0.0292891043883673 0.0041005913999859452 -0.0092228261987196865 -0.0051376780371137579 -0.00012850390592267246 -0.00062596232404809921 0.016935191608254498 0.0031263381436721959 -0.00091341598965443023 -0.0025553015885140286 -0.0019012422761898518 0.021888216584160628 0.10454918860196516 -0.0022500833639791055 0.12078274669675447 0.0038567750464519354
leaf_weight=247.42964996397495 1008.4111330807209 208.89590607583523 2847.0116182137281 3246.4098997786641 158.99729710631073 2219.7577236555517 55.435397684574127 250.30417539924383 1488.8343297820538 358.72659839689732 17.006219588220119 2387.7374405935407 449.54822925850749 355.35797199606895 31.810876153409481 3475.8795814588666 644.90400405228138 693.02232135087252 2637.2447662129998 412.25146201997995 243.02158391848207 2554.9375260323286 2093.7525329589844 852.85977533459663 529.6906790304929 33.286263823509216 4.3894436545670024 58.628102440387011 5.5621684417128554 2911.2207385227084
leaf_count=6204 5645 2818 24396 20305 2549 21179 451 2245 13590 6482 109 13151 6237 4024 234 22417 4782 4285 17436 3542 1859 14177 13475 6373 7228 323 59 674 48 15947
internal_value=-4.09084e-05 -0.00976921 0.000683632 -0.00144576 -0.00311168 -0.0056243 0.00184149 0.00313661 -0.00469181 -0.00763275 0.000754167 0.0049935 -0.0114939 -0.00798883 0.00229946 0.000102632 -0.00229369 0.00169529 -0.000634144 -0.000336979 0.00588696 0.00340792 -0.00215758 0.00278923 -0.00228685 0.00114054 0.0169574 0.0130131 0.0360476 0.00598321
internal_weight=32482.3 2251.52 30230.8 10648.1 7369.87 3867.59 19582.7 11223.4 3708.59 2004.09 4916 6307.37 1163.63 804.906 3278.22 8359.35 3337.58 5021.76 2692.68 3502.28 655.273 2571.94 2344.06 4328.74 840.453 631.557 101.866 97.4765 38.8484 5298.96
internal_count=242244 34097 208147 87654 67115 37318 120493 64749 34769 27893 30006 34743 16743 10261 20539 55744 22669 33075 17887 29797 5401 14286 15720 28790 11150 8332 1104 1045 371 29098
is_linear=0
shrinkage=0.05


Tree=46
num_leaves=31
num_cat=0
split_feature=22 12 12 22 12 5 11 6 8 6 21 14 8 12 3 20 16 4 1 7 18 7 5 18 3 13 17 22 2 13
split_gain=84.4238 43.3764 29.015 22.6875 21.1213 15.8545 15.7077 13.535 12.8329 17.6115 15.9365 14.7544 14.2128 12.411 15.7191 11.3283 11.3163 11.2396 11.197 11.1625 11.0156 11.002 10.8133 10.3822 10.2879 11.4336 12.8579 10.1947 10.1714 10.1346
threshold=0.37786786726580712 0.2500000000000005 -1.4149999999999996 0.27022471268330189 -2.3091666666666657 6.9050000000000011 -0.020833333333333478 5.5000000000000009 3.5000000000000004 2.5000000000000004 0.54451082625737557 0.95749999999999968 1.5000000000000002 0.37333333333333335 35.535000000000004 20.500000000000004 0.72690824549351751 44.470000000000006 5.1850000000000014 1.2500000000000002 0.62602266213501179 1.7500000000000002 6.8750000000000009 0.15741920189089162 28.605000000000004 0.091666666666667243 8.5000000000000018 0.17669786583434613 6.0750000000000011 2.2108333333333348
decision_type=2 2 2 2 2 8 8 8 2 8 2 2 2 2 2 2 2 2 2 10 2 8 10 2 2 2 2 2 2 2
left_child=1 3 7 4 -1 15 19 -2 10 -10 16 13 -12 28 18 24 -4 20 -15 29 -13 -8 -14 -9 -6 26 27 -26 -11 -3
right_child=2 6 8 -5 5 -7 21 23 9 11 12 17 22 14 -16 -17 -18 -19 -20 -21 -22 -23 -24 -25 25 -27 -28 -29 -30 -31
leaf_value=-0.038225759443725915 -0.0044520723990839331 0.0025373931572065861 0.0026697046306656726 -0.0061471948625590363 -0.02278701389177196 -0.025694117719134442 -0.0038929503203459625 -0.025130441246726809 0.0027074135375476211 -0.0050160066083537874 -0.0064790088620093073 0.00097892327511739765 -0.00095443003906059377 -0.013495297794831921 0.080305958218900256 0.0038013942497857178 0.010255075246198536 0.013197640390393273 0.024112619112078265 -0.021673192702691708 -0.019825014662897333 -0.054766949391953479 0.0084177037063829438 0.007128794438025457 0.084813264144653011 -0.00037399527132652832 -0.017838932520765627 0.0039492016916119199 0.0021718065980085833 0.016169013908211634
leaf_weight=95.370782770216465 962.12715197354555 638.87194136530161 12896.35695784539 1323.5495609045029 195.81474783271551 220.03704414516687 1577.0933676436543 144.77010591328144 3842.4001418426633 3257.1523377783597 884.53867750614882 2417.5465908460319 1235.5839392095804 34.31882006675005 8.3336680456995946 116.98322581127286 511.17972342669964 185.27525586634874 46.755457237362862 39.801710017025471 65.349056392908096 10.699301782995461 409.85491342842579 30.132630601525307 4.7047762125730541 213.8182063549757 322.8391221165657 22.719812851399183 579.79485682398081 173.34525540471077
leaf_count=3780 9704 5014 73314 14983 3660 4401 14767 1744 25621 25578 7463 17495 8715 219 52 2059 2800 1321 291 352 462 140 2650 272 85 3499 6116 420 4057 1210
internal_value=-3.96895e-05 -0.0060471 0.00104243 -0.0106537 -0.0156564 -0.0136941 -0.00129693 -0.006778 0.00137957 1.66726e-05 0.00227209 -0.00155113 -0.00136767 -0.00350075 0.0149147 -0.0106829 0.00295891 0.00131785 0.00819315 0.00417979 0.00043137 -0.00423576 0.00138003 -0.0195727 -0.0129127 -0.009485 -0.0150468 0.0178217 -0.00392987 0.00544668
internal_weight=32467.1 4955.65 27511.5 2515.84 1192.29 1096.92 2439.81 1137.03 26374.4 10436.9 15937.5 6594.53 2529.98 3926.36 89.4079 876.88 13407.5 2668.17 81.0743 852.019 2482.9 1587.79 1645.44 174.903 759.897 564.082 350.264 27.4246 3836.95 812.217
internal_count=242244 60486 181758 39003 24020 20240 21483 11720 170038 75096 94942 49475 18828 30197 562 15839 76114 19278 510 6576 17957 14907 11365 2016 13780 10120 6621 505 29635 6224
is_linear=0
shrinkage=0.05


Tree=47
num_leaves=31
num_cat=0
split_feature=18 8 22 8 21 11 14 16 5 16 21 15 11 12 4 5 11 14 3 4 14 1 7 12 1 14 21 2 19 18
split_gain=78.003 27.4661 28.0365 25.53 19.9022 18.3149 14.5621 15.8011 14.3617 13.1187 12.9526 14.7102 12.638 12.1157 11.3483 11.1202 11.6449 16.087 11.0463 11.2447 11.2939 17.0115 10.966 11.5306 16.7294 14.1992 16.8254 12.6826 12.2783 10.8945
threshold=0.019082626548910547 3.5000000000000004 0.46353433924258575 4.5000000000000009 0.03518093612083343 1.0000000180025095e-35 1.1766666666666643 0.32143059334002594 7.0450000000000008 0.39409439281765019 0.54761553374234473 0.2716670512946141 -0.13666666666666624 1.2333333333333341 36.515000000000008 6.6950000000000012 -0.031833333333333151 12.852500000000003 38.765000000000008 25.410000000000004 9.5008333333333344 4.3150000000000004 2.2500000000000004 1.1925000000000001 5.4250000000000007 0.75083333333333269 0.084831400972350729 5.1750000000000007 0.69806853907040611 0.72057929482334837
decision_type=2 2 2 2 2 8 2 2 8 2 2 2 10 2 2 10 10 2 2 2 2 2 8 2 2 2 2 2 2 2
left_child=3 10 5 8 9 -3 7 -4 12 -5 22 13 -1 -12 15 -8 17 -17 19 -18 -21 -22 23 25 27 26 -2 28 -25 -16
right_child=1 2 6 4 -6 -7 14 -9 -10 -11 11 -13 -14 -15 29 16 18 -19 -20 20 21 -23 -24 24 -26 -27 -28 -29 -30 -31
leaf_value=0.047353624067410095 -0.0052751009510841667 -0.0010902381164233908 -0.008612516197845815 -0.028087173584949245 -0.0056624500851768216 -0.009540990623860485 -0.0068043342624860949 -0.00051512828345154599 -0.028759399644362173 -0.012949397268410545 0.0024389020516441652 -0.0095055239943443327 -0.0041588868733932272 -0.0072628729620991695 0.006705740419878402 0.0045727248833542442 -0.0068534786092098428 0.02810491659427521 -0.00325001480728361 0.0065646228578504747 -0.014295740834731403 0.088664959377497424 -0.026271901772366092 0.00090727888854676229 0.0043211191279606594 0.0038713865098118625 0.0014465649856732531 0.040376959301301529 0.063649799732749632 -0.036251414419968181
leaf_weight=11.98392593488097 1141.2567616030574 1172.7431843094528 687.28870820254087 285.34108975343406 373.89075698703527 1414.3857392277569 429.22788729518652 4882.0279772281647 59.609458193182945 287.15371879190207 1594.0546449944377 452.31818272173405 1848.9096620455384 403.19636304676533 1308.9480133876204 414.75084298104048 169.12882249802351 88.042624332010746 1051.0196930021048 603.8956540375948 6.6178322359919575 10.187627695500849 32.906066186726093 62.744589351117611 3909.3961310908198 4617.1550373136997 5053.5852110534906 56.556532397866249 8.9040292352437955 14.927927456796168
leaf_count=126 9324 11828 6219 8183 4436 16169 2842 33934 757 5931 11092 4002 20394 3155 8869 2675 1208 563 7238 4230 52 63 276 342 21605 27595 28670 304 51 111
internal_value=-3.84706e-05 0.000724612 -0.00108728 -0.00791321 -0.0146347 -0.00571027 0.00015007 -0.0015144 -0.00460101 -0.0204943 0.00200556 -0.00136356 -0.00382715 0.00048035 0.00241283 0.000594488 0.00194955 0.00869337 0.0001076 0.00457555 0.00768973 0.04812 0.00256009 0.00262398 0.00490395 0.00177256 0.000208253 0.0226765 0.00870452 0.00622136
internal_weight=32452.2 29585.3 12253.2 2866.89 946.386 2587.13 9666.06 5569.32 1920.5 572.495 17332.1 2449.57 1860.89 1997.25 4096.75 2772.87 2343.64 502.793 1840.85 789.83 620.701 16.8055 14882.5 14849.6 4037.6 10812 6194.84 128.205 71.6486 1323.88
internal_count=242244 202417 96001 39827 18550 27997 68004 40153 21277 14114 106416 18249 20520 14247 27851 18871 16029 3238 12791 5553 4345 115 88167 87891 22302 65589 37994 697 393 8980
is_linear=0
shrinkage=0.05


Tree=48
num_leaves=31
num_cat=0
split_feature=22 16 16 13 11 11 22 12 22 8 21 11 12 4 21 9 9 0 21 3 18 5 3 5 14 1 14 12 11 0
split_gain=71.1704 41.2874 26.1606 18.9716 15.6449 13.9854 17.099 13.2688 13.2752 13.0721 18.4253 16.5799 13.688 13.3218 12.3477 14.586 12.6452 12.2107 13.8906 13.6199 14.8404 12.1794 11.9986 11.923 11.836 11.0895 11.1239 10.8306 10.8488 10.5593
threshold=0.27854009324196022 0.40793777766197331 0.37914536817326983 0.50500000000000023 0.091666666666667243 0.065000000000000849 0.4306427459827698 1.8350000000000006 0.23759085277671491 4.5000000000000009 0.64756819469220184 0.033333333333332778 -3.3241666666666663 35.145000000000003 0.61151862450948513 3.5000000000000004 3.5000000000000004 2.5000000000000004 0.11974107375907873 57.555000000000007 0.075853778534340291 6.495000000000001 26.180000000000003 6.705000000000001 1.6666666666666663 7.6850000000000014 -2.8283333333333345 -1.0299999999999994 -0.081666666666665652 3.5000000000000004
decision_type=2 2 2 2 8 8 2 2 2 2 2 10 2 2 2 2 2 2 2 2 2 10 2 8 2 2 2 2 10 2
left_child=1 23 9 4 7 14 -7 8 -3 13 11 12 22 -2 16 -16 21 18 -18 25 -21 -4 -11 -1 -5 -19 -27 -23 -29 -14
right_child=2 3 5 24 -6 6 -8 -9 -10 10 -12 -13 29 -15 15 -17 17 19 -20 20 -22 27 -24 -25 -26 26 -28 28 -30 -31
leaf_value=-0.0026726509633146389 -0.0029144966536768886 -0.013824813043081231 0.05101311405980069 -0.0051673491752783959 -0.043407986535200199 -0.01399802473243323 -0.00083412479124384009 0.041875832298373911 3.8717064342567436e-05 -0.032305647421572298 0.048311494657033528 -0.012448648714878373 -0.00081226827276338176 0.0091439129083608402 -0.0082152924653122322 0.0041077698418796492 0.0087003159040193161 -0.0016585105473770378 0.0010146718031740175 -0.01033019486138868 0.037028175017508408 -0.012587181960890197 0.032714832993353406 -0.026531448493382279 0.0050096915376105465 -0.013723458216196058 0.055742096401973931 -0.0030324429116171106 0.0030718922644818129 -0.0083752407562051184
leaf_weight=61.963939534500241 615.10754678398371 646.29795401543379 13.010461077094076 725.97414994053543 35.141555210575461 304.53624013252556 1298.5449980124831 12.442423410713671 235.63347600214183 8.4797373898327333 15.993231780827044 648.67076329700649 1124.6817822083831 364.93742258101702 674.49430783092976 372.8695314899087 721.96733835339546 5415.0196780841798 3165.8351447582245 25.560309927910566 46.886035062372684 116.21626292727888 43.459294747561216 337.96074168942869 471.08150645345449 8.8556683808565158 16.502884365618229 769.80327904596925 13356.745383579284 782.7094789724797
leaf_count=1511 4323 10191 81 8412 643 3056 8717 103 3536 93 109 6924 8812 2564 4966 2535 4101 41046 19531 211 319 983 440 8903 4968 52 95 4705 81384 8930
internal_value=-3.7256e-05 -0.00809572 0.000643422 -0.00532388 -0.0106832 0.00119074 -0.00333486 -0.0093974 -0.0101208 -0.0033516 -0.0051919 -0.00552 -0.00322616 0.00157567 0.00148442 -0.00382819 0.00171963 0.000296065 0.0024419 -0.00121724 0.0203193 0.00265836 0.0220994 -0.0228348 -0.00116234 -0.00150403 0.0314835 0.00261419 0.00273925 -0.00391578
internal_weight=32437.4 2526.5 29910.9 2126.57 929.515 26306.8 1603.08 894.374 881.931 3604.04 2623.99 2608 1959.33 980.045 24703.8 1047.36 23656.4 9400.63 3887.8 5512.82 72.4463 14255.8 51.939 399.925 1197.06 5440.38 25.3586 14242.8 14126.5 1907.39
internal_count=242244 38267 203977 27853 14473 171782 11773 13830 13727 32195 25308 25199 18275 6887 160009 7501 152508 65355 23632 41723 530 87153 533 10414 13380 41193 147 87072 86089 17742
is_linear=0
shrinkage=0.05


Tree=49
num_leaves=31
num_cat=0
split_feature=18 12 12 22 6 11 19 11 13 18 14 0 22 14 16 11 1 11 8 17 15 15 12 17 17 11 18 22 22 22
split_gain=65.4259 23.4955 22.549 17.1598 16.6338 15.1424 13.4749 12.4495 12.2312 18.6072 17.79 14.7724 11.9056 12.5477 11.7947 11.5454 12.6707 10.9459 10.9401 10.7159 10.3537 11.0862 10.2213 10.1506 10.0464 9.95175 10.4701 10.0482 9.82053 9.69653
threshold=0.019082626548910547 -1.0933333333333333 -0.85166666666666624 0.36347856774368886 5.5000000000000009 0.064999999999999961 0.61979637217414008 -0.028166666666666892 0.6833333333333339 0.34251042856245978 2.8949999999999982 2.5000000000000004 0.46499609505041722 4.6291666666666673 0.44107545936506737 -0.026666666666665947 3.7150000000000003 -0.13666666666666624 1.5000000000000002 128.50000000000003 0.092334027007888467 0.055555040466704647 1.6800000000000004 122.50000000000001 50.500000000000007 -0.018333333333333975 0.47146298585498325 0.56236747278813226 0.38596538042426703 0.20686067181902232
decision_type=2 2 2 2 8 8 2 8 2 2 2 2 2 2 2 8 2 10 2 2 2 2 2 2 2 10 2 2 2 2
left_child=2 6 3 14 17 8 7 -2 10 23 11 -3 13 -7 -1 -16 -17 24 -11 -13 21 -8 -20 -10 -4 -23 27 -27 -21 -19
right_child=1 5 4 -5 -6 12 20 -9 9 18 -12 19 -14 -15 15 16 -18 29 22 28 -22 25 -24 -25 -26 26 -28 -29 -30 -31
leaf_value=-0.026739831384676782 0.0012908582068548032 0.0012743210120966749 0.098589880222899093 -0.003924308405973115 -0.015203808244124144 -0.014611458202087015 -0.0027709920384984209 -0.0081521368372230261 0.0045009124131211191 -0.0054709243051696737 0.0028932603588838314 -0.0038796638465490468 -0.0010226202049560742 0.006693173394971684 0.039065428461348195 0.10080906298920991 -0.019756587250037139 -0.011959204716810829 0.00074637227085433443 -0.0083825987685369821 -0.0035227685180954267 0.0045915511879967078 0.031350753338896822 0.00074212827713248796 0.011107818261862933 0.07182617030399191 0.080188069502595327 0.016190908829346342 0.0048690410899389306 -0.0021282163221944691
leaf_weight=302.80116233415902 459.20295177400112 4085.756856828928 4.8284647502005091 182.83811904117465 346.57300642132759 359.27496979758143 63.997519291937351 1454.9099424500018 7090.9384767264128 960.52299375087023 4532.6369225382805 4042.3858860693872 1285.0206630900502 85.574044097214937 13.048299433663486 2.2886070124804965 45.576503105461597 296.52970823273063 1576.8088499903679 174.68599665537477 181.88377960771322 41.678580887615681 27.762603171169758 2405.4202549606562 10.245243597775696 10.012379370629786 11.079121485352514 42.844091139733791 700.25681625306606 1627.1275870203972
leaf_count=8773 4274 25165 52 2248 4921 3570 504 15748 41904 7758 30078 30926 8419 801 269 63 1011 4017 10674 1785 1312 300 201 13865 107 87 82 319 4645 18366
internal_value=-3.61173e-05 0.00065867 -0.00729658 -0.0164199 -0.00511465 0.00106433 -0.00423432 -0.00588673 0.00137031 0.00252815 0.000338572 -0.000947595 -0.00346318 -0.0105132 -0.0227014 -0.00262646 -0.0139919 -0.00331108 -0.00125051 -0.00279376 0.00476406 0.0136505 0.0012759 0.00354882 0.0391304 0.0236012 0.0359932 0.0267297 0.0022233 -0.00364365
internal_weight=32424.5 29592.7 2831.86 546.553 2285.3 27327 2265.61 1914.11 25597.2 12061.5 13535.7 9003.09 1729.87 444.849 363.715 60.9134 47.8651 1938.73 2565.09 4917.33 351.495 169.612 1604.57 9496.36 15.0737 105.614 63.9356 52.8565 874.943 1923.66
internal_count=242244 202417 39827 12364 27463 179791 22626 20022 167001 74402 92599 62521 12790 4371 10116 1343 1074 22542 18633 37356 2604 1292 10875 55769 159 788 488 406 6430 22383
is_linear=0
shrinkage=0.05


Tree=50
num_leaves=31
num_cat=0
split_feature=19 1 0 11 22 21 15 6 5 21 6 12 5 8 15 5 0 15 17 16 17 13 14 19 1 3 4 2 8 18
split_gain=60.474 28.4301 20.937 20.9685 21.9611 19.5857 17.4933 15.4327 14.7778 13.7491 16.1188 13.6279 13.223 12.3253 14.4676 11.6075 13.8905 13.3955 11.6743 11.6308 11.475 11.4256 11.1126 10.9273 11.66 10.9242 12.4825 10.9037 10.5789 10.8131
threshold=0.25632306181026671 1.8450000000000004 3.5000000000000004 -0.012666666666666602 0.22539792992382765 0.1094868177719301 0.21280881501777069 2.5000000000000004 6.9350000000000014 0.14803723219711504 3.5000000000000004 0.8133333333333338 6.7550000000000008 4.5000000000000009 0.28038687548889296 6.7650000000000006 2.5000000000000004 0.25362267560216739 189.50000000000003 0.26730324202581984 23.500000000000004 0.31333333333333374 -6.1549999999999985 0.46435266532431568 7.6350000000000007 28.175000000000004 38.665000000000006 3.3950000000000005 1.5000000000000002 0.019082626548910547
decision_type=2 2 2 8 2 2 2 8 8 2 8 2 10 2 2 8 2 2 2 2 2 2 2 2 2 2 2 2 2 2
left_child=1 -1 9 5 11 23 25 28 -8 10 22 -5 -7 -9 -15 17 20 19 -19 -11 -17 -12 -2 -4 -25 26 -6 -23 -3 -30
right_child=2 7 3 4 6 12 8 13 -10 15 21 -13 -14 14 -16 16 -18 18 -20 -21 -22 27 -24 24 -26 -27 -28 -29 29 -31
leaf_value=-0.03055628058797015 -0.00049034891656129414 0.013517133552215028 0.00080065589178959578 -0.023855082740482224 -0.0057672933592352966 -0.00027487719244968854 0.0031915742683658955 -0.005650962795784779 -0.0079371278960634912 -0.023688594981207081 -0.0020289489131578827 -0.0034988879212187098 -0.014286671792969422 -0.016033473385098272 0.083709739447680218 -0.0038435721171649049 -0.0050866862203123725 -0.0097091827134964184 0.042018229253978058 -0.00029690968444428482 0.0035767077893153199 0.042162408573704339 0.0052275570578725009 0.0073495220184626418 -0.024153856627523219 -0.0026240422764152015 -0.018894120415914591 0.0025263503589153477 -0.0085768632841304992 0.005173468679231615
leaf_weight=132.25303991511464 1010.7369164973497 110.39172618836164 1906.1484548151493 197.41475094482303 908.63253033533692 413.51940739899874 1800.9517336636782 757.21615882590413 357.52403424307704 54.231716692447662 2337.8265580609441 140.9035786241293 284.02832002192736 564.97951087355614 3.6591043993830672 605.52220569550991 692.02878451347351 629.21798050403595 11.100012883543966 2641.6933288425207 3733.3759297430515 17.46937445551157 5334.3060452118516 1337.6381916254759 30.030658386647701 2998.9088779948652 226.18208281695843 2569.0999155640602 373.53669591620564 231.63846685178578
leaf_count=4100 5645 892 16264 3245 8518 2744 12962 9742 2668 451 15720 1378 1928 10810 72 3960 4285 4698 84 17436 24830 109 29098 8698 170 26955 2124 14177 5849 2632
internal_value=-3.4966e-05 -0.00809029 0.000544086 -0.00124648 -0.00296739 0.00162673 -0.00230014 -0.00663484 0.00134825 0.00151082 0.00265084 -0.0153771 -0.00598022 -0.00982859 -0.0153916 -2.46336e-05 0.00149191 -0.00231152 -0.00881248 -0.000767461 0.00254116 0.00050436 0.00431672 0.00324753 0.00665778 -0.0042052 -0.00838363 0.00279405 -0.00071722 -0.00331375
internal_weight=32412.2 2173.67 30238.5 10601.9 6630.52 3971.37 6292.2 2041.42 2158.48 19636.6 11269.4 338.318 697.548 1325.85 568.639 8367.17 5030.93 3336.24 640.318 2695.93 4338.9 4924.4 6345.04 3273.82 1367.67 4133.72 1134.81 2586.57 715.567 605.175
internal_count=242244 34097 208147 87654 57850 29804 53227 29997 15630 120493 64749 4623 4672 20624 10882 55744 33075 22669 4782 17887 28790 30006 34743 25132 8868 37597 10642 14286 9373 8481
is_linear=0
shrinkage=0.05


Tree=51
num_leaves=31
num_cat=0
split_feature=22 12 12 6 19 5 6 14 1 16 11 20 9 19 21 5 2 6 2 16 3 17 15 13 20 17 15 12 4 3
split_gain=55.8469 36.7637 21.0117 17.8972 15.3422 11.9095 11.3764 12.2008 11.3216 15.7982 10.6819 11.5082 11.335 10.4306 10.1837 17.3011 15.0575 14.6709 16.0955 16.9064 14.5449 14.3466 13.5754 14.5387 12.5419 11.5679 17.1744 13.5543 18.2662 11.0026
threshold=0.3813828000222142 -0.18333333333333332 -1.4149999999999996 5.5000000000000009 0.09953984839452272 7.1150000000000011 1.5000000000000002 4.1650000000000018 4.6750000000000007 0.42342975054536991 -0.03666666666666573 45.500000000000007 5.5000000000000009 0.61979637217414008 0.5770773527580273 6.8950000000000005 4.9850000000000012 2.5000000000000004 1.0000000180025095e-35 0.75000295238667047 25.540000000000003 84.500000000000014 0.2716670512946141 -3.0141666666666658 41.500000000000007 131.50000000000003 0.13260212555182668 -0.008333333333333524 32.735000000000007 22.185000000000002
decision_type=2 2 2 8 2 8 8 2 2 2 8 2 2 2 2 10 2 8 2 2 2 2 2 2 2 2 2 2 2 2
left_child=1 4 6 -3 8 -5 7 -2 -1 -10 -6 -12 -13 -8 16 20 17 25 19 -19 21 -16 -22 -24 -18 -4 27 -27 -29 -20
right_child=2 3 14 5 10 -7 13 -9 9 -11 11 12 -14 -15 15 -17 24 18 29 -21 22 -23 23 -25 -26 26 -28 28 -30 -31
leaf_value=-0.030034492205901771 -0.0040198434539304015 -0.00034240273210241169 0.0014395772443376634 -0.0091353678528345861 -0.00044896663849167432 -0.047374038135931246 -0.010396948813883963 0.022548485740024111 0.12151639075487214 -0.0095743437553959636 -0.011428810500566643 0.0033903054234132274 0.14648708883232903 0.0056193698934695413 0.014391458899120227 0.0049321272939918713 0.0023994145566114192 0.002917204713288552 -0.0095087784251989965 0.06384834507710993 -0.0046148253267159333 -0.0074959971642518282 0.03401406879926161 -0.021561243995565763 0.036643092692309594 0.015454379101961201 0.0029351879993683395 0.015854133338164354 0.087176086739193012 -0.0021142475793922851
leaf_weight=140.40276218019426 125.57195226103067 2961.975994605571 3053.1065877452493 444.20487251132727 285.48534278199077 21.340616170316935 778.42163597047329 65.883459441363811 2.8677656091749659 11.573716226965187 1311.4198286961764 3.5603368896991006 2.2638202961534262 116.92312762886286 180.99122916162014 667.14976447075605 14624.972091518342 1158.4466141760349 578.08890180289745 11.497477315366266 1242.6291831731796 127.68709345161915 12.503787353634833 199.98096324503422 26.787767730653286 92.172207400202751 240.16564261168242 17.87885769456625 18.030677244067192 3875.6582359820604
leaf_count=4828 1167 27575 19500 5025 4035 314 8672 588 58 239 21156 77 58 922 1275 4547 87859 7988 4366 64 8658 929 107 1777 220 635 1430 103 104 27968
internal_value=-3.38864e-05 -0.00478966 0.000872216 -0.0017748 -0.0106691 -0.0108882 -0.00593981 0.00512283 -0.0256984 0.0164574 -0.00921706 -0.0111174 0.0590113 -0.00830538 0.00115557 -0.00192641 0.00147173 -0.000132407 -0.00170306 0.003516 -0.00452064 0.00533755 -0.00661189 -0.0182909 0.00246202 0.00244929 0.0108207 0.0256068 0.0516659 -0.00307405
internal_weight=32399.6 5185.1 27214.5 3427.52 1757.57 465.545 1086.8 191.455 154.844 14.4415 1602.73 1317.24 5.82416 895.345 26127.7 2430.94 23696.8 9045.05 5623.69 1169.94 1763.79 308.678 1455.11 212.485 14651.8 3421.35 368.247 128.082 35.9095 4453.75
internal_count=242244 63365 178879 32914 30451 5339 11349 1755 5125 297 25326 21291 135 9594 167530 17293 150237 62158 40386 8052 12746 2204 10542 1884 88079 21772 2272 842 207 32334
is_linear=0
shrinkage=0.05


Tree=52
num_leaves=31
num_cat=0
split_feature=22 12 12 12 6 3 11 22 3 13 22 21 6 16 12 15 20 22 13 2 17 17 14 5 16 18 1 2 22 14
split_gain=51.9616 32.3239 20.0925 20.0829 15.1121 14.1694 13.4986 12.4348 12.1263 11.8375 10.9364 13.6954 10.6855 10.7312 10.3789 12.4233 11.9341 11.7284 11.528 10.2929 10.5527 12.1817 10.2308 10.222 9.779 9.43186 14.6157 11.3156 16.2289 11.7205
threshold=0.27022471268330189 0.62500000000000056 -2.3091666666666657 -1.4149999999999996 2.5000000000000004 30.485000000000003 0.065000000000000849 0.45934723903150615 31.590000000000003 -4.2008333333333328 0.35108561621039752 0.047084931497142844 4.5000000000000009 0.16724351250360123 -2.982499999999999 0.094790546382013494 2.5000000000000004 0.36843170684044452 -3.255833333333332 6.3550000000000013 84.500000000000014 21.500000000000004 4.6291666666666673 6.8250000000000011 0.48443878206949781 0.74313798793778185 5.4450000000000012 4.9850000000000012 0.87001281055279378 4.1650000000000018
decision_type=2 2 2 2 8 2 8 2 2 2 2 2 10 2 2 2 2 2 2 2 2 2 2 8 2 2 2 2 2 2
left_child=1 2 -1 9 5 -4 25 22 19 10 -2 -12 13 -11 15 16 -15 18 -18 20 21 -7 -8 -3 -23 27 -27 29 -29 -5
right_child=3 23 4 6 -6 8 7 -9 -10 12 11 -13 -14 14 -16 -17 17 -19 -20 -21 -22 24 -24 -25 -26 26 -28 28 -30 -31
leaf_value=-0.035863077970095213 -0.054465153037208537 0.0044951736292082271 -0.016159412114477259 -0.001166440937711877 -0.014291112866402923 -0.023495973374443865 -0.014319309396803105 -0.00098998798202549294 -0.00026388908250265305 -0.017766034604317093 0.095598574533728997 0.010310921150960292 -0.013758772597806926 0.087808841064478629 -0.0031555645306180049 -0.017331057890822961 0.019124484984546462 0.00035479188573874626 0.13145834949915647 0.11106213339875709 -0.01889422799007932 0.15439866876645911 0.0049585939410154963 -0.0060128939399614126 0.037478067040133178 0.045302383456613804 -0.0070854283211051368 0.002213494942928025 -0.012067918983217053 0.0026114737194369965
leaf_weight=81.837231447920203 6.0902888271957627 549.26726840436459 150.15729491971433 7230.7512391209602 878.46047260425985 3.3131901398301178 360.40866392850876 1334.1155521199107 319.65545804798603 116.5167253408581 4.9536186009645453 94.54293966293335 385.53672982752323 8.2812208347022516 661.20806075818837 16.391273418441415 5.3270161300897598 21.956627137959003 3.9979107324033993 3.9242182672023764 8.6034441515803319 3.3729722872376442 85.066825203597546 399.95695490762591 3.8066144250333309 13.683586850762365 492.50375387817621 16076.458632268012 201.41636329144239 2866.9501239322126
leaf_count=3780 105 4978 2499 51762 16688 56 3700 8965 5038 1465 56 1005 4703 82 6778 167 66 224 53 53 143 66 810 3953 53 95 4196 99719 1472 19514
internal_value=-3.28878e-05 -0.0071084 -0.0117959 0.00053397 -0.0103596 -0.00335191 0.000812165 -0.00340514 0.00226022 -0.00548463 0.0105759 0.0145571 -0.00687551 -0.00369233 -0.00140578 0.0192714 0.0344361 0.0203067 0.0672858 0.0373093 0.0221533 0.0558099 -0.0106381 6.75847e-05 0.0924074 0.00109135 -0.00566925 0.0012211 0.00203678 -9.38114e-05
internal_weight=32388.5 2402.36 1453.13 29986.2 1371.29 492.833 28661.4 1779.59 342.676 1324.8 105.587 99.4966 1219.22 833.679 717.162 55.954 39.5628 31.2816 9.32493 23.0204 19.0962 10.4928 445.475 949.224 7.17959 26881.8 506.187 26375.6 16277.9 10097.7
internal_count=242244 37307 28376 204937 24596 7908 190233 13475 5409 14704 1166 1061 13538 8835 7370 592 425 343 119 371 318 175 4510 8931 119 176758 4291 172467 101191 71276
is_linear=0
shrinkage=0.05


Tree=53
num_leaves=31
num_cat=0
split_feature=19 1 22 11 12 0 3 11 6 11 16 19 16 5 18 2 13 19 5 21 12 16 2 21 3 12 5 16 21 14
split_gain=47.3046 22.5195 18.8702 20.2434 16.9906 21.1199 19.5315 15.0728 15.0503 12.6575 10.5033 13.7901 10.1323 10.4187 11.3447 16.4517 10.5553 10.0545 10.5999 11.1744 9.99612 11.2711 9.95937 9.56228 11.585 9.31281 9.0553 12.1375 12.4264 11.9358
threshold=0.23242346756241841 1.6950000000000001 0.22662647232471442 -0.05000000000000026 0.20916666666666653 2.5000000000000004 28.175000000000004 -0.083333333333332579 2.5000000000000004 0.068333333333332927 0.67308115699407134 0.53411277631072551 0.69911477235348973 6.955000000000001 0.0040701865097569614 5.0750000000000011 1.1174999999999999 0.65114782262518889 6.9050000000000011 0.1402567530073999 -3.3241666666666663 0.20539386404431231 1.0100000000000002 0.10575541080672841 31.830000000000002 2.0425000000000009 6.8550000000000013 0.44479627806385358 0.11388933193272925 -2.1983333333333284
decision_type=2 2 2 8 2 2 2 10 8 8 2 2 2 8 2 2 2 2 8 2 2 2 2 2 2 2 10 2 2 2
left_child=1 -1 3 -2 5 -4 9 25 23 10 11 -7 -5 14 -14 -16 -17 18 19 20 22 -22 -8 -3 -25 -6 29 -28 -29 -19
right_child=2 8 4 12 7 6 17 -9 -10 -11 -12 -13 13 -15 15 16 -18 26 -20 -21 21 -23 -24 24 -26 -27 27 28 -30 -31
leaf_value=-0.03248966813294768 0.012835090876690634 -0.0015390673665619395 0.0015844883664185992 -0.013431610507548063 -0.0034530464660603244 -0.0073274631122391938 0.046377602795543003 0.0021201921253825558 -0.010318719664399097 -0.018939714662822054 -0.028530063358554777 0.0026271958570786239 0.080125750442737453 -0.045056715295447608 0.081756290601994713 -0.033693200440074539 0.013933257799315391 -0.015985038644105606 -0.0059028951889347507 -0.0067607959884060645 -0.017395497440442952 0.00066261269639029475 -0.0045416425664659586 -0.01456415466273811 0.060636185468624509 -0.0242124106514345 0.073373457992773269 -0.0034281727015666843 0.028134487704246383 0.0070954512808346975
leaf_weight=89.755109610036016 103.52143197692931 553.36289692670107 6191.5083032734692 538.75086162425578 723.82734061032534 1304.4378868341446 23.403935208916664 14727.356789581478 1052.0626469552517 187.29250836744905 47.361369661986828 474.43395619094372 5.8091418407857409 8.6199257634580118 6.4991612993180743 17.87311303243041 33.324224784970284 73.252046182751656 1087.1305570602417 606.07267606258392 88.333713542670012 3966.0462775342166 16.28505077958107 8.2304175049066561 13.558284610509871 58.382221356034279 8.9748991802334768 59.272403083741665 65.806332170963287 238.04033504426479
leaf_count=3345 1046 7823 39550 7314 4480 12417 202 88930 17683 1962 368 3400 56 92 68 205 293 477 9843 4366 1050 34201 162 82 134 349 66 387 411 1482
internal_value=-3.19257e-05 -0.00810816 0.000420322 -0.00761067 0.000611903 -0.000622472 -0.00227954 0.00176097 -0.00676331 -0.00656077 -0.00529123 -0.00467251 -0.0110755 0.00652385 0.0135251 0.00681948 -0.00269325 -0.000896434 -0.00145353 -0.000424398 0.000513621 0.000269176 0.0254846 -0.000259774 0.0322302 -0.00500247 0.00634297 0.0172077 0.0131776 0.00166425
internal_weight=32378.6 1716.97 30661.6 714.398 29947.2 14437.7 8246.14 15509.6 1627.21 2013.53 1826.23 1778.87 610.876 72.1256 63.5056 57.6965 51.1973 6232.62 5787.27 4700.14 4094.07 4054.38 39.689 575.152 21.7887 782.21 445.346 134.054 125.079 311.292
internal_count=242244 29067 213177 9074 204103 110344 70794 93759 25722 18147 16185 15817 8028 714 622 566 498 52647 49824 39981 35615 35251 364 8039 216 4829 2823 864 798 1959
is_linear=0
shrinkage=0.05


Tree=54
num_leaves=31
num_cat=0
split_feature=22 8 16 6 11 22 16 16 2 6 18 14 19 3 13 17 19 4 0 14 12 4 21 15 22 13 21 7 5 19
split_gain=43.6773 31.1084 16.6619 15.1315 14.3793 15.2837 15.2886 9.83325 11.1683 10.3971 23.1857 14.792 13.5094 12.7871 11.9334 11.7751 11.8273 11.4914 10.7614 13.2393 16.7072 10.5375 10.0206 10.7097 11.0417 10.3839 10.359 9.77747 9.53347 11.726
threshold=0.3813828000222142 3.5000000000000004 0.21460365321089916 5.5000000000000009 -0.03666666666666573 0.27022471268330189 0.38685114800306858 0.73962877976480068 7.4850000000000012 3.5000000000000004 0.45181038063338563 -6.1549999999999985 0.67435475329478911 25.540000000000003 0.29916666666666686 188.50000000000003 0.90686222966209351 1.0000000180025095e-35 2.5000000000000004 -4.4999999999999973 0.97333333333333416 18.785000000000004 0.13562593026385994 0.27670754882180831 0.53397861359532561 -4.2991666666666655 0.11120051004697971 -1.0000000180025095e-35 6.9150000000000009 0.39454619616067532
decision_type=2 2 2 8 8 2 2 2 2 8 2 2 2 2 2 2 2 2 2 2 2 2 2 2 2 2 2 10 10 2
left_child=1 3 -2 -1 -3 6 -6 9 -9 10 11 17 14 -12 -11 -15 -17 -4 19 20 21 -13 23 24 -20 -26 -27 -5 -16 -30
right_child=2 4 7 27 5 -7 -8 8 -10 12 13 18 -14 15 28 16 -18 -19 22 -21 -22 -23 -24 -25 25 26 -28 -29 29 -31
leaf_value=0.00039937722140717463 -0.010892871613117982 -0.00016847441413079159 0.016258293027613169 -0.018237272863383485 -0.027253268055814052 -0.0068691417033771218 -0.011522828283129451 0.011861790996050343 -0.011030235915141573 -0.0033306301476056254 0.0049006423700437901 0.049960809320095508 0.0025347571701213995 -0.0041835803631772766 0.0017997774882683292 -0.0083175840014622672 0.053486951213009074 -0.0021851791983887306 0.00033589648498984844 0.0044893642674388948 0.037882262789290265 0.0068696425221052406 -0.0018149789579002713 0.0091619157605388798 0.035207814534927287 0.010657772313267269 0.0017288310763871944 -0.002478704627345727 0.010362867845597083 -0.0059034965663599132
leaf_weight=2606.9788688123226 303.0147132538259 387.5664358753711 88.386708997189999 190.91090689226985 223.17971939221025 1019.4485740810633 501.6742167789489 359.52271457016468 62.548745147883892 4097.9232418201864 509.33838003873825 15.062287934124468 2934.5505075901747 2458.1520772129297 3184.9876790940762 13.706708937883379 17.784365706145763 1898.7784109823406 2774.524544455111 3849.3912013843656 64.087838247418404 244.25316291302443 1336.1549648344517 629.08916934579611 29.345535516738892 526.53609699010849 847.95514848828316 203.19724222272635 127.09958523511887 863.52486668527126
leaf_count=23422 3520 5720 546 2165 7164 12380 10278 2142 376 32375 3676 85 18222 18047 19953 105 141 11660 19745 20941 308 1386 7834 3502 184 2988 4827 2236 1041 5275
internal_value=-3.0951e-05 -0.00426174 0.0007664 -0.000981042 -0.00888006 -0.0108157 -0.0163662 0.000897577 0.00846931 0.000777028 0.00162445 0.00258533 -0.000379969 -0.00231764 -0.0014138 -0.00379438 0.0265861 -0.00136484 0.00334622 0.00530569 0.0150223 0.00937258 0.00201533 0.0030799 0.0021642 0.00577764 0.0051493 -0.0101124 0.000467373 -0.00381648
internal_weight=32368.7 5132.96 27235.7 3001.09 2131.87 1744.3 724.854 26932.7 422.071 26510.6 15302.5 12303.6 11208.1 2998.98 8273.54 2489.64 31.4911 1987.17 10316.4 4172.79 323.403 259.315 6143.61 4807.45 4178.36 1403.84 1374.49 394.108 4175.61 990.624
internal_count=242244 63365 178879 27823 35542 29822 17442 175359 2518 172841 95975 74006 76866 21969 58644 18293 246 12206 61800 22720 1779 1471 39080 31246 27744 7999 7815 4401 26269 6316
is_linear=0
shrinkage=0.05


Tree=55
num_leaves=31
num_cat=0
split_feature=18 12 12 6 22 3 22 11 6 19 21 5 13 14 14 15 19 15 14 17 22 2 14 4 3 22 12 18 4 13
split_gain=40.2766 16.9286 16.3125 20.5038 18.8547 19.4016 15.4917 14.4682 14.1526 12.8841 12.8013 12.1379 11.2619 11.202 11.0506 10.1399 10.1264 9.89585 9.61278 9.50932 9.44432 9.16081 9.13359 9.84509 8.73611 17.4506 9.81048 10.4786 11.5394 9.48338
threshold=0.017958928282850433 -1.3483333333333327 0.20916666666666653 2.5000000000000004 0.35108561621039752 34.315000000000005 0.36347856774368886 -0.083333333333332579 5.5000000000000009 0.59340452714828784 0.0098637742099475217 6.6750000000000007 -0.18000000000000035 0.81583333333333397 -5.573333333333335 0.04839816875921716 0.51538737801555468 0.16624367508909543 -10.215833333333332 137.50000000000003 0.87404676803445358 6.705000000000001 -9.9800000000000004 31.735000000000003 36.565000000000005 0.5936459601178341 -1.4899999999999998 0.076811493904541575 20.055000000000003 -1.0774999999999992
decision_type=2 2 2 8 2 2 2 10 8 2 2 8 2 2 2 2 2 2 2 2 2 2 2 2 2 2 2 2 2 2
left_child=1 6 3 18 5 -5 11 -4 -3 12 17 14 13 -6 -1 -9 -10 -7 -2 -14 22 -12 23 -20 25 -15 27 -26 -29 -27
right_child=2 8 7 4 9 10 -8 15 16 -11 21 -13 19 24 -16 -17 -18 -19 20 -21 -22 -23 -24 -25 26 29 -28 28 -30 -31
leaf_value=0.10403151862791338 -0.0063912184014229103 -0.0029506810219066385 -0.0050131916657553226 -0.02636454214295933 -0.0077447015851857233 0.0055627933367802963 -0.00011459767070587368 -0.019496802573720148 -0.015073174136841958 0.00096305303088479197 -0.0090392713282128664 -0.029764611200590575 0.00013018058243507242 0.00092476606107551361 -0.0037080268120889964 0.0020609729344370181 0.037485253959497034 0.11408877236335849 -0.0055915906569359644 -0.010609962839258181 -0.019122829685470424 0.036915783724353481 0.0023876115243254593 0.067190195303471437 -0.026451363875330508 0.057811538901116066 -0.0019439409107892482 0.0768508507411787 -0.00595587974180298 0.010710751443678182
leaf_weight=2.8890376854687956 339.83225404284894 2007.1810176223516 779.00158343464136 160.07088874652982 1789.0844589434564 4.2395902257412654 85.441884018480778 54.751492090523243 351.64885626733303 2908.3401142805815 109.35996809788048 170.53916243463755 2487.2731835283339 323.8210337869823 13.507719678804277 14555.845928322524 9.4097584597766382 4.1631599571555853 7.9408782050013569 224.71587188541889 50.917217180132866 12.038187516853212 4904.8402913473547 11.199338866397737 92.098838590085506 21.972627155482769 790.41211919859052 4.5311774536967269 58.838042005896568 20.806302040815353
leaf_count=99 2476 25230 4840 2717 16901 78 1148 331 5632 18805 1713 6158 19297 2924 447 87816 86 66 55 1702 344 177 34629 77 1126 164 6378 52 632 144
internal_value=-2.99605e-05 -0.00594772 0.0004959 -0.000718265 -0.00217089 -0.0147161 -0.0177524 0.00162619 -0.00459003 -0.00175395 -0.000351165 -0.025814 -0.00311318 -0.005171 0.0152752 0.00198019 -0.0137034 0.0593322 0.00174483 -0.00075975 0.0023006 -0.00448224 0.00252213 0.0369945 -0.00166272 0.00488975 -0.00420229 -0.0156839 -3.48349e-05 0.0349032
internal_weight=32356.7 2640.62 29716.1 14326.5 9011.77 289.872 272.378 15389.6 2368.24 8721.89 129.801 186.936 5813.55 3101.56 16.3968 14610.6 361.059 8.40275 5314.73 2711.99 4974.9 121.398 4923.98 19.1402 1312.48 366.6 945.88 155.468 63.3692 42.7789
internal_count=242244 38800 203444 110457 72876 4751 7852 92987 30948 68125 2034 6704 49320 28321 546 88147 5718 144 37581 20999 35105 1890 34761 132 11420 3232 8188 1810 684 308
is_linear=0
shrinkage=0.05


Tree=56
num_leaves=31
num_cat=0
split_feature=22 13 12 11 16 21 2 0 12 3 11 2 5 21 4 1 12 16 13 4 14 14 13 4 12 22 17 9 17 3
split_gain=36.8234 26.7631 17.9788 15.9135 15.2435 10.677 12.9124 11.8629 13.4411 17.5248 13.0658 13.0192 12.5301 11.4526 11.1998 11.1363 10.8661 10.2289 12.6193 14.7031 10.1053 9.82601 11.709 11.7138 11.2765 12.8437 10.55 10.6407 10.4334 9.6883
threshold=0.27022471268330189 0.50500000000000023 -2.3091666666666657 0.09333333333333417 0.37914536817326983 0.61151862450948513 5.5050000000000008 2.5000000000000004 1.2116666666666676 28.875000000000004 0.068333333333332927 6.2550000000000008 6.6750000000000007 0.11730584257339584 34.815000000000005 5.1650000000000009 2.1108333333333342 0.66925250146440618 -0.31000000000000022 39.845000000000006 1.6666666666666663 0.41416666666666663 1.5450000000000004 26.100000000000005 -3.3241666666666663 0.59707482948692681 149.50000000000003 4.5000000000000009 46.500000000000007 37.435000000000009
decision_type=2 2 2 8 2 2 2 2 2 2 8 2 8 2 2 2 2 2 2 2 2 2 2 2 2 2 2 2 2 2
left_child=1 2 -1 -4 21 7 -7 12 9 10 -9 -11 -6 -14 -10 -16 -15 -17 -19 -20 -3 26 24 -24 28 -26 -2 -28 29 -23
right_child=4 20 3 -5 5 6 -8 8 14 11 -12 -13 13 16 15 17 -18 18 19 -21 -22 22 23 -25 25 -27 27 -29 -30 -31
leaf_value=-0.035396212963042482 -0.0053594860778162605 -0.0045301547506763932 -0.0086813040348015375 -0.041199361868915818 -0.0022273472433504706 0.0017229758349550696 -0.0092988589186873104 -0.0027092608671598437 0.006112736806492906 -0.00050014393479012756 -0.014116475619125003 0.003890211968001869 0.0072271312300668765 0.0025376598176868621 0.048871069077523727 -0.0045372767333350435 -0.010269572108308587 0.041081675200031031 -0.0057921748071022953 0.017054051013134973 0.0048679360959651696 0.094860495387482882 -0.02219358694823911 0.026265471475758601 -0.0039752305001636698 0.0067692171418085771 -0.012045572332666591 0.074556518145798861 -0.009518390275737287 0.021592054801400116
leaf_weight=73.581844080239534 1918.0586003642529 722.855170333758 1042.9397667944431 39.031369291245937 1311.7731200382113 507.63149703294039 557.62874712049961 3021.819231364876 1551.7548702955246 6689.0336039587855 273.76653917506337 2258.8125787544996 1362.6124914065003 7699.318383410573 11.24375034123659 699.96637374162674 169.25648185610771 24.08464178442955 174.48135022819042 118.08481591194868 473.31750449538231 7.8552186638116899 15.043923038989304 72.903436787426472 1147.7869898546487 367.09522898495197 6.2034341394901267 8.2827875204384309 10.571223370730875 10.600506056100128
leaf_count=3765 17920 8840 18627 871 8078 3369 4271 22068 8277 49110 2407 14558 7234 46528 62 3782 1096 130 919 623 5204 80 105 487 10970 2536 48 76 108 95
internal_value=-2.90689e-05 -0.00605395 -0.0114808 -0.00985437 0.000443295 0.000857216 -0.00404659 0.00106315 0.000151246 -0.00053986 -0.00365687 0.000608166 0.00234527 0.00299505 0.00343139 -0.000616632 0.00226217 -0.00116396 0.00629285 0.00342896 -0.000811393 -0.00262608 0.000230786 0.0179763 -0.000780069 -0.00137157 -0.00503843 0.0374709 0.0300898 0.0527769
internal_weight=32347.4 2351.73 1155.55 1081.97 29995.7 26431.3 1065.26 25366 14823 12243.4 3295.59 8947.85 10543 9231.19 2579.62 1027.86 7868.57 1016.62 316.651 292.566 1196.17 3564.4 1631.86 87.9474 1543.91 1514.88 1932.54 14.4862 29.0269 18.4557
internal_count=242244 37307 23263 19498 204937 172512 7640 164872 101936 88143 24475 63668 62936 54858 13793 5516 47624 5454 1672 1542 14044 32425 14381 592 13789 13506 18044 124 283 175
is_linear=0
shrinkage=0.05


Tree=57
num_leaves=31
num_cat=0
split_feature=19 1 7 6 19 14 5 18 17 11 22 5 12 13 22 5 11 17 16 14 20 12 22 5 19 18 2 18 21 12
split_gain=34.0116 20.3086 15.9636 14.2898 23.6917 15.5889 13.0248 11.8745 15.2048 11.7224 10.2073 12.8761 10.8945 10.1635 18.3043 16.9627 12.8921 12.3341 13.929 11.9908 12.1347 11.8644 11.5484 11.0877 12.4349 10.8335 10.6645 10.702 13.4803 13.3157
threshold=0.21524076773614079 1.8450000000000004 2.2500000000000004 5.5000000000000009 0.67165360321069567 2.2675000000000005 7.285000000000001 0.049735237764662647 120.50000000000001 -0.13666666666666624 0.39664454379611858 6.8350000000000009 -1.3799999999999999 0.41833333333333328 0.77127999261985347 6.495000000000001 0.078333333333333602 126.50000000000001 0.42730113545816667 0.27583333333333476 22.500000000000004 1.0683333333333329 0.82768640948535988 6.9750000000000005 0.63533584791721232 0.72580992718085902 3.7850000000000006 0.032496625303413094 0.083411417677901126 -0.25333333333333247
decision_type=2 2 8 8 2 2 10 2 2 8 2 8 2 2 2 10 10 2 2 2 2 2 2 10 2 2 2 2 2 2
left_child=1 -1 3 13 5 6 10 9 -9 -3 11 -5 -12 19 15 -15 17 25 22 20 -2 -21 -19 24 -23 -16 27 -17 29 -29
right_child=2 7 -4 4 -6 -7 -8 8 -10 -11 12 -13 -14 14 16 26 -18 18 -20 21 -22 23 -24 -25 -26 -27 -28 28 -30 -31
leaf_value=-0.030072357042658218 -0.0025955292769053256 0.05342252765533826 -0.023462845891105224 -0.0026132301225412287 0.0051969389139582874 0.0011312119521990486 0.06392325667150299 0.0034917283991300336 0.065511925186563666 -0.0080307387684628063 -0.021387566485990196 -0.019684692283816169 -0.0041709515912568976 0.070738105151369413 -0.0028357432075640319 -0.017117492213148042 0.062608289720323479 0.010453587278056432 0.0026028844404098628 0.00081182047380785405 0.0034507199649915438 0.017892960507329837 0.091536234530275734 0.052786109994908563 -0.0021397735583675382 -0.013981376573450858 0.0023040209558455901 0.12565951316039159 0.014383490835235794 0.033571636143746753
leaf_weight=95.790779994800687 5732.1559108439833 7.8144395109266043 70.482247242704034 173.49545046873391 788.99397244304419 863.96986057236791 6.4857477433979502 84.540434144437313 11.190258041024206 1115.5385583341122 97.63651979342103 303.98175249621272 1560.2579749077559 9.1080294549465162 1700.7816830053926 21.201312649995089 7.6646850407123557 9.5745724141597766 583.11035723239183 5951.1510341316462 970.31671120226383 166.80924177914858 8.1120725721120817 14.86854977160692 144.62796101719141 250.07946820557117 11459.730032742023 5.4845123216509846 108.27037883549929 13.810281626880167
leaf_count=3750 44197 109 775 2098 4909 6993 61 1194 156 18880 1193 3804 11284 52 11956 187 52 60 4462 43801 7062 957 51 90 891 2152 70234 54 675 105
internal_value=-2.81599e-05 -0.00790456 0.000305681 0.000359806 -0.00251418 -0.00453826 -0.00682517 -0.0061627 0.0107415 -0.00760325 -0.00704006 -0.0134816 -0.00518487 0.000761409 0.00168695 0.00253021 -0.00214086 -0.00233536 0.00392879 -0.000249487 -0.00172021 0.00132082 0.0476426 0.0106038 0.00858998 -0.00426449 0.00247669 0.0157778 0.021245 0.0597475
internal_weight=32337 1314.87 31022.2 30951.7 3794.82 3005.83 2141.86 1219.08 95.7307 1123.35 2135.37 477.477 1657.89 27156.9 14176.9 11617.6 2559.32 2551.66 600.797 12979.9 6702.47 6277.46 17.6866 326.306 311.437 1950.86 11608.5 148.766 127.565 19.2948
internal_count=242244 24089 218155 217380 30342 25433 18440 20339 1350 18989 18379 5902 12477 187038 90040 71307 18733 18681 4573 96998 51259 45739 111 1938 1848 14108 71255 1021 834 159
is_linear=0
shrinkage=0.05


Tree=58
num_leaves=31
num_cat=0
split_feature=22 5 12 12 12 19 11 14 22 13 9 13 11 5 13 12 1 13 2 19 12 18 1 1 14 11 9 11 13 1
split_gain=32.3729 22.6907 16.9911 13.025 12.9131 11.678 11.3003 11.7272 12.8094 11.3362 10.7692 12.1283 10.4356 11.2928 9.22185 9.95822 8.78536 12.1862 9.75045 9.27304 8.70528 8.70061 12.2966 13.5628 9.85209 11.0744 9.47322 9.29982 9.55814 11.6048
threshold=0.23759085277671491 6.8150000000000004 -1.4149999999999996 2.6358333333333337 0.85500000000000098 0.19256180899069889 0.065000000000000849 1.9700000000000009 0.453724739988214 1.7000000000000008 3.5000000000000004 -0.25999999999999951 -0.039166666666666565 6.6550000000000011 -4.0158333333333323 1.6158333333333335 1.5550000000000004 -2.6708333333333321 1.4550000000000003 0.61979637217414008 -2.5691666666666655 0.010594956431739652 6.3850000000000007 6.3350000000000009 -4.1708333333333316 0.051666666666667201 1.5000000000000002 -0.041666666666665624 0.16666666666666743 6.035000000000001
decision_type=2 8 2 2 2 2 8 2 2 2 2 2 8 10 2 2 2 2 2 2 2 2 2 2 2 10 2 10 2 2
left_child=1 3 5 10 -3 -2 -4 8 -8 -9 11 -1 13 -7 -10 -16 17 18 20 -18 -14 -13 23 24 -23 27 -24 -26 -29 -30
right_child=2 4 6 -5 -6 12 7 9 14 -11 -12 21 16 -15 15 -17 19 -19 -20 -21 -22 22 26 -25 25 -27 -28 28 29 -31
leaf_value=0.081837046326280249 -0.020127078706930143 -0.017288513494769533 0.00085411272223443423 0.063221244718703648 -0.0035058005560671714 -0.017875458170117174 -0.01430974074642106 -0.00046135571327274793 0.024549664013022405 0.018185447416685326 -0.0082821363544048898 -0.0041762634864284795 0.026687700314286918 0.011396854165056184 -0.0050276514867419421 0.017631163446322332 -0.0095881398374299369 -0.01584372576745743 -0.046020838664370393 0.0057718775770826611 -0.044062058543124817 -0.0091707622884723405 0.0097996261098911696 0.095952766231394829 0.045313474448176835 0.10026011820185142 -0.018021856387271624 0.080142759103546152 -0.01002053222061706 0.039323365537074766
leaf_weight=4.7922873068600884 118.67960062436759 539.80473882891238 27430.946141529828 7.7283232957124701 248.02603188157082 40.226722436025739 330.32176551036537 455.66652940586209 29.683966428041458 99.263775955885649 389.48369444720447 277.17639971151948 71.802126770839095 182.08459570258856 869.86743343621492 51.351991184055805 766.94727168604732 40.267269670963287 5.5870522335171691 112.69938167184591 4.628078442066907 29.364445649087429 68.886911500245333 5.5555491521954528 25.92852846160531 4.5347488038241854 55.046261809766293 4.4692506939172736 41.186078144237399 16.766022391617298
leaf_count=87 2911 11114 183452 59 2389 371 3889 3578 214 649 7937 3440 800 1688 6066 289 9041 475 71 886 59 393 604 57 274 71 564 70 561 185
internal_value=-2.7339e-05 -0.0067045 0.000347583 -0.00141946 -0.0129494 -0.00515179 0.000599922 -0.00319752 -0.0058273 0.00287411 -0.00196058 0.0026527 -0.00370007 0.0061001 -0.0028807 -0.00376457 -0.00587456 0.00668283 0.0177425 -0.00762023 0.0224036 0.00193525 0.00866433 0.0195463 0.0160741 0.0240549 -0.00255759 0.0201435 0.00968848 0.00425507
internal_weight=32328.8 1718.75 30610 930.919 787.831 1342.92 29267.1 1836.16 1281.23 554.93 923.19 533.706 1224.24 222.311 950.903 921.219 1001.93 122.285 82.0173 879.647 76.4302 528.914 251.738 127.805 122.249 92.8846 123.933 88.3499 62.4214 57.9521
internal_count=242244 27805 214439 14302 13503 16302 198137 14685 10458 4227 14243 6306 13391 2059 6569 6355 11332 1405 930 9927 859 6219 2779 1611 1554 1161 1168 1090 816 746
is_linear=0
shrinkage=0.05


Tree=59
num_leaves=31
num_cat=0
split_feature=22 6 8 5 9 20 16 21 12 15 14 3 7 3 19 20 19 16 20 21 22 2 14 16 11 3 5 5 14 20
split_gain=30.091 24.5382 17.9298 14.5282 15.6104 15.5734 13.1045 10.5452 14.8055 11.488 10.3621 10.8655 9.94462 9.8117 9.27306 9.12936 10.7948 11.903 9.05625 8.89469 8.63339 12.2922 12.9772 13.3638 9.15529 9.01321 8.73757 8.71502 8.55466 8.73133
threshold=0.38596538042426703 5.5000000000000009 4.5000000000000009 6.8250000000000011 3.5000000000000004 12.500000000000002 0.21460365321089916 0.07605293399742992 -2.839166666666666 0.14975296627679027 -2.4749999999999956 39.015000000000008 1.2500000000000002 57.555000000000007 0.054733309347078506 18.500000000000004 0.26983448801326648 0.6389681892702912 31.500000000000004 0.58642395961659655 0.86743379388989472 5.5550000000000006 -11.297499999999998 0.59394220198215919 -0.041666666666666512 41.125000000000007 6.9450000000000012 6.9250000000000007 4.6291666666666673 26.500000000000004
decision_type=2 8 2 8 2 2 2 2 2 2 2 2 8 2 2 2 2 2 2 2 2 2 2 2 10 2 10 10 2 2
left_child=1 2 13 4 5 -3 19 14 -9 -10 -11 -12 28 -1 -4 16 -7 -18 -16 -2 -8 24 23 -23 -22 26 27 -26 -5 -30
right_child=6 3 7 12 -6 15 20 8 9 10 11 -13 -14 -15 18 -17 17 -19 -20 -21 21 22 -24 -25 25 -27 -28 -29 29 -31
leaf_value=-0.00051843789719333727 -0.011802117311294139 -0.0033174476198844353 -0.035287015440897296 -0.018027442630896992 -0.014450432087205485 0.10414918680440613 0.00089721171452844441 0.086663910563876179 -0.008179727304304437 0.094816894241003508 -0.027957586881357601 0.067309461426009007 -0.05288741265284215 0.022253037271236332 -0.0084804574822468799 0.010968975121013426 0.0052915353083194854 0.09608805711213364 0.019550288901526415 0.033188208644662882 -0.017335463186072136 0.078553291664846481 -0.01642596832253395 -0.016603630404599435 0.0039934510264274968 0.030982285923739163 -0.022408460767645515 0.054713665827558204 -0.004911949197338652 0.070307879024837844
leaf_weight=3368.670872349292 274.0525855012238 73.454447600990534 31.386701503768563 423.59913844056427 115.76382744684815 7.5757374800741699 26122.580128639936 5.963116690516471 48.605129443109035 5.6340167447924641 6.9860965013504011 5.2363174185156822 17.78918250463903 47.978150814771652 1066.7573704067618 23.608159780502319 12.039726704359056 5.1551066450774661 29.614970400929451 11.444598935544489 50.185977324843407 7.5251081436872465 235.71912328153849 7.2391792610287666 142.83193341642618 31.739220194518566 30.294764444231987 9.003118731081484 99.566191514953971 4.0134517587721339
leaf_count=32459 3278 882 1519 6555 2053 116 168926 70 567 60 71 51 390 426 18353 264 126 44 791 95 345 52 1820 62 957 208 197 59 1358 90
internal_value=-2.65332e-05 -0.00343316 -0.00204543 -0.0116203 -0.00130263 0.0111902 0.000656675 -0.00730272 0.0111916 0.00442004 0.0387165 0.0128567 -0.0161186 -0.00019867 -0.00849042 0.0332174 0.0544218 0.0325128 -0.0077233 -0.00999861 0.000770878 -0.00564293 -0.0135777 0.0318962 0.00188401 0.00639401 0.00210908 0.00700093 -0.0148779 -0.00199737
internal_weight=32322 5399.4 4616.83 782.565 237.597 121.833 26922.6 1200.18 72.4247 66.4616 17.8564 12.2224 544.968 3416.65 1127.76 48.3787 24.7706 17.1948 1096.37 285.497 26637.1 514.538 250.483 14.7643 264.055 213.869 182.13 151.835 527.179 103.58
internal_count=242244 66245 54367 11878 3485 1432 175999 21482 819 749 182 122 8393 32885 20663 550 286 170 19144 3373 172626 3700 1934 114 1766 1421 1213 1016 8003 1448
is_linear=0
shrinkage=0.05


Tree=60
num_leaves=31
num_cat=0
split_feature=22 6 16 13 12 22 14 18 1 9 16 5 19 8 1 3 14 19 21 7 14 17 13 18 14 19 12 4 22 13
split_gain=27.9675 21.1669 15.5146 12.8777 13.3638 12.4756 11.0987 11.1126 17.078 10.3548 10.4379 9.84138 11.0638 13.3278 11.1304 14.4051 9.71785 17.7696 16.3191 9.15533 15.3056 11.5744 9.40437 14.2987 9.19615 9.38483 9.10048 10.7574 12.415 10.0399
threshold=0.23759085277671491 3.5000000000000004 0.37914536817326983 0.091666666666667243 1.8350000000000006 0.27854009324196022 5.2408333333333337 0.12864579959430608 6.3350000000000009 1.5000000000000002 0.75000295238667047 6.785000000000001 0.28715107494922482 1.5000000000000002 6.035000000000001 38.445000000000007 -0.85999999999999577 0.2437094893514867 0.018241195952096157 1.0000000180025095e-35 -6.4799999999999978 62.500000000000007 -0.98666666666666647 0.011754496679819908 13.690000000000005 0.20909664448725176 -3.3241666666666663 44.470000000000006 0.35108561621039752 -0.85666666666666569
decision_type=2 8 2 2 2 2 2 2 2 2 2 10 2 2 2 2 2 2 2 10 2 2 2 2 2 2 2 2 2 2
left_child=1 3 5 4 19 -2 7 11 -9 10 -3 12 14 -14 -5 16 -16 18 -18 24 -21 22 23 -22 -1 -26 27 28 -7 -28
right_child=2 9 -4 6 -6 26 -8 8 -10 -11 -12 -13 13 -15 15 -17 17 -19 -20 20 21 -23 -24 -25 25 -27 29 -29 -30 -31
leaf_value=-0.015438855314304892 -0.022420239233888584 -0.0035687107283997287 0.00073320446131302098 -0.00028385755442473078 0.073037968916264989 -0.046770727659158483 0.014707646075039826 0.11890439691102089 0.0009946955522406758 -0.015598704112052187 0.068932300829303572 -0.010516176764348954 0.010849436199444527 -0.025420431887740149 0.019866130407833874 -0.030217277395233097 0.039583736163899076 0.0041847129886856353 0.1405475455192407 0.075371692677406607 0.0069603945163254624 -0.025599290740446107 -0.016499568607093198 0.14374668406538257 0.057215705953661412 -0.013434533474872249 -0.0055803158677861205 -0.056589021523763806 0.028438971506640244 -0.00018441197315534656
leaf_weight=282.79894339852035 78.883866515010595 154.17414495162666 26995.721792690456 70.918631754815578 4.8968449980020514 6.0682720001786938 153.43395702540874 4.8551065959036341 8.3570647612214071 590.51966947503388 5.1295561902225009 196.89040111377835 48.652507662773132 52.832722637802362 35.091540358960629 9.2430839352309686 7.6857952401042047 8.939639210700987 8.3508460298180562 7.7167149130254975 4.160030348226428 20.999231856316328 5.3577986154705268 3.5331447850912809 9.0825088303536194 9.7424098588526231 1598.8543043397367 4.7749512009322634 57.288949981331825 1870.7052717041224
leaf_count=5888 2448 1891 179796 1023 37 97 1610 56 71 12040 46 2296 388 635 355 92 69 90 83 138 107 358 90 57 234 151 16396 50 582 15070
internal_value=-2.57657e-05 -0.00626146 0.000321208 -0.00131887 -0.0089787 -0.00275412 0.00308893 -0.000856699 0.0443232 -0.0125469 -0.00123419 -0.00221766 0.00454195 -0.00803248 0.0136422 0.0278912 0.0368328 0.0606709 0.0921592 -0.0101483 0.0117913 -0.00261771 0.03436 0.0697805 -0.0131863 0.0206523 -0.0023156 0.0157813 0.0212355 -0.00267097
internal_weight=32315.7 1703.36 30612.3 953.539 348.288 3616.58 605.251 451.817 13.2122 749.823 159.304 438.605 241.715 101.485 140.23 69.3109 60.0678 24.9763 16.0366 343.391 41.7669 34.0502 13.051 7.69318 301.624 18.8249 3537.69 68.1322 63.3572 3469.56
internal_count=242244 27805 214439 13828 7060 34643 6768 5158 127 13977 1937 5031 2735 1023 1712 689 597 242 152 7023 750 612 254 164 6273 385 32195 729 679 31466
is_linear=0
shrinkage=0.05


Tree=61
num_leaves=31
num_cat=0
split_feature=22 11 7 8 12 16 21 3 3 17 14 11 20 3 13 4 2 15 13 4 13 11 17 20 11 20 9 21 16 6
split_gain=25.7262 22.1292 16.0731 14.6463 12.4785 12.3201 11.454 11.2831 19.2286 16.1898 10.9645 10.4048 9.21078 16.8687 16.3259 13.4491 10.5805 18.215 9.20039 10.6097 10.7976 8.98375 8.96652 9.49833 12.2214 12.7852 11.5431 9.89825 8.78005 8.69551
threshold=0.38924288327633894 -0.018333333333333975 2.2500000000000004 4.5000000000000009 1.2533333333333334 0.21460365321089916 0.030126031829840229 30.915000000000003 31.265000000000004 90.500000000000014 -2.0616666666666652 0.12333333333333353 22.500000000000004 35.165000000000006 0.53499999999999959 36.675000000000004 5.6050000000000013 0.13763881957990068 1.9283333333333332 42.895000000000003 2.4891666666666681 0.11166666666666682 95.500000000000014 15.500000000000002 -0.046333333333333553 16.500000000000004 3.5000000000000004 0.022170419961697597 0.72690824549351751 1.5000000000000002
decision_type=2 8 8 2 2 2 2 2 2 2 2 8 2 2 2 2 2 2 2 2 2 8 2 2 10 2 2 2 2 10
left_child=1 4 3 -3 7 -2 -5 29 9 -9 -11 -8 22 16 -15 -16 17 -14 -6 28 -21 -7 23 -10 25 -25 -26 -27 -20 -1
right_child=5 2 -4 6 18 21 11 8 12 10 -12 -13 13 14 15 -17 -18 -19 19 20 -22 -23 -24 24 26 27 -28 -29 -30 -31
leaf_value=-0.013411245370821463 -0.0099034942435769074 -0.0031162913376032056 -0.05283534809516819 -0.016406207312831073 0.0016829879388560174 0.00081591137693162339 -0.0064776812296174942 0.016595686426832127 0.00098144897503722392 0.043218021834606067 0.15366705158661931 0.055501249529535217 0.025335139612862136 -0.015317144997242328 0.0091162283451697145 0.078562058461585038 0.013423728405227507 0.12435281674688266 0.017107801656898847 0.087158411273359285 0.012624063852083148 -0.0091758835774697831 -0.0089300680085941213 0.12541889145599391 0.066336990635046958 0.097999983498756882 -0.024096911769915796 -0.0090316873919967702 -0.018896737637970933 0.00032904574696882168
leaf_weight=254.49247649125755 275.22531021013856 2658.5299286842346 17.717290915548801 426.1069725304842 195.17326777428389 26212.498535227031 628.30247755907476 18.216470675542954 583.27572608925402 4.481133334338665 4.5069998390972597 6.8453125376254311 10.610270727425815 52.604895886033773 24.162545673549175 9.7991252280771715 16.016926508396864 8.2604994587600213 153.9383564889431 10.31585466861725 9.185986824333666 226.91018507629633 240.9964235201478 5.2057991847395888 4.8664218597114113 3.3032934051007015 12.835366666316984 6.2416763063520193 19.025242447853088 210.2894382737577
leaf_count=2979 3273 28169 403 11993 1267 169155 8140 198 6521 50 51 104 223 779 207 82 146 86 988 65 57 1670 2502 61 52 78 215 70 118 2542
internal_value=-2.50882e-05 -0.00310794 -0.00532486 -0.00509857 0.00135202 0.000620607 -0.0100643 -0.000752154 0.00222609 0.0436896 0.0986015 -0.0058097 0.00107293 0.0139591 0.00212962 0.0291538 0.0433114 0.0686792 0.00933236 0.0170894 0.0520504 0.000730159 -0.000753886 0.00244628 0.0287739 0.0623869 0.000764391 0.0280095 0.0131475 -0.00719448
internal_weight=32309.9 5595.31 3737.5 3719.78 1857.8 26714.6 1061.25 1470.17 1005.38 27.2046 8.98813 635.148 978.179 121.454 86.5666 33.9617 34.8877 18.8708 387.639 192.465 19.5018 26439.4 856.725 615.728 32.4526 14.7508 17.7018 9.54497 172.964 464.782
internal_count=242244 68146 48809 48406 19337 174098 20237 16842 11321 299 101 8244 11022 1523 1068 289 455 309 2495 1228 122 170825 9499 6997 476 209 267 148 1106 5521
is_linear=0
shrinkage=0.05


Tree=62
num_leaves=31
num_cat=0
split_feature=22 5 8 11 19 13 12 12 9 14 17 11 15 21 3 11 5 14 4 5 11 13 11 7 16 22 19 21 10 22
split_gain=23.9823 19.0907 13.6441 14.832 15.1419 12.9282 13.5008 11.5316 11.2127 12.4891 13.786 12.9569 10.2538 13.9628 10.7557 9.92255 10.2531 11.857 9.66784 9.6418 13.0981 9.50968 12.1421 9.13605 9.08875 9.02099 8.92626 13.573 8.77924 23.1952
threshold=0.23759085277671491 6.8050000000000006 3.5000000000000004 -0.013333333333334084 0.64044404130839572 0.5633333333333338 1.7150000000000003 2.6358333333333337 2.5000000000000004 -3.629166666666666 134.50000000000003 0.074999999999999747 0.10045848917572932 0.64756819469220184 21.285000000000004 -0.086666666666666434 6.8250000000000011 10.371666666666666 25.410000000000004 6.8450000000000006 -0.009999999999999341 1.0358333333333334 0.027333333333333435 1.0000000180025095e-35 0.61671213899056798 0.32667586892521261 0.66994792301008144 0.1089761892114129 4.5000000000000009 0.4720682465127129
decision_type=2 8 2 8 2 2 2 2 2 2 2 10 2 2 2 10 10 2 2 10 10 2 8 10 2 2 2 2 2 2
left_child=1 7 15 23 8 6 -3 -1 -5 11 18 25 13 19 24 16 -2 -18 -11 26 -21 22 -7 -4 -14 -10 27 -6 -12 -30
right_child=2 5 3 4 12 21 -8 -9 9 10 28 -13 14 -15 -16 -17 17 -19 -20 20 -22 -23 -24 -25 -26 -27 -28 -29 29 -31
leaf_value=-0.0011777093760290168 -0.0068837201017729211 -0.018503323771336577 0.0018478477563363847 0.0020372444025279217 0.079484810240425446 0.020694000665503018 0.060678857696081889 0.059483876648506601 -0.027663802474929486 -0.0076748170540753089 -0.015456217890285773 -0.020891263841560502 0.0081629767737702481 0.059770422860620724 -0.0016619023647483563 0.0014396088589878221 0.015596217481550025 -0.030759851604000479 -0.00057723900279522847 0.071734210260675807 0.01276859172589793 -0.0093529251821706811 -0.015542452495637162 -0.007256085952804448 0.046821592102872768 -0.0056238723178425928 -0.0045213741051785801 0.0061422987726385747 -0.040264106958322943 0.046194223881659918
leaf_weight=854.02744633331895 641.7105956710875 410.74565571546555 4420.6487057544291 828.34956418909132 8.1789285242557508 67.243037935346365 5.4547416046261779 7.9068416580557814 47.958674214780331 573.07056334987283 283.46075487136841 170.0088543985039 123.79807008057833 13.117160797119139 1231.6111461892724 17048.620723158121 100.55784071981907 15.987467102706431 2947.5122803021222 10.036339342594145 152.80923783034086 307.27864428795874 35.229177981615067 293.89646001160145 17.33238235861063 1454.0064940173179 173.20917854458094 27.57964975386858 12.832962535321711 19.61457759141922
leaf_count=13262 4059 9269 32655 6558 60 919 46 57 1158 5393 2409 1975 805 84 7850 104521 613 96 27579 63 1028 3655 597 2414 111 13359 1168 193 147 141
internal_value=-2.44143e-05 -0.00582659 0.000295465 -0.000949065 -0.00224755 -0.0112587 -0.0174656 -0.000621238 -0.00338648 -0.00420209 -0.0026304 -0.00780847 0.00185857 0.00907043 -0.000163707 0.00119069 -0.00440591 0.00923718 -0.00173256 0.00728179 0.0164027 -0.00495417 0.00823618 0.00128032 0.0129107 -0.00632762 0.000173996 0.0229177 -0.0126361 0.0120001
internal_weight=32303.8 1687.89 30615.9 12809 8094.49 825.951 416.2 861.934 6336.81 5508.47 3836.49 1671.97 1757.67 384.93 1372.74 17806.9 758.256 116.545 3520.58 371.813 162.846 409.751 102.472 4714.55 141.13 1501.97 208.968 35.7586 315.908 32.4475
internal_count=242244 27805 214439 105150 70081 14486 9315 13319 58719 52161 35669 16492 11362 2596 8766 109289 4768 709 32972 2512 1091 5171 1516 35069 916 14517 1421 253 2697 288
is_linear=0
shrinkage=0.05


Tree=63
num_leaves=31
num_cat=0
split_feature=19 1 7 13 14 20 5 11 18 22 18 20 9 5 16 1 13 17 15 22 1 5 22 18 11 21 3 5 20 14
split_gain=21.8856 17.8071 13.6268 10.8036 17.8395 12.8678 12.1642 10.9837 10.6803 11.999 10.4252 13.9483 14.7732 11.1462 10.427 11.6649 11.998 9.93581 15.42 9.22812 8.99006 8.91899 9.63533 12.5878 9.63513 11.2675 11.2382 9.91115 8.74277 8.60416
threshold=0.21524076773614079 1.8450000000000004 2.2500000000000004 0.6833333333333339 2.8949999999999982 19.500000000000004 6.495000000000001 0.081666666666667456 0.74313798793778185 0.77127999261985347 0.049735237764662647 17.500000000000004 2.5000000000000004 6.8750000000000009 0.43872871826660581 5.0250000000000012 2.639166666666668 101.50000000000001 0.091333266738889488 0.86743379388989472 3.7450000000000006 6.6750000000000007 0.59232966200230652 0.16592324174978987 -0.039999999999999584 0.13134087119663868 39.585000000000008 6.6450000000000005 14.500000000000002 -13.013333333333332
decision_type=2 2 8 2 2 2 8 8 2 2 2 2 2 8 2 2 2 2 2 2 2 8 2 2 10 2 2 10 2 2
left_child=1 -1 3 4 5 7 -5 -2 19 -10 14 12 13 28 -3 16 20 -13 -19 -8 -16 22 23 -6 26 27 -25 -26 -12 -21
right_child=2 10 -4 6 21 -7 8 -9 9 -11 11 17 -14 -15 15 -17 -18 18 -20 29 -22 -23 -24 24 25 -27 -28 -29 -30 -31
leaf_value=-0.028101364884550058 -0.0022511571240473567 -0.011578768780726102 -0.022113496811950604 0.055885653983801013 -0.0041453549714821226 0.0013180025634196369 0.0016867200086549882 -0.011387631415288077 0.025723439043486968 -0.010449432543530444 0.030756147931175704 -0.0028755538931760386 -0.015097604735300356 -0.022924200350045033 0.10072222619968474 -0.0056306115079427406 0.11703900377970136 0.12425704276740723 0.025702468710558909 0.041269270902655475 0.0070692556433737527 0.0024426702430930072 -0.012687839052640657 0.038235492119698691 0.084592290086592498 0.0034666880903319627 -0.013059985731635604 0.024921030236686938 0.11099744703319253 -0.01062898990400841
leaf_weight=88.326396456919611 8456.8457897882909 495.15009884163737 68.027172932401299 10.21348465234041 349.10347546450794 2738.7471421118826 13116.665124459192 342.2660034801811 24.829995103180408 298.88242860883474 10.280589312314989 7.741162775084379 49.643761249259114 6.0410646051168433 2.6122026424854985 457.09189590066671 2.61148403212428 6.6938416324555901 9.7497493773698789 8.3008570671081525 134.60432097315788 5088.9008304774761 206.61059409379959 14.798855654895304 12.986617516726257 19.991173408925533 38.343025431036949 14.9923028498888 5.0681212469935408 210.71330647915602
leaf_count=3750 65385 10167 775 59 2585 20212 82440 3253 196 2611 112 114 801 71 66 6162 37 85 114 58 2557 37086 1370 83 78 111 215 90 53 1548
internal_value=-2.37156e-05 -0.00644229 0.000240221 0.000289349 -0.000541388 -0.00167497 0.00133972 -0.00260655 0.00129893 -0.00767483 -0.004831 0.0110361 -0.000130201 0.0346078 -0.00621446 -0.00176473 0.0108727 0.043833 0.065822 0.00151676 0.00885214 0.00173494 -0.00374836 0.000354095 0.0158891 0.0321345 0.00122469 0.0526179 0.0572517 -0.00866199
internal_weight=32296.8 1275.61 31021.2 30953.2 17283.6 11537.9 13669.6 8799.11 13659.4 323.712 1187.29 95.2183 71.0335 21.3898 1092.07 596.92 139.828 24.1848 16.4436 13335.7 137.217 5745.73 656.826 450.215 101.112 47.9701 53.1419 27.9789 15.3487 219.014
internal_count=242244 24089 218155 217380 130468 88850 86912 68638 86853 2807 20339 1350 1037 236 18989 8822 2660 313 199 84046 2623 41618 4532 3162 577 279 298 168 165 1606
is_linear=0
shrinkage=0.05


Tree=64
num_leaves=31
num_cat=0
split_feature=22 6 11 12 13 19 16 17 5 20 14 11 17 2 16 13 14 12 16 12 21 4 5 18 10 18 11 12 12 14
split_gain=20.9895 20.5489 12.6904 14.6903 12.2967 12.2091 10.7358 10.3848 10.2137 11.9104 10.027 11.8119 13.41 11.053 9.63015 11.4283 9.36082 9.05064 10.7502 8.97766 12.1339 11.1141 10.9246 8.8972 8.81277 13.5294 16.3154 8.7882 8.46135 21.3073
threshold=0.38924288327633894 5.5000000000000009 -0.03666666666666573 -0.9366666666666662 0.6383333333333342 0.09953984839452272 0.21460365321089916 158.50000000000003 6.8150000000000004 12.500000000000002 3.7233333333333332 0.073333333333333708 123.50000000000001 6.7150000000000007 0.50837041715515496 -4.7558333333333325 -21.800833333333333 0.48333333333333367 0.58928964578020915 1.5550000000000002 0.02386975614589849 36.925000000000004 6.785000000000001 0.08358277470515546 2.5000000000000004 0.076811493904541575 0.073333333333333708 0.29000000000000054 -2.4391666666666656 1.6666666666666663
decision_type=2 8 10 2 2 2 2 2 8 2 2 10 2 2 2 2 2 2 2 2 2 2 10 2 2 2 8 2 2 2
left_child=1 2 7 5 14 -4 -2 28 9 17 16 13 -13 -12 15 -3 -10 18 -6 21 -21 22 -9 -18 25 -17 -27 -25 29 -1
right_child=6 4 3 -5 8 -7 -8 19 10 -11 11 12 -14 -15 -16 24 23 -19 -20 20 -22 -23 -24 27 -26 26 -28 -29 -30 -31
leaf_value=0.063879356258618514 -0.009321802867768238 0.076018550705231613 -0.032552395679875883 -0.0017940176283603622 0.0033103792948722972 -0.0082140614904975522 0.0006602285770852998 -0.027106042553361111 0.06409781996366562 0.034718114859734354 -0.029275158653481459 0.015065120126383136 0.1037319504555716 0.029581781800243585 -0.023820688280963342 -0.0048552064538273168 -0.020947408328788213 -0.018264687802055424 0.088244067390575262 0.0067166654358405842 0.083117457261628613 0.041365792174563085 0.023872776397228811 0.059412439414436705 -0.016604006351627478 0.099829233339004952 -0.028725942344690641 -0.0049598989444683047 0.00082329435526741458 -0.012340221348285075
leaf_weight=18.094189081341028 272.13298587873578 3.8691293876618138 58.745429892092943 3127.1042544208467 15.605694327503445 419.38984176330268 26455.127656638622 23.177498858422041 3.7667179387062779 34.249310854822397 21.871622489765286 15.452790090814235 5.8895688224583855 12.556034456938503 198.65029513649642 69.736901635304093 145.15725110843778 34.928748682141304 4.8939331732690325 9.5491077750921267 11.402406275272368 19.817964646965265 19.226917613297701 6.565760798752307 183.17371457535774 7.093006229028104 3.7851457521319389 27.546664673835039 1044.1602830905467 18.589714217931032
leaf_count=425 3273 93 2768 33753 238 7563 170825 201 51 364 252 189 59 121 2862 1427 1889 323 68 64 63 172 166 86 3802 90 49 227 10350 431
internal_value=-2.30368e-05 -0.00281693 -0.00157651 -0.00304204 -0.0102603 -0.0112044 0.000558593 0.00296259 -0.00285028 0.0115372 -0.00825313 0.0103079 0.0395333 -0.00780957 -0.0154801 -0.00928992 -0.0139085 -0.00278632 0.0235868 0.0199872 0.0482961 0.010455 -0.00399134 -0.0155476 -0.0105412 0.00323476 0.0550974 0.00743011 0.0016525 0.0252548
internal_weight=32291.3 5564.05 4769.26 3605.24 794.792 478.135 26727.3 1164.02 328.484 89.6777 238.806 55.77 21.3424 34.4277 466.308 267.658 183.036 55.4284 20.4996 83.1739 20.9515 62.2224 42.4044 179.27 263.789 80.6151 10.8782 34.1124 1080.84 36.6839
internal_count=242244 68146 55956 44084 12190 10331 174098 11872 3867 993 2874 621 248 373 8323 5461 2253 629 306 666 127 539 367 2202 5368 1566 139 313 11206 856
is_linear=0
shrinkage=0.05


Tree=65
num_leaves=31
num_cat=0
split_feature=22 11 16 12 2 20 11 22 21 2 0 3 12 22 12 11 5 4 14 21 12 22 15 2 18 4 4 11 12 22
split_gain=19.7928 17.2057 11.8771 11.5973 11.2426 17.4518 10.9026 10.3443 8.81662 10.7201 9.49004 12.7201 20.152 11.1359 10.7935 10.5545 10.2874 9.9319 9.85946 9.50705 9.41669 9.8318 17.0293 9.26262 8.79724 8.77597 13.2766 9.47262 8.51536 9.95207
threshold=0.23759085277671491 0.020000000000000909 0.37914536817326983 -2.3091666666666657 6.7550000000000008 6.5000000000000009 0.031666666666666739 0.27022471268330189 0.61151862450948513 5.5050000000000008 2.5000000000000004 28.605000000000004 1.6158333333333335 0.72604574611677242 2.1883333333333344 0.065000000000000849 6.6750000000000007 35.725000000000009 8.9150000000000027 0.11730584257339584 -0.88499999999999945 0.55490403125362009 0.30073447631297845 6.3850000000000007 0.28044027035005509 41.445000000000007 41.190000000000005 0.064999999999999961 -3.3241666666666663 0.35108561621039752
decision_type=2 8 2 2 2 2 8 2 2 2 2 2 2 2 2 8 8 2 2 2 2 2 2 2 2 2 2 10 2 2
left_child=1 3 7 -1 -3 6 -6 -2 10 -10 14 12 15 23 16 24 20 18 -16 -18 -4 22 -22 -13 25 26 27 -12 29 -9
right_child=2 4 8 -5 5 -7 -8 28 9 -11 11 13 -14 -15 17 -17 19 -19 -20 -21 21 -23 -24 -25 -26 -27 -28 -29 -30 -31
leaf_value=-0.031945177747228999 -0.021978738759502674 -0.016592450787275559 -0.021254817843025187 -0.0012680396884759007 0.12171655226719663 -0.0083725374043023132 0.026911979509444198 -0.046315810145456437 0.0013890795144217236 -0.0086676634467319821 -0.0016833011645446538 -3.0216323550995346e-05 0.0084034660679193369 0.061610666657527971 -0.0074589823635211093 -0.012141017715564797 0.0066194565580643926 -0.026205512815083733 0.034650465703406588 0.0020843791629332562 0.0043781457441938896 -0.0028305592638232218 0.053964131282934341 0.003197870983283307 -0.020606122921791543 -0.008837841793581035 0.054416456427779286 0.04769597012467075 -0.0024101012096875546 0.021297835684125816
leaf_weight=31.6516671217978 66.439598467200994 406.36597857903689 60.62150052934885 1156.1408579852432 3.9649673812091351 59.956868479028344 12.89580597355962 5.9619642570614806 509.62767957895994 552.01235756278038 2851.9147098828107 8219.8493492174894 392.63391375541687 7.5440420210361472 97.808518007397652 323.22458616644144 1357.7604877129197 63.04392696171999 16.20347198843956 7762.3720192536712 144.65789593756199 1060.1012650728226 19.669199377298355 3045.5548008624464 67.118042096495628 447.17286993190646 10.64939599111676 9.745463499799369 3461.0057990700006 62.441722150892019
leaf_count=1857 2218 8607 418 16283 56 811 191 106 3369 4271 21014 60205 2139 46 638 3008 7173 401 97 46731 732 6650 96 18957 392 3305 73 81 31687 632
internal_value=-2.24384e-05 -0.0053215 0.000266785 -0.00208551 -0.0132764 0.00426546 0.0492062 -0.00243278 0.000626054 -0.00384004 0.000808713 1.55785e-05 -0.00236838 0.000883151 0.00196109 -0.00350843 0.00216939 -0.0102803 -0.00147436 0.00275954 -0.00201892 -0.00106655 0.0103134 0.000842484 -0.00268452 -0.00232215 -0.00130777 -0.00151514 -0.00206483 0.0154047
internal_weight=32286.1 1670.98 30615.1 1187.79 483.184 76.8176 16.8608 3595.85 27019.3 1061.64 25957.6 15375.4 4102.46 11272.9 10582.2 3709.83 10405.2 177.056 114.012 9120.13 1285.05 1224.43 164.327 11265.4 3386.6 3319.48 2872.31 2861.66 3529.41 68.4037
internal_count=242244 27805 214439 18140 9665 1058 247 34643 179796 7640 172156 109220 30012 79208 62936 27873 61800 1136 735 53904 7896 7478 828 79162 24865 24473 21168 21095 32425 738
is_linear=0
shrinkage=0.05


Tree=66
num_leaves=31
num_cat=0
split_feature=22 5 11 13 11 12 14 18 13 17 11 13 16 19 19 13 22 21 5 12 13 20 17 4 11 19 17 12 21 12
split_gain=17.9594 16.8565 14.2107 11.3515 11.326 10.9458 9.3821 20.0799 12.4198 12.3248 13.6488 10.0144 15.4256 9.85617 14.0483 9.08454 11.7718 11.6339 9.06037 9.62573 8.91717 9.05649 9.3277 11.1517 8.79969 8.74424 9.34513 8.50569 8.46844 10.0792
threshold=0.23759085277671491 6.785000000000001 -0.053333333333333226 0.6383333333333342 -0.049999999999999371 -1.4149999999999996 0.95749999999999968 0.51120446898422833 0.72999999999999987 128.50000000000003 0.11333333333333374 0.79166666666666752 0.43574898800626555 0.3542881663355521 0.26983448801326648 -4.2008333333333328 0.3589966859399718 0.047084931497142844 6.6550000000000011 0.20916666666666653 1.0358333333333334 22.500000000000004 172.50000000000003 31.675000000000004 -0.091666666666666327 0.17188035953667724 23.500000000000004 2.6358333333333337 0.091322005585107557 1.7916666666666676
decision_type=2 8 8 2 10 2 2 2 2 2 8 2 2 2 2 2 2 2 10 2 2 2 2 2 10 2 2 2 2 2
left_child=1 27 25 -4 -5 15 8 -8 9 10 -7 12 13 14 -10 16 -2 -18 -14 -20 21 -6 23 -23 -13 -3 -27 -1 29 -26
right_child=5 2 3 4 20 6 7 -9 11 -11 -12 24 18 -15 -16 -17 17 -19 19 -21 -22 22 -24 -25 28 26 -28 -29 -30 -31
leaf_value=3.966533587495649e-05 -0.036999163329080244 -0.02474565433222415 -0.016663637931533491 -0.052473172019160019 0.0030304542772994717 -0.0021434845535599945 0.0022578724464175975 -0.003805558544815311 0.017344643106122572 0.0024855959675957121 -0.022701426331965886 -0.0094596747558809476 0.042559322805360893 0.023219229922837578 0.12778941918055148 -0.0054457079918558589 0.092076542930634442 0.011523671568993761 -0.011174319056515114 0.0096280238997516199 -0.0077769877584429369 0.1398251889141473 -0.01256794696767026 0.031860738377874107 -0.003792847809851764 0.086504519714678638 0.015612524046146268 0.054122128037192685 0.0020109286898937861 0.0083380248784581685
leaf_weight=726.84316095151007 12.029137580655513 11.834635615348814 453.18303080182523 12.304605117067693 75.519897967576981 7642.5864223409444 10867.755837062374 1561.6118246987462 5.3922520466148836 1580.3358998149633 81.599497755989432 202.81496315076947 15.374458141624926 35.724538840353489 6.1779548972845078 1210.3969378229231 4.7120733186602584 91.93583894148469 81.355452608317137 175.72221960127354 312.43718186952174 3.8417275212705118 4.6975258924067012 6.3371126092970371 1314.450553951785 5.2017723545432082 43.721508126705885 7.3434918820857993 5528.0635771229863 196.87831564247608
leaf_count=11302 332 240 10401 161 1130 56869 70508 11561 58 10997 788 1296 95 240 55 14938 50 982 571 1059 3806 51 59 87 10295 58 460 50 32588 1157
internal_value=-2.17722e-05 -0.00508173 -0.00955628 -0.011192 -0.00521895 0.000253128 0.000453741 0.00149607 -0.00031438 -0.00153754 -0.00236066 0.00119065 0.00985027 0.0362091 0.076317 -0.00420236 0.00964548 0.015451 0.00527466 0.00304486 -0.00377556 0.0100546 0.0457126 0.072609 0.000808323 0.0138208 0.0231501 0.00058061 0.00110416 -0.00221258
internal_weight=32278.2 1663.27 929.079 868.321 415.138 30614.9 29295.8 12429.4 16866.5 9304.52 7724.19 7561.95 319.747 47.2947 11.5702 1319.07 108.677 96.6479 272.452 257.078 402.833 90.3963 14.8764 10.1788 7242.21 60.7579 48.9233 734.187 7039.39 1511.33
internal_count=242244 27805 16453 15695 5294 214439 198137 82069 116068 68654 57657 47414 2078 353 113 16302 1364 1032 1725 1630 5133 1327 197 138 45336 758 518 11352 44040 11452
is_linear=0
shrinkage=0.05


Tree=67
num_leaves=31
num_cat=0
split_feature=18 5 16 13 11 17 12 22 13 20 21 11 11 14 19 5 1 22 13 15 17 1 2 2 13 7 17 14 14 19
split_gain=16.5915 11.0692 10.2837 9.69618 9.64863 12.3161 9.52858 12.9075 9.8931 9.64947 12.758 14.4807 8.7417 9.20723 10.5729 11.1556 9.74787 11.4544 9.60143 13.3362 9.59416 9.05104 10.8137 8.72989 8.70159 8.52036 8.50561 8.49827 8.23035 10.1964
threshold=0.019082626548910547 7.285000000000001 0.13889500454699186 -4.400833333333332 -0.12500000000000042 53.500000000000007 -1.7433333333333327 0.36347856774368886 -0.086666666666666656 16.500000000000004 0.080197288870793498 0.15749999999999978 0.064999999999999961 1.9700000000000009 0.69498861242619614 7.2250000000000005 7.3750000000000009 0.52978447392302852 1.7000000000000008 0.25506568363761389 86.500000000000014 4.6750000000000007 3.6050000000000004 5.8950000000000005 -4.400833333333332 -1.0000000180025095e-35 87.500000000000014 5.7783333333333315 -10.457499999999998 0.49201921071594046
decision_type=2 8 2 2 10 2 2 2 2 2 2 8 8 2 2 10 2 2 2 2 2 2 2 2 2 10 2 2 2 2
left_child=1 4 3 -2 5 -1 7 8 -6 10 11 28 -4 14 15 -14 17 -16 21 23 -17 22 -15 -20 -9 -25 27 -21 29 -8
right_child=2 -3 12 -5 6 -7 9 24 -10 -11 -12 -13 13 18 16 20 -18 -19 19 26 -22 -23 -24 25 -26 -27 -28 -29 -30 -31
leaf_value=0.075285608444774138 0.054609203308751408 -0.048991592983207558 0.00058405505226681489 -0.024975361789688483 -0.027714071284689223 0.0016366818639479926 -0.021430278681127318 0.071592778911960017 0.076045883231341371 0.0013970022881853947 0.022545757006629249 0.0989210122628911 -0.0080291032404486932 -0.0071114221693684213 0.054152165254602404 0.0046190665660940638 -0.044771450246788365 0.0037172625591004415 0.031484612368794844 0.0602929731302322 0.085636288514920847 -0.0054031829811921747 0.020418075148520606 -0.025557283397786752 -0.0019708890189588488 0.015955878691539881 0.078110926892449251 -0.0083275646686598453 -0.0051376798496574078 0.043720460812681113
leaf_weight=8.719461580738427 4.0920325405895701 13.49054922070354 27693.331877575256 59.139312166720629 107.63773667253554 16.26587325334549 123.69592713937163 4.3337970860302439 2.3473729621618977 804.88462094590068 40.140434347093105 3.2820209879428139 1047.2969549344853 59.063579432666302 11.874681554734705 9.9376877360045892 9.7264248132705671 216.68164705485106 21.198892906308174 8.3447985090315395 5.779318578541278 319.50112990662456 90.067396679893136 27.376082058995962 55.49411029741168 22.53448273614049 11.520060509443281 9.8232366871088725 1457.4543409235775 6.3119184039533129
leaf_count=109 51 339 186681 841 5131 193 1870 53 81 9743 357 65 8973 579 75 80 58 1359 138 50 47 2245 793 174 798 142 69 62 21034 54
internal_value=-2.11712e-05 -0.0038162 0.000317512 -0.019825 -0.00358452 0.0273389 -0.00388105 -0.0153326 -0.0254996 -0.00308269 -0.00529354 -0.00599603 0.000360593 -0.00294743 -0.00526782 -0.00740163 0.0042514 0.00633762 0.00235528 0.0163547 0.03441 -0.000655837 0.00951497 0.0046033 0.0033579 -0.0068142 0.0445017 0.0231907 -0.00621294 -0.0182672
internal_weight=32271.3 2644.06 29627.3 63.2313 2630.57 24.9853 2605.58 169.813 109.985 2435.77 1630.88 1590.74 29564.1 1870.73 1301.3 1063.01 238.283 228.556 569.43 100.798 15.717 468.632 149.131 71.1095 59.8279 49.9106 29.6881 18.168 1587.46 130.008
internal_count=242244 39827 202417 892 39488 302 39186 6063 5212 33123 23380 23023 201525 14844 10592 9100 1492 1434 4252 635 127 3617 1372 454 851 316 181 112 22958 1924
is_linear=0
shrinkage=0.05


Tree=68
num_leaves=31
num_cat=0
split_feature=7 0 5 16 20 12 18 18 11 9 18 22 12 19 19 1 12 5 11 10 13 4 14 16 6 18 15 13 11 22
split_gain=15.5701 14.7168 19.3934 17.396 14.0386 11.9933 11.082 10.9718 11.1583 12.4765 11.7472 13.1078 10.5745 14.3585 10.4986 10.2703 9.96343 12.3995 9.9091 11.3384 9.7687 9.73204 16.2734 13.2025 12.1562 11.9314 16.6497 12.5459 11.0116 9.67587
threshold=inf 3.5000000000000004 6.9250000000000007 0.58032565090468546 18.500000000000004 1.2116666666666676 0.038274577552822299 0.020511597070535154 -0.021666666666666941 2.5000000000000004 0.030492468944778087 0.38596538042426703 -3.1508333333333325 0.52447373997567204 0.13092893941645614 1.8450000000000004 1.5275000000000001 6.6550000000000011 -0.045000000000000366 5.5000000000000009 2.2108333333333348 37.335000000000008 -7.864166666666665 0.60207901253584628 1.5000000000000002 0.12131646240141071 0.25632406844708344 0.92000000000000026 -0.035000000000000579 0.52978447392302852
decision_type=8 2 8 2 2 2 2 2 10 2 2 2 2 2 2 2 2 10 10 2 2 2 2 2 10 2 2 2 10 2
left_child=1 15 3 4 12 18 7 16 10 -10 11 -9 13 -3 -4 -1 17 -7 19 -5 -12 28 -23 24 -24 -26 27 -27 -20 -25
right_child=-2 2 14 5 -6 6 -8 8 9 -11 20 -13 -14 -15 -16 -17 -18 -19 21 -21 -22 22 23 29 25 26 -28 -29 -30 -31
leaf_value=-0.029345856281301624 -0.052359303616172408 0.0065705414759505438 -0.027953326874400247 0.0094490678897747003 0.0023355274200492792 0.079459598796381092 0.0031064548706573004 0.032050534403471713 0.0031623002469563771 0.062370203870581876 -0.0044575806686543802 0.11246778757334802 -0.003704413603445519 0.070294448818317132 -0.0053794252594850829 0.0008924894027292923 -0.00076585294297115962 0.014377711326213714 -0.0180084440523215 -0.016337240740903852 0.0600921914518079 -0.015828392366189218 -0.025016978467932806 0.0020613205830346355 0.016501675902069631 0.099455820226919678 -0.013022740054520627 0.023071931609190528 -0.002163658257310741 0.064134243673893379
leaf_weight=28.120457120239735 14.203419298864899 75.346473165787756 52.994187721051276 411.84185705147684 1358.3705140184611 7.8848486095666876 1066.351790741086 9.7569319903850573 52.887818425893784 10.697307117283342 14.180522426962854 10.542361363768576 4888.4308724673465 10.014836341142653 1833.9163036048412 19771.332484405488 150.17786279320717 101.90080628544092 117.93980712071061 47.551743607968092 9.9906081631779653 90.435129649937153 12.762256287038324 439.04833094589412 82.576352369040251 15.594831701368099 7.3379750326275817 8.2036773860454542 1560.4456518087536 6.3691367805004111
leaf_count=312 381 1332 1654 3066 15163 60 6051 55 330 67 85 55 52190 80 18244 120810 1202 850 898 368 58 786 103 3659 778 112 54 54 13343 44
internal_value=-2.05595e-05 2.48919e-06 -0.00134421 -0.00051042 -0.00216943 0.00197044 0.00568832 0.0131694 0.0265602 0.0131232 0.0457728 0.0738149 -0.00339976 0.0140468 -0.00601342 0.000849543 0.00760343 0.0190519 6.59319e-05 0.00677993 0.0222227 -0.00125177 0.00388047 0.00699709 0.0212539 0.026447 0.0528226 0.0731252 -0.00327707 0.00294892
internal_weight=32267.2 32253 12453.6 10566.6 6332.16 4234.48 1434.37 368.019 108.056 63.5851 44.4704 20.2993 4973.79 85.3613 1886.91 19799.5 259.964 109.786 2800.11 459.394 24.1711 2340.71 662.328 571.893 126.475 113.713 31.1365 23.7985 1678.39 445.417
internal_count=242244 241863 120741 100843 68765 32078 8813 2762 650 397 253 110 53602 1412 19898 121122 2112 910 23265 3434 143 19831 5590 4804 1101 998 220 166 14241 3703
is_linear=0
shrinkage=0.05


Tree=69
num_leaves=31
num_cat=0
split_feature=7 12 22 21 6 13 5 7 20 12 22 5 4 14 4 7 22 15 15 11 12 18 11 20 2 13 12 5 1 21
split_gain=14.7762 13.543 13.5718 11.0445 16.0467 10.9779 10.9012 10.6832 10.5423 10.304 10.5938 9.9222 8.55961 12.0063 13.0082 14.9958 10.5062 10.249 18.0717 10.1657 10.1433 10.0231 15.5231 9.29844 10.3233 11.2876 8.70487 10.7783 10.5476 8.50973
threshold=inf -1.4149999999999996 0.35377676805354158 0.080197288870793498 2.5000000000000004 -4.2008333333333328 6.6550000000000011 1.0000000180025095e-35 33.500000000000007 0.67166666666666719 0.22662647232471442 6.4850000000000012 37.645000000000003 4.5333333333333377 38.585000000000008 -1.0000000180025095e-35 0.346597360171359 0.31333286155399404 0.26091598671808308 -0.00083333333333346349 1.8791666666666671 0.11126715212760689 -0.046333333333333553 22.500000000000004 5.535000000000001 0.35833333333333356 1.3133333333333341 6.6950000000000012 6.8350000000000009 0.048869225143787866
decision_type=8 2 2 2 8 2 8 10 2 2 2 10 2 2 2 8 2 2 2 10 2 2 8 2 2 2 2 10 2 2
left_child=1 2 -1 4 8 29 7 -6 11 10 -8 -3 19 17 15 16 -15 18 23 26 -19 -20 -23 -14 25 -25 28 -28 -13 -4
right_child=-2 3 5 -5 6 -7 9 -9 -10 -11 -12 12 13 14 -16 -17 -18 20 21 -21 -22 22 -24 24 -26 -27 27 -29 -30 -31
leaf_value=-0.016770111212511134 -0.052240478517432444 0.060750330552728861 0.071771112553790137 0.00070806169395701334 0.0071043494695528543 -0.0042061833543047484 -0.013129196527484384 0.06133219922885761 0.059964664175367548 -0.00043737606349704324 -0.0044222432901380674 -0.0015273593403427397 -0.0041132588097342734 0.1392993027745125 0.011024658816821053 0.016177147176698051 0.047970588650291773 -0.037591710822885108 0.015030468807307726 0.027339428513297265 0.019082062384045868 0.10669035961523238 0.01800190415508517 0.024252032106906227 -0.0029755411760436887 0.11104917156284655 -0.0098885822841047692 0.010973985259449842 -0.01764315211086943 0.0094754328825972598
leaf_weight=202.33655584603548 13.540665531530975 7.0264503285288802 5.8220073580741873 24383.548359472305 97.765736404806376 1111.9908372424543 416.61969559080899 10.012493614107369 7.7144633904099456 1350.3440812826157 2163.5170313119888 1284.9171199966222 279.76106174476445 5.5704267360270023 170.19001879915595 17.151430603116751 7.2441596612334251 29.561766572296619 47.934553880244493 32.130650915205479 10.771841436624525 8.8348607122898084 11.173919863998892 12.906145639717581 19.428835391998291 5.2772854864597312 80.912369452416897 263.60330926626921 110.24025744944811 93.873349972069263
leaf_count=7551 381 61 58 152834 962 12430 8561 97 94 10823 25329 12899 2828 60 1500 154 49 222 395 328 65 61 76 136 165 43 504 1667 920 991
internal_value=-2.00115e-05 1.91529e-06 -0.00478288 0.000221341 -0.00161848 -0.00278116 -0.00354594 0.0121421 0.00160808 -0.00397613 -0.00582817 0.00142086 0.00124699 0.00627383 0.0163733 0.0467504 0.0876707 0.00152471 0.00403492 -0.000528508 -0.0224559 0.0274379 0.0571622 -0.0009752 0.0223658 0.0494427 -0.00104321 0.00607424 -0.00280077 0.0131134
internal_weight=32261.7 32248.2 1414.02 30834.2 6450.61 1211.69 4038.26 107.778 2412.35 3930.48 2580.14 2404.64 2397.61 625.806 200.156 29.966 12.8146 425.65 385.317 1771.8 40.3336 67.9433 20.0088 317.373 37.6123 18.1834 1739.67 344.516 1395.16 99.6954
internal_count=242244 241863 21030 220833 67999 13479 45772 1059 22227 44713 33890 22133 22072 5754 1763 263 109 3991 3704 16318 287 532 137 3172 344 179 15990 2171 13819 1049
is_linear=0
shrinkage=0.05


Tree=70
num_leaves=31
num_cat=0
split_feature=7 16 0 5 16 20 1 17 19 3 17 12 14 18 20 18 11 13 18 22 14 21 14 2 6 19 14 3 19 6
split_gain=14.0245 12.5996 11.091 15.9421 13.9155 13.6039 14.0554 13.4475 11.8007 10.3266 11.0926 10.1204 9.83469 9.79322 9.66876 9.66119 9.52516 10.8154 9.99184 10.6882 9.35726 9.17846 11.5903 11.9803 9.71758 10.058 12.6746 11.9647 15.8665 10.6946
threshold=inf 0.16724351250360123 3.5000000000000004 6.9250000000000007 0.58032565090468546 18.500000000000004 1.5550000000000004 9.5000000000000018 0.27292670672073266 40.040000000000006 43.500000000000007 1.2116666666666676 16.729166666666675 0.038274577552822299 1.0000000180025095e-35 0.020511597070535154 -0.021666666666666941 1.2400000000000007 0.030492468944778087 0.38596538042426703 0.41416666666666663 0.14803723219711504 -6.1549999999999985 7.1050000000000013 3.5000000000000004 0.3886414827485461 4.5333333333333377 44.470000000000006 0.36356134428804965 1.5000000000000002
decision_type=8 2 2 8 2 2 2 2 2 2 2 2 2 2 2 2 10 2 2 2 2 2 2 2 10 2 2 2 2 10
left_child=1 14 21 4 5 6 7 -4 -9 10 20 -6 -8 15 -1 -13 18 -18 19 -17 -10 22 23 -3 25 26 -24 29 -29 -28
right_child=-2 2 3 -5 11 -7 12 8 9 -11 -12 13 -14 -15 -16 16 17 -19 -20 -21 -22 -23 24 -25 -26 -27 27 28 -30 -31
leaf_value=0.05279525728550355 -0.052127822413343267 -0.0029478535289849967 -0.0088881485995269405 -0.0053790448714497703 0.00011137311979463479 0.00266338386994097 -0.0038570780552308823 -0.025044435821381508 0.04944888805289991 -0.0010875947816904531 0.01025722445399539 0.0070440747153828025 0.008466453479824913 0.002839738510250787 -0.014480986055159071 0.029796125972218781 0.047800883783365521 0.00041669390848839859 0.020516549013208728 0.10118274334023986 0.1127776657086077 -0.00044246802416325826 0.0054327897214679526 0.0097396417805801876 0.00058833090653823898 0.0033691489399458097 0.07576646664560191 -0.019494398998375153 0.047517462822340741 0.028161577121311482
leaf_weight=5.4937727376818648 12.907412922941147 1842.9040689282119 31.045784388668835 1849.9696336835623 2797.6926113963127 1312.9489247780293 4624.3613003753126 7.6045850729569784 15.582019530236723 10.529276646673678 9.7555550336837751 261.7477728202939 167.76724662072957 1069.2118453457952 191.50611699279398 9.9328489601612109 16.072437345981598 48.028621517121792 24.532409094274044 11.105981439352034 9.3227868638932687 8392.3333273716271 173.83765676617622 206.95484246313572 3915.8656199686229 5145.3888865560293 17.370591141283512 22.692715331912041 14.462866216897963 36.774482317268848
leaf_count=57 381 11064 661 19291 23265 13860 49055 412 165 96 103 2112 1668 6051 3761 55 99 298 143 55 84 55639 1260 1040 23671 27261 118 164 93 262
internal_value=-1.95029e-05 1.35711e-06 7.88531e-05 -0.00110149 -0.00034258 -0.00185414 -0.00307057 0.0172249 0.0325808 0.042278 0.0554518 0.00186464 -0.00342564 0.00526946 -0.0126048 0.0122639 0.0247219 0.0122976 0.042198 0.0674797 0.0731552 0.000811901 0.00173726 -0.00166692 0.00248547 0.00385851 0.0133554 0.02844 0.00659007 0.043434
internal_weight=32255.7 32242.8 32045.8 12277.2 10427.2 6188.92 4875.97 83.84 52.7942 45.1896 34.6604 4238.32 4792.13 1440.63 197 371.42 109.672 64.1011 45.5712 21.0388 24.9048 19768.6 11376.3 2049.86 9326.39 5410.53 265.138 91.3007 37.1556 54.1451
internal_count=242244 241863 238045 117473 98182 66104 52244 1521 860 448 352 32078 50723 8813 3818 2762 650 397 253 110 249 120572 64933 12104 52829 29158 1897 637 257 380
is_linear=0
shrinkage=0.05


Tree=71
num_leaves=31
num_cat=0
split_feature=7 18 1 5 22 8 14 4 22 11 16 19 3 5 22 20 15 15 5 11 21 3 16 1 15 18 20 11 4 11
split_gain=13.3125 12.0135 15.3997 15.053 9.88457 9.744 14.618 11.5528 11.317 10.1079 10.0984 10.0105 9.66651 9.38994 8.69609 12.4356 13.2734 8.69303 10.4092 13.8922 9.81817 8.77157 8.8182 8.4013 8.72856 10.9915 11.2633 15.3338 10.219 11.8523
threshold=inf 0.0080003067807230474 3.7150000000000003 6.6050000000000013 0.22016203547954974 3.5000000000000004 13.259166666666667 21.230000000000004 0.35108561621039752 -0.013333333333334084 0.29015277054091576 0.64044404130839572 28.495000000000001 6.4750000000000005 0.17669786583434613 1.5000000000000002 0.15192110843781423 0.10623639577377934 6.8150000000000004 -0.0091666666666667656 0.64756819469220184 20.940000000000001 0.61671213899056798 4.955000000000001 0.10804134518550564 0.037202395695485314 3.5000000000000004 1.0000000180025095e-35 35.305000000000007 1.0000000180025095e-35
decision_type=8 2 2 8 2 2 2 2 2 8 2 2 2 10 2 2 2 2 10 10 2 2 2 2 2 2 2 10 2 10
left_child=1 2 3 -1 -4 13 8 10 12 -10 -8 -11 -7 -3 15 16 -14 18 -13 -20 -21 22 -19 24 28 26 27 -26 -15 -30
right_child=-2 5 4 -5 -6 6 7 -9 9 11 -12 17 14 23 -16 -17 -18 21 19 20 -22 -23 -24 -25 25 -27 -28 -29 29 -31
leaf_value=0.10589587394520149 -0.052020996251549184 0.048103297453822774 -0.0088898632056122924 -0.02573242435442058 0.00095477045358573545 -0.019215029668470288 -0.049820774659893791 0.0086901257840427439 0.0010128128215794727 -0.0030729367005253327 -0.002980715975586478 -0.0010934837592154018 0.018696980343557223 -0.0041229135881799195 -0.005657278945384047 -0.0083628240428088498 0.16170008092199795 0.0064456565342016856 0.06305803698683872 0.0092174196711045792 0.060556470624676839 -0.0022224831191761966 0.045047716148704786 0.00055524629058077517 0.10948296379043113 0.0052749467091984673 0.015677948802792194 0.0064330944172290338 0.018829653801828536 -0.0023205423751098361
leaf_weight=2.2177441157400599 12.302487374283372 10.543772671371697 437.72479206323624 105.36764848604798 610.72372569702566 145.67478574905545 12.669934051111339 630.51715161651373 4199.5602348856628 5643.6770069338381 125.35707282088697 196.51722051203251 3.5062352791428548 489.07082761451602 431.80063161812723 7.9094801247119904 3.0205870941281319 112.0618548989296 13.849677093327044 213.81402968615294 9.7367706894874555 1118.3979723826051 17.044710658490658 16446.24721904844 7.9050594083964807 857.40184660628438 112.70776442810893 6.6438332311809063 130.18688699603081 134.85178048536181
leaf_count=74 381 65 7029 4953 9238 3085 132 4904 29695 49448 950 1331 85 3181 8072 199 58 724 85 1428 61 7128 106 101724 102 5283 886 105 796 936
internal_value=-1.89586e-05 8.86916e-07 -0.00500394 -0.0230191 -0.00315534 0.00018704 -0.000865 0.00582191 -0.00128914 -0.000942839 -0.00728031 -0.00206404 -0.00803181 0.000932037 -0.00438103 0.0337926 0.0848782 0.00132233 0.00741819 0.014464 0.0114535 -0.00079798 0.0115419 0.000904687 0.0042099 0.00731013 0.0210224 0.0624247 0.000161844 0.00806843
internal_weight=32249 32236.7 1156.03 107.585 1048.45 31080.7 12885.1 768.544 12116.6 11524.7 138.027 7325.1 591.912 18195.6 446.237 14.4363 6.52682 1681.42 433.918 237.4 223.551 1247.5 129.107 18185 1738.77 984.659 127.257 14.5489 754.109 265.039
internal_count=242244 241863 21294 5027 16267 220569 107491 5986 101505 90006 1082 60311 11499 113078 8414 342 143 10863 2905 1574 1489 7958 830 113013 11289 6376 1093 207 4913 1732
is_linear=0
shrinkage=0.05


Tree=72
num_leaves=31
num_cat=0
split_feature=7 12 22 13 21 6 5 20 7 12 22 1 5 18 1 15 21 5 3 17 15 17 19 22 11 20 5 17 14 17
split_gain=12.6379 11.3098 11.3833 9.67051 8.89733 13.8138 9.67581 9.06699 8.95774 8.663 9.45557 8.31637 8.1655 7.98815 11.1587 20.1564 7.89369 14.3111 12.2628 12.9711 11.4509 9.66601 13.3308 12.0103 11.0685 8.90724 8.70119 12.0858 10.6545 8.65038
threshold=inf -1.4149999999999996 0.35377676805354158 -4.2008333333333328 0.080197288870793498 2.5000000000000004 6.6550000000000011 33.500000000000007 1.0000000180025095e-35 0.67166666666666719 0.22662647232471442 3.9450000000000007 6.4850000000000012 0.0032418154622099469 5.4050000000000011 0.13260212555182668 0.5770773527580273 6.8950000000000005 25.540000000000003 84.500000000000014 0.29836809847388007 108.50000000000001 0.80679845822511898 0.85118298835390382 -0.066666666666665972 41.500000000000007 6.9450000000000012 111.50000000000001 9.6999999999999993 4.5000000000000009
decision_type=8 2 2 2 2 8 8 2 10 2 2 2 10 2 2 2 2 10 2 2 2 2 2 2 10 2 10 2 2 2
left_child=1 2 -1 11 5 7 8 12 -7 10 13 -4 -3 14 15 -8 25 18 19 29 -20 22 23 -19 -23 -6 27 -26 -28 -18
right_child=-2 4 3 -5 16 6 9 -9 -10 -11 -12 -13 -14 -15 -16 -17 17 21 20 -21 -22 24 -24 -25 26 -27 28 -29 -30 -31
leaf_value=-0.015569231231755699 -0.051919682056324259 0.053812780552336938 0.016699632710178686 -0.0039259534199671889 0.0008968830555849685 0.0067770902171123684 0.011295218637284565 0.054454571086291974 0.055410904462108161 -0.0004188955401394029 -0.0040436369334597077 -0.034184631135993709 0.001196114975005688 -0.013742076316316826 -0.014380385541062538 0.19393024808550785 0.065793499806192188 0.037313147954638602 -0.0050332684874329807 -0.0076579904438118769 -0.021133142848351976 0.068154841342861566 -0.0096527778089754417 0.0026386504759434333 0.058625425661401991 0.027118750216322665 0.01358540114234694 -0.0035530811590647215 0.065391389416985149 0.010847316229527261
leaf_weight=195.91176639869809 11.724747336469589 7.3962811902165404 91.940486188977957 1106.422013591975 21932.703782539815 98.153417982161045 4.6891975011676541 8.0671951808035356 10.478894270956514 1349.8056687675416 2149.447875643149 8.7982511036097986 2397.984585840255 393.15796746313572 8.9690063893794996 2.2287711445242167 7.4668686762452117 31.481224402785301 1328.3522292226553 127.92486580461264 120.45697485655546 8.1289739981293661 208.51844901591539 120.80394825339317 8.2966530248522741 32.433796010911465 150.59828381240368 134.65603066235781 10.624755345284937 176.06537345051765
leaf_count=7551 381 61 962 12430 135285 962 104 94 97 10823 25329 87 22072 8252 158 47 50 197 9435 929 1107 58 1440 757 55 256 1029 939 72 1225
internal_value=-1.84983e-05 3.81353e-07 -0.0043899 -0.00257559 0.00020019 -0.00145438 -0.00325068 0.00153539 0.0114684 -0.0036598 -0.00536964 0.0122555 0.00135791 -0.0123375 0.0224218 0.070135 0.000636261 -0.00206577 -0.0044369 0.00456391 -0.00637185 0.00413503 -0.00143945 0.00980675 0.0105752 0.000935602 0.00903641 5.56199e-05 0.0169995 0.0130828
internal_weight=32243.7 32232 1403.07 1207.16 30828.9 6430.38 4016.93 2413.45 108.632 3908.3 2558.49 100.739 2405.38 409.045 15.887 6.91797 24398.5 2433.37 1760.27 311.457 1448.81 673.108 360.804 152.285 312.305 21965.1 304.176 142.953 161.223 183.532
internal_count=242244 241863 21030 13479 220833 67999 45772 22227 1059 44713 33890 1049 22133 8561 309 151 152834 17293 12746 2204 10542 4547 2394 954 2153 135541 2095 994 1101 1275
is_linear=0
shrinkage=0.05


Tree=73
num_leaves=31
num_cat=0
split_feature=7 16 6 18 19 5 4 14 22 5 3 12 14 16 2 14 13 3 20 17 19 19 20 15 1 1 22 13 2 12
split_gain=11.9987 10.795 10.0418 18.1221 10.5131 14.0462 10.1334 10.2083 16.3442 17.1233 12.461 17.4708 17.6168 16.0682 9.45602 9.20886 8.48013 10.1971 8.96228 8.93908 8.8376 12.799 8.45796 8.41858 8.38257 7.42355 13.7182 10.3329 8.90863 8.67721
threshold=inf 0.16724351250360123 5.5000000000000009 0.071799777156054664 0.67165360321069567 7.2650000000000006 46.310000000000009 0.81583333333333397 0.52718449816396296 6.995000000000001 34.490000000000002 -0.21333333333333246 1.8958333333333324 0.71689121907717779 4.8450000000000006 3.0499999999999994 -0.36083333333333328 25.060000000000006 28.500000000000004 165.50000000000003 0.91153458533919984 0.86060633825610255 1.0000000180025095e-35 0.10804134518550564 3.3350000000000004 1.4350000000000003 0.32667586892521261 -2.2591666666666659 1.3650000000000004 -3.5749999999999993
decision_type=8 2 10 2 2 8 2 2 2 10 2 2 2 2 2 2 2 2 2 2 2 2 2 2 2 2 2 2 2 2
left_child=1 22 25 -4 5 6 7 -5 9 10 11 12 -9 -12 -13 -16 18 20 -6 -19 21 23 -1 -18 -24 26 28 29 -3 -28
right_child=-2 2 3 4 16 -7 -8 8 -10 -11 13 14 -14 -15 15 -17 17 19 -20 -21 -22 -23 24 -25 -26 -27 27 -29 -30 -31
leaf_value=0.048114113292278396 -0.05182358053456948 -0.035096624766457966 -0.006882602788853537 -0.0042829824004608245 0.012187132313292354 0.066922107017451382 -0.018773338018258052 0.023140940566644713 -0.0034655754897906241 -0.022040868903796931 0.0096091398125829376 -0.03020254266932007 0.14596332976447421 0.07856837022127966 0.067857021226833514 -0.0032997319148047634 0.058413471072583489 0.0007390963819325835 0.065832170286970498 -0.025756800898476845 0.054574990005110874 -0.029387114617681582 -0.014861149400783417 0.012156787566398417 0.075266754892084758 0.00035693178475571403 0.0055877758490882265 -0.012952079706826259 0.099774961807756968 0.049522648822909528
leaf_weight=5.7202612012624732 11.173084525391458 15.754714990966024 1391.51625541877 1057.0758342109621 171.67705207318068 7.3823558688163748 87.531940586864948 5.0639216862618905 337.02423483505845 30.722901370376348 190.77654864825308 6.7175370603799847 6.8943729251623154 8.8387732468545419 11.170023158192636 7.6683770343661299 11.142072357237337 423.71812046319246 8.1555995270609838 34.418632172048092 12.600193426012991 17.118775345385075 185.02336205542088 83.929273508489132 2.6163567639887324 28038.845196113922 16.349072400480509 13.727977849543093 1.3275297973304976 35.950928583741188
leaf_count=57 381 998 16468 7997 1103 55 645 57 2094 260 1565 53 71 61 79 54 70 2590 53 206 90 115 3736 483 25 202165 142 139 83 349
internal_value=-1.80445e-05 -8.32385e-08 7.10149e-05 -0.0023028 0.000226492 -0.00190161 -0.00219203 -0.00131872 0.00386159 0.013081 0.0176314 0.0440708 0.0939523 0.0126626 0.02073 0.0388919 0.00512815 0.00219993 0.01462 -0.00125147 0.0148709 0.0104117 -0.0117786 0.0175779 -0.0136044 0.00040116 0.0153224 0.0256548 -0.0246152 0.0357885
internal_weight=32237.6 32226.5 32033.1 3911.14 2519.63 1756.87 1749.48 1661.95 604.877 267.852 237.13 37.5142 11.9583 199.615 25.5559 18.8384 762.76 582.927 179.833 458.137 124.79 112.19 193.36 95.0713 187.64 28122 83.1102 66.028 17.0822 52.3
internal_count=242244 241863 238045 34169 17701 12991 12936 12291 4294 2200 1940 314 128 1626 186 133 4710 3554 1156 2796 758 668 3818 553 3761 203876 1711 630 1081 491
is_linear=0
shrinkage=0.05


Tree=74
num_leaves=31
num_cat=0
split_feature=7 16 22 15 12 17 5 7 18 6 8 21 4 11 16 11 12 14 11 4 20 13 13 2 17 13 22 5 14 3
split_gain=11.393 10.3216 12.0398 11.0079 8.32244 9.88528 10.4039 8.10162 8.22194 7.89637 7.49086 14.4534 12.0812 9.82116 8.7835 8.77823 7.68586 14.085 12.9426 18.3454 9.40544 7.55203 13.9368 12.9401 7.28192 8.33665 9.7604 16.0632 8.26994 7.87629
threshold=inf 0.37914536817326983 0.3589966859399718 0.027777520233352324 -3.3241666666666663 41.500000000000007 6.9050000000000011 -1.0000000180025095e-35 0.050995398310351069 2.5000000000000004 4.5000000000000009 0.64756819469220184 35.145000000000003 0.033333333333332778 0.2844012843782619 0.030000000000000696 -0.10500000000000019 -1.3208333333333344 -0.031666666666665837 38.105000000000011 16.500000000000004 -1.1749999999999992 -1.9524999999999995 1.0000000180025095e-35 22.500000000000004 -4.1058333333333321 0.55042871446869868 6.8150000000000004 -9.5591666666666661 20.940000000000001
decision_type=8 2 2 2 2 2 10 10 2 10 2 2 2 8 2 10 2 2 10 2 2 2 2 2 2 2 2 10 2 2
left_child=1 2 3 -1 5 6 7 8 -4 -9 12 13 -6 15 -15 24 -14 -18 -19 -20 -21 22 23 -17 29 26 -26 -28 -27 -12
right_child=-2 -3 4 -5 10 -7 -8 9 -10 -11 11 -13 16 14 -16 21 17 18 19 20 -22 -23 -24 -25 25 28 27 -29 -30 -31
leaf_value=-0.03844862141526259 -0.05173241008373998 0.00032342062261018649 0.05793607585180123 -0.00834034826936122 -0.0025012789130012866 -0.006013761093043345 -0.024279758800537562 0.034116186837217365 -0.020195396952552652 0.10768742868265063 0.021813489723759325 0.043051987407588005 0.0020295687972089016 -0.00068410288060654278 -0.013868818146224985 0.072696491504301519 0.00096983629679819189 0.059224835365309807 -0.01581383555167433 0.027138005540354494 0.088497599886068548 0.0020216669202747051 0.12526501451123256 -0.044161132698815296 -0.0018277528724422042 -0.014583769548735687 0.059615299441360695 -0.0074485318383804289 -0.00069407443776775286 -0.012142847024677734
leaf_weight=33.414826188236475 10.646424509584902 28490.767314746045 6.8356268070638198 331.84090546425432 590.52929995581508 26.768562328070402 6.1668302677571765 6.8695993497967702 6.6359207779169083 7.7748769633471966 18.307747293263674 16.640949748456478 183.18504423648119 190.1239322014153 376.39535269886255 5.0392671525478381 77.802591629326344 26.643001191318035 25.131688818335533 35.402358405292034 7.5830287709832183 16.76648211851716 4.4141120165586463 4.4706761315464973 41.666759457439184 116.96684666723013 22.790213033556938 14.68033294379711 1278.9590733908117 254.09930976107717
leaf_count=1449 381 201013 60 9263 4090 298 63 51 60 68 181 108 1359 2391 3876 56 499 160 158 226 50 161 50 55 468 1161 186 124 11878 2301
internal_value=-1.76151e-05 -5.29535e-07 -0.00247236 -0.0110948 -0.00153745 0.0167552 0.0345335 0.0474333 0.0194495 0.0731758 -0.0018751 -0.0033814 0.00188369 -0.00371095 -0.00944403 -0.0018844 0.00916259 0.0167347 0.0296784 0.0181218 0.0379624 0.0246244 0.0518413 0.0177611 -0.00234997 -0.00096292 0.0148241 0.0333408 -0.00185791 -0.00986073
internal_weight=32235.3 32224.7 3733.91 365.256 3368.65 61.0514 34.2829 28.116 13.4715 14.6445 3307.6 2361.32 946.277 2344.68 566.519 1778.16 355.748 172.563 94.7601 68.1171 42.9854 30.6905 13.9241 9.50994 1747.47 1475.06 79.1373 37.4705 1395.93 272.407
internal_count=242244 241863 40850 10712 30138 600 302 239 120 119 29538 22996 6542 22888 6267 16621 2452 1093 594 434 276 322 161 111 16299 13817 778 310 13039 2482
is_linear=0
shrinkage=0.05


Tree=75
num_leaves=31
num_cat=0
split_feature=7 18 1 5 22 8 14 4 16 22 5 6 12 21 3 12 13 5 17 12 22 22 4 12 19 19 21 20 12 9
split_gain=10.8188 9.61875 12.7695 13.1128 8.85988 8.07072 13.0506 10.3776 9.49042 9.48821 12.9964 10.7355 9.27788 8.96141 10.7446 8.54601 8.95621 8.21818 8.02443 10.2496 14.0118 9.35721 9.30708 10.6027 10.5241 11.574 10.2445 10.0238 12.89 8.208
threshold=inf 0.0080003067807230474 3.7150000000000003 6.6050000000000013 0.22016203547954974 3.5000000000000004 13.259166666666667 21.230000000000004 0.29015277054091576 0.46499609505041722 6.8050000000000006 5.5000000000000009 -2.982499999999999 0.0098637742099475217 33.855000000000011 0.33249999999999963 2.4891666666666681 6.5450000000000008 150.50000000000003 -1.3483333333333327 0.27022471268330189 0.15879981774520383 31.595000000000002 -1.21 0.64044404130839572 0.55538648900636201 0.064751063793180533 24.500000000000004 -0.45666666666666672 2.5000000000000004
decision_type=8 2 2 8 2 2 2 2 2 2 10 10 2 2 2 2 2 10 2 2 2 2 2 2 2 2 2 2 2 2
left_child=1 2 3 -1 -4 -3 9 8 -8 10 -7 12 -12 14 -13 17 -17 -11 19 -14 21 -21 23 26 25 27 -22 -24 -29 -25
right_child=-2 5 4 -5 -6 6 7 -9 -10 15 11 13 18 -15 -16 16 -18 -19 -20 20 22 -23 24 29 -26 -27 -28 28 -30 -31
leaf_value=0.094344408657686771 -0.051645906097806407 0.00084212991658976194 -0.0083228905062594973 -0.024170979249169427 0.0010317671829557045 -0.00033628109849703379 -0.049120268625482903 0.0082123049426501213 -0.0028522439918530185 -0.025459877289784286 0.018406206093581904 -0.028777715714342296 -0.01580238514924592 -0.015409147691010995 0.12338346958900073 0.01061699957581199 -0.031857120535149781 -0.00055718582562145388 -0.022872086959035018 0.056573446422634566 0.080755396827445369 -0.02527193081729542 0.0037722098885780543 0.010115830533632263 0.061243109881285354 -0.023441862128374603 -0.0081127602932385134 0.0057601506231286341 0.087759921335350405 -0.012339801037057598
leaf_weight=2.3899533459916702 10.143726631067691 18211.252962943166 432.72150539048016 99.550652865320444 609.80432491470128 1511.8251058291644 12.160315848886965 633.85233476571739 125.12120934948325 33.255758915096521 42.367783765308559 2.1263971645385018 166.24009965360165 350.6357265599072 2.5532421711832285 249.45103190094233 13.061097756028174 8769.1985974237323 62.275936484336853 3.6508527286350718 6.6398832313716394 80.356714203953743 424.24796704947948 48.336173128336668 7.9184222668409339 37.770803019404411 6.3388099633157253 11.380182676017286 8.279168635606764 257.37250292673707
leaf_count=74 381 113078 7029 4953 9238 17972 132 4904 950 229 601 58 2600 5134 59 1448 73 62279 667 75 87 1807 4537 464 64 334 74 127 77 2739
internal_value=-1.71707e-05 -9.17619e-07 -0.0045026 -0.0213924 -0.00285107 0.000164861 -0.000793751 0.00551291 -0.00695064 -0.00119583 -0.00361794 -0.00688519 -0.0045616 -0.0144918 0.0542424 -0.000386149 0.00850373 -0.000651268 -0.00542981 -0.00440364 -0.00227997 -0.021715 -0.00026002 -0.00691017 0.00406868 0.00312878 0.0373521 0.0053896 0.0402928 -0.0087893
internal_weight=32232.3 32222.1 1144.47 101.941 1042.53 31077.7 12866.4 771.134 137.282 12095.3 3030.32 1518.49 1163.18 355.315 4.67964 9064.97 262.512 8802.45 1120.81 1058.53 892.291 84.0076 808.284 318.687 489.597 481.678 12.9787 443.907 19.6594 305.709
internal_count=242244 241863 21294 5027 16267 220569 107491 5986 1082 101505 37476 19504 14253 5251 117 64029 1521 62508 13652 12985 10385 1882 8503 3364 5139 5075 161 4741 204 3203
is_linear=0
shrinkage=0.05


Tree=76
num_leaves=31
num_cat=0
split_feature=7 16 6 18 19 5 3 5 13 3 17 20 4 15 0 19 19 12 4 4 22 20 1 11 21 13 10 20 22 18
split_gain=10.2743 9.23414 8.42952 15.7651 9.2569 12.1924 9.51576 8.26671 7.62575 9.09546 8.19613 7.61164 7.54295 8.03388 7.54549 7.54292 11.5731 7.94867 9.02701 7.45492 8.81347 7.38729 7.91753 9.91766 9.04263 9.816 7.95688 7.95005 7.56747 8.18188
threshold=inf 0.16724351250360123 5.5000000000000009 0.071799777156054664 0.67165360321069567 7.2650000000000006 29.640000000000004 7.0250000000000012 -0.36083333333333328 25.060000000000006 165.50000000000003 28.500000000000004 41.190000000000005 0.11779661932957501 2.5000000000000004 0.91153458533919984 0.86060633825610255 0.6600000000000007 33.260000000000005 34.07500000000001 0.55042871446869868 1.0000000180025095e-35 2.4850000000000008 -0.011666666666667156 0.10024621566392526 -4.5058333333333325 2.5000000000000004 2.5000000000000004 0.35377676805354158 0.12131646240141071
decision_type=8 2 10 2 2 8 2 10 2 2 2 2 2 2 2 2 2 2 2 2 2 2 2 10 2 2 2 2 2 2
left_child=1 21 -3 -4 5 6 7 12 11 15 -11 -6 -5 -14 -15 16 17 -10 -19 -9 -21 -1 24 -24 25 -23 -25 -27 -29 -30
right_child=-2 2 3 4 8 -7 -8 19 9 10 -12 -13 13 14 -16 -17 -18 18 -20 20 -22 22 23 26 -26 27 -28 28 29 -31
leaf_value=0.043887815516073236 -0.051563818616157477 0.00036584315896161869 -0.0064104846259869222 -0.0029452470424034629 0.011513997431079497 0.06107818727804866 0.00076853707540984126 -0.03945761683318133 0.029988780838854728 0.00066585839375195928 -0.024864436033608658 0.0600311288266843 -0.046830921716671241 0.019316392411249481 -0.022233987841481936 0.049918752067627664 -0.028484380835488071 0.022562543143840916 -0.022271555532859574 -0.027809845871107786 0.034884496729012664 0.055365769165868745 -0.0323863595863624 0.10010066577813521 -0.031895928061637151 0.072727865553087911 0.015713207905563822 -0.036341190431884586 -0.0090006644123478731 0.06774029296686053
leaf_weight=5.9397607445716849 9.6639843974262458 28128.749228614382 1379.9718024553731 509.39172960817814 172.87238632887602 7.6845408268272868 1105.4558404926211 34.950547881424427 51.042165823280811 424.05368210375309 33.953836314380169 8.4806121215224248 20.349124040454626 15.603711456060408 36.451021496206522 13.061246015131472 16.813714474439621 23.52232813835144 21.478832252323627 14.173747563734652 9.2732731401920301 5.86259626969695 6.5379399871453669 4.1608398267999283 59.455189935863018 2.7430174369364968 8.4993822965770942 26.529870313592255 66.523914530873299 3.6646036617457858
leaf_count=57 381 203876 16468 3867 1103 55 8049 273 305 2590 206 53 178 96 289 90 115 129 119 121 63 120 88 59 816 37 130 1463 1001 47
internal_value=-1.67915e-05 -1.32933e-06 6.38554e-05 -0.00211502 0.000238502 -0.00176412 -0.00204076 -0.00689173 0.00482673 0.00204519 -0.0012268 0.0137828 -0.00509165 -0.0201925 -0.00977902 0.0139465 0.00978336 0.0164827 0.00116345 -0.0248254 -0.0030143 -0.010994 -0.0127659 0.0176223 -0.0163063 -0.00750602 0.0434475 -0.0112119 -0.0135925 -0.00499395
internal_weight=32226.9 32217.3 32027.3 3898.58 2518.61 1753.33 1745.65 640.193 765.279 583.926 458.008 181.353 581.796 72.4039 52.0547 125.918 112.857 96.0433 45.0012 58.3976 23.447 189.917 183.977 19.1982 164.779 105.324 12.6602 99.4614 96.7184 70.1885
internal_count=242244 241863 238045 34169 17701 12991 12936 4887 4710 3554 2796 1156 4430 563 385 758 668 553 248 457 184 3818 3761 277 3484 2668 189 2548 2511 1048
is_linear=0
shrinkage=0.05


Tree=77
num_leaves=31
num_cat=0
split_feature=7 0 15 18 3 22 14 11 5 19 17 19 19 11 5 18 21 16 12 5 5 4 20 1 2 11 15 11 19 4
split_gain=9.75814 8.73812 14.2396 13.034 15.6625 13.0262 12.583 10.9211 10.3791 15.2102 10.8298 10.2478 10.1304 11.0401 9.91589 9.14544 13.1927 14.6324 9.932 9.10703 9.01025 8.98609 8.73497 15.7149 10.6691 8.34475 8.4456 9.49268 11.6028 9.68925
threshold=inf 2.5000000000000004 0.12089990794152009 0.2898604154831258 31.755000000000006 0.22271238614540054 -7.0700000000000012 0.010000000000000233 6.8850000000000007 0.80679845822511898 157.50000000000003 0.26225509827270871 0.86691090093341561 -0.049999999999999371 6.7650000000000006 0.27461564206601058 0.11338219749174237 0.35185348269401268 -0.25333333333333247 6.6950000000000012 7.1350000000000007 33.260000000000005 26.500000000000004 5.7750000000000012 5.5850000000000009 0.011666666666666272 0.25362267560216739 -0.083333333333332579 0.9333955044960166 36.455000000000005
decision_type=8 2 2 2 2 2 2 8 10 2 2 2 2 10 8 2 2 2 2 10 10 2 2 2 2 10 2 10 2 2
left_child=1 3 5 6 8 -3 -1 20 -5 10 -10 -8 -11 -14 25 -13 -17 -18 -19 -20 -4 -15 23 -16 -24 26 27 29 -29 -6
right_child=-2 2 7 4 14 -7 11 -9 9 12 -12 15 13 21 22 16 17 18 19 -21 -22 -23 24 -25 -26 -27 -28 28 -30 -31
leaf_value=-0.0025091136817425568 -0.05148591245440242 -0.014557992655758115 0.0013040374275113484 0.00052110323472828821 -0.027387805313209435 -0.0024233958414884762 -0.032247710703303754 -0.0016071417494243072 0.016364449585212985 -0.0084431120677936795 0.073706177457896663 0.0031230253380955652 0.045807686983171288 -0.0049158230609918458 0.001862736666819487 0.05499838005598004 0.047825989258342319 -0.02271597268659141 0.052039694839084008 0.004134992934691252 -0.036754932607250733 0.017080522283239748 0.023103882095214471 -0.0082011146094678241 0.001852912076546225 0.0042660989430402313 -0.014621341305335163 -0.0046346563597852086 0.020978982111136975 0.0013569781859691255
leaf_weight=1098.3649257682264 9.2062251791357976 232.04709576722234 8618.4416235974059 1847.8196105659008 86.965389646589756 4714.0758890733123 20.203424606472254 5552.0448234975338 209.31264946609735 142.95152799785137 8.5713727772235853 5951.8985624536872 18.435616254806519 100.46012545377016 994.87560624629259 18.797820538282394 21.15618371963501 28.826965779066086 11.866355359554289 60.52074670791626 15.579266157001255 86.333018347620964 77.483487702906132 635.80417130887508 248.42957761138678 175.77578170597553 305.44989860057831 841.6299818828702 46.665765479207039 44.22495224326849
leaf_count=6311 381 6885 60483 12877 615 47873 216 45761 1295 923 48 32800 138 717 6254 94 150 182 59 306 113 621 533 4577 1893 1216 2470 5783 358 312
internal_value=-1.63197e-05 -1.61098e-06 -0.000682566 0.000994211 -0.000754876 -0.00299269 0.00241819 0.000122883 0.00233576 0.00825941 0.0186202 0.00330347 0.00177582 0.00889379 -0.00291275 0.00342135 0.0159994 0.0100086 0.00210388 0.011988 0.00123536 0.00525056 -0.000567632 -0.00206117 0.00690518 -0.00597027 -0.0073283 -0.00514322 -0.00328907 -0.0176978
internal_weight=32224.2 32215 19132.2 13082.8 5871.19 4946.12 7211.63 14186.1 2413.88 566.064 217.884 6113.27 348.18 205.229 3457.3 6093.07 141.168 122.37 101.214 72.3871 8634.02 186.793 1956.59 1630.68 325.913 1500.71 1324.94 1019.49 888.296 131.19
internal_count=242244 241863 161115 80748 40630 54758 40118 106357 16619 3742 1343 33807 2399 1476 24011 33591 791 697 547 365 60596 1338 13257 10831 2426 10754 9538 7068 6141 927
is_linear=0
shrinkage=0.05


Tree=78
num_leaves=31
num_cat=0
split_feature=7 16 14 18 13 17 13 16 15 2 5 11 17 11 12 16 10 16 12 4 14 13 12 3 1 5 19 15 11 19
split_gain=9.26858 8.2453 8.3687 15.1658 12.0201 10.7036 10.4269 12.812 10.0924 11.8743 9.66336 9.65507 8.46011 8.28799 11.6257 8.93693 9.91752 9.49735 13.436 14.7071 10.7392 12.2557 8.70415 8.2684 11.1248 10.2699 17.9827 10.179 8.17266 8.32002
threshold=inf 0.16724351250360123 0.95749999999999968 0.51120446898422833 0.72999999999999987 129.50000000000003 0.79166666666666752 0.43574898800626555 0.11666636644345073 5.3750000000000009 6.6550000000000011 0.11333333333333374 74.500000000000014 -0.013333333333334084 1.6158333333333335 0.40793777766197331 1.5000000000000002 0.40136436925935981 -0.086666666666666656 35.145000000000003 5.7783333333333315 0.76083333333333336 -0.60333333333333317 36.275000000000013 7.3750000000000009 6.8950000000000005 0.68795893015687948 0.23964358410459069 -0.091666666666666327 0.22213310509515191
decision_type=8 2 2 2 2 2 2 2 2 2 10 10 2 8 2 2 2 2 2 2 2 2 2 2 2 10 2 2 10 2
left_child=1 -1 4 13 5 11 7 8 12 -10 -9 -3 -6 14 15 16 -4 18 22 -20 21 -21 -18 28 25 -25 27 -27 -8 -30
right_child=-2 2 3 -5 6 -7 23 10 9 -11 -12 -13 -14 -15 -16 -17 17 -19 19 20 -22 -23 -24 24 -26 26 -28 -29 29 -31
leaf_value=-0.010454022468430189 -0.051411966755214505 -0.0022926593739167329 0.0053603226851781276 -0.0036192599318436124 -0.0058209112764455104 0.0019393443138400576 -0.0100968634573827 0.042061705671633774 0.030607081030232949 0.11197611075782782 0.0030018464886519898 -0.018940381058238018 0.046309126922918553 0.00046142976721459108 -0.0048124185678101441 0.0047826148678943806 -0.0029953116227599739 -0.031311857954627431 -0.0028994113685681345 -0.014681711492968114 0.087363390901342722 0.065776719103300907 -0.020766582393683928 0.010850827627572779 -0.027984636825886977 -0.030903168381012831 0.029361828366790351 0.0099963874155846455 -0.009279462507747787 0.00057241885104579861
leaf_weight=187.58673853706568 8.7695099571719748 8624.1518657710403 344.01107560284436 1573.8623338490725 19.169389417394996 1642.696853726171 196.00059592351317 16.819429755210876 11.928563665598633 7.1838104203343383 270.42745111137629 87.982037402689457 13.102606266736982 6883.0983531260863 425.370232462883 3971.3589749019593 250.67648896947503 34.035337407141924 41.309652682393789 10.330539513379341 9.4515330269932729 8.7348764538764936 95.018697008490562 450.46834499575198 22.835233870893717 53.355905033648014 25.543888106942177 21.28023774176836 221.3937377538532 6690.0411134772003
leaf_count=3818 381 73087 2998 11682 155 12369 1274 107 91 54 1815 977 108 52718 2224 25158 2562 249 260 70 56 53 666 2909 149 375 157 138 2979 42605
internal_value=-1.59115e-05 -1.91806e-06 5.93117e-05 0.000997221 -0.000637304 -0.00176274 0.00081586 0.00940237 0.032397 0.0611914 0.00528895 -0.00246078 0.0153442 0.00159902 0.00310762 0.00381465 -0.00102945 -0.00591905 -0.00383913 0.0161661 0.0437845 0.0221806 -0.00787997 0.000437303 0.00621255 0.00763069 -0.00684893 -0.0192419 -2.86883e-05 0.000256834
internal_weight=32218 32209.2 32021.6 13647.3 18374.4 10354.8 8019.55 338.631 51.3844 19.1124 287.247 8712.13 32.272 12073.4 5190.3 4764.93 793.568 449.557 415.522 69.8266 28.5169 19.0654 345.695 7680.92 573.484 550.648 100.18 74.6361 7107.44 6911.43
internal_count=242244 241863 238045 98696 139349 86433 52916 2330 408 145 1922 74064 263 87014 34296 32072 6914 3916 3667 439 179 123 3228 50586 3728 3579 670 513 46858 45584
is_linear=0
shrinkage=0.05


Tree=79
num_leaves=31
num_cat=0
split_feature=7 0 3 12 9 12 4 21 14 2 18 3 18 14 21 16 15 19 11 11 13 22 18 4 4 5 19 4 19 17
split_gain=8.80422 8.02437 13.2092 16.0563 11.8278 11.5956 11.5613 12.2431 11.2338 10.9429 10.7097 13.6404 12.7921 11.2006 10.8954 11.4675 11.1631 10.6664 10.6485 10.5936 13.4613 10.0428 9.79534 10.0123 9.65743 9.49113 12.9222 10.5164 12.6745 15.0734
threshold=inf 2.5000000000000004 28.175000000000004 1.6158333333333335 2.5000000000000004 2.1883333333333344 32.270000000000003 0.17474450763203594 -5.1049999999999978 6.5450000000000008 0.2898604154831258 31.755000000000006 0.27461564206601058 -8.8049999999999962 0.11338219749174237 0.35185348269401268 0.32211306941871143 0.64732104055690798 0.068333333333332927 -0.025000000000000796 2.639166666666668 0.63704670738491742 0.029115903840893669 36.595000000000006 35.725000000000009 6.8950000000000005 0.80679845822511898 38.265000000000008 0.89271848075565929 89.500000000000014
decision_type=8 2 2 2 2 2 2 2 2 2 2 2 2 2 2 2 2 2 10 8 2 2 2 2 2 10 2 2 2 2
left_child=1 5 3 18 -4 10 -6 8 -8 -10 12 25 13 22 -14 17 -17 -16 -3 -15 -21 -9 -1 -24 -7 -12 -27 28 -28 -30
right_child=-2 2 4 -5 6 24 7 21 9 -11 11 -13 14 19 15 16 -18 -19 -20 20 -22 -23 23 -25 -26 26 27 -29 29 -31
leaf_value=-0.041090529880927623 -0.051341771839893503 -0.0031016439865609088 0.0019374293768225363 0.0063999557380671982 -0.0031564021520935175 -0.0029867880180384967 -0.0072163013686044972 -0.024574077427343799 0.00089698180604185797 0.011328553740834774 0.00079690913146494456 -0.0025055829568731958 0.048058553552477019 0.0058902283941885099 0.019547650780168117 -0.0014567544606692582 0.046843165722035646 0.089492862733314624 -0.012156777610063322 0.00082651885868626623 0.014566040067255231 0.036176983742792899 -0.0067633250273951041 0.0057453532330495397 -0.026486762801904526 0.01853322234733195 -0.012611492809587075 0.020107059131295943 -0.012814023679335219 0.025966780594558855
leaf_weight=17.072758238762617 8.3529331362806243 3992.6077115079388 5447.481966368854 419.97321136295795 3701.7022453779355 124.26547271758318 402.50482860021293 72.678936958312988 4456.3709841724485 266.43504492752254 1869.2097805142403 3388.8111333474517 23.140602193772793 1920.3464458175004 17.407257206737999 100.80609564483166 13.573587656021116 7.9352566450834265 353.40537537261844 4108.0512906350195 186.35898947715759 7.5052816048264495 502.57192045450211 234.67313107848167 67.447949938476086 196.74052672088146 137.80728317797184 64.191583268344402 41.713024370372295 62.747936919331551
leaf_count=121 381 35549 36499 2443 34456 827 3912 492 41621 2064 12969 23514 114 10040 124 557 66 53 4032 23466 910 47 2895 1351 447 1199 905 431 295 464
internal_value=-1.54959e-05 -2.18376e-06 -0.000655079 -0.00293583 0.000102166 0.000951879 -0.00102025 0.000498802 0.0008021 0.00148547 0.00113338 -0.000469956 0.00242856 0.00210485 0.0162806 0.0110176 0.00427506 0.0414489 -0.00383798 0.00280319 0.00142276 -0.0188877 -0.00364874 -0.00278168 -0.0112545 0.00243778 0.00853305 0.00211316 -0.00265452 0.010481
internal_weight=32213.9 32205.5 19120.7 4765.99 14354.7 13084.9 8907.2 5205.5 5125.31 4722.81 12893.2 5761.22 7131.94 6969.07 162.863 139.722 114.38 25.3425 4346.01 6214.76 4294.41 80.1842 754.318 737.245 191.713 2372.41 503.2 306.46 242.268 104.461
internal_count=242244 241863 161115 42024 119091 80748 82592 48136 47597 43685 79474 39777 39697 38783 914 800 623 177 39581 34416 24376 539 4367 4246 1274 16263 3294 2095 1664 759
is_linear=0
shrinkage=0.05


Tree=80
num_leaves=31
num_cat=0
split_feature=22 11 3 3 6 11 13 7 4 5 15 7 11 12 1 11 15 5 19 1 20 4 13 12 1 19 18 12 20 5
split_gain=8.46609 15.1766 11.3133 12.3104 15.9626 11.8162 12.5766 10.1462 11.4024 9.27381 8.86288 8.50699 19.8353 9.47815 9.34935 8.35382 7.55172 9.82034 10.606 7.46786 9.54618 13.3049 10.1883 6.94085 6.82539 6.68667 6.78976 6.6621 8.76491 13.2998
threshold=0.23068340416500532 0.021666666666666948 45.115000000000002 47.005000000000003 1.5000000000000002 -0.024999999999999908 0.82500000000000051 1.0000000180025095e-35 1.0000000180025095e-35 6.8350000000000009 0.30531648554350527 1.7500000000000002 -0.079999999999999613 0.43833333333333396 4.3750000000000009 -0.11266666666666623 0.29836809847388007 6.8150000000000004 0.18166637041699332 1.6950000000000001 37.500000000000007 36.045000000000009 -3.172499999999999 1.1383333333333332 5.4250000000000007 0.31923976494830547 0.051951751126962896 0.33249999999999963 21.500000000000004 6.7150000000000007
decision_type=2 8 2 2 10 8 2 10 2 8 2 10 10 2 2 10 2 10 2 2 2 2 2 2 2 2 2 2 2 10
left_child=1 2 7 4 -4 -6 -7 15 -9 -3 23 12 -10 14 -13 -1 17 18 -14 -17 27 22 -22 25 -16 26 -5 28 -21 -30
right_child=-2 9 3 10 5 6 -8 8 11 -11 -12 13 16 -15 24 19 -18 -19 -20 20 21 -23 -24 -25 -26 -27 -28 -29 29 -31
leaf_value=0.053569395219647591 0.00015662012136674001 -0.0036698212906532569 -0.0028489618041018547 0.0041985872283724418 0.14108017408843251 0.0025036174707961517 0.098857040740579036 0.083704749052953054 0.087548104742257646 -0.019672374250822376 -0.045909483314022753 0.097120648355172701 0.074266488922952095 -0.046092250344345255 -0.045185972380892774 -0.040366767215235591 0.046724894845717742 -0.031370614295475614 0.00076578301988083138 -0.012974924126516277 0.017308230604926332 -0.05184076223395942 0.19022547944872883 0.049034176312172835 0.029032847925126549 -0.032296677872457845 0.063869997214535734 -0.00052672782071881122 0.079815781550357456 8.183043049086074e-05
leaf_weight=6.1952744098380199 30824.626347270329 162.93041164241731 11.972658964805307 36.770526014268398 4.5691140769049525 7.1519283642992395 6.4326635971665382 5.350304363295435 8.9780983962118608 203.75799412513152 7.9590529426932326 2.6776748988777426 6.2470873771235373 12.807542882859705 5.8488694652914983 14.425242847763 10.072229176759718 16.917863375507295 22.897482861764729 294.17708714772016 1.4504220196977256 1.6904577054083345 2.0641685668379064 9.68043354898691 6.5855838358402252 10.710726123303173 5.4772968627512446 451.26524224132299 6.0087182940915218 40.353851461783051
leaf_count=61 218224 3284 152 686 69 163 69 68 105 4680 72 75 138 115 96 1031 100 278 295 6344 59 65 72 77 94 132 83 4565 125 867
internal_value=-1.51147e-05 -0.0038416 -0.000696582 0.0152088 0.0419673 0.0715243 0.0481295 -0.00244553 0.0127246 -0.012562 0.00379011 0.00864258 0.0185432 -0.0144471 0.0123721 -0.00427091 0.00750666 -0.00106898 0.0165205 -0.00471251 -0.0040672 0.0634244 0.118865 0.0101051 -0.00587791 0.0029891 0.0119348 -0.00451087 -0.00979044 0.0104156
internal_weight=32208.1 1383.43 1016.74 100.724 30.1264 18.1537 13.5846 916.013 98.3827 366.688 70.598 93.0324 65.1128 27.9197 15.1121 817.63 56.1347 46.0624 29.1446 811.435 797.01 5.20505 3.51459 62.639 12.4345 52.9585 42.2478 791.805 340.54 46.3626
internal_count=242244 24020 16056 1503 453 301 232 14553 1364 7964 1050 1296 916 380 265 13189 811 711 433 13128 12097 196 131 978 190 901 769 11901 7336 992
is_linear=0
shrinkage=0.05


Tree=81
num_leaves=31
num_cat=0
split_feature=7 16 22 15 11 20 12 17 5 10 3 6 15 2 18 6 11 1 19 14 3 18 21 17 15 22 4 3 13 21
split_gain=8.27247 7.45025 9.06536 10.2551 7.58766 12.1995 7.48973 8.3521 9.10261 7.47095 11.4771 7.3213 7.03998 7.77867 12.0579 11.9035 10.7854 8.94105 10.61 13.2784 21.4355 10.3667 9.50276 9.21026 8.86431 8.83696 8.1933 7.91997 9.45083 7.69773
threshold=inf 0.37914536817326983 0.3589966859399718 0.027777520233352324 -0.064999999999999933 20.500000000000004 -3.3241666666666663 41.500000000000007 6.9050000000000011 3.5000000000000004 37.655000000000008 2.5000000000000004 0.18953235330803078 3.9950000000000006 0.63801809931974762 2.5000000000000004 -0.0066666666666672638 3.3950000000000005 0.5071937356392221 -2.6183333333333301 36.275000000000013 0.046227888292088036 0.12397869164038071 91.500000000000014 0.067494191860835731 0.58444054737821405 20.055000000000003 36.785000000000004 1.6550000000000007 0.14526642156616962
decision_type=8 2 2 2 10 2 2 2 10 2 2 10 2 2 2 8 10 2 2 2 2 2 2 2 2 2 2 2 2 2
left_child=1 2 3 4 5 -1 7 8 9 10 -4 -11 13 14 -8 16 -15 18 19 25 21 -21 23 27 -22 -17 -24 -19 -29 -18
right_child=-2 -3 6 -5 -6 -7 12 -9 -10 11 -12 -13 -14 15 -16 17 29 22 -20 20 24 -23 26 -25 -26 -27 -28 28 -30 -31
leaf_value=-0.052595951981615076 -0.051264019713494959 0.00027206740039558113 0.11408294132588202 -0.0070896046348345289 -0.044741201516527253 0.16584925943591855 -0.0038201271725696591 -0.0052603524859310734 -0.023690998414560186 -0.029892040523457692 0.027789086714563496 0.045707099935710566 -0.033501741781894981 0.005904217178191961 0.065062913350000806 -0.024894520869319946 0.057159638210262424 -0.010095811985088845 -0.020642481055454454 0.036511903460978101 0.031551573813678506 0.11812941481104156 -0.020970183791773317 -0.021721872557331979 -0.035688858672440142 0.054506246210817733 0.0036942732738473143 0.0016139314652334606 0.050603928664719161 -0.0029321529192307028
leaf_weight=1.4347977386787563 7.8721886817365876 28490.005417600274 7.1025871038436916 323.02781890332699 28.297071962617338 1.1525521166622636 1856.5601196214557 26.406306810677052 6.0746365562081328 5.2298546805977812 8.4220924377441388 8.2615890316665155 17.23574011027813 463.00639570131898 6.3749261051416388 16.375879637897018 17.928964614868168 206.2842019572854 16.859022296965122 6.4881264008581665 15.334445014595987 9.7179353348910791 36.7470000423491 105.10197868198156 7.2041538134217253 4.4582496359944335 402.24227822199464 86.218928314745426 11.113478519022463 7.5834996476769438
leaf_count=44 381 201013 52 9263 1340 65 18081 298 63 44 61 82 118 3245 45 200 144 1934 132 76 168 101 277 1054 77 41 2934 781 80 50
internal_value=-1.48583e-05 -2.3283e-06 -0.00211048 -0.00972133 -0.0372472 0.0447119 -0.00130746 0.0159811 0.0319655 0.0436174 0.0672688 0.0164017 -0.00163034 -0.00146264 -0.00358441 0.00133542 0.00764815 -0.0020016 0.0143765 0.0242858 0.041595 0.0854537 -0.00347841 -0.0089648 0.0100591 -0.00790372 0.00162966 -0.00454873 0.00720764 0.0392975
internal_weight=32206.1 32198.3 3708.24 353.912 30.8844 2.58735 3354.33 61.4971 35.0908 29.0161 15.5247 13.4914 3292.84 3275.6 1862.94 1412.66 488.519 924.146 76.4378 59.5788 38.7447 16.2061 847.708 408.719 22.5386 20.8341 438.989 303.617 97.3324 25.5125
internal_count=242244 241863 40850 10712 1449 109 30138 600 302 239 113 126 29538 29420 18126 11294 3439 7855 795 663 422 177 7060 3849 245 241 3211 2795 861 194
is_linear=0
shrinkage=0.05


Tree=82
num_leaves=31
num_cat=0
split_feature=7 18 1 5 1 18 16 17 5 22 13 15 15 3 19 1 1 11 13 1 9 11 12 19 19 3 1 11 5 9
split_gain=7.85915 7.17467 10.4681 11.2424 8.03426 8.05403 12.4495 10.3787 13.604 9.32378 15.5207 9.2751 14.0486 15.7357 8.52872 8.46756 12.8059 10.8168 8.40437 9.75977 6.84456 10.6647 8.30356 7.815 8.07249 9.84843 9.48193 11.4563 7.95408 7.86288
threshold=inf 0.0080003067807230474 3.7150000000000003 6.6050000000000013 7.4250000000000007 0.005799633718846434 0.73282022095922417 31.500000000000004 6.7550000000000008 0.23759085277671491 2.8841666666666677 0.065765543412094132 0.055555040466704647 34.115000000000002 0.37767189280229857 6.0650000000000004 4.4150000000000009 -0.083333333333332579 1.9283333333333332 7.1350000000000007 1.5000000000000002 -0.0016666666666673711 -0.36666666666666686 0.37363871872070226 0.13625703835801919 17.535000000000004 4.955000000000001 -0.028333333333332874 6.7750000000000012 2.5000000000000004
decision_type=8 2 2 8 2 2 2 2 10 2 2 2 2 2 2 2 2 10 2 2 2 10 2 2 2 2 2 10 10 2
left_child=1 2 3 -1 5 9 7 8 -7 11 15 12 -4 -14 -9 16 -11 -18 -13 -20 21 -19 -22 24 -24 -26 -27 28 -28 -29
right_child=-2 -3 4 -5 -6 6 -8 14 -10 10 -12 18 13 -15 -16 -17 17 20 19 -21 22 -23 23 -25 25 26 27 29 -30 -31
leaf_value=0.083258277893335397 -0.05120131518839123 0.00013980320819534871 0.0049093194696165103 -0.022492144193172556 -0.03407712304282965 0.13317000407748678 0.069716346513929564 -0.0076888705441789289 -0.0068874770389356398 -0.0263769168469522 0.084055526577522466 -0.0061852846678727025 0.01877425274098429 0.21262509382012917 -0.033581279606916724 -0.0081005174031716209 -0.039725503761864317 -0.056399047014686045 0.0066202328047953981 0.072567157725096573 0.0036541523963698227 0.03402607103605771 0.0046638525993146756 -0.021928993295821854 0.12647458783474338 0.11159023339441408 0.1320276040264291 -0.021077907204774631 0.038021385231051807 0.039273745460291616
leaf_weight=2.5823392951861015 7.4971967553719869 31065.064414030872 9.5593521390110237 93.933301084674895 19.691778231412172 2.9314223881810895 5.0760244801640502 299.03215211257339 4.2436852976679802 15.404151985421775 7.038958277553319 402.86570952273905 2.1148924529552451 2.0729889720678329 35.588874623179436 53.671958010643721 6.4878750853240481 5.8761265836656094 71.116640625521541 6.0908643081784239 18.729889327660196 7.3259153440594655 9.3663991577923351 4.4490247629582873 4.428490597754716 5.1378807015717021 4.78300095349549 7.4209381788969173 4.2492541559040546 19.787061117589474
leaf_count=74 381 220569 230 4953 203 46 45 5042 76 392 65 6692 59 48 425 589 86 63 770 52 446 99 145 52 67 82 53 99 47 294
internal_value=-1.45376e-05 -2.61819e-06 -0.0039143 -0.0196627 -0.00244507 -0.0018313 -0.00801249 -0.00916684 0.0503336 0.00137851 0.0113257 -0.00212958 0.0383644 0.11473 -0.0104427 0.00826232 0.0160037 0.0226624 -0.00328915 0.0118228 0.0270835 -0.00622145 0.0326953 0.0418183 0.0469588 0.0556071 0.0480225 0.0390103 0.0878021 0.0228129
internal_weight=32203.6 32196.1 1131.06 96.5156 1034.54 1014.85 346.872 341.796 7.17511 667.977 174.157 493.82 13.7472 4.18788 334.621 167.118 113.446 98.0419 480.073 77.2075 91.554 13.202 78.3519 59.622 55.173 45.8066 41.3781 36.2403 9.03226 27.208
internal_count=242244 241863 21294 5027 16267 16064 5634 5589 122 10430 2579 7851 337 107 5467 2514 1925 1533 7514 822 1447 162 1285 839 787 642 575 493 100 393
is_linear=0
shrinkage=0.05


Tree=83
num_leaves=31
num_cat=0
split_feature=7 8 14 22 12 4 1 5 20 4 21 14 16 11 13 9 20 12 16 3 3 22 5 15 11 19 16 8 9 16
split_gain=7.55113 6.92466 11.8061 12.3359 10.5842 8.90033 8.58929 8.5495 8.85813 12.2319 8.06475 11.2436 7.97568 7.96106 8.60316 10.5117 8.18784 7.98237 10.2859 8.48809 10.0629 9.88352 7.93368 7.91852 7.80352 7.58849 11.5186 9.3622 10.6907 8.2336
threshold=2.2500000000000004 3.5000000000000004 13.259166666666667 0.35108561621039752 -2.5691666666666655 21.230000000000004 4.955000000000001 6.8950000000000005 37.500000000000007 28.605000000000004 0.0098637742099475217 -1.3208333333333344 0.29015277054091576 -0.013333333333334084 -3.8491666666666657 4.5000000000000009 35.500000000000007 -2.3091666666666657 0.18261889333309064 45.785000000000004 42.57500000000001 0.54175021843500981 6.4750000000000005 0.027777520233352324 -0.055000000000000153 0.38567161794168969 0.56191518473828461 2.5000000000000004 5.5000000000000009 0.27896790517182019
decision_type=8 2 2 2 2 2 2 10 2 2 2 2 2 8 2 2 2 2 2 2 2 2 10 2 10 2 2 2 2 2
left_child=1 6 3 4 -3 12 23 8 -6 -10 11 -9 -4 -5 17 -16 -17 18 -15 20 -19 -22 -8 -1 -14 26 27 28 -25 -27
right_child=-2 2 5 13 7 -7 22 10 9 -11 -12 -13 24 14 15 16 -18 19 -20 -21 21 -23 -24 25 -26 29 -28 -29 -30 -31
leaf_value=-0.047919936150913625 -0.015304074774503244 -0.027655035762836639 -0.04458926861307342 0.00096519087693257256 -0.0033028271133814127 0.0074844039702132593 0.04979044724461007 -0.028188600457407332 0.13626380878803743 0.010586654133294534 -0.015258649443091877 0.13574131925102101 0.028280206309766544 -0.0081356837354396704 -0.00055705381958824098 -0.0043610141091814303 -0.048220898426532745 0.002388660027137723 0.042981647807617804 -0.036863531709333111 -0.00067095986553450653 0.074244217640535293 0.00026997039605334221 0.017442821720837678 -0.0075586192878386114 0.039237568319508587 0.063046691721617101 0.0041602084765362327 0.084619298355444905 0.001946919559043725
leaf_weight=7.3336653262376776 80.549446627963334 56.382334417663515 12.436810687184332 4192.1652359962463 689.34157789405435 657.85252461116761 8.0919112302362901 2.0656150504946709 2.6519582169130427 7.1720652030780911 216.08259150478989 2.1190257389098397 17.594404742121696 14.917104993015526 4090.2890913262963 2802.9878949038684 10.681352142244576 310.72052616626024 28.92056380957365 12.898811914026735 7.9136494919657734 9.9232722967863065 17062.036558166146 101.93749028816819 111.08863994851708 14.965361334383486 10.014016449451445 295.9783053919673 6.2879413627088061 1358.6571218371391
leaf_count=55 1189 3355 174 29604 14677 5486 47 54 86 237 5053 46 120 200 31462 25329 114 2680 305 101 76 67 108777 858 918 89 111 2871 60 8043
internal_value=-1.43039e-05 2.40374e-05 -0.00085174 -0.00122963 -0.00662672 0.0050402 0.000639426 -0.0053372 -0.00263097 0.0445127 -0.0139272 0.0548225 -0.00635383 -0.00077093 -0.0017694 -0.00217519 -0.00452752 0.00550187 0.0255874 0.0029232 0.00448519 0.0410068 0.000293445 0.00392932 -0.0026585 0.004142 0.010074 0.00876165 0.0213458 0.00235319
internal_weight=32202.1 32121.5 13256.2 12457.2 975.815 798.972 18865.3 919.433 699.166 9.82402 220.267 4.18464 141.12 11481.4 7289.25 6903.96 2813.67 385.294 43.8377 341.456 328.557 17.8369 17070.1 1795.17 128.683 1787.84 414.218 404.204 108.225 1373.62
internal_count=242244 241055 120144 113446 23508 6698 120911 20153 15000 323 5153 100 1212 89938 60334 56905 25443 3429 505 2924 2823 143 108824 12087 1038 12032 3900 3789 918 8132
is_linear=0
shrinkage=0.05


Tree=84
num_leaves=31
num_cat=0
split_feature=7 0 3 12 12 9 4 21 14 2 18 3 18 14 19 11 21 16 15 18 22 4 18 4 14 11 13 3 5 12
split_gain=7.3536 6.69265 11.6888 14.2626 10.5365 10.0466 10.4297 11.2542 10.0989 9.72284 9.71532 12.3984 11.4018 10.03 10.078 9.64191 9.51557 10.0475 10.2186 9.09824 9.08226 9.04078 9.00684 8.91997 9.39249 8.91951 11.8389 9.11851 13.9418 10.3902
threshold=inf 2.5000000000000004 28.175000000000004 1.6158333333333335 2.1883333333333344 2.5000000000000004 32.270000000000003 0.17474450763203594 -5.1049999999999978 6.5450000000000008 0.2898604154831258 31.755000000000006 0.27461564206601058 -8.8049999999999962 0.26225509827270871 0.068333333333332927 0.11338219749174237 0.35185348269401268 0.2873006834688388 0.029115903840893669 0.63704670738491742 36.595000000000006 0.28044027035005509 35.725000000000009 8.9150000000000027 -0.025000000000000796 2.639166666666668 23.775000000000002 6.6350000000000007 1.6466666666666672
decision_type=8 2 2 2 2 2 2 2 2 2 2 2 2 2 2 10 2 2 2 2 2 2 2 2 2 8 2 2 10 2
left_child=1 4 3 15 10 -4 -7 8 -8 -10 12 -12 13 19 -15 22 -14 -18 -19 -1 -9 -21 -3 24 -6 27 -27 28 -16 -29
right_child=-2 2 5 -5 23 6 7 20 9 -11 11 -13 16 14 25 -17 17 18 -20 21 -22 -23 -24 -25 -26 26 -28 29 -30 -31
leaf_value=-0.040073749581827328 -0.051124549923813038 -0.0026021732454662412 0.0018013009638069882 0.0060315541926134371 -0.0084035086850890502 -0.0029576206620471812 -0.0068224568700070189 -0.023717780185404644 0.00089646387701445727 0.010698185919394263 0.0022809059869955766 -0.0024304716282258052 0.044668661486853695 -0.032365011146114953 0.071893999419439913 -0.01156658583143649 0.03843881347190635 -0.0042612058605475279 0.030980685918385521 -0.0064579004545536585 0.033537969414089271 0.0054229909806297917 -0.021597326535177271 -0.025579903897146528 0.031397496565260495 0.0009096957811138873 0.013761134920581003 0.0054911451400909105 0.013314920167501238 -0.012259114955127935
leaf_weight=16.615372851490974 7.0359683008864513 3916.6160845886916 5455.0719978865236 421.42408206686378 106.91220165044069 3689.6814394081011 399.86115429643542 71.593533616513014 4454.505601156503 268.2400314360857 2376.7705132812262 3385.3967453911901 23.608530014753342 20.510853819549084 11.073817700147627 349.49925719387829 25.97905969619751 87.747999504208565 26.866780400276184 500.80123651027679 7.6680475845932952 235.37800854817033 63.416544668376446 66.490858614444733 17.208805948495865 4096.4504672735929 187.4018576592207 1699.4682103842497 122.70560746639967 86.646863281726837
leaf_count=121 381 35173 36499 2443 723 34456 3912 492 41621 2064 16263 23514 114 227 59 4032 177 493 130 2895 47 1351 376 447 104 23311 909 8871 636 403
internal_value=-1.3993e-05 -2.82198e-06 -0.000599782 -0.00274934 0.000867841 0.000112056 -0.000924316 0.000517906 0.000807196 0.00145318 0.00104023 -0.000487129 0.00227263 0.00196613 0.00262542 -0.00360405 0.0152958 0.0103635 0.00399982 -0.00348503 -0.0181787 -0.00265923 -0.00290484 -0.0108018 -0.00288528 0.00274111 0.0014719 0.0055731 0.0181639 0.00463006
internal_weight=32198.6 32191.6 19097.6 4750.96 13094 14346.6 8891.55 5201.87 5122.61 4722.75 12903.4 5762.17 7141.25 6977.05 6224.26 4329.53 164.202 140.594 114.615 752.795 79.2616 736.179 3980.03 190.612 124.121 6203.75 4283.85 1919.89 133.779 1786.12
internal_count=242244 241863 161115 42024 80748 119091 82592 48136 47597 43685 79474 39777 39697 38783 34416 39581 914 800 623 4367 539 4246 35549 1274 827 34189 24220 9969 695 9274
is_linear=0
shrinkage=0.05


Tree=85
num_leaves=31
num_cat=0
split_feature=7 16 14 18 13 20 13 16 11 11 11 18 19 17 17 3 4 4 15 13 5 11 11 21 1 4 13 12 13 1
split_gain=6.98717 6.55993 6.5849 12.1871 9.24596 9.68674 9.49064 11.4642 10.7788 10.7197 9.28646 8.73228 7.25744 7.23803 8.03254 7.72277 10.3879 21.1931 10.6345 8.65817 8.41462 12.2865 8.67911 7.61855 7.58867 7.70266 7.51122 9.79049 9.24211 8.26226
threshold=inf 0.16724351250360123 0.95749999999999968 0.51120446898422833 0.72999999999999987 19.500000000000004 0.79166666666666752 0.40343019097198768 -0.0045000000000001697 0.026666666666666842 0.081666666666667456 0.70605918268089485 0.71929926987181148 158.50000000000003 160.50000000000003 33.855000000000011 41.355000000000011 45.845000000000006 0.11336015833920061 0.29916666666666686 6.6950000000000012 -0.019999999999999126 0.038333333333333559 0.62142827329493955 6.6550000000000011 25.800000000000001 0.091666666666667243 0.46000000000000024 -0.25999999999999951 6.4650000000000007
decision_type=8 2 2 2 2 2 2 2 10 10 8 2 2 2 2 2 2 2 2 2 10 8 10 2 2 2 2 2 2 2
left_child=1 -1 4 -4 5 10 7 8 -6 -10 -3 -9 -12 15 -15 16 18 -18 -5 24 21 -20 23 -22 26 -26 28 -28 29 -17
right_child=-2 2 3 13 6 -7 -8 11 9 -11 12 -13 -14 14 -16 19 17 -19 20 -21 22 -23 -24 -25 25 -27 27 -29 -30 -31
leaf_value=-0.009431328387212343 -0.051068869321373313 -0.0020616075909693165 0.0014197678080513922 0.054727085301487455 0.0028922774257300137 0.0011941397512371251 0.00034315705764383504 0.0043112475462205131 0.095993847741396687 0.021806451333890864 -0.013629055798616696 0.051963150878071997 0.010085455574752437 0.049670882934668814 0.0042364137649708918 0.0017958900137618654 0.085531337931551765 -0.011519152341222836 0.0022941150409713975 -0.0088626032600255793 -0.019699696461109081 0.081733475991366031 0.032079137176292342 0.016535472385487301 0.037126088931904826 -0.020884364806781401 0.0046856937523986316 0.047792106020566466 -0.015131031899610495 0.039130280791550141
leaf_weight=183.43732495326549 6.6999332094565025 7565.5054591102526 12091.861691451631 8.6177343577146512 13.787160672247408 2441.3307680552825 7685.3677375083789 297.16980835795403 10.218163475394251 9.3018302582204324 275.98419245798141 9.9355040863156301 36.532971553504467 10.54785420000553 125.14909967780113 247.27816880494356 11.341983251273634 11.160320989787577 17.877127431333065 788.38676600158215 81.470246307551861 6.6884567439556148 11.82033461332321 17.64853797852993 6.2941056191921225 62.984094090759754 40.894931279122829 19.431005880236626 82.686348609626293 15.763773337006567
leaf_count=3818 381 63496 87014 58 96 19455 50586 1980 84 90 3247 80 235 82 975 1666 85 79 139 6054 597 48 82 132 53 530 275 140 565 122
internal_value=-1.36298e-05 -3.00213e-06 5.10398e-05 0.000882263 -0.000567803 -0.00155773 0.00070502 0.00887467 0.0367368 0.0606415 -0.00241051 0.00585289 -0.0108569 -0.00326797 0.00776808 -0.00431496 0.00580297 0.0373978 0.000869958 -0.00564904 -0.00255521 0.023923 -0.00841837 -0.0132479 -0.000319023 -0.015614 0.0022905 0.0185703 -0.000550156 0.00403329
internal_weight=32193.2 32186.5 32003 13657.9 18345.1 10319.4 8025.78 340.412 33.3072 19.52 7878.02 307.105 312.517 1566.04 135.697 1430.34 166.625 22.5023 144.122 1263.72 135.505 24.5656 110.939 99.1188 475.332 69.2782 406.054 60.3259 345.728 263.042
internal_count=242244 241863 238045 98696 139349 86433 52916 2330 270 174 66978 2060 3482 11682 1057 10625 1220 164 1056 9405 998 187 811 729 3351 583 2768 415 2353 1788
is_linear=0
shrinkage=0.05


Tree=86
num_leaves=31
num_cat=0
split_feature=0 5 16 20 15 22 18 2 1 2 1 21 17 14 17 1 12 19 11 17 1 21 14 15 16 6 11 11 5 12
split_gain=6.63235 13.7966 9.76018 11.5791 9.27733 9.11105 8.85851 8.90868 11.1827 10.3945 9.17866 13.1687 9.49402 9.66564 9.04815 8.47956 7.94182 9.75293 7.92529 8.66288 10.2245 12.711 8.05854 7.89816 10.5932 15.9862 8.77267 8.47217 7.85041 7.78825
threshold=3.5000000000000004 6.9250000000000007 0.58032565090468546 18.500000000000004 0.3547734420439051 0.20269909611084763 0.18289866187924517 5.2350000000000012 5.245000000000001 4.7350000000000012 5.1050000000000013 0.077491595795590409 51.500000000000007 -13.434166666666664 12.500000000000002 1.8450000000000004 -3.1508333333333325 0.52447373997567204 -0.021666666666666053 44.500000000000007 4.7750000000000012 0.051718478883014452 -3.9350000000000009 0.23964358410459069 0.60714404850482528 2.5000000000000004 -0.025000000000000796 -0.0016666666666673711 6.5850000000000009 1.1925000000000001
decision_type=2 8 2 2 2 2 2 2 2 2 2 2 2 2 2 2 2 2 8 2 2 2 2 2 2 8 10 10 10 2
left_child=15 2 3 4 16 -3 7 9 10 23 12 -12 -9 -14 -10 -1 17 -2 19 -11 -21 -22 -20 26 27 -26 -7 -25 -5 -4
right_child=1 5 29 28 -6 6 -8 8 14 18 11 -13 13 -15 -16 -17 -18 -19 22 20 21 -23 -24 24 25 -27 -28 -29 -30 -31
leaf_value=-0.027618551286688532 0.0059318322743628664 -0.02748252412952722 5.7031267331817283e-05 0.040555257511367494 0.06839494522259551 -0.022066441867865553 -0.016392581410014304 -0.015440932708307828 0.022577045053194418 -0.048770340486420038 0.006260827536768267 0.07343727068500909 0.077189139197222603 0.011149454270592763 -0.003586216000841456 0.00059078419359660371 -0.0029432155005353748 0.056311331884261198 -0.036718168675267032 -0.032416986754024775 -0.006671405629173466 0.084944923530770544 -0.013545437208791287 0.011289967780657779 0.07249532713239315 -0.022004856771195874 -0.0030062837596822561 0.09963420288973153 0.0022399094446445252 0.0045464410648030839
leaf_weight=26.675468362867832 75.33485828153789 43.626736583188176 2759.8808814221993 13.503744535148142 4.5963881909847251 68.399253174196929 140.99523605406284 33.923194849863648 34.753737688064575 5.3068212140351561 15.405132658779623 13.858254283666609 6.0118829086422911 70.68605185020715 672.42812524363399 19815.258748140186 4811.3959224736318 11.010597556829451 54.7670395700261 6.0554060302674797 6.8030596375465384 8.5366333127021772 119.12458867020905 4.9315271303057671 5.8960846699774292 18.57172198407352 514.25116501934826 6.0346554070711118 1336.0673270784318 1486.3167570345104
leaf_count=312 1332 977 23032 130 33 858 986 401 278 52 210 105 80 823 5829 120810 52157 80 651 63 69 60 1341 45 39 165 7183 64 15033 9046
internal_value=-1.3321e-05 -0.000923079 -0.000221425 -0.00147785 -0.00260686 -0.00490393 -0.00435873 -0.00334014 0.000254623 -0.00705956 0.0131717 0.0380736 0.00658425 0.0163259 -0.00230045 0.00055286 -0.00267349 0.0123561 -0.0169492 0.00841304 0.0225967 0.0443136 -0.0208437 -0.00384997 0.0190694 0.000767151 -0.00524382 0.0599055 0.00262329 0.00162848
internal_weight=32190.4 12348.5 10498.1 6251.91 4902.34 1850.37 1806.74 1665.74 847.066 818.678 139.885 29.2634 110.621 76.6979 707.182 19841.9 4897.74 86.3455 200.594 26.7019 21.3951 15.3397 173.892 618.084 35.434 24.4678 582.65 10.9662 1349.57 4246.2
internal_count=242244 121122 100843 68765 53602 20279 19302 18316 7726 10590 1619 315 1304 903 6107 121122 53569 1412 2236 244 192 129 1992 8354 313 204 8041 109 15163 32078
is_linear=0
shrinkage=0.05


Tree=87
num_leaves=31
num_cat=0
split_feature=7 16 15 21 11 19 16 15 8 21 6 2 4 15 21 12 3 2 17 10 1 13 21 19 15 11 11 3 22 18
split_gain=6.52567 6.70087 10.1931 9.23386 6.39075 9.06621 6.02447 8.3946 7.58829 12.3206 10.2215 9.64589 9.13972 9.04723 11.4665 8.6893 12.8854 12.6286 11.8753 11.4146 9.79916 15.1004 9.51982 7.96627 7.33171 9.14881 7.10167 12.0768 7.07141 12.4357
threshold=2.2500000000000004 0.49146630684176512 0.15361993867854354 0.013626790832709611 -0.11266666666666623 0.21524076773614079 0.37914536817326983 0.18953235330803078 4.5000000000000009 0.64756819469220184 5.5000000000000009 7.0850000000000009 35.085000000000008 0.082505123658800875 0.12181706028588683 0.36333333333333268 33.915000000000006 1.9900000000000002 29.500000000000004 5.5000000000000009 3.6350000000000002 -3.5558333333333327 0.13805146769441329 0.054733309347078506 0.15480398002282481 -0.018333333333333975 0.033666666666666518 11.190000000000001 0.59121144401298198 0.097025840069557792
decision_type=8 2 2 2 8 2 2 2 2 2 10 2 2 2 2 2 2 2 2 2 2 2 2 2 2 10 10 2 2 2
left_child=6 2 4 -3 5 -2 7 8 11 10 13 12 24 23 -15 17 22 19 -18 20 -14 -22 -17 -10 26 -26 -1 -28 -29 -30
right_child=1 3 -4 -5 -6 -7 -8 -9 9 -11 -12 -13 15 14 -16 16 18 -19 -20 -21 21 -23 -24 -25 25 -27 27 28 29 -31
leaf_value=-0.0052266369408868934 0.083484101602294233 0.051713126174336745 0.07419050413205279 -0.029882290539617384 -0.035317251330139791 -0.0161883777103583 0.00026886729685707023 -0.035037364948741781 -0.032159705805615245 0.039114777237386156 -0.01065497629517111 -0.045387988572570218 0.00012456306552068071 -0.012322985957503869 -1.4493279221604244e-05 -0.018293460329947636 0.021220896174622712 0.00085110402185521392 0.084599833673265928 -0.019718783133887193 0.0071065588460349112 0.082688889176446845 0.034988663354832965 0.00064457572628893165 0.072668869756707041 0.0048967850538750458 0.062318451524037269 -0.003135572674196042 0.077113700757357587 0.0046271551034174933
leaf_weight=463.31610177271068 3.6348302951082569 3.7239578673616043 4.6124419970437875 50.309455717913806 10.46732998732478 6.1275551207363605 28421.91575334128 18.990184120833874 18.744809038005769 17.167641028761864 408.28258156310767 10.628127656877039 10.984049886465071 399.18690574541688 359.73652399331331 19.650677312165499 16.662093468010429 264.7853654846549 13.282639689743517 9.8949302379041892 10.2907836176455 18.46680631488562 14.62021593749523 1458.2272357288748 7.305396459996703 15.642021916806696 9.4876467455178481 91.083045095205307 8.2555833160877246 20.886994652450085
leaf_count=3414 66 74 69 639 276 65 200310 150 1370 108 5978 69 97 5115 2771 132 100 2039 81 83 80 147 87 17615 47 116 87 872 54 133
internal_value=-1.30533e-05 -0.0143772 0.00711603 -0.0242588 -0.00817718 0.0209227 2.22337e-05 -0.00187972 -0.00170799 -0.00310595 -0.00338007 0.00199307 0.00249937 -0.00205165 -0.00648865 0.00861272 0.0253732 0.00518966 0.049334 0.0283336 0.0402978 0.0556421 0.00443709 0.000228244 -0.00125847 0.0264723 -0.00233152 0.00800939 0.00372357 0.0251613
internal_weight=32186.4 78.8756 24.8422 54.0334 20.2297 9.76239 32107.5 3685.58 3666.59 2661.35 2644.18 1005.24 994.614 2235.9 758.923 378.638 64.2156 314.422 29.9447 49.6366 39.7416 28.7576 34.2709 1476.97 615.977 22.9474 593.029 129.713 120.226 29.1426
internal_count=242244 1189 476 713 407 131 241055 40745 40595 32957 32849 7638 7569 26871 7886 2846 400 2446 181 407 324 227 219 18985 4723 163 4560 1146 1059 187
is_linear=0
shrinkage=0.05


Tree=88
num_leaves=31
num_cat=0
split_feature=22 11 14 19 5 16 19 1 21 11 21 7 22 19 4 1 12 5 18 1 22 9 21 22 11 17 12 1 14 17
split_gain=6.25157 13.1191 9.39802 8.6516 7.50416 7.39634 7.7393 7.7902 8.91081 6.95694 7.50332 17.9806 25.1321 6.85608 6.69777 11.7071 8.96493 6.58154 8.43166 9.89339 7.61631 8.90153 8.45194 7.60093 10.85 7.57904 13.9411 7.76021 17.1062 26.4071
threshold=0.23068340416500532 0.020000000000000909 5.7783333333333315 0.34442420604192908 6.8350000000000009 0.59148488776704389 0.17943641980165195 6.705000000000001 0.01798962058475773 0.048333333333333346 0.016625604867872453 -1.0000000180025095e-35 0.19774636513491473 0.31480690268214423 36.245000000000012 6.1150000000000011 0.34166666666666706 6.8150000000000004 0.0080003067807230474 6.6350000000000007 0.20046543361971256 4.5000000000000009 0.028688189199123325 0.2241441562444042 -0.0016666666666673711 13.500000000000002 0.36333333333333268 4.9150000000000009 -1.5183333333333333 33.500000000000007
decision_type=2 8 2 2 8 2 2 2 2 10 2 8 2 2 2 2 2 10 2 2 2 2 2 2 10 2 2 2 2 2
left_child=1 2 17 5 9 13 -7 14 -9 -3 11 12 -11 -4 16 -16 -8 18 -1 20 -20 22 23 25 -25 26 -22 28 -27 -30
right_child=-2 4 3 -5 -6 6 7 8 -10 10 -12 -13 -14 -15 15 -17 -18 -19 19 -21 21 -23 -24 24 -26 27 -28 -29 29 -31
leaf_value=-0.0065728191520145057 0.00013408368136001256 -0.010459980430974073 0.0029780203443494045 -0.010292489388091153 -0.017850192807357806 0.079771281994403642 0.068123411597293473 0.029226106663197748 -0.034979327049985083 -0.018358839965247283 0.0019244665027675423 -0.039856288116453906 0.17392832533731936 0.059697381683811085 0.0026020787639050376 0.09830788528369451 0.0018374761506478314 -0.0088954871336202352 -0.001405284682975169 -0.0091162820634155331 0.009611557835249647 -0.0018055864091234362 0.093393418699649511 -0.026888254959319621 0.060993130301179505 -0.014554033451601956 0.12684855908352463 0.016936256147685538 0.025118232188000873 0.24113645227006236
leaf_weight=218.93567642197013 30815.451034914237 115.34121211245656 108.46965014189482 48.22941629961133 202.07666219817474 6.2221562042832366 6.956696309149268 10.796867839992048 10.819077026098965 2.86446588113904 42.392679550684988 3.7473843153566104 4.1775576025247574 5.6030829660594454 5.086871873587369 8.5928588360548002 19.120942801237106 292.32405735179782 62.383779960684478 70.8659308552742 4.7528111599385721 33.896078990772367 4.7200808124616733 13.468818925321104 4.7510964907705775 3.9007973074913025 5.4359916374087334 46.984236851334572 3.1808618474751693 2.5480366665869951
leaf_count=3832 218224 2257 2183 473 4802 66 109 97 104 69 915 84 90 69 60 80 169 4992 994 695 86 723 71 154 70 80 55 532 59 50
internal_value=-1.27769e-05 -0.00331938 -0.000336378 0.00853249 -0.0113528 0.0135302 0.0266362 0.0212492 -0.00290959 -0.00356172 0.0113992 0.0486264 0.0957122 0.00576399 0.0343843 0.0627192 0.0195205 -0.00299073 0.000636883 0.00678142 0.0128377 0.0200242 0.0282694 0.024654 -0.00397196 0.0324615 0.0721606 0.0253169 0.0662066 0.121196
internal_weight=32184.1 1368.65 998.046 229.898 370.6 181.668 67.5955 61.3733 21.6159 168.523 53.1821 10.7894 7.04202 114.073 39.7574 13.6797 26.0776 768.148 475.824 256.889 186.023 123.639 89.7427 85.0227 18.2199 66.8027 10.1888 56.6139 9.6297 5.7289
internal_count=242244 24020 15803 3410 8217 2937 685 619 201 3415 1158 243 159 2252 418 140 278 12393 7401 3569 2874 1880 1157 1086 224 862 141 721 189 109
is_linear=0
shrinkage=0.05


Tree=89
num_leaves=31
num_cat=0
split_feature=6 18 5 3 16 16 5 19 5 4 5 16 14 22 3 22 4 21 19 19 10 1 13 13 17 1 1 12 11 3
split_gain=6.0129 13.4932 7.80866 9.37794 8.97121 8.72478 12.294 7.79202 10.5955 9.57955 8.36864 8.44191 7.9635 13.2609 10.6047 17.1406 7.91581 8.45291 7.40662 10.0176 9.80837 8.44368 7.3132 8.25497 9.93365 8.82213 7.52401 6.9084 9.36022 8.77691
threshold=5.5000000000000009 0.071799777156054664 6.9050000000000011 60.135000000000012 0.36405790460061427 0.45932759078553015 7.1650000000000009 0.67165360321069567 7.2650000000000006 46.310000000000009 7.0250000000000012 0.75000295238667047 1.9700000000000009 0.51086016211890939 34.490000000000002 0.46888892097740259 24.735000000000003 0.094828872233491499 0.44554102016515951 0.35196417721358442 1.5000000000000002 4.6350000000000007 -0.36083333333333328 2.4425000000000012 64.500000000000014 7.4450000000000012 7.2950000000000008 0.97333333333333416 0.10083333333333312 46.520000000000003
decision_type=8 2 8 2 2 2 10 2 10 2 8 2 2 2 2 2 2 2 2 2 2 2 2 2 2 2 2 2 8 2
left_child=-1 2 -2 4 -4 6 -6 8 9 10 11 12 -3 14 15 -14 -12 -18 19 -16 -21 -22 -9 25 -25 26 27 28 29 -24
right_child=1 7 3 -5 5 -7 -8 22 -10 -11 16 -13 13 -15 18 -17 17 -19 -20 20 21 -23 23 24 -26 -27 -28 -29 -30 -31
leaf_value=0.00024129144419144833 -0.002954756755424105 -0.0026397733280425378 -0.025069496832189217 0.060261648886976299 1.5052112930311526e-05 -0.012970288615838413 0.087621999546885918 0.013227267666334731 0.055993332594351512 -0.018000931966778263 -0.039337108312312241 0.038849148800937761 0.01070017970706515 -0.0016172939570760097 -0.0037331947300471495 0.10194362909746238 -0.032475036306698638 0.00032001818446801469 0.0034077295047105815 0.070594964466208318 0.066911837009426253 -0.0010585667470693915 0.007768864713436345 -0.0069027956816297273 0.032431852408294236 -0.035953820279381023 0.046142584217723222 -0.010501825676196501 -0.019841972474688063 -0.032293967859772323
leaf_weight=28278.76119955536 872.78027282468975 1051.995706634596 96.921625034883618 4.6072951201349488 119.21447730530053 283.68156026303768 4.1437653340399256 183.51483549922705 7.9720820784568778 86.517355218529701 23.423079529777169 13.938452254980801 12.2412745654583 277.65926133468747 19.024395048618317 8.8815084323286992 25.619253199547529 84.307754456996918 103.45825918763876 15.933787152171133 6.4887445308268097 15.444544058293102 319.03100456297398 25.335864067077637 43.797783188521862 16.859709449112415 8.9922406226396543 118.9224499091506 38.981561094522476 14.282979875802992
leaf_count=207021 10562 8035 1763 52 1534 3413 49 1162 56 658 186 87 111 1725 218 64 275 595 772 148 69 128 1951 157 257 101 55 712 241 87
internal_value=-1.26442e-05 -0.00185205 -0.00582441 -0.0107492 -0.0113983 -0.00814307 0.00295788 0.000323152 -0.00151828 -0.00178103 -0.000934862 0.000115413 -0.000241862 0.00525241 0.0157633 0.0490654 -0.0129464 -0.0073231 0.0113764 0.0258676 0.0407391 0.0190498 0.0045167 0.0017898 0.0180166 -0.000379765 0.000819267 -1.04216e-05 0.00334085 0.00605212
internal_weight=32182.7 3903.97 1381.35 508.569 503.961 407.04 123.358 2522.62 1752.91 1744.93 1658.42 1525.07 1511.13 459.132 181.473 21.1228 133.35 109.927 160.35 56.8915 37.8671 21.9333 769.718 586.204 69.1336 517.07 500.21 491.218 372.296 333.314
internal_count=242244 35223 17373 6811 6759 4996 1583 17850 13127 13071 12413 11357 11270 3235 1510 175 1056 870 1335 563 345 197 4723 3561 414 3147 3046 2991 2279 2038
is_linear=0
shrinkage=0.05


Tree=90
num_leaves=31
num_cat=0
split_feature=7 11 16 15 22 21 18 15 19 5 2 5 22 4 0 3 12 21 14 2 19 11 11 11 4 3 3 17 15 17
split_gain=5.96987 6.26553 6.94784 9.12347 6.1799 10.5189 5.52609 9.98422 7.70109 9.99657 6.80473 8.25881 7.66942 6.17266 6.01529 9.80324 13.265 8.65825 11.1397 14.3534 12.7168 17.9827 10.3477 13.6395 9.4226 10.6995 15.2251 11.3018 11.068 10.4494
threshold=2.2500000000000004 -0.03666666666666573 0.49146630684176512 0.15361993867854354 0.37113961292804654 0.021860507868443652 0.7990243841053889 0.31040688640909336 0.94283923258707569 6.8950000000000005 7.8850000000000007 6.7950000000000008 0.82945796685263484 36.380000000000003 2.5000000000000004 28.175000000000004 1.6158333333333335 0.57972316890582365 -2.8283333333333345 5.5050000000000008 0.9333955044960166 -0.018333333333333975 0.065000000000000849 0.055000000000000167 40.920000000000009 40.865000000000002 40.355000000000011 130.50000000000003 0.21995315315807876 72.500000000000014
decision_type=8 8 2 2 2 2 2 2 2 10 2 10 2 2 2 2 2 2 2 2 2 10 8 10 2 2 2 2 2 2
left_child=6 2 3 4 5 -2 14 8 9 13 11 -9 -13 -8 17 16 -16 24 -19 20 -20 -22 23 -21 -1 26 -26 28 29 -27
right_child=1 -3 -4 -5 -6 -7 7 10 -10 -11 -12 12 -14 -15 15 -17 -18 18 19 22 21 -23 -24 -25 25 27 -28 -29 -30 -31
leaf_value=0.00091089587844863772 -0.033543488155566674 -0.052613506011919088 -0.019554943522977514 0.078594725499113102 -0.041692355256756158 0.063138727641597378 0.00027620837045141234 -0.0043908207995419814 -0.030933401780246617 0.047047835221980645 -0.028300972238545438 0.066759709965813666 0.01198873127095141 -0.040507697152786265 -0.0033030964962634038 0.00015648549670651743 0.0060016327695661528 0.0029381730586680197 -0.0012414437847882486 -0.0096620917195503128 -0.0079172330708341745 0.06422394673568449 -0.053338027114174229 0.055253204709562478 0.0068761395555602808 0.0097755431369251147 0.060284830515953486 0.016319426101642689 -0.02433825379016382 -0.014161040744179463
leaf_weight=9183.9904403649271 5.0570908803492838 9.1853929408825916 46.796750996261835 4.433760028332471 6.2288730368018141 6.3407212942838669 26.59867300838232 32.262021131813526 57.304112367331982 8.0389781072735769 12.216827027499674 10.398320294916632 16.586821965873241 14.246852062642573 4293.6426456095651 14286.186397734098 420.55461025238037 785.56116446107626 782.11269502341747 665.19291319698095 16.554794669151306 18.064213961362839 13.343045674264429 8.1914084851741773 1122.0176377296448 100.61797399818897 13.504307594150303 61.67687464505434 70.771269597113132 83.373573210090399
leaf_count=54487 106 426 463 48 57 89 228 301 492 65 116 87 151 121 39379 118508 2425 5505 5131 5100 130 130 94 58 6649 582 82 346 399 489
internal_value=-1.23735e-05 -0.0138245 -0.0086501 0.0144823 -0.00164431 0.0202418 2.12038e-05 -0.00877283 -0.0184969 -0.00391829 0.00567613 0.0126822 0.0330939 -0.0139492 7.01393e-05 -0.000495923 -0.00247302 0.00090228 -0.00188727 -0.00440857 7.11837e-05 0.0297261 -0.00973639 -0.00887243 0.00150263 0.00524551 0.00751131 -0.00288516 -0.0075345 -0.00107103
internal_weight=32181.1 78.0426 68.8572 22.0604 17.6267 11.3978 32103 177.653 106.189 48.8845 71.464 59.2472 26.9851 40.8455 31925.4 19000.4 4714.2 12925 2289.02 1503.46 816.732 34.619 686.727 673.384 10636 1451.96 1135.52 316.44 254.763 183.992
internal_count=242244 1189 763 300 252 195 241055 1561 906 414 655 539 238 349 239494 160312 41804 79182 16148 10643 5391 260 5252 5158 63034 8547 6731 1816 1470 1071
is_linear=0
shrinkage=0.05


Tree=91
num_leaves=31
num_cat=0
split_feature=16 20 1 21 11 13 20 11 22 18 17 7 20 14 14 15 2 22 11 3 3 6 11 12 7 3 14 21 15 7
split_gain=5.61307 6.64763 7.09159 9.25762 8.90861 8.45592 6.97208 6.93672 6.62444 7.27563 6.46724 7.32741 5.97787 9.84685 9.30061 5.90195 10.5801 5.54967 11.5879 8.63184 10.0169 11.4813 10.0929 10.6459 9.75146 10.3402 11.5748 15.3221 8.18566 7.84177
threshold=0.16724351250360123 1.0000000180025095e-35 2.4850000000000008 0.10024621566392526 -0.011666666666667156 -4.5058333333333325 2.5000000000000004 -0.010000000000000229 0.35377676805354158 0.12131646240141071 78.500000000000014 -1.0000000180025095e-35 43.500000000000007 8.06666666666667 12.470000000000006 0.25120844562037409 6.8450000000000006 0.23068340416500532 0.024999999999999915 45.115000000000002 47.005000000000003 1.5000000000000002 -0.024999999999999908 0.22 1.0000000180025095e-35 37.655000000000008 -2.9624999999999999 0.021246329734742522 0.30531648554350527 0.75000000000000011
decision_type=2 2 2 2 10 2 2 8 2 2 2 10 2 2 2 2 2 2 8 2 2 10 8 2 10 2 2 2 2 10
left_child=1 -1 3 5 -4 7 -7 -3 -8 -10 11 -6 17 15 -15 16 -14 18 19 24 21 -21 -23 -24 -2 26 -26 29 -22 -28
right_child=12 2 4 -5 10 6 8 -9 9 -11 -12 -13 13 14 -16 -17 -18 -19 -20 20 28 22 23 -25 25 -27 27 -29 -30 -31
leaf_value=0.043034131734942353 -0.0038683572986402829 0.11320252812377488 -0.030888989778867212 -0.030308603900543515 0.026656298880898197 0.068713972907034723 -0.034061599803289586 0.0047971639507620144 -0.0070882349526596644 0.064486278940956931 -0.008089173915371943 0.1201633125607191 0.014666646201096104 0.12438267518152112 0.0079763571585651193 -0.0090130094784986025 0.12697378029263426 0.00014900955517287232 -0.011470200072000766 -0.0024348278505421286 0.0087201495258844436 0.12065105730242449 -0.0079592490062968223 0.077173886462833519 0.0010735943147801529 -0.014907977452184425 0.043720972300602831 0.092792293023911634 -0.045366892483872656 -0.0093076230095274007
leaf_weight=5.9829344972968093 822.48148146085441 2.6436443962156773 6.2069209991022971 56.199000526219606 4.8243910437449813 2.8272147476673117 23.223498987033963 3.3401587959378949 64.03436041623354 3.7589579857885829 4.2749097347259513 3.7033369392156583 16.554675149731342 3.8632213901728383 3.0871385065838695 22.406574480235577 2.4012588486075392 30605.531140992884 318.18114498956129 11.853827989660205 63.802841080352664 5.0666968580335379 6.6689273510128286 8.1719920784234983 34.51133631542325 25.194802669808269 17.023245342075828 10.40240824408829 7.8567248806357375 11.807018395513294
leaf_count=57 12979 47 88 816 71 37 1475 76 1001 47 64 54 460 69 52 191 17 214873 6946 146 961 66 158 77 499 319 236 134 74 154
internal_value=-1.21295e-05 -0.00879189 -0.0105634 -0.0140762 0.0182697 -0.00493809 -0.00861269 0.0526907 -0.0110147 -0.00311962 0.0421027 0.0672636 3.75412e-05 0.0176121 0.0726785 0.00835897 0.0288932 1.09649e-05 -0.00313487 -0.000547015 0.0131497 0.0365231 0.0597202 0.0389184 -0.00208435 0.0127461 0.0221942 0.0407732 0.00279007 0.0220039
internal_weight=32177.9 181.019 175.036 156.027 19.0096 99.8278 93.844 5.9838 91.0168 67.7933 12.8026 8.52773 31996.9 48.3129 6.95036 41.3625 18.9559 31948.6 1343.02 1024.84 103.421 31.7614 19.9076 14.8409 921.42 98.9388 73.744 39.2327 71.6596 28.8303
internal_count=242244 3833 3776 3499 277 2683 2560 123 2523 1048 189 125 238411 789 121 668 477 237622 22749 15803 1482 447 301 235 14321 1342 1023 524 1035 390
is_linear=0
shrinkage=0.05


Tree=92
num_leaves=31
num_cat=0
split_feature=7 11 16 15 22 21 14 18 13 11 19 11 5 18 11 13 12 22 4 20 18 2 13 22 5 15 11 11 1 18
split_gain=5.50379 6.02831 6.24716 7.45637 5.66892 9.23774 5.33036 10.7623 8.98348 11.7349 9.39114 11.6179 9.7835 8.82624 7.98825 7.92356 16.0983 13.9991 8.99609 7.79812 7.67991 11.4318 7.51616 8.66939 7.48141 7.31175 7.17011 11.5659 8.06647 8.30487
threshold=2.2500000000000004 -0.03666666666666573 0.49146630684176512 0.15361993867854354 0.37113961292804654 0.025843835972520917 0.95749999999999968 0.51120446898422833 0.47666666666666674 -0.091666666666666327 0.60627073550613464 -0.044999999999999478 7.1850000000000014 0.28044027035005509 0.074999999999999747 -3.4108333333333327 -2.839166666666666 0.39915147256960376 42.285000000000004 24.500000000000004 0.10912070869256511 6.7550000000000008 -4.5058333333333325 0.40151729786033225 6.8650000000000011 0.030888622556910491 -0.0016666666666664829 0.029166666666666789 5.9750000000000005 0.23312266420083333
decision_type=8 8 2 2 2 2 2 2 2 10 2 10 10 2 10 2 2 2 2 2 2 2 2 2 10 2 10 10 2 2
left_child=6 2 3 4 5 -2 8 -8 10 24 11 13 19 15 -13 18 17 -17 22 20 21 -12 23 -1 -10 -11 28 -28 -22 -30
right_child=1 -3 -4 -5 -6 -7 7 -9 9 25 12 14 -14 -15 -16 16 -18 -19 -20 -21 26 -23 -24 -25 -26 -27 27 -29 29 -31
leaf_value=-0.039801028305707982 -0.01753944630223837 -0.052499568826219423 -0.018872669931176603 0.068892696152000707 -0.040917461146709862 0.073620068346953435 0.0012686608628962885 -0.0031392308129156222 -0.01344334425891722 -0.030061133863547571 -0.0047658743148730363 -0.0031720662280125427 0.046856991969664197 -0.030624458492088627 -0.011094932668687166 0.15625552761932043 0.0049722319022768363 0.008458461351386953 0.032672207454801816 0.0068288504854591026 0.00090087711709381827 -0.042063917045090514 -0.023379282563923586 0.032700542153355883 0.01455058179390261 0.00090486037851091473 0.0083408992039980864 -0.0021905209361194554 0.00068788165529737181 -0.013551629831704465
leaf_weight=5.8094757357612279 6.9706094944849664 8.7190496465191227 46.157185807824135 4.7532693371176711 6.0457798987627021 4.621688324958086 12149.485873077996 1562.9212659448385 214.55237194150686 19.103108139708638 429.9209448248148 4776.1945447577164 11.358891710638998 19.128802426159382 340.85084910877049 3.303580696694552 641.97264700010419 3.1109013706445694 11.123413244262336 407.01045866310596 818.90605770796537 21.574782446026802 65.102543137967587 14.20499128103256 26.854153089225292 9081.1882789926603 581.3144897967577 472.69050106033683 175.62995197623968 245.56638096272945
leaf_count=77 141 426 463 48 57 54 88302 11686 1384 189 2689 47935 72 128 4445 78 5266 36 108 2539 5174 129 613 98 161 60607 3659 3066 924 1690
internal_value=-1.19263e-05 -0.0133404 -0.00835953 0.0133121 -0.00166626 0.0188046 2.01576e-05 0.000766255 -0.000536273 0.000551226 -0.00165947 -0.00284123 0.000537033 0.00291115 -0.00369982 0.00377265 0.00575976 0.0845768 -0.00961484 0.000370142 -0.000587303 -0.00654817 -0.0151411 0.011656 -0.0103293 0.000839857 0.000585835 0.00361786 -0.00199119 -0.00761406
internal_weight=32176.1 77.2676 68.5485 22.3913 17.6381 11.5923 32098.9 13712.4 18386.5 9341.7 9044.77 5880.8 3163.97 763.756 5117.05 744.628 648.387 6.41448 96.2404 3152.61 2745.6 451.496 85.117 20.0145 241.407 9100.29 2294.11 1054 1240.1 421.196
internal_count=242244 1189 763 300 252 195 241055 99988 141067 62341 78726 58784 19942 6404 52380 6276 5380 114 896 19870 17331 2818 788 175 1545 60796 14513 6725 7788 2614
is_linear=0
shrinkage=0.05


Tree=93
num_leaves=31
num_cat=0
split_feature=16 20 12 21 13 22 16 15 22 14 11 11 14 19 5 20 3 18 16 13 11 21 21 17 0 12 15 19 22 13
split_gain=5.1268 5.87679 6.88761 7.00654 8.58201 11.8281 10.0768 8.92783 8.69172 7.76471 6.96085 6.733 7.76945 6.94688 5.47168 5.30057 8.39534 5.39481 11.0463 6.53151 5.21872 14.9401 12.455 14.0915 11.0583 9.91848 9.31848 9.26843 8.85967 7.87306
threshold=0.16724351250360123 1.0000000180025095e-35 -1.6816666666666662 0.10024621566392526 -2.6708333333333321 0.33705911565917351 0.15488374374204369 0.051466498187146832 0.48082002551948944 6.3708333333333345 0.041666666666666526 0.017333333333333204 -1.7191666666666696 0.28715107494922482 6.8350000000000009 43.500000000000007 41.335000000000008 0.616196669250615 0.6319636357171744 -3.6974999999999993 1.0000000180025095e-35 0.11974107375907873 0.11287980997201498 179.50000000000003 3.5000000000000004 2.1883333333333344 0.19068571564207989 0.33462454993182172 0.4743659870440064 -4.5058333333333325
decision_type=2 2 2 2 2 2 2 2 2 2 8 10 2 2 10 2 2 2 2 2 8 2 2 2 2 2 2 2 2 2
left_child=1 -1 3 4 5 -3 7 9 -6 11 14 13 -13 -7 -4 20 17 18 19 -17 21 24 -22 26 29 28 -24 -28 -23 -2
right_child=15 2 10 -5 8 6 -8 -9 -10 -11 -12 12 -14 -15 -16 16 -18 -19 -20 -21 22 25 23 -25 -26 -27 27 -29 -30 -31
leaf_value=0.039463502764819545 0.026193853574954365 -0.038418473026445688 -0.018884662331049192 -0.027913129409636403 -0.031587099060080802 0.070309808641800642 -0.022348585038422103 0.10730749463560413 0.054023828974196955 -0.034929528364670163 0.086189241283102624 -0.043725141824217523 0.046298442515471772 0.0044065286472222054 0.041429036979382848 0.10394237882501345 0.058726731827972903 -0.0084553447395566608 0.12015470695454647 -0.0040118466568303326 -0.0022505615750114988 -0.010315360263838407 -0.00041958417877312974 -0.015182151456261407 0.00091030391082510317 -0.012595581829492676 0.049006546697374323 0.0029737030892994934 -0.00030071030652543067 0.0045259731169132386
leaf_weight=6.1826069653034201 42.634499244391918 12.068695040885357 9.5862232632935029 55.204345148056746 34.875083844643086 12.861279103904968 12.292954709380863 3.385895922780036 3.2401946932077399 5.063287876546382 3.1496219243854311 5.1291521862149239 4.4989848621189577 5.8028074502944937 6.1875022407621136 1.6045854846015526 9.4800148671492916 24.077786177396774 2.7552771121263495 11.04943376965821 6799.5500962296501 226.55340859293938 4771.826616935432 137.75936140865088 5533.9004671871662 174.29754512757063 10.975173838436602 2971.6564333699644 8763.5075636543334 2511.6019596718252
leaf_count=57 242 947 131 823 978 197 168 45 49 74 45 90 76 67 86 70 146 202 19 352 67545 1590 32335 782 49032 1110 83 17482 53941 13480
internal_value=-1.16808e-05 -0.00843749 -0.0101459 -0.0136349 -0.00569053 0.0059236 0.0168374 0.0299483 -0.0243093 0.0220956 0.0183252 0.032301 -0.0016594 0.04982 0.00477437 3.56002e-05 0.0164735 0.00632939 0.0294313 0.00967723 1.04027e-05 0.000600151 -0.000682137 0.000669142 0.00216635 -0.000782121 0.000950743 0.00314309 -0.000553084 0.00488765
internal_weight=32172.8 179.529 173.346 154.423 99.2183 61.1031 49.0344 36.7414 38.1153 33.3555 18.9233 28.2922 9.62814 18.6641 15.7737 31993.2 48.9671 39.4871 15.4093 12.654 31944.3 17252.5 14691.8 7892.22 8088.14 9164.36 7754.46 2982.63 8990.06 2554.24
internal_count=242244 3833 3776 3514 2691 1664 717 549 1027 504 262 430 166 264 217 238411 789 643 441 422 237622 119395 118227 50682 62754 56641 49900 17565 55531 13722
is_linear=0
shrinkage=0.05


Tree=94
num_leaves=31
num_cat=0
split_feature=18 4 8 14 22 12 1 5 15 21 5 7 19 13 15 4 1 4 19 0 21 16 4 20 14 16 4 16 11 5
split_gain=5.08088 6.08316 5.30203 9.93486 9.75246 8.79072 7.81673 7.78877 7.78031 15.3645 11.8582 11.2857 9.47444 9.04605 9.0218 10.6189 17.0445 8.89919 8.63382 8.59132 8.27293 8.26698 8.06816 9.15832 7.84939 7.6896 7.6095 7.51767 7.34118 7.32161
threshold=0.84608714194549883 42.015000000000008 3.5000000000000004 13.259166666666667 0.35108561621039752 -2.5691666666666655 4.955000000000001 6.4750000000000005 0.10804134518550564 0.014594808313867112 6.8650000000000011 1.0000000180025095e-35 0.87947173727477368 2.3225000000000011 0.1157433817274236 33.945000000000007 4.8750000000000009 37.195000000000007 0.8246043874797383 2.5000000000000004 0.12037060911111148 0.46690074479535065 35.085000000000008 26.500000000000004 2.044166666666666 0.42985325696041404 21.230000000000004 0.29015277054091576 -0.055000000000000153 6.8950000000000005
decision_type=2 2 2 2 2 2 2 8 2 2 8 8 2 2 2 2 2 2 2 2 2 2 2 2 2 2 2 2 10 8
left_child=2 -2 6 4 5 -4 8 -8 12 10 -10 14 13 18 15 -11 17 20 22 -19 -17 -13 -1 -24 25 -15 27 -5 -29 -7
right_child=1 -3 3 26 -6 29 7 -9 9 11 -12 21 -14 24 -16 16 -18 19 -20 -21 -22 -23 23 -25 -26 -27 -28 28 -30 -31
leaf_value=-0.0050074886000667108 -0.0086804091707094778 -0.05764593237303979 -0.025539706577866073 -0.043836357279520871 -0.00069219997009031494 -0.0022892676160649896 0.04769304317061146 0.00019784704050260267 0.11751079706262611 0.0059265458388884215 0.0056929208119055746 -0.034012585484547275 0.053542648523255999 0.03098685737757086 0.0053341406992403577 0.086072013434591907 0.097134422200656753 0.040253480393480839 -0.035702921661249332 -0.013172234782241179 0.020457692626392028 0.0041101138907102836 0.0041388103296784154 0.053044339307407734 0.052423168562863644 -0.031087772176632764 0.0068745187557671394 0.026862755456875772 -0.0072649779994224065 -0.012811245732212182
leaf_weight=453.47718660067767 46.985567189753056 7.3328093960881224 53.827012316323817 11.962512180209158 11464.090340571478 706.2941825715825 8.6363281980156881 17059.325679432601 5.4979421272873852 67.192780047655106 4.1688878489658245 29.55272707529366 8.1517836004495603 11.580043684691192 828.72350407205522 8.7923248223960417 9.2844031453132612 12.183268770575525 18.335359811782837 19.680050481110811 10.590440198779104 27.410439509898424 255.0006120800972 9.9462028862908465 14.463198378682135 8.7654249481856805 663.40619074320421 18.376312837004662 110.5771553106606 215.85857676295564
leaf_count=3114 419 65 3398 175 90015 15246 49 108835 70 454 65 213 50 75 5453 66 57 67 113 147 62 185 1729 75 88 53 5520 125 918 5343
internal_value=-1.14526e-05 -0.0152906 1.439e-05 -0.000752468 -0.00110068 -0.00589873 0.000552607 0.000221879 0.00368377 0.00655131 0.0692886 0.00595287 -7.87622e-05 -0.000645284 0.00724055 0.0196102 0.0347999 0.0235065 -0.00182206 0.00725564 0.0502214 -0.0156681 -0.000957363 0.00597474 0.0242623 0.00424329 0.0046331 -0.0059191 -0.00240166 -0.00475226
internal_weight=32169.5 54.3184 32115.2 13244.4 12440.1 975.98 18870.8 17068 1802.8 1023.08 9.66683 1013.41 779.72 771.568 956.447 127.723 60.5305 51.2461 736.759 31.8633 19.3828 56.9632 718.424 264.947 34.8087 20.3455 804.322 140.916 128.953 922.153
internal_count=242244 484 241760 120740 114002 23987 121020 108884 12136 6839 135 6704 5297 5247 6306 853 399 342 5031 214 128 398 4918 1804 216 128 6738 1218 1043 20589
is_linear=0
shrinkage=0.05


Tree=95
num_leaves=31
num_cat=0
split_feature=7 21 5 16 5 13 17 22 2 14 16 11 16 20 3 5 14 16 12 5 4 12 4 12 12 4 19 12 9 21
split_gain=5.05958 5.98154 11.0149 7.31877 7.85057 7.41575 5.56248 5.21052 10.0746 10.3591 10.7902 7.93285 7.77637 9.99938 6.99323 8.09699 9.27869 7.8929 9.06495 6.90864 8.00965 9.16752 8.52763 6.09407 6.29301 6.02889 8.92417 5.9369 5.88121 10.6031
threshold=2.2500000000000004 0.013626790832709611 6.6450000000000005 0.49146630684176512 6.7650000000000006 -0.50999999999999945 70.500000000000014 0.86743379388989472 5.5550000000000006 -11.297499999999998 0.59394220198215919 -0.041666666666666512 0.6389681892702912 12.500000000000002 38.335000000000008 6.9450000000000012 -9.5591666666666661 0.55000166790675553 0.29000000000000054 6.785000000000001 33.085000000000008 -0.56416666666666682 40.435000000000009 -0.32333333333333275 -0.78666666666666674 37.045000000000009 0.84258227617233428 0.098333333333334064 3.5000000000000004 0.61713541054513132
decision_type=8 2 8 2 8 2 2 2 2 2 2 10 2 2 2 10 2 2 2 10 2 2 2 2 2 2 2 2 2 2
left_child=7 2 -2 4 5 -3 -7 28 11 10 -10 25 14 -14 15 16 -13 18 23 -18 21 -21 27 24 -16 -9 -27 -22 -1 -30
right_child=1 3 -4 -5 -6 6 -8 8 9 -11 -12 12 13 -15 17 -17 19 -19 -20 20 22 -23 -24 -25 -26 26 -28 -29 29 -31
leaf_value=0.00069759081709260603 0.12219351460103663 -0.01288041147477658 -0.032649152373753564 -0.027820206017268412 -0.053644015599410559 0.01745596395574011 0.09134450661841137 -0.027877129880591822 0.067027563631574485 -0.015002189905253758 -0.016856214708398699 0.044196265773720884 0.010416331715833102 0.086530345739325873 -0.01551124672787081 -0.02824690332361339 -0.023277296349988184 0.05687185341310589 0.054986502561614206 0.030667325561424742 0.012280215380818844 -0.023488654635039009 -0.021363365474169435 -0.037543822546538284 0.043683101870338803 0.044055886958455262 -0.031802598410147591 0.053437368200764647 -0.00084881850572385395 0.010744006575922694
leaf_weight=17885.967469542287 2.2295162919908753 9.3715482521802222 2.3688039896078408 47.507724518887699 4.5114034060388795 6.0921149998903275 4.3773459196090698 34.563284263014793 8.112718962132929 228.77148637920618 7.2682641893625251 12.244743317365645 12.771140880882742 6.5169265568256369 9.7132625505328161 25.114794783294201 27.831344492733479 10.988552592694758 8.080760791897772 10.337539494037626 18.773125216364861 32.017419502139091 9.7442026212811452 9.5434912145137805 8.3493760377168673 8.5210530012845975 7.1137483790516844 16.431137569248676 13491.351461696438 200.16697757691145
leaf_count=118961 25 135 83 639 186 72 49 239 52 1819 62 80 94 51 64 163 191 74 51 70 120 203 62 57 49 57 53 106 117036 1341
internal_value=-1.12237e-05 -0.0128581 0.042427 -0.0163958 0.00589145 0.0194285 0.0483492 1.93853e-05 -0.00498021 -0.0123317 0.0273884 0.00170076 0.00581933 0.0361332 0.00288366 -0.00229974 0.00281613 0.0198184 0.00840912 -0.0015847 0.00533065 -0.0102708 0.020032 -0.00522483 0.0118511 -0.0162229 0.00954069 0.0314898 0.000100577 -0.000679334
internal_weight=32166.8 76.4585 4.59832 71.8601 24.3524 19.841 10.4695 32090.3 512.808 244.152 15.381 268.656 218.458 19.2881 199.17 152.494 127.38 46.6754 35.6869 115.135 87.3034 42.355 44.9485 27.6061 18.0626 50.1981 15.6348 35.2043 31577.5 13691.5
internal_count=242244 1189 108 1081 442 256 121 241055 3717 1933 114 1784 1435 145 1290 995 832 295 221 752 561 273 288 170 113 349 110 226 237338 118377
is_linear=0
shrinkage=0.05


Tree=96
num_leaves=31
num_cat=0
split_feature=6 18 12 16 13 19 4 16 21 17 14 15 16 18 22 13 2 5 21 14 22 19 4 19 14 22 5 3 16 12
split_gain=4.73905 11.2029 6.94142 7.79824 10.7148 16.6301 9.10499 8.11614 6.89696 7.09072 9.76525 7.48476 6.92164 13.1471 7.8533 6.89034 6.80034 10.4308 11.1389 7.53364 8.03979 6.45577 8.36235 7.75118 8.08706 11.0713 10.2674 9.76904 15.1215 13.794
threshold=5.5000000000000009 0.071799777156054664 -2.7058333333333326 0.49326758672126964 1.9283333333333332 0.27292670672073266 52.805000000000007 0.4318201833062883 0.0035049757411301972 48.500000000000007 4.8183333333333396 0.092591282094427699 0.56191518473828461 0.038130384315738751 0.2999234303001857 4.0641666666666678 7.245000000000001 6.8250000000000011 0.057667393289820353 -3.7799999999999989 0.33705911565917351 0.67165360321069567 46.310000000000009 0.65391234811653909 0.81583333333333397 0.52718449816396296 6.995000000000001 34.490000000000002 0.71689121907717779 -0.096666666666666443
decision_type=8 2 2 2 2 2 2 2 2 2 2 2 2 2 2 2 2 8 2 2 2 2 2 2 2 2 8 2 2 2
left_child=-1 2 -2 4 6 -6 -4 -7 -5 10 -10 -11 -12 14 -14 21 -13 18 -18 20 -19 22 23 24 -3 26 27 29 -29 -26
right_child=1 15 3 8 5 7 -8 -9 9 11 12 16 13 -15 -16 -17 17 19 -20 -21 -22 -23 -24 -25 25 -27 -28 28 -30 -31
leaf_value=0.0002141178769755154 -0.032786957919681274 -0.0026581366194233249 -0.0016641478577657399 0.047319774314091616 -0.04087033630218935 0.015197756518855014 -0.046736623508657517 0.07131371686711474 -0.020879175207261538 0.041006042114758876 -0.016939920179958153 -0.0081489960739494806 0.028973904545769032 -0.0082224879020885693 0.12014187261515137 0.041137909658585145 0.0063865188676195716 0.080118290396166233 0.1072297733274821 -0.025362721030172827 -0.015252562031037691 0.0039803769808954542 -0.016772381200459697 -0.014771336160860569 0.078598441700542865 -0.0015891345535720286 -0.014544637579131291 0.0084255065988756567 0.076522682118570856 0.016219372485141045
leaf_weight=28275.89554552082 22.574033891782165 985.23232436273247 630.57467145100236 5.4595017582178107 7.1344455676153293 11.997171495109798 11.407309048809109 13.919057458639143 191.61301050940529 8.5450410861521942 18.112189052626491 389.32644200045615 5.3877759082242864 12.996868729591368 4.206315478309989 10.301447182893751 5.6470182947814447 4.4628627542406321 5.316340908408165 14.907173081301153 4.3771747052669525 768.21945635974407 85.473931131884456 92.843799315392971 13.962010165676473 312.95551592111588 31.453426734544337 188.0279748570174 8.5217143520712835 24.264015398919582
leaf_count=207021 850 7709 8562 107 118 98 181 103 2157 90 194 4322 85 92 41 60 74 72 37 156 34 4699 657 564 139 1963 289 1542 56 172
internal_value=-1.09668e-05 -0.00164741 -0.00529054 -0.00482918 -0.00103572 0.0267275 -0.00246504 0.0453364 -0.00864909 -0.00910865 -0.0161545 -0.00532472 0.00608734 0.0245493 0.0689445 0.000329257 -0.00625836 0.0149477 0.0552873 -0.00367591 0.0328951 0.000161835 -0.00152143 -0.000734852 9.81743e-05 0.00478685 0.0122819 0.0158759 0.011378 0.0390033
internal_weight=32165.1 3889.22 1367.96 1345.39 675.033 33.0507 641.982 25.9162 670.358 664.898 232.316 432.582 40.7031 22.591 9.59409 2521.26 424.037 34.7106 10.9634 23.7472 8.84004 2510.95 1742.73 1657.26 1564.42 579.185 266.229 234.776 196.55 38.226
internal_count=242244 35223 17373 16523 9062 319 8743 201 7461 7354 2569 4785 412 218 126 17850 4695 373 111 262 106 17790 13091 12434 11870 4161 2198 1909 1598 311
is_linear=0
shrinkage=0.05


Tree=97
num_leaves=31
num_cat=0
split_feature=18 15 19 5 2 5 4 22 4 7 14 0 15 22 5 11 21 5 11 19 4 3 17 1 3 17 11 8 22 3
split_gain=4.6904 9.17063 7.18207 8.85596 6.17616 7.14837 7.30799 9.05346 5.76329 5.34715 10.1246 5.2807 8.32207 9.57947 8.23039 9.10992 7.64342 8.73838 8.16518 8.08304 7.81423 12.0249 10.7647 9.3441 10.1908 9.86006 11.2717 8.96178 8.39276 8.22967
threshold=0.7990243841053889 0.31040688640909336 0.94283923258707569 6.8950000000000005 7.8850000000000007 6.7950000000000008 29.215000000000003 0.82945796685263484 36.380000000000003 -1.0000000180025095e-35 0.81583333333333397 2.5000000000000004 0.12089990794152009 0.18965641002824193 6.6750000000000007 -0.010833333333333249 0.57972316890582365 7.1150000000000011 0.10500000000000088 0.47717298615091758 39.245000000000012 41.215000000000011 168.50000000000003 4.5150000000000006 39.585000000000008 2.5000000000000004 -0.015000000000000123 4.5000000000000009 0.60215497758743575 28.875000000000004
decision_type=2 2 2 10 2 10 2 2 2 10 2 2 2 2 10 8 2 10 10 2 2 2 2 2 2 2 8 2 2 2
left_child=11 2 3 8 5 9 -7 -8 -2 -3 -11 14 13 -13 15 -1 18 19 20 -18 -16 22 23 24 -22 26 -25 -23 -26 -24
right_child=1 4 -4 -5 -6 6 7 -9 -10 10 -12 12 -14 -15 16 -17 17 -19 -20 -21 21 27 29 25 28 -27 -28 -29 -30 -31
leaf_value=-0.00076794324839730651 0.00036624969198727924 -0.027598587810394926 -0.029863128860000102 0.043519944568119591 -0.027265520461521149 -0.011137610041634905 0.085072329989305862 0.017267491476042781 -0.039508165510944479 0.047592253251784851 -0.026981617634574302 -0.024188236259830815 0.00011803819947929429 -0.0020517072050347958 0.0013339804908994695 -0.010690271980224528 0.041551314605841362 0.050775497514576252 -0.011793482284875968 -0.0018334296866770777 -0.002350548455263256 -0.008198079740375527 0.016364749189018493 0.02794523398013643 0.0074086638020101851 0.010802548840773045 -0.041411340733766309 0.010733742776908679 0.073968898152595053 -0.026544247301830311
leaf_weight=1183.822268974036 26.561281137168407 13.630397811532022 55.710362650454044 8.2850333899259549 11.886312060058115 7.5296497642993954 8.6842287853360194 11.366818480193613 13.754653930664061 10.026055231690409 8.3352501764893514 49.371506622061133 14170.324511599727 4833.3210127546918 7428.302209507674 287.50880036130548 10.790265321731566 7.9887917563319197 107.82095443084836 2132.7194441109896 281.0738090723753 252.09593746811152 15.498872466385363 8.5322408378124219 11.417340997606518 1057.4161051288247 18.690841093659404 83.120637062937021 8.0931692793965322 40.049474388360977
leaf_count=7374 228 129 492 65 116 67 69 102 121 93 79 1533 106614 53349 43821 1768 82 53 693 14996 1976 1374 87 50 77 5921 108 529 55 223
internal_value=-1.07939e-05 -0.0081562 -0.017609 -0.00356225 0.00564241 0.0122084 0.0308622 0.0466342 -0.0132378 -0.00387337 0.0137389 3.39641e-05 -0.000495361 -0.00227554 0.000813654 -0.00270684 0.0012655 -0.0014205 0.00188609 -0.00161503 0.00204633 0.00502583 0.00701035 0.00787582 7.50287e-05 0.0100376 -0.0196736 -0.00350373 0.0350186 -0.014572
internal_weight=32163.7 175.77 104.311 48.601 71.4587 59.5724 27.5807 20.051 40.3159 31.9917 18.3613 31988 19053 4882.69 12934.9 1471.33 11463.6 2151.5 9312.11 2143.51 9204.29 1775.99 1440.77 1385.22 300.584 1084.64 27.2231 335.217 19.5105 55.5483
internal_count=242244 1561 906 414 655 539 238 171 349 301 172 240683 161496 54882 79187 9142 70045 15131 54914 15078 54221 10400 8497 8187 2108 6079 158 1903 132 310
is_linear=0
shrinkage=0.05


Tree=98
num_leaves=31
num_cat=0
split_feature=7 11 16 15 22 21 16 2 5 2 22 22 12 14 22 12 22 11 13 2 21 21 17 21 18 12 12 1 21 2
split_gain=4.6135 5.72037 5.18906 6.10302 5.13246 8.08009 4.80601 12.8307 7.57443 13.0107 8.49696 7.97314 10.3567 7.11757 8.47745 8.24518 12.1037 6.88235 6.44541 11.4879 11.8691 7.94437 8.01091 7.86696 7.3986 8.45318 6.93045 6.42171 6.39358 7.55582
threshold=2.2500000000000004 -0.03666666666666573 0.49146630684176512 0.15361993867854354 0.37113961292804654 0.021860507868443652 0.73962877976480068 7.3650000000000011 6.7650000000000006 7.245000000000001 0.21647494461506031 0.37701350450931742 1.9841666666666666 11.164166666666668 0.5885321008903811 0.88416666666666643 0.54951759432071934 -0.05000000000000026 -1.6033333333333326 6.5250000000000012 0.14526642156616962 0.14659779399946807 28.500000000000004 0.12098454317871263 0.12926968213061538 1.2116666666666676 1.4733333333333343 7.1950000000000012 0.12098454317871263 6.8850000000000007
decision_type=8 8 2 2 2 2 2 2 10 2 2 2 2 2 2 2 2 10 2 2 2 2 2 2 2 2 2 2 2 2
left_child=6 2 3 4 5 -2 -1 8 13 10 -10 12 -12 14 15 -8 -17 -16 23 21 28 24 -23 -13 25 -20 -26 -22 29 -21
right_child=1 -3 -4 -5 -6 -7 7 -9 9 -11 11 18 -14 -15 17 16 -18 -19 19 20 27 22 -24 -25 26 -27 -28 -29 -30 -31
leaf_value=-6.0603999445737219e-05 -0.032657193183234998 -0.052348708700357384 -0.017487257004756982 0.060169273626637959 -0.040213151635256163 0.051330099937024393 -0.013083770450311838 -0.011342552033635593 0.059187239003339366 0.062314792976803902 -0.027826112142704619 0.067759355520336045 0.033249789167683508 0.0341116997992418 -0.048644496341466059 0.0022511605326909182 0.047779926768445891 -0.0070723146547548472 -0.0023596342461479104 -0.0025621498416070481 0.072369670121335314 -0.058861139668698485 -0.004053691063186606 0.012421338624411053 0.013465592887511008 0.06505188146398623 -0.028697013340917888 0.025249107121868716 -0.021205608176729285 0.041286980125551681
leaf_weight=31557.048405687325 4.8503913730382973 7.9916808188427231 44.869421627372503 5.0720891989767543 5.8810954056680194 6.991619617678225 41.800830908119678 100.29800599813461 8.950997803360222 13.234378654509781 26.81641886010766 11.431602127850057 9.3650097474455816 14.449206929653881 14.987367190420626 53.212213680148125 20.116393014788628 29.653963066637516 8.6502939164638537 19.688736580312252 14.705979734659197 10.534741006791593 18.160574488341808 14.656879656016825 23.251410268247128 10.057181417942045 16.780395731329918 14.224127545952795 12.938403382897375 19.60845147818327
leaf_count=237743 106 426 463 48 57 89 275 629 88 81 227 62 61 89 113 307 96 214 50 105 99 68 134 87 123 51 82 105 62 104
internal_value=-1.05605e-05 -0.0123431 -0.00761811 0.0118081 -0.00203221 0.0169296 1.85198e-05 0.00475135 0.0085292 0.0140529 0.0113896 0.00953648 -0.0120175 0.000505961 -0.00253325 0.00463858 0.0147412 -0.0210293 0.0135421 0.00996347 0.0235096 -0.00261144 -0.0241748 0.0366697 0.0079227 0.033881 -0.00420798 0.0492018 0.00928029 0.0193176
internal_weight=32160.3 75.6563 67.6646 22.7952 17.7231 11.842 32084.6 527.574 427.276 253.056 239.821 230.87 36.1814 174.22 159.771 115.129 73.3286 44.6413 194.689 168.6 81.1657 87.4346 28.6953 26.0885 58.7393 18.7075 40.0318 28.9301 52.2356 39.2972
internal_count=242244 1189 763 300 252 195 241055 3312 2683 1589 1508 1420 288 1094 1005 678 403 327 1132 983 475 508 202 149 306 101 205 204 271 209
is_linear=0
shrinkage=0.05


Tree=99
num_leaves=31
num_cat=0
split_feature=14 18 11 15 13 19 11 18 4 13 3 15 19 12 2 13 17 19 17 4 1 16 15 21 12 12 13 17 18 16
split_gain=4.55015 9.28602 7.31353 9.08825 8.89511 7.76076 11.8148 9.68816 8.76847 11.3549 10.1369 9.67932 9.58067 17.4284 8.59974 8.5276 11.4909 8.09979 7.96388 7.22856 11.7502 7.88852 7.20994 10.776 6.91348 15.5117 9.76372 18.5461 11.0762 9.6679
threshold=0.95749999999999968 0.51120446898422833 -0.091666666666666327 0.059000694600570149 0.47666666666666674 0.60627073550613464 -0.044999999999999478 0.28044027035005509 40.920000000000009 -1.8183333333333329 1.0000000180025095e-35 0.25506568363761389 0.27292670672073266 -0.38999999999999918 5.955000000000001 -3.7724999999999995 65.500000000000014 0.58270576096404614 36.500000000000007 46.310000000000009 4.6950000000000012 0.6710904272884165 0.21692028769544594 0.067255508892562751 1.6158333333333335 1.1925000000000001 -2.025833333333332 84.500000000000014 0.18289866187924517 0.61942540569336202
decision_type=2 2 10 2 2 2 10 2 2 2 2 2 2 2 2 2 2 2 2 2 2 2 2 2 2 2 2 2 2 2
left_child=2 24 3 -1 5 6 7 8 10 15 18 12 13 -11 17 -10 -17 -12 -4 -8 -21 -22 23 -20 25 -2 27 28 29 -27
right_child=1 -3 4 -5 -6 -7 19 -9 9 11 14 -13 -14 -15 -16 16 -18 -19 22 20 21 -23 -24 -25 -26 26 -28 -29 -30 -31
leaf_value=0.025284383513516657 0.00090713415955441946 -0.0029553028307555546 0.075466475817849044 -0.0080033380454062469 0.00073576725040538796 0.00053598076514982016 -0.0029631445464743588 -0.03427945252014606 0.010228102422773468 0.12633316891765559 0.0041368647849787657 0.057037963756249858 -0.0081432868048627455 -0.027600485915381136 -0.020332627318011241 0.029265581636406086 0.11630553558010695 -0.024059443974796424 -0.044240897982883338 -0.023119587148377613 0.0018837402353364128 -0.053148007356300368 0.053545026780279573 0.022593480881875499 -0.0032498195863771501 0.043496400057308961 0.0062983159667306153 -0.0062561872139125828 0.006951350176606608 0.10844852207668908
leaf_weight=21.442052071448416 10407.351667409763 1559.3128775656223 6.6276614041998974 469.02065993193537 9111.8148238183931 3070.698538351804 4848.9677833695896 16.275417968630791 9.0645764563232678 3.8720292281359434 420.95105225872248 8.746939752250908 46.179142519831657 3.5016896352171889 45.724671844393015 7.8115878235548717 7.3689182307571173 27.110349521040916 8.3177866851910967 117.98899466916919 118.55279308371246 6.8903976343572131 9.8108968101441842 21.938371121883392 834.54156570509076 14.028300642967226 892.26158223021775 23.712365925312042 9.8535304516553861 9.683974437415598
leaf_count=250 79002 11687 58 3499 60857 19330 49815 109 84 66 3678 63 325 41 343 76 76 163 105 1469 1060 62 67 156 4547 79 4938 134 50 55
internal_value=-1.03004e-05 0.000677839 -0.000524321 -0.00654807 -0.000359437 -0.00149262 -0.00257867 0.00380608 0.00479465 0.0195707 0.00242862 0.0082725 0.000307498 0.0532319 0.000322923 0.0486024 0.0715165 0.00243082 0.0246959 -0.00338523 -0.0117928 -0.00113907 0.0162977 0.0042199 0.00114253 0.00146529 0.00758292 0.0275941 0.0515074 0.0700225
internal_weight=32159.4 13750.7 18408.7 490.463 17918.2 8806.4 5735.7 643.301 627.026 86.5449 540.481 62.2998 53.5529 7.37372 493.786 24.2451 15.1805 448.061 46.6947 5092.4 243.432 125.443 40.0671 30.2562 12191.4 11356.9 949.54 57.2782 33.5658 23.7123
internal_count=242244 100492 141752 3749 138003 77146 57816 5410 5301 731 4570 495 432 107 4184 236 152 3841 386 52406 2591 1122 328 261 88805 84258 5256 318 184 134
is_linear=0
shrinkage=0.05


end of trees

feature_importances:
national_win_rate_diff=402
exhibition_time_diff=306
sl_is3=233
lane_number=165
exhibition_time=162
motor_2rate_diff=159
rl_is3=156
sl_is1=147
rl_is1=142
local_win_rate_diff=130
rc_is3=117
national_win_rate=114
motor_2rate=104
exhibition_time_rank=103
rc_is1=87
local_win_rate=86
boat_2rate=85
national_win_rate_rank=75
rc_n=72
rl_n=57
tilt=53
local_win_rate_rank=27
motor_2rate_rank=18

parameters:
[boosting: gbdt]
[objective: binary]
[metric: binary_logloss]
[tree_learner: serial]
[device_type: cpu]
[data_sample_strategy: bagging]
[data: ]
[valid: ]
[num_iterations: 100]
[learning_rate: 0.05]
[num_leaves: 31]
[num_threads: 0]
[seed: 0]
[deterministic: 0]
[force_col_wise: 0]
[force_row_wise: 0]
[histogram_pool_size: -1]
[max_depth: -1]
[min_data_in_leaf: 50]
[min_sum_hessian_in_leaf: 0.001]
[bagging_fraction: 1]
[pos_bagging_fraction: 1]
[neg_bagging_fraction: 1]
[bagging_freq: 0]
[bagging_seed: 3]
[bagging_by_query: 0]
[feature_fraction: 1]
[feature_fraction_bynode: 1]
[feature_fraction_seed: 2]
[extra_trees: 0]
[extra_seed: 6]
[early_stopping_round: 0]
[early_stopping_min_delta: 0]
[first_metric_only: 0]
[max_delta_step: 0]
[lambda_l1: 0]
[lambda_l2: 0]
[linear_lambda: 0]
[min_gain_to_split: 0]
[drop_rate: 0.1]
[max_drop: 50]
[skip_drop: 0.5]
[xgboost_dart_mode: 0]
[uniform_drop: 0]
[drop_seed: 4]
[top_rate: 0.2]
[other_rate: 0.1]
[min_data_per_group: 100]
[max_cat_threshold: 32]
[cat_l2: 10]
[cat_smooth: 10]
[max_cat_to_onehot: 4]
[top_k: 20]
[monotone_constraints: ]
[monotone_constraints_method: basic]
[monotone_penalty: 0]
[feature_contri: ]
[forcedsplits_filename: ]
[refit_decay_rate: 0.9]
[cegb_tradeoff: 1]
[cegb_penalty_split: 0]
[cegb_penalty_feature_lazy: ]
[cegb_penalty_feature_coupled: ]
[path_smooth: 0]
[interaction_constraints: ]
[verbosity: -1]
[saved_feature_importance_type: 0]
[use_quantized_grad: 0]
[num_grad_quant_bins: 4]
[quant_train_renew_leaf: 0]
[stochastic_rounding: 1]
[linear_tree: 0]
[max_bin: 255]
[max_bin_by_feature: ]
[min_data_in_bin: 3]
[bin_construct_sample_cnt: 200000]
[data_random_seed: 1]
[is_enable_sparse: 1]
[enable_bundle: 1]
[use_missing: 1]
[zero_as_missing: 0]
[feature_pre_filter: 1]
[pre_partition: 0]
[two_round: 0]
[header: 0]
[label_column: ]
[weight_column: ]
[group_column: ]
[ignore_column: ]
[categorical_feature: ]
[forcedbins_filename: ]
[precise_float_parser: 0]
[parser_config_file: ]
[objective_seed: 5]
[num_class: 1]
[is_unbalance: 0]
[scale_pos_weight: 1]
[sigmoid: 1]
[boost_from_average: 1]
[reg_sqrt: 0]
[alpha: 0.9]
[fair_c: 1]
[poisson_max_delta_step: 0.7]
[tweedie_variance_power: 1.5]
[lambdarank_truncation_level: 30]
[lambdarank_norm: 1]
[label_gain: ]
[lambdarank_position_bias_regularization: 0]
[eval_at: ]
[multi_error_top_k: 1]
[auc_mu_weights: ]
[num_machines: 1]
[local_listen_port: 12400]
[time_out: 120]
[machine_list_filename: ]
[machines: ]
[gpu_platform_id: -1]
[gpu_device_id: -1]
[gpu_device_id_list: ]
[gpu_use_dp: 0]
[num_gpu: 1]

end of parameters

pandas_categorical:[]
