tree
version=v4
num_class=1
num_tree_per_iteration=1
label_index=0
max_feature_idx=22
objective=binary sigmoid:1
feature_names=lane_number national_win_rate local_win_rate motor_2rate boat_2rate exhibition_time exhibition_time_rank tilt national_win_rate_rank local_win_rate_rank motor_2rate_rank exhibition_time_diff national_win_rate_diff local_win_rate_diff motor_2rate_diff rc_is1 rc_is3 rc_n rl_is1 rl_is3 rl_n sl_is1 sl_is3
feature_infos=[1:6] [0:8.7699999999999996] [0:10.710000000000001] [0:100] [0:100] [6.3099999999999996:8.0999999999999996] [1:6] [-0.5:3] [1:6] [1:6] [1:6] [-0.34333333333333282:0.84499999999999975] [-5.413333333333334:4.3650000000000011] [-6.8183333333333325:7.2516666666666669] [-52.45333333333334:83.333333333333329] [0.007183730111958931:0.6145820433117023] [0.033655433872776717:0.87500589724174205] [0:230] [0.00094659488240397827:0.93966213203841387] [0.015345951968809937:0.980976340603116] [0:99] [0.00050585229165503605:0.80985287561301833] [0.064091917046206204:0.94516709938545185]
tree_sizes=3435 3534 3542 3545 3524 3555 3544 3549 3531 3552 3557 3565 3553 3555 3562 3573 3550 3563 3534 3561 3546 3551 3522 3526 3542 3559 3522 3500 3537 3510 3565 3555 3534 3555 3517 3561 3538 3528 3520 3511 3504 3536 3516 3516 3525 3535 3561 3557 3534 3523 3475 3514 3510 3471 3520 3509 3516 3477 3521 3474 3451 3487 3484 3499 3538 3471 3513 3503 3491 3518 3486 3435 3500 3471 3509 3451 3447 3495 3509 3466 3468 3499 3465 3444 3473 3460 3469

Tree=0
num_leaves=31
num_cat=0
split_feature=0 12 0 12 0 1 12 12 5 19 22 8 11 19 22 1 12 12 12 21 11 11 14 15 1 12 21 19 16 11
split_gain=2134.32 1471.24 519.07 248.774 249.422 164.724 89.1804 88.1783 56.597 43.0156 71.4599 51.6123 34.2664 29.2205 28.8953 28.708 27.1208 25.9064 25.5612 24.4815 21.9715 21.2774 20.9214 20.0946 19.9457 18.8924 18.0297 17.7431 18.5449 17.7387
threshold=1.5000000000000002 -0.6558333333333336 5.5000000000000009 -1.0000000180025095e-35 5.5000000000000009 5.6350000000000007 -2.1941666666666659 -1.1383333333333332 6.4450000000000012 0.31320205322657402 0.51412771714735428 1.5000000000000002 -0.043333333333332551 0.25632306181026671 0.4306427459827698 6.3150000000000004 0.56500000000000095 -0.32333333333333275 0.33249999999999963 0.03518093612083343 0.065000000000000849 -0.036666666666667506 -0.73083333333333289 0.30743892861641486 4.6350000000000007 1.4016666666666668 0.062543399200735095 0.37767189280229857 0.24308931493508851 -0.012666666666666602
decision_type=2 2 2 2 2 2 2 2 10 2 2 2 10 2 2 2 2 2 2 2 8 8 2 2 2 2 2 2 2 10
left_child=5 2 7 4 17 24 -4 13 -5 18 16 12 -12 -2 -9 -7 26 27 19 -10 -16 -6 -15 -13 -1 -14 -11 28 -3 -21
right_child=1 3 6 8 21 15 -8 14 9 10 11 23 25 22 20 -17 -18 -19 -20 29 -22 -23 -24 -25 -26 -27 -28 -29 -30 -31
leaf_value=-1.6236041928415139 -1.6326346245359837 -1.5505400252851891 -1.6616901120063525 -1.6638568454813003 -1.6099921532397619 -1.6400376501696301 -1.6382334161788219 -1.6176264505985738 -1.6131775158968908 -1.5977562555320637 -1.6159565357810899 -1.5916237849401758 -1.5938331248876374 -1.6244808551886152 -1.6040750029650905 -1.6500002334080626 -1.5845828671500566 -1.5968439764441698 -1.5954992854128722 -1.5712433783714839 -1.6222892380361649 -1.6272737793750196 -1.6148125792789869 -1.6085318785543865 -1.632278397418808 -1.6056001586740363 -1.5885147430459488 -1.6012138657084376 -1.6116682291478064 -1.6026913374191558
leaf_weight=1197.4119970202446 488.13291850686073 12.640892311930655 612.31926715373993 28.060002714395523 213.64497116208076 1304.6512153148651 1197.9676406383514 688.30353192985058 491.74460202455521 792.90344303846359 375.61508584022522 4008.8297937363386 786.79136323928833 1014.0496030449867 1808.7588878422976 1622.2015430629253 3272.8798215538263 3027.2853423506021 1475.511627882719 65.843768745660782 182.25110673904419 1070.8641629964113 1248.3922989815474 183.77912668883801 1484.1241039633751 602.17877112329006 1578.3056972324848 2002.5395996570587 671.77313429117203 140.57783538103104
leaf_count=8620 3514 91 4408 202 1538 9392 8624 4955 3540 5708 2704 28859 5664 7300 13021 11678 23561 21793 10622 474 1312 7709 8987 1323 10684 4335 11362 14416 4836 1012
internal_value=-1.6092 -1.60357 -1.62298 -1.59681 -1.60449 -1.63736 -1.64617 -1.61525 -1.59292 -1.59277 -1.59156 -1.59538 -1.60256 -1.62154 -1.6088 -1.64556 -1.58753 -1.60002 -1.59923 -1.60711 -1.60574 -1.6244 -1.61915 -1.59236 -1.62841 -1.59893 -1.5916 -1.60359 -1.61054 -1.59266
internal_weight=33650.3 28041.9 7240.18 20801.8 6998.75 5608.39 1810.29 5429.89 13803 13775 11601.3 5957.19 1764.59 2750.57 2679.31 2926.85 5644.09 5714.24 2173.68 698.166 1991.01 1284.51 2262.44 4192.61 2681.54 1388.97 2371.21 2686.95 684.414 206.422
internal_count=242244 201870 52121 149749 50383 40374 13032 39089 99366 99164 83516 42885 12703 19801 19288 21070 40631 41136 15648 5026 14333 9247 16287 30182 19304 9999 17070 19343 4927 1486
is_linear=0
shrinkage=1


Tree=1
num_leaves=31
num_cat=0
split_feature=0 12 0 12 22 1 12 12 5 19 21 15 1 19 22 19 12 11 7 0 11 11 11 14 16 21 2 15 22 1
split_gain=1956.75 1324.47 487.361 219.456 225.509 158.379 87.3801 80.5757 51.9333 37.6691 63.3894 33.8491 29.4573 27.2196 26.1603 26.0767 24.6703 22.6812 22.4466 20.0429 19.8952 19.8152 19.591 19.2885 18.6287 17.9157 21.9612 16.8075 17.0642 16.6541
threshold=1.5000000000000002 -0.6558333333333336 5.5000000000000009 -1.0000000180025095e-35 0.27854009324196022 5.9450000000000012 -2.1941666666666659 -1.1383333333333332 6.4450000000000012 0.31320205322657402 0.11582099990689351 0.31040688640909336 4.6350000000000007 0.25632306181026671 0.4306427459827698 0.37767189280229857 0.44916666666666677 0.020000000000000021 1.2500000000000002 2.5000000000000004 0.065000000000000849 -0.044999999999999478 -0.039999999999999584 -0.73083333333333289 0.61073800195716765 0.026738238537849384 3.9950000000000006 0.21692028769544594 0.45187185734062268 3.9250000000000003
decision_type=2 2 2 2 2 2 2 2 10 2 2 2 2 2 2 2 2 10 10 2 8 10 8 2 2 2 2 2 2 2
left_child=5 2 7 4 22 12 -4 13 -5 17 16 21 -1 -2 -9 -6 29 18 24 -18 -16 -12 -3 -15 25 -10 -27 28 -21 -11
right_child=1 3 6 8 15 -7 -8 14 9 10 11 -13 -14 23 20 -17 19 -19 -20 27 -22 -23 -24 -25 -26 26 -28 -29 -30 -31
leaf_value=-0.013819741456877947 -0.022624246204188153 -0.00058513484007186153 -0.051708019290095365 -0.053924032621607602 0.0024536160185822738 -0.037260389465445271 -0.028138159627842132 -0.0080513381106239231 0.0060012196800264938 0.066825745632599007 0.006477392376161472 -0.0012272188384622803 -0.023755213889338017 -0.014669688044547114 0.0048518688132226408 0.010372296205646527 0.010928742380844941 0.0023592424601891989 -0.02301940214644577 0.022067516512195448 -0.012546770940956209 0.015071987096977319 -0.018045286033869644 -0.0053523372904225276 0.023932359887100681 -0.0053659577274657866 0.026009612135619187 0.020187165023944405 0.032074017916034002 0.015229978544770709
leaf_weight=1185.9356811642647 480.53038093447685 191.04603980481625 591.04116058349609 27.044970899820328 1355.2516041696072 2306.4077066779137 1174.8689110279083 684.44143131375313 680.22504341602325 15.74662125110626 813.8219551295042 422.34731705486774 2011.2050779759884 1003.7403404712677 1814.9423668086529 4464.4742884039879 376.41478155553341 750.19284249842167 41.80085626244545 911.85304152965546 180.66356182098389 3811.747501000762 1010.0281146466732 1243.7250329107046 361.68813583254814 69.346376866102219 284.90407384932041 2280.1558391153812 799.7025883346796 2306.2209729999304
leaf_count=8620 3514 1376 4408 202 9730 17029 8624 4955 4872 112 5813 3028 14725 7300 13021 31919 2686 5369 299 6464 1312 27141 7358 8987 2584 494 2030 16178 5679 16415
internal_value=-6.93294e-06 0.00532437 -0.0132207 0.0116675 0.00445734 -0.027274 -0.0360269 -0.00577373 0.0152955 0.0154299 0.0165527 0.0123227 -0.0200698 -0.011823 0.000383743 0.00852826 0.0197444 0.00940701 0.0130839 0.0219581 0.00327676 0.0135599 -0.015268 -0.00951356 0.0141648 0.0107497 0.0198677 0.0229981 0.0267429 0.0155799
internal_weight=33651.5 28148 7173.95 20974 7020.8 5503.55 1765.91 5408.04 13953.2 13926.2 11738 5047.92 3197.14 2728 2680.05 5819.73 6690.09 2188.16 1437.96 4368.13 1995.61 4625.57 1201.07 2247.47 1396.16 1034.48 354.25 3991.71 1711.56 2321.97
internal_count=242244 201870 52121 149749 50383 40374 13032 39089 99366 99164 83516 35982 23345 19801 19288 41649 47534 15648 10279 31007 14333 32954 8734 16287 9980 7396 2524 28321 12143 16527
is_linear=0
shrinkage=0.05


Tree=2
num_leaves=31
num_cat=0
split_feature=0 12 0 12 22 1 12 12 5 0 22 12 11 15 1 19 16 22 12 19 8 14 6 10 11 3 22 11 11 13
split_gain=1793.64 1192.83 457.32 193.985 196.881 151.724 85.6428 73.5949 50.6197 42.4083 60.0546 54.655 46.3622 31.9522 27.6807 25.3333 24.385 23.6817 22.229 21.8051 20.0191 18.4817 18.0621 17.9556 17.5489 21.7806 19.3706 16.7971 16.6984 16.6826
threshold=1.5000000000000002 -0.6558333333333336 5.5000000000000009 -0.060000000000000268 0.27854009324196022 5.9450000000000012 -2.1941666666666659 -1.1383333333333332 6.4450000000000012 5.5000000000000009 0.51412771714735428 0.34166666666666706 -0.044999999999999478 0.29166628035002856 4.6350000000000007 0.25632306181026671 0.59778644296257888 0.4306427459827698 0.64833333333333398 0.37767189280229857 1.5000000000000002 14.664166666666667 2.5000000000000004 2.5000000000000004 -0.0016666666666664829 41.125000000000007 0.40824006174431865 0.016666666666667055 -0.034499999999999968 0.15166666666666664
decision_type=2 2 2 2 2 2 2 2 10 2 2 2 10 2 2 2 2 2 2 2 2 2 8 2 10 2 2 10 8 2
left_child=5 2 7 4 28 14 -4 15 -5 10 18 21 20 -14 -1 -2 -13 -9 24 -6 -12 -11 -19 -17 29 -26 -27 -7 -3 -10
right_child=1 3 6 8 19 27 -8 17 9 11 12 16 13 -15 -16 23 -18 22 -20 -21 -22 -23 -24 -25 25 26 -28 -29 -30 -31
leaf_value=-0.013254561987540284 -0.021833070543780739 -0.0028878204076897311 -0.050947965754637815 -0.053570169331634145 0.0018924217826614522 -0.038343030010569608 -0.02725999819464103 -0.0076912357985876078 0.013594872196462377 -0.0038872396942213382 -0.0070327344789420723 0.0068067209868481627 0.0154930139684381 0.0034079208276884747 -0.02294283077948589 -0.0032577491616957418 0.018389167362803858 0.010374279384800929 0.022481182073925125 0.009456930325242011 0.0075016072985945705 0.034797006182553152 -6.4721719113131522e-07 -0.012539669861830716 0.010551044537567729 0.010922963752385722 0.038548361551922157 -0.027044262740587879 -0.018797418298062148 0.025293992643495251
leaf_weight=1174.9653220176697 473.23557883501053 203.29592078924179 570.39086472988129 27.557080745697021 1248.4737556278706 1848.3965793550014 1152.6546993255615 680.75897186994553 503.1052317917347 772.84846641123295 354.85544215142727 813.74370270967484 4702.8319557905197 618.92254748940468 1979.1299198269844 828.1236003190279 1029.130965590477 598.77729856967926 2741.6931066960096 4020.5960025638342 712.82617247104645 32.160374879837036 1401.1727067828178 1405.0384581238031 1450.2137189805508 113.72688475251198 143.55087651312351 400.1457697302103 873.89958146214485 772.75737841427326
leaf_count=8620 3514 1469 4408 213 8952 13999 8624 4955 3542 5550 2553 5772 33156 4407 14725 6006 7236 4282 19163 28553 5047 231 10051 10281 10217 803 1009 3030 6445 5431
internal_value=-1.29478e-05 0.00503568 -0.0126798 0.0109951 0.00368264 -0.0264084 -0.0351016 -0.00550827 0.0141329 0.0142592 0.0155121 0.00852705 0.0121798 0.0140875 -0.0193338 -0.0113245 0.0132748 0.000363746 0.0192312 0.00766457 0.00267096 -0.00234179 0.00310557 -0.00909765 0.0162444 0.0129296 0.0263368 -0.0363323 -0.0157948 0.0206807
internal_weight=33649 28246.3 7110.15 21136.2 6346.27 5402.64 1723.05 5387.11 14789.9 14762.4 12114.5 2647.88 6389.44 5321.75 3154.1 2706.4 1842.87 2680.71 5725.05 5269.07 1067.68 805.009 1999.95 2233.16 2983.35 1707.49 257.278 2248.54 1077.2 1275.86
internal_count=242244 201870 52121 149749 45419 40374 13032 39089 104330 104117 85328 18789 45163 37563 23345 19801 13008 19288 40165 37505 7600 5781 14333 16287 21002 12029 1812 17029 7914 8973
is_linear=0
shrinkage=0.05


Tree=3
num_leaves=31
num_cat=0
split_feature=0 12 0 1 19 12 12 12 8 21 0 13 7 1 0 1 18 11 19 12 22 14 11 11 8 11 13 12 14 17
split_gain=1643.8 1076.45 476.718 145.546 135.257 98.0109 90.1846 85.9472 55.1871 48.2963 45.7419 41.0036 28.9786 27.5317 27.4589 27.1209 24.5631 24.0343 23.557 19.8604 24.9703 19.2799 19.0436 18.4934 18.1349 17.3093 20.012 17.9633 16.8173 16.6402
threshold=1.5000000000000002 -0.52666666666666584 5.5000000000000009 5.6350000000000007 0.31320205322657402 -1.9799999999999998 -1.1383333333333332 0.33249999999999963 4.5000000000000009 0.03518093612083343 2.5000000000000004 0.075000000000000414 1.2500000000000002 6.3150000000000004 4.5000000000000009 4.6950000000000012 0.17626857798502918 -0.036666666666667506 0.25632306181026671 0.18833333333333371 0.27854009324196022 6.8891666666666653 -0.048166666666666906 0.065000000000000849 1.5000000000000002 -0.010833333333333249 -1.0166666666666657 -3.5749999999999993 7.7416666666666663 2.5000000000000004
decision_type=2 2 2 2 2 2 2 2 2 2 2 2 8 2 2 2 2 8 2 2 2 2 10 8 2 10 2 2 2 2
left_child=3 2 6 -1 7 -4 18 9 10 17 15 -12 -9 -5 23 -6 19 28 -2 20 -13 -22 -17 -8 -21 26 27 -20 -3 -26
right_child=1 4 5 13 8 -7 14 12 -10 -11 11 16 -14 -15 -16 22 -18 -19 25 24 21 -23 -24 -25 29 -27 -28 -29 -30 -31
leaf_value=-0.017049472524326592 -0.021060828535186246 -0.0020554753457175503 -0.048698164487813084 -0.02805678968525719 0.020520265997609879 -0.024495629041963275 0.0050071254084176672 0.01219170675273734 0.0043967169787270865 0.0062674110618306349 0.010813088893173723 -0.0092236747510048966 -0.031457026112448001 -0.038159370974535395 -0.0061923611267224819 -0.00079406544246151279 0.011724378052187066 -0.013262182844906399 0.049094090013529323 0.016638880166665718 0.013075904324146223 0.028963042952355106 0.0093124597230199602 -0.0096648446885596734 0.046306285504102956 -0.011839129187210716 0.0093040558481798513 -0.0097357126321275956 0.032328023243285806 0.022343930293975328
leaf_weight=2580.2129274010658 466.23992472887039 188.21085594594479 623.70746070146561 1224.9954367280006 466.01123757660389 1270.1848903298378 2497.3993346691132 1483.2453686892986 1711.391538515687 670.04944412410259 3249.0744404494762 108.54702854156494 39.025986343622208 1500.3765673041344 932.26956790685654 557.22940003871918 1484.0046489536762 1102.6811846643686 13.328667879104612 1871.4712263792753 1168.6560215950012 228.26404079794884 2850.3202219158411 234.98154889047146 74.376848801970482 1473.6041112393141 242.62157522141933 489.95949693024158 43.847892284393311 2796.9244568198919
leaf_count=19304 3514 1358 4967 9392 3274 9640 17793 10417 12118 4757 22769 788 289 11678 6769 3962 10363 8111 98 12971 8208 1601 19978 1706 516 10819 1779 3591 315 19399
internal_value=-1.82591e-05 0.00476398 -0.0104497 -0.0255606 0.0110062 -0.0324661 -0.00388372 0.00211559 0.012899 -0.00468569 0.0138785 0.0155264 0.0110727 -0.0336185 0.00121725 0.00920695 0.0175069 -0.0101842 -0.0108439 0.0188803 0.0138769 0.0156719 0.00765976 0.00374535 0.0204685 -0.00869766 -0.00249143 -0.00817771 0.00444134 0.0229646
internal_weight=33643.2 28337.6 8244.3 5305.58 20093.3 1893.89 6350.4 3527.06 16566.3 2004.79 14854.9 10981.3 1522.27 2725.37 3664.65 3873.56 7732.24 1334.74 2685.75 6248.24 1505.47 1396.92 3407.55 2732.38 4742.77 2219.51 745.91 503.288 232.059 2871.3
internal_count=242244 201870 60676 40374 141194 14607 46069 25247 115947 14541 103829 76615 10706 21070 26268 27214 53846 9784 19801 43483 10597 9809 23940 19499 32886 16287 5468 3689 1673 19915
is_linear=0
shrinkage=0.05


Tree=4
num_leaves=31
num_cat=0
split_feature=0 12 0 12 22 1 12 12 7 22 0 21 12 1 15 11 15 12 3 19 12 4 6 11 11 15 18 11 14 15
split_gain=1506.14 971.483 402.063 155.207 158.105 139.338 82.4236 61.2675 47.4507 32.009 29.8732 51.2726 45.1976 25.707 25.6554 22.2466 21.3816 19.7624 19.3621 19.2392 28.4216 20.4436 19.102 18.2234 18.0634 17.5201 18.9425 17.3995 17.3822 16.7762
threshold=1.5000000000000002 -0.6558333333333336 5.5000000000000009 -0.086666666666666656 0.27854009324196022 5.9450000000000012 -2.1941666666666659 -1.3799999999999999 1.7500000000000002 0.4306427459827698 5.5000000000000009 0.11582099990689351 0.34166666666666706 4.6350000000000007 0.31040688640909336 0.013333333333334087 0.27857465214017846 0.57749999999999979 32.455000000000005 0.44554102016515951 -2.7058333333333326 25.055000000000003 5.5000000000000009 -0.038333333333332657 0.050833333333333293 0.25362267560216739 0.072518479989872486 -0.009999999999999341 14.664166666666667 0.055555040466704647
decision_type=2 2 2 2 2 2 2 2 8 2 2 2 2 2 2 8 2 2 2 2 2 2 8 10 8 2 2 8 2 2
left_child=5 2 7 4 -3 13 -4 19 10 27 11 17 23 -1 -13 16 -14 24 -11 -2 21 -21 -6 28 -5 -19 -27 -9 -12 -23
right_child=1 3 6 8 22 -7 -8 9 -10 18 12 14 15 -15 -16 -17 -18 25 -20 20 -22 29 -24 -25 -26 26 -28 -29 -30 -31
leaf_value=-0.011998984217947614 -0.015519843578421511 -0.015077503356824139 -0.049504414517436923 0.015248162472906508 0.0079909361566166421 -0.034526568237107341 -0.025565028268265757 0.0010846327029653451 -0.021110756485405318 -0.0031911277389034365 0.010179079671513054 0.011119235477633098 0.01267410541986029 -0.021447684433889534 -0.0015214017453675085 0.005202903682119564 0.028577670239212101 0.021671219925942186 0.005448579676526559 0.072294766893439416 -0.009897267289814703 0.035654203330735428 -0.00026605307743682234 -0.0049551451606615997 0.0044656910649638684 0.026817921865201294 0.011189087168375385 -0.014029207163482663 0.080052110713269828 -0.010537616041306526
leaf_weight=1151.0542112588882 1347.173093765974 1007.2940519154072 531.58171206712723 2985.141144528985 4210.2675866037607 2139.654391117394 1111.0652931034565 275.65675784647465 104.54775818437338 1167.2656894028187 123.77544065564871 5145.3023554682732 868.11580400168896 1921.6216309815645 435.3672002106905 693.52540829777718 279.35467059910297 2358.9931386262178 1459.0644529312849 15.910419210791586 389.05897498130798 35.672739192843437 840.23475433886051 703.37116466462612 446.52163532376289 241.85167945921421 977.36248260736465 615.88245449960232 9.5903544425964338 43.78022526204586
leaf_count=8620 10045 7536 4408 20632 29673 17029 8624 2029 765 8415 885 35730 6021 14725 3093 4822 1920 16111 10483 117 2873 263 5930 5100 3096 1652 6717 4541 66 323
internal_value=-2.28065e-05 0.00450814 -0.0116752 0.00978823 0.00300983 -0.02473 -0.0333121 -0.00503119 0.0124593 -0.00117015 0.0126892 0.0137091 0.00789346 -0.0179081 0.0101331 0.0122728 0.0165459 0.0165561 0.00160868 -0.0124469 -0.00390122 0.0205612 0.00661725 -0.00174207 0.0138452 0.019156 0.0142893 -0.00935613 0.0152037 0.0102016
internal_weight=33635.1 28422.7 6992.11 21430.6 6057.8 5212.33 1642.65 5349.46 15372.8 3517.87 15268.3 12590.5 2677.73 3072.68 5580.67 1841 1147.47 7009.87 2626.33 1831.6 484.422 95.3634 5050.5 836.737 3431.66 3578.21 1219.21 891.539 133.366 79.453
internal_count=242244 201870 52121 149749 43139 40374 13032 39089 106610 25468 105845 87031 18814 23345 38823 12763 7941 48208 18898 13621 3576 703 35603 6051 23728 24480 8369 6570 951 586
is_linear=0
shrinkage=0.05


Tree=5
num_leaves=31
num_cat=0
split_feature=0 12 0 19 1 12 12 12 12 0 7 22 13 9 1 11 11 18 6 13 11 12 22 19 15 6 19 11 1 16
split_gain=1379.66 875.828 376.534 139.111 133.195 94.2825 80.77 58.8935 57.0221 37.0535 35.6605 33.0248 30.7688 26.5639 26.5493 21.5424 21.2898 21.0638 19.6169 19.4055 18.4904 18.4552 20.8146 16.5654 16.4042 15.993 15.8908 15.6387 14.7134 19.278
threshold=1.5000000000000002 -0.6558333333333336 5.5000000000000009 0.31320205322657402 5.6350000000000007 -0.02500000000000013 -2.1941666666666659 -0.32333333333333275 -1.1383333333333332 2.5000000000000004 1.2500000000000002 0.26307786197712674 0.075000000000000414 1.5000000000000002 6.3150000000000004 0.0083333333333333055 -0.0050000000000003366 0.17626857798502918 2.5000000000000004 -1.0166666666666657 -0.069999999999999826 0.18833333333333371 0.2875528289601626 0.26225509827270871 0.14583295805431343 1.5000000000000002 0.66994792301008144 -0.044999999999999478 4.6950000000000012 0.49146630684176512
decision_type=2 2 2 2 2 2 2 2 2 2 8 2 2 2 2 8 10 2 8 2 10 2 2 2 2 8 2 10 2 2
left_child=4 2 8 5 24 11 -4 -5 16 13 15 25 -11 27 -6 -7 19 20 -10 -2 -14 22 -22 -18 -1 -3 -20 -9 -15 -30
right_child=1 3 6 7 14 10 -8 9 18 12 -12 -13 17 28 -16 -17 23 -19 26 -21 21 -23 -24 -25 -26 -27 -28 -29 29 -31
leaf_value=-0.01281873597097959 -0.0088994453569681518 -0.00020624430441534933 -0.048794018250260897 0.0040236539517848223 -0.02629374790909185 0.012487510778026989 -0.024736510042581601 -0.012836868985729697 0.0069610551440325297 0.0096810123537499505 -0.031690916143340644 -0.00068907505264370823 0.0058664412905433385 0.019222923981544696 -0.036440155901214313 0.0026694156525999156 -0.023713390756902191 0.010145256937036136 -0.0032626181577487716 0.0061658621340970055 -0.0084063117463362858 0.018920782539389319 0.014185530392159106 -0.011035192679080538 -0.021325362464661043 -0.018521137031776196 0.022535104655951221 0.003797108236394774 -0.00072321965351682929 0.010845789293899066
leaf_weight=1659.5964957922697 692.99879616498947 142.90604245662689 512.83209049701691 2517.7488956600428 1177.2235333770514 1220.0975393652916 1091.3745432794094 176.25328893959522 789.80176210403442 3302.67377589643 58.075360372662544 671.30084265768528 372.83870248496532 402.91168382763863 1425.2860868275166 1030.6486248672009 319.65518456697464 1528.8639548569918 1829.7318791747093 309.08807396888733 110.01398028433323 4562.7306072115898 1391.6158723980188 1328.1984894126654 860.63576246798038 718.41507816314697 61.70600551366806 712.5716361105442 429.92009945213795 2216.8786073625088
leaf_count=12661 5177 1052 4408 17738 9392 8473 8624 1252 5635 22817 443 4796 2558 2776 11678 7260 2461 10518 13212 2277 806 30899 9612 9886 6643 5460 441 4933 2976 15380
internal_value=-2.67714e-05 0.00426703 -0.011189 0.00923741 -0.0239166 0.000611446 -0.0324272 0.0111069 -0.00479816 0.0122796 0.0069935 -0.00900282 0.0137387 0.00810484 -0.0318505 0.00799167 -0.00999968 0.015421 0.000342636 -0.00425264 0.016674 0.0173384 0.0125304 -0.0134945 -0.0157237 -0.0154824 -0.002421 0.000498604 0.0103216 0.00896663
internal_weight=33624.6 28501.9 6935.39 21566.5 5122.74 3841.44 1604.21 17725 5331.18 15207.3 2308.82 1532.62 11268.7 3938.54 2602.51 2250.75 2649.94 7966.06 2681.24 1002.09 6437.2 6064.36 1501.63 1647.85 2520.23 861.321 1891.44 888.825 3049.71 2646.8
internal_count=242244 201870 52121 149749 40374 27484 13032 122265 39089 104527 16176 11308 77210 27317 21070 15733 19801 54393 19288 7454 43875 41317 10418 12347 19304 6512 13653 6185 21132 18356
is_linear=0
shrinkage=0.05


Tree=6
num_leaves=31
num_cat=0
split_feature=0 12 0 1 12 0 12 12 5 22 15 22 21 12 8 6 16 11 11 19 12 4 12 22 14 18 1 11 11 20
split_gain=1263.5 789.77 352.384 127.472 124.054 140.413 79.1211 52.0437 39.1413 28.7422 23.8816 22.9173 44.2212 28.3498 23.246 19.7696 18.8682 17.8014 17.5123 17.4779 25.7711 17.2542 17.2157 19.8296 19.8084 16.4871 16.4829 16.1269 15.6244 15.5597
threshold=1.5000000000000002 -0.6558333333333336 5.5000000000000009 5.9450000000000012 -1.0000000180025095e-35 5.5000000000000009 -2.1941666666666659 -1.3799999999999999 6.4450000000000012 0.4306427459827698 0.17077324816213366 0.33705911565917351 0.11582099990689351 0.34166666666666706 1.5000000000000002 5.5000000000000009 0.59778644296257888 0.065000000000000849 0.016666666666667055 0.44554102016515951 -2.7058333333333326 25.055000000000003 -0.32333333333333275 0.59885219338501494 -4.338333333333332 0.26909324158404635 7.0950000000000006 -0.021666666666666941 -0.026666666666666835 1.5000000000000002
decision_type=2 2 2 2 2 2 2 2 10 2 2 2 2 2 2 8 2 8 10 2 2 2 2 2 2 2 2 10 8 2
left_child=3 2 7 10 5 15 -4 19 -6 28 -1 13 25 29 27 22 26 -11 -5 -2 21 -21 24 -24 -3 -13 -15 -14 -9 -10
right_child=1 4 6 18 8 -7 -8 9 11 17 -12 12 14 16 -16 -17 -18 -19 -20 20 -22 -23 23 -25 -26 -27 -28 -29 -30 -31
leaf_value=-0.013817703672353708 -0.014447284200704633 -0.003458868542992816 -0.048095940648072613 -0.034931957738923256 -0.051998059643529021 -0.012126925561279362 -0.02392448439246159 0.0054186201372578569 0.0213498028664009 0.0028809544199753789 -0.023819687028114794 0.015622102781088413 -0.002776761656963958 0.0060503872120400608 0.011151490840810172 -3.8021089143746232e-05 0.014744176146698965 -0.011588330319562773 -0.022849019681537189 0.06622356084199342 -0.0091024245853044815 0.010168557493854841 0.011716291282279294 -0.0053231257427952781 0.0072910592685116937 0.0018230336629345473 -0.036805176227882298 0.0077746811226356918 -0.01192741482093411 -0.0035869230405440582
leaf_weight=2175.7106868326664 1322.4700725227594 570.76857252418995 494.72259545326233 1673.30904648453 24.332781292498112 1220.3198907822371 1072.4853329285979 158.08307927846909 69.214365497231483 2393.3603566586971 822.38687112927437 6353.3260993808508 575.07928356528282 854.52642118930817 3716.8556700646877 965.51847776770592 1105.6854030191898 233.28926564753056 365.34758564829826 16.594219073653221 384.25769138336182 79.478713765740395 2460.7086559832096 183.47453467547894 1719.5536453425884 224.09825171530247 23.041711688041687 977.96341618895531 726.14089421927929 650.16016857326031
leaf_count=16839 10045 4005 4408 13999 202 9247 8624 1159 490 17171 6506 42788 4033 5905 25403 6767 7484 1727 3030 117 2873 586 17031 1268 12065 1528 159 6723 5411 4651
internal_value=-3.01088e-05 0.00403983 -0.0107199 -0.0231205 0.00872116 0.00331184 -0.0315547 -0.00457486 0.0113639 -0.00102899 -0.0165613 0.0114699 0.0124176 0.00731518 0.00900491 0.00650509 0.0103994 0.00159585 -0.0327666 -0.0114803 -0.0033114 0.0198507 0.00778535 0.010534 0.00461208 0.015152 0.00492516 0.00386757 -0.00882626 -0.00118764
internal_weight=33612.3 28575.5 6880.88 5036.75 21694.6 7120.34 1567.21 5313.67 14574.3 3510.87 2998.1 14550 11847.3 2702.63 5269.9 5900.02 1983.25 2626.65 2038.66 1802.8 480.331 96.0729 4934.51 2644.18 2290.32 6577.42 877.568 1553.04 884.224 719.375
internal_count=242244 201870 52121 40374 149749 50383 13032 39089 99366 25468 23345 99164 80475 18689 36159 41136 13548 18898 17029 13621 3576 703 34369 18299 16070 44316 6064 10756 6570 5141
is_linear=0
shrinkage=0.05


Tree=7
num_leaves=31
num_cat=0
split_feature=0 12 0 12 22 1 5 12 0 12 0 19 1 11 9 13 18 21 11 22 11 16 14 11 6 12 15 12 13 11
split_gain=1156.8 720.936 261.69 200.613 139.439 121.618 42.5799 40.3184 35.5826 47.1991 33.836 27.0373 23.0545 22.6236 22.313 21.0295 17.9796 17.8871 16.9855 16.485 16.4451 16.1945 16.1336 18.6647 21.6989 17.8902 16.0678 15.8261 15.3651 15.7807
threshold=1.5000000000000002 -1.0299999999999994 5.5000000000000009 -0.15333333333333285 0.27854009324196022 5.955000000000001 6.4450000000000012 -2.1941666666666659 5.5000000000000009 0.28000000000000075 2.5000000000000004 0.31480690268214423 4.6350000000000007 0.029166666666666789 1.5000000000000002 -0.93333333333333279 0.091514990863792348 0.12731949782331772 -0.0033333333333334099 0.44684133204836457 0.018333333333333982 0.59778644296257888 7.1625000000000005 -0.0016666666666664829 1.5000000000000002 0.56500000000000095 0.31040688640909336 -3.5749999999999993 -1.5049999999999994 -0.009999999999999341
decision_type=2 2 2 2 2 2 10 2 2 2 2 2 2 8 2 2 2 2 10 2 10 2 2 10 10 2 2 2 2 10
left_child=5 2 11 4 -3 12 -5 -4 10 -10 14 28 -1 -6 -8 -12 22 -18 -7 -15 27 -11 23 24 -17 -25 -19 -13 -2 -30
right_child=1 3 7 6 13 18 8 -9 9 21 15 20 -14 19 -16 16 17 26 -20 -21 -22 -23 -24 25 -26 -27 -28 -29 29 -31
leaf_value=-0.010301703890473017 -0.020536081696533995 -0.01452315174531249 -0.047408287651541314 -0.052397430930648907 0.0053829429097860156 -0.035285928430671493 0.00028652780124578285 -0.027956618944591602 -0.0043903050778581077 0.0045602430279966721 0.0065216252191203361 0.038034543430747247 -0.019379922320839842 -0.0076982758542320992 0.0094906961934765437 0.010947186635761191 0.01358518691462688 0.0086847427605105838 -0.025469443677975157 0.0021019016611267594 -0.010338490499555986 0.013538703131521293 0.023807317473714673 0.007496734491610875 0.023778384772322157 0.017177153313375895 -0.0091291433137079322 -0.0021173841970064835 0.0074430952178268645 -0.013911755474692814
leaf_weight=1119.7378162145615 539.02014669775963 1281.7218527197838 477.24839913845062 27.079973436892033 4678.9464847743511 1306.942414060235 869.92869906127453 602.97416350245476 873.58938731253147 911.17237249016762 1138.4841956049204 25.020154729485512 1862.7828330099583 626.14027623832226 2708.7384026646614 511.3388460278511 3526.0916802287102 1216.0944701880217 664.81833985447884 1363.5822178423405 832.77197740972042 1119.0333461761475 597.82312302291393 1099.082812204957 926.49636286497116 843.60909533500671 141.2913823723793 1282.6331979483366 121.08537010848522 302.97921377420425
leaf_count=8620 4164 10058 4408 230 32871 11217 6018 4936 6390 6306 7714 182 14885 4516 18508 3419 23613 8247 5652 9630 6234 7522 3989 7452 6174 5577 989 9492 907 2324
internal_value=-3.2988e-05 0.00382547 -0.0153546 0.00710607 0.000580824 -0.0223413 0.0102483 -0.0365505 0.0103513 0.00532755 0.0114255 -0.00797706 -0.0159717 0.00348382 0.00725328 0.0129186 0.0137404 0.0117077 -0.0319761 -0.000982089 -0.00484661 0.0095091 0.0162357 0.0148967 0.0192152 0.0117004 0.00683048 -0.00134913 -0.0149344 -0.00781419
internal_weight=33598.3 28644 4183.73 24460.2 7950.39 4954.28 16509.9 1080.22 16482.8 2903.8 13579 3103.51 2982.52 6668.67 3578.67 10000.3 8861.83 4883.48 1971.76 1989.72 2140.43 2030.21 3978.35 3380.53 1437.84 1942.69 1357.39 1307.65 963.085 424.065
internal_count=242244 201870 32647 169223 57075 40374 112148 9344 111918 20218 91700 23303 23505 47017 24526 67174 59460 32849 16869 14146 15908 13828 26611 22622 9593 13029 9236 9674 7395 3231
is_linear=0
shrinkage=0.05


Tree=8
num_leaves=31
num_cat=0
split_feature=0 12 0 12 22 1 5 12 0 12 0 6 1 1 20 3 13 3 11 8 3 18 16 19 11 12 18 6 19 16
split_gain=1058.8 655.836 225.942 201.361 140.907 115.97 39.4204 31.592 31.549 42.3052 29.9157 26.3893 25.3423 19.9912 23.1271 18.7962 18.5714 18.3207 18.2783 17.7361 17.3998 16.4125 16.1232 15.7751 15.477 14.9182 15.1162 14.6655 14.4811 14.3543
threshold=1.5000000000000002 -1.1383333333333332 5.5000000000000009 -0.15333333333333285 0.27854009324196022 5.6350000000000007 6.4450000000000012 -2.1941666666666659 5.5000000000000009 0.28000000000000075 2.5000000000000004 5.5000000000000009 6.3150000000000004 4.6950000000000012 1.0000000180025095e-35 33.855000000000011 -0.93333333333333279 31.165000000000003 -0.044999999999999478 4.5000000000000009 31.265000000000004 0.17368313684631118 0.51622597361563038 0.36356134428804965 -0.039999999999999584 1.2116666666666676 0.19645844366445875 1.5000000000000002 0.32828802187640799 0.59778644296257888
decision_type=2 2 2 2 2 2 10 2 2 2 2 8 2 2 2 2 2 2 10 2 2 2 2 2 8 2 2 10 2 2
left_child=5 2 15 4 24 -1 -5 -4 10 -10 13 17 27 14 -8 -2 -12 22 25 -19 -21 -18 -6 -13 -3 26 -15 -7 -22 -11
right_child=1 3 7 6 11 12 8 -9 9 29 16 23 -14 18 -16 -17 21 19 -20 20 28 -23 -24 -25 -26 -27 -28 -29 -30 -31
leaf_value=-0.013873589304927034 -0.01293810927634112 -0.0020799806602180022 -0.046729331560275533 -0.051776157946260649 -0.0018247537100635786 -0.032285446048222761 0.093503879598040129 -0.028507618997076586 -0.0041834583833315593 0.0043190956112483274 0.006169103827842466 -0.01298682267745511 -0.033970237233536281 -0.0033017480081695494 0.016330829982848509 -0.0044324272634561094 0.014016632505470032 0.011335299461575438 0.0074431836563151254 0.043693098115719087 -0.0048395485551359111 0.008685254985076352 0.007992448057492425 -0.00020631821078407307 -0.016795469440730161 -0.015938685053812886 0.017447710208731881 -0.019875575986772764 0.0053530087859431129 0.012748939112651351
leaf_weight=2439.4864056333899 1352.4283703640103 211.48786152154207 460.40237480401993 26.060551822185516 1603.7202078923583 345.36392422020435 10.018771752715109 492.1321392506361 871.0115282535553 913.8719217479229 1143.2380425781012 331.0984275713563 1324.0141149014235 322.7654183357954 312.98780377209187 1249.704943202436 7128.9941590428352 1262.8408835083246 2679.8897129148245 27.410868376493454 418.97780156135559 1810.0954242795706 565.77959058433771 891.66674487292767 1151.8412207961082 149.17073507606983 120.56064485013485 766.30834858864546 2070.9990181773901 1128.6807508021593
leaf_count=19304 10354 1635 4408 230 11324 2931 67 4112 6390 6306 7714 2420 11678 2235 2100 9447 47270 8752 18222 194 3027 12190 3948 6340 9211 1062 840 6461 14550 7522
internal_value=-3.54202e-05 0.00362316 -0.01648 0.00646415 0.000222221 -0.0215792 0.00967044 -0.037315 0.00976696 0.00504288 0.0107733 0.003023 -0.0292969 0.00685747 0.0187245 -0.00885316 0.0121696 0.0043979 0.00568611 0.00649981 0.0040741 0.0129371 0.000735455 -0.003667 -0.0145127 -0.00226122 0.00234098 -0.023731 0.00363795 0.00897729
internal_weight=33583 28707.8 3554.67 25153.2 8535.82 4875.17 16617.3 952.535 16591.3 2913.56 13677.7 7172.49 2435.69 3595.39 323.007 2602.13 10082.3 5949.73 3272.39 3780.23 2517.39 8939.09 2169.5 1222.77 1363.33 592.497 443.326 1111.67 2489.98 2042.55
internal_count=242244 201870 28321 173549 61401 40374 112148 8520 111918 20218 91700 50555 21070 24526 2167 19801 67174 41795 22359 26523 17771 59460 15272 8760 10846 4137 3075 9392 17577 13828
is_linear=0
shrinkage=0.05


Tree=9
num_leaves=31
num_cat=0
split_feature=18 12 0 12 22 1 12 12 5 21 13 22 11 22 12 22 19 18 13 11 0 2 15 22 22 3 15 11 1 14
split_gain=971.993 604.869 280.404 92.1925 99.4706 83.8363 73.6008 39.7535 30.9588 29.485 26.5355 21.5767 22.8614 20.6406 20.2913 20.1978 18.9496 17.8743 19.5553 16.8465 16.6239 20.938 16.3042 16.4923 16.149 16.3652 15.9013 15.8212 15.5193 21.8262
threshold=0.39551490555784624 -0.6558333333333336 5.5000000000000009 1.0000000180025095e-35 0.27854009324196022 6.2550000000000008 -2.1941666666666659 -1.3799999999999999 6.4250000000000007 0.15581071341357858 1.6550000000000007 0.33705911565917351 -0.045000000000000366 0.4306427459827698 0.34166666666666706 0.60447984738319327 0.37767189280229857 0.18289866187924517 0.059999999999999838 0.013333333333334087 3.5000000000000004 6.6750000000000007 0.29603105807245794 0.85759689023899821 0.69365754448047523 32.455000000000005 0.25898043417849048 0.0016666666666664833 1.1450000000000002 7.7416666666666663
decision_type=2 2 2 2 2 2 2 2 10 2 2 2 10 2 2 2 2 2 2 10 2 2 2 2 2 2 2 10 2 2
left_child=1 2 7 4 -3 10 -4 28 -5 11 27 14 20 -9 -10 16 -6 18 -14 -16 21 -13 23 -11 25 -15 -19 -2 29 -1
right_child=5 3 6 8 15 -7 -8 13 9 22 -12 12 17 24 19 -17 -18 26 -20 -21 -22 -23 -24 -25 -26 -27 -28 -29 -30 -31
leaf_value=0.0019849049174954607 -0.018282821347362047 -0.011068893971602134 -0.04605749771095085 -0.052052591119709994 0.00079152958760750748 -0.032483834926811499 -0.021680612351554853 -0.008206345124868444 -0.0010679555196144422 0.0048323445665071794 -0.027942007705153968 0.0051268567313306869 0.0086524050219593529 -0.002791020016890325 0.01222101767406222 -0.004812289314606445 0.0075126539774186332 0.01199769665460604 0.014593860743311794 0.0027556656850893724 0.010870837809794962 -0.013526763236401926 -0.016975006369395265 -0.03113859219775289 -0.012783878201435797 0.0051610912448445114 0.0029420762266130548 -0.009552850809653235 -0.011336347902794612 0.086203287973161735
leaf_weight=56.176608666777611 1486.6364371478558 1124.1439184844494 444.17545801401138 20.430370599031448 1378.2133432626724 1410.1749904602766 1022.3602289482951 875.72007140517235 714.1254595965147 934.70840416103601 500.98221568018198 638.61643030494452 1823.6866459697485 1160.1530779153109 1277.1011741906404 475.83471245318651 4386.4972723871469 1044.7414136081934 5755.8911838009953 743.91039289534092 783.66022872179747 196.79180180281401 106.85392615199089 32.989899501204491 209.44180217385292 1462.7077908068895 904.43692594766617 797.32944490760565 1789.2804045751691 8.9138676226139051
leaf_count=422 12198 8756 4408 191 9671 12667 8624 6570 5118 6461 4192 4378 12159 8400 8520 3481 30082 6979 37829 5029 5145 1372 746 268 1639 10454 6116 6484 13819 66
internal_value=-3.74461e-05 0.00317811 -0.00961452 0.00720264 0.00262228 -0.0225507 -0.0290637 -0.0044867 0.00945481 0.00953882 -0.017521 0.0101564 0.0111328 -0.0014975 0.00617694 0.00508854 0.00590578 0.0120661 0.0131643 0.00873693 0.00563978 0.000732742 0.00155947 0.00360606 0.000576803 0.00164369 0.0077958 -0.0152352 -0.0104639 0.0135183
internal_weight=33566.7 29371.6 7028.93 22342.6 7364.69 4195.12 1466.54 5562.39 14977.9 14957.5 2784.95 13883 11147.8 3708.02 2735.14 6240.55 5764.71 9528.76 7579.58 2021.01 1619.07 835.408 1074.55 967.698 2832.3 2622.86 1949.18 2283.97 1854.37 65.0905
internal_count=242244 206703 54402 152301 51990 35541 13032 41370 100311 100120 22874 92645 73978 27063 18667 43234 39753 63083 49988 13549 10895 5750 7475 6729 20493 18854 13095 18682 14307 488
is_linear=0
shrinkage=0.05


Tree=10
num_leaves=31
num_cat=0
split_feature=18 8 19 1 1 19 19 18 12 7 12 13 12 11 13 0 2 22 11 6 21 11 1 12 18 22 16 11 19 1
split_gain=890.455 550.665 293.962 80.1109 68.9232 56.0413 52.4892 40.5639 37.1183 31.4647 27.6584 25.0682 21.89 21.2745 20.3767 23.2236 22.0795 19.7619 18.9494 18.2261 17.9072 17.6813 17.6743 17.4137 16.9379 16.303 15.2087 15.0513 14.9332 14.777
threshold=0.39551490555784624 4.5000000000000009 0.19256180899069889 6.2550000000000008 2.1750000000000003 0.32828802187640799 0.31320205322657402 0.26909324158404635 -0.096666666666666443 1.2500000000000002 -1.1383333333333332 1.6550000000000007 -2.839166666666666 0.058333333333334021 0.075000000000000414 2.5000000000000004 6.6350000000000007 0.79174656739487514 -0.019999999999999126 5.5000000000000009 0.42500261269022682 0.0099999999999993445 4.2950000000000008 -1.6249999999999996 0.016000613561446095 0.44986050984593212 0.4756546873062521 -0.039999999999999584 0.34828865869882369 4.6350000000000007
decision_type=2 2 2 2 2 2 2 2 2 8 2 2 2 8 2 2 2 2 8 8 2 8 2 2 2 2 2 8 2 2
left_child=1 6 4 11 -3 23 8 14 19 21 12 29 28 17 -8 16 -16 -12 -6 24 -9 22 -10 -4 -1 27 -27 -25 -7 -2
right_child=3 2 5 -5 18 10 7 20 9 -11 13 -13 -14 -15 15 -17 -18 -19 -20 -21 -22 -23 -24 25 -26 26 -28 -29 -30 -31
leaf_value=-0.011238944004043686 -0.0079813080148060014 -0.043671661357747346 -0.018524688901010816 -0.03163839551729105 -0.0081063199262443614 -0.042384222698077095 0.0068969140490774284 0.003129226730729167 0.040494793341992102 -0.030952844788546176 0.0032813439576638449 -0.027102543983449093 -0.0077338668966486215 -0.0084179635917764374 0.0094623478707417663 0.012180989625324386 -0.00098066260967189021 -0.01475075139143691 -0.02412830745953581 -0.023050700177598162 -0.012504182771743897 0.0012295264977543793 0.0087361269014373192 0.0032044363804085135 0.0050565849924902734 -0.0015064551433357609 0.040946268841040571 -0.012978974220892706 0.015463253230993058 -0.017093716666377563
leaf_weight=343.8047666400671 609.14113672077656 453.67147441208363 479.85216224193573 1376.3355368822813 246.43132475018501 12.023741185665129 4739.0509829372168 654.79784725606441 45.34451450407505 59.123615987598896 3863.1740428060293 490.93390994518995 1628.7829366922379 494.49651665240526 1973.8580504283309 8007.2737295627594 680.69819597154856 158.16170158237219 734.86794583499432 149.81992509961128 254.31365479528904 1087.7775892838836 1293.2897935509682 167.31503020972013 297.40765064954758 404.18861823529005 22.258861154317856 1016.752617880702 154.65727755427361 1650.0367397814989
leaf_count=2683 4822 4470 3874 12667 2053 93 31998 4453 309 472 27137 4192 12439 3574 13322 52553 4653 1254 6176 1156 2049 7562 8775 1279 2150 2965 159 7942 1153 13860
internal_value=-3.9089e-05 0.00301144 -0.00664072 -0.0217906 -0.0275555 -0.00306856 0.00785889 0.00901902 0.002084 0.00508621 -0.000718419 -0.0168621 -0.00596776 0.00136868 0.00962485 0.0108374 0.00678448 0.00257213 -0.0201047 -0.00734937 -0.00124404 0.00596437 0.00981191 -0.0101642 -0.00368074 -0.00767315 0.000709408 -0.0106922 0.0112904 -0.0146367
internal_weight=33549.6 29423.2 9836.63 4126.45 1434.97 8401.66 19586.6 16310 3276.57 2485.54 6311.3 2750.11 1795.46 4515.83 15400.9 10661.8 2654.56 4021.34 981.299 791.032 909.112 2426.41 1338.63 2090.37 641.212 1610.52 426.447 1184.07 166.681 2259.18
internal_count=242244 206703 74568 35541 12699 61869 132135 109028 23107 17118 45650 22874 13685 31965 102526 70528 17975 28391 8229 5989 6502 16646 9084 16219 4833 12345 3124 9221 1246 18682
is_linear=0
shrinkage=0.05


Tree=11
num_leaves=31
num_cat=0
split_feature=18 12 0 1 12 22 12 12 5 21 13 6 22 22 22 19 5 20 14 12 9 15 11 22 14 2 13 11 11 18
split_gain=815.492 495.991 248.101 76.4547 73.7877 83.4558 70.2077 33.3049 27.7747 25.0102 23.6546 19.1239 18.6782 17.124 16.8979 16.0462 15.6382 16.019 15.3212 15.2738 15.3472 14.874 14.8487 14.4814 14.1934 15.3176 14.4364 13.8719 13.7987 13.4111
threshold=0.39551490555784624 -0.6558333333333336 5.5000000000000009 6.2550000000000008 1.0000000180025095e-35 0.27854009324196022 -2.1941666666666659 -1.3799999999999999 6.4250000000000007 0.15581071341357858 1.6550000000000007 5.5000000000000009 0.19774636513491473 0.60447984738319327 0.41959265561479292 0.12112128581886349 6.8550000000000013 26.500000000000004 -0.73083333333333289 2.287500000000001 3.5000000000000004 0.29603105807245794 0.0016666666666664833 0.85759689023899821 2.1175000000000002 4.7350000000000012 0.46166666666666717 -0.0033333333333334099 -0.039999999999999584 0.21519804706942469
decision_type=2 2 2 2 2 2 2 2 10 2 2 8 2 2 2 2 8 2 2 2 2 2 10 2 2 2 2 10 8 2
left_child=1 2 7 10 5 28 -4 18 -6 12 22 24 -10 14 -7 -14 17 -8 -1 20 -17 23 -2 -11 26 -26 -9 -5 -3 -27
right_child=3 4 6 27 8 13 16 11 9 21 -12 -13 15 -15 -16 19 -18 -19 -20 -21 -22 -23 -24 -25 25 29 -28 -29 -30 -31
leaf_value=-0.014716380946844916 -0.017051088496068314 0.0022184649772068019 -0.044820448671819502 -0.034414906489834418 -0.051346686049169692 0.00062433077250428502 -0.017488074708952174 -0.0041969120306643353 -0.0023625929582077512 0.0042557671754333516 -0.026276607665629139 -0.009191441686892371 -0.0082950715558427184 -0.0045485451735767565 0.0068808401432267872 0.010854714069573224 -0.028559831867195469 0.017489102935162971 -0.0055010423289822115 -0.0022081035953346413 0.0070875598456554799 -0.016580145631263674 -0.0085108714487161837 -0.02994663547964866 0.00080149556188725292 0.016187412615514873 0.0080278873932524402 -0.023659307091075561 -0.012771254265597165 -0.017604793590439337
leaf_weight=809.75643413513899 1451.6672041490674 184.05943660438061 415.55303725600243 892.43991876393557 19.394065521657467 1433.0299245342612 593.25173518806696 1608.7875283658504 347.16898486018181 941.12854501605034 481.29589508473873 640.28242036700249 127.20117063820362 473.9251741617918 4371.073680460453 9529.2495724856853 366.12987148761749 34.646188445389271 1018.1453989967704 270.83808791637421 3774.4623964056373 106.14593671262264 783.76536124944687 32.000740014016628 803.43796925991774 330.25877855718136 284.15416805446148 451.42101830989122 925.57451496273279 32.226088382303715
leaf_count=6402 12198 1378 4408 8464 191 9939 5137 11777 2359 6461 4192 4789 885 3481 29814 62539 3183 304 7905 1789 25073 746 6484 268 5825 2364 2066 4203 7378 242
internal_value=-4.04067e-05 0.00285385 -0.00883737 -0.021047 0.00645256 0.00235572 -0.0275619 -0.00406199 0.00845064 0.0085273 -0.0162217 -0.00133362 0.00909078 0.00458992 0.00533611 0.00938098 -0.020347 -0.0155581 -0.00958342 0.00954661 0.00978592 0.00119246 -0.0140568 0.00313104 0.000311185 0.00465095 -0.00236182 -0.030802 -0.0102848 0.0131832
internal_weight=33532.5 29471.9 6936.63 4060.59 22535.3 7387.66 1409.58 5527.05 15147.6 15128.2 2716.73 3699.15 14048.9 6278.03 5804.1 13701.8 994.028 627.898 1827.9 13574.6 13303.7 1079.28 2235.43 973.129 3058.86 1165.92 1892.94 1343.86 1109.63 362.485
internal_count=242244 206703 54402 35541 152301 51990 13032 41370 100311 100120 22874 27063 92645 43234 39753 90286 8624 5441 14307 89401 87612 7475 18682 6729 22274 8431 13843 12667 8756 2606
is_linear=0
shrinkage=0.05


Tree=12
num_leaves=31
num_cat=0
split_feature=18 8 19 1 1 19 19 18 7 12 1 11 21 12 21 12 14 22 11 13 11 13 6 14 11 1 21 8 22 12
split_gain=746.59 452.095 255.965 72.8866 65.3963 47.8393 43.383 34.7865 32.5013 30.6229 23.4291 23.218 25.3812 18.5907 18.1376 22.763 23.5602 17.9023 17.688 17.5176 16.6062 15.9497 15.8576 15.6441 15.6324 15.3951 15.1543 15.0267 14.8976 14.7793
threshold=0.39551490555784624 4.5000000000000009 0.19256180899069889 6.2550000000000008 2.1750000000000003 0.32828802187640799 0.31320205322657402 0.26909324158404635 1.2500000000000002 -0.096666666666666443 4.6350000000000007 0.061666666666666987 0.48282597116494402 -1.1383333333333332 0.11632558779289119 0.56500000000000095 3.6333333333333369 0.36195847048457025 -0.020833333333333478 2.3608333333333342 -0.035000000000000579 1.6550000000000007 1.5000000000000002 17.672500000000007 0.0099999999999993445 4.2750000000000012 0.42500261269022682 1.5000000000000002 0.26307786197712674 -1.6249999999999996
decision_type=2 2 2 2 2 2 2 2 8 2 2 8 2 2 2 2 2 2 8 2 10 2 10 2 8 2 2 2 2 2
left_child=1 6 4 10 -3 23 8 14 9 28 -2 12 13 -7 15 16 17 -8 -6 -18 -21 -12 -17 29 25 -11 -9 -16 -1 -4
right_child=3 2 5 -5 18 11 7 26 -10 24 21 -13 -14 -15 27 22 19 -19 -20 20 -22 -23 -24 -25 -26 -27 -28 -29 -30 -31
leaf_value=-0.012990577268887669 -0.0072124165962611344 -0.042342814357597749 -0.018130876253131836 -0.029975229908000257 -0.0067311055402131427 -0.0036494014347327759 -0.0024804035446946157 0.0025817957553573379 -0.030250954408677214 0.038509401555211507 -0.01590606314916022 -0.0097791872746499503 -0.014423104329344034 0.0029202717483517568 0.0020568986362434483 0.0066350381237951939 0.012349491880167493 0.0071937545292633728 -0.022624945598554283 -0.015926984896049479 0.061623248733569884 -0.026681763549052408 0.01436223044370484 0.015190130379088316 0.00086001305948689259 0.0079397834846935949 -0.011845547928480738 0.0078985665723576518 0.00097369525123146587 -0.0078662003250472793
leaf_weight=390.38909067958593 635.62779366970062 425.90526843816042 453.31380201131105 1312.7033576518297 230.84392637014389 1485.3601052835584 569.68915534764528 659.21405179053545 77.210949309170246 42.522226274013519 1612.9515139758587 627.37795925140381 276.32363563776016 3915.209257401526 1405.244716130197 829.51235915720463 1336.684835255146 2978.2693692520261 724.25824906677008 8.7418130040168744 32.819032698869705 436.28871223330498 3326.5488245710731 62.613279946148396 1092.8623682782054 1309.9822265803814 251.43567954748869 5082.2109509184957 373.94011745601892 1548.7682523280382
leaf_count=3161 5119 4470 3744 12667 1954 11373 3936 4453 623 282 13860 4666 2212 27399 9450 5353 8837 19668 6275 57 213 3895 21235 486 7562 8802 2049 33777 2677 11989
internal_value=-4.14143e-05 0.00270492 -0.00610595 -0.0203198 -0.0260492 -0.00281501 0.00705077 0.00809685 0.00180576 0.0025769 -0.0155989 -0.000651605 0.000357124 0.00111336 0.00865241 0.0100947 0.00779554 0.00564039 -0.0187835 0.0133435 0.0453115 -0.0182002 0.01282 -0.00942066 0.00530733 0.00890088 -0.00140168 0.00663321 -0.0061587 -0.0101903
internal_weight=33514.8 29517.3 9749.97 3997.57 1381.01 8368.97 19767.3 16480.4 3286.91 3209.7 2684.87 6304.27 5676.89 5400.57 15569.7 9082.27 4926.2 3547.96 955.102 1378.25 41.5608 2049.24 4156.06 2064.7 2445.37 1352.5 910.65 6487.46 764.329 2002.08
internal_count=242244 206703 74568 35541 12699 61869 132135 109028 23107 22484 22874 45650 40984 38772 102526 59299 32711 23604 8229 9107 270 17755 26588 16219 16646 9084 6502 43227 5838 15733
is_linear=0
shrinkage=0.05


Tree=13
num_leaves=31
num_cat=0
split_feature=18 12 0 12 1 22 5 19 18 1 12 14 1 0 0 11 9 21 13 13 22 5 11 15 3 8 6 4 13 21
split_gain=683.269 412.34 181.226 125.112 69.3852 65.0817 36.3267 31.0966 30.0845 28.9211 26.591 23.2076 21.8225 19.9102 18.804 18.4151 18.0328 17.8559 15.8321 15.0928 14.6567 14.0558 13.7611 13.5335 14.0883 13.5718 13.1747 16.0637 13.1422 12.7403
threshold=0.39551490555784624 -1.1383333333333332 5.5000000000000009 -0.32333333333333275 6.2550000000000008 0.24732880984208308 6.4650000000000007 0.31320205322657402 0.34251042856245978 2.0050000000000003 0.33249999999999963 8.5558333333333323 4.6350000000000007 2.5000000000000004 4.5000000000000009 -0.01666666666666616 1.5000000000000002 0.03518093612083343 0.075000000000000414 1.6550000000000007 0.85582097186039663 6.8050000000000006 -0.0033333333333334099 0.23052561314709832 32.165000000000006 4.5000000000000009 3.5000000000000004 34.465000000000011 -1.0166666666666657 0.12731949782331772
decision_type=2 2 2 2 2 2 10 2 2 2 2 2 2 2 2 10 2 2 2 2 2 8 10 2 2 2 10 2 2 2
left_child=1 2 15 5 12 -3 -5 10 13 -4 17 14 -2 16 -7 28 -9 -8 -15 -14 -18 -16 -6 24 -20 29 -19 -28 -1 -25
right_child=4 3 9 6 22 11 7 8 -10 -11 -12 -13 19 18 21 -17 20 26 23 -21 -22 -23 -24 25 -26 -27 27 -29 -30 -31
leaf_value=-0.0051550326771116562 -0.0068879163426859586 -0.013783387386759507 -0.045027102431119889 -0.048673653599850715 -0.032855701481379895 0.0013888327646794357 -0.006581492730585105 -0.0012074075057614368 -0.0095846212390989245 -0.026141431350369188 0.0067178481286156088 0.0090489450355225841 -0.015292501324636746 0.0061984888257075399 6.0467424905397218e-07 -0.0098446681143931972 0.0070612960278545718 0.013662537251561472 0.0089345592813663052 -0.02587024630535591 -0.033577686091369678 -0.010241517005159574 -0.021906680189909999 0.0096339175362593933 0.014187181527006827 -0.015514132867610234 0.0078411486223586273 -0.017089318558101956 0.0086279458381718632 0.0013559572084039266
leaf_weight=543.41049705445766 632.3798389211297 880.82972075790167 338.50855846703053 29.477893896400928 849.45920272916555 3818.3504112511873 965.27058264613152 904.57949783653021 246.49180395156145 505.34170672297478 1597.9168994501233 742.8589203581214 1594.2690316513181 3419.3138895481825 625.67458004504442 1869.6449654698372 3206.4247173517942 235.47013451159 2321.5723615065217 427.69776065647602 22.341130666434765 720.97698991000652 433.38423833996058 2580.917025744915 2836.0508730784059 61.815299674868584 154.54133655130863 111.03977791965008 253.69389969855547 566.90528504550457
leaf_count=4252 5119 7432 3799 279 8464 26877 7279 6149 1870 4721 10622 5252 13860 22662 4599 14746 21404 1572 14959 3895 185 5360 4203 16533 18223 424 1063 763 1913 3765
internal_value=-4.21918e-05 0.00256403 -0.0135222 0.00473196 -0.019609 -0.00110466 0.00678922 0.00687423 0.00774959 -0.0337174 0.00225601 0.000785668 -0.0149946 0.00801798 -0.000402801 -0.00713171 0.00503204 -0.00260626 0.00906509 -0.01753 0.0067801 -0.00548287 -0.0291568 0.0102365 0.0118228 0.00768748 0.00505199 -0.00258231 -0.000768333 0.0081431
internal_weight=33496.6 29559.4 3510.6 26048.8 3937.19 6788.69 19260.1 19230.7 16166.4 843.85 3064.24 5907.86 2654.35 15919.9 5165 2666.75 4133.35 1466.32 11786.6 2021.97 3228.77 1346.65 1282.84 8367.26 5157.62 3209.64 501.051 265.581 797.104 3147.82
internal_count=242244 206703 29431 177272 35541 49520 127752 127473 106174 8520 21299 42088 22874 104304 36836 20911 27738 10677 76566 17755 21589 9959 12667 53904 33182 20722 3398 1826 6165 20298
is_linear=0
shrinkage=0.05


Tree=14
num_leaves=31
num_cat=0
split_feature=21 12 0 8 15 21 5 18 22 12 1 21 11 11 11 11 0 9 1 16 3 9 15 16 3 2 18 11 18 13
split_gain=629.961 366.53 172.23 105.129 77.6635 55.0228 35.7269 33.9345 35.1887 45.204 28.5761 19.5164 17.759 16.6747 16.107 15.9692 15.5153 18.0535 17.5954 17.7412 17.3462 16.542 15.5107 15.3383 14.8411 14.6877 14.4725 14.0638 13.8939 13.543
threshold=0.47496843075909795 -1.1383333333333332 5.5000000000000009 4.5000000000000009 0.19166607694249246 0.047084931497142844 6.4650000000000007 0.34251042856245978 0.27022471268330189 0.1983333333333335 2.0050000000000003 0.028688189199123325 -0.0050000000000003366 -0.01666666666666616 0.039999999999999598 -0.036666666666667506 2.5000000000000004 3.5000000000000004 4.6950000000000012 0.48616186659206412 39.805000000000007 1.5000000000000002 0.22937259301909238 0.59778644296257888 31.915000000000003 6.1550000000000011 0.63801809931974762 0.025000000000000803 0.0032418154622099469 -0.90833333333333288
decision_type=2 2 2 2 2 2 10 2 2 2 2 2 10 10 8 8 2 2 2 2 2 2 2 2 2 2 2 10 2 2
left_child=1 2 12 6 13 15 -3 8 9 -8 -4 23 29 -2 -7 -5 18 22 -10 -20 -19 -21 24 -11 -18 -6 -15 -25 -17 -1
right_child=4 3 10 5 25 14 7 -9 16 11 -12 -13 -14 26 -16 28 17 20 19 21 -22 -23 -24 27 -26 -27 -28 -29 -30 -31
leaf_value=-0.0051017082822772094 -0.017125431934657841 -0.047327189867648459 -0.044397264769035286 0.0024521295381387423 -0.021554825826357021 0.0025482961374970149 -0.0068698285901654848 -0.0073739273088163975 0.012681876941400114 0.0021301978278731207 -0.025343821396841187 -0.018380366842808506 -0.0098925097735057792 -0.0070559871865919725 -0.0043341302199871191 0.02603086122370396 0.0084836408653822561 0.0042245850263721869 -0.0052390249195181727 -0.0012707127776775116 0.011968017750367321 0.0071563340507371023 0.0069373845676147577 0.014270899083365256 0.013935401501452414 -0.030735316898291093 -0.027648593129925493 0.0013941474861146586 -0.01468066655706101 0.0077984187476884464
leaf_weight=693.85923989862204 1051.6305920705199 31.053877256810665 326.45228609442711 180.54927334189415 814.65917117893696 3852.684577934444 1017.1701159998775 440.80973137915134 625.12249928712845 906.36688582599163 495.43920037895441 79.059919908642769 1570.0116487666965 1154.8802926540375 1090.7881417274475 21.439226925373077 2218.1788970306516 3394.1547729894519 490.89281721413136 782.5122461989522 919.06843089312315 2276.4960337132215 2840.9280288368464 813.44227344542742 2855.1620109602809 936.52474036812782 92.128255508840084 286.81222504377365 931.87037683278322 287.85994727164507
leaf_count=5443 9040 300 3799 1437 7686 26949 7848 3723 4148 6152 4721 525 12485 9780 7865 182 14273 22474 3275 5318 6047 15074 18245 5234 18267 9318 817 1886 7771 2162
internal_value=-4.27656e-05 0.00250162 -0.0130057 0.00450955 -0.0185316 -0.00124882 0.00626133 0.00634476 0.00665479 0.00177199 -0.0329118 0.00598653 -0.0065941 -0.0124881 0.00102967 -0.0111828 0.00757847 0.00847704 0.00494679 0.00358467 0.00587457 0.00500065 0.00989538 0.00694658 0.0115518 -0.0264645 -0.00857736 0.0109142 -0.0137651 -0.00131913
internal_weight=33478 29428.2 3373.62 26054.6 4049.82 6077.33 19977.2 19946.2 19505.4 3102.85 821.891 2085.68 2551.73 2298.64 4943.47 1133.86 16402.5 12227.5 4175.02 3549.9 4313.22 3059.01 7914.27 2006.62 5073.34 1751.18 1247.01 1100.25 953.31 981.719
internal_count=242244 205603 28610 176993 36641 44204 132789 132489 128766 21645 8520 13797 20090 19637 34814 9390 107121 79306 27815 23667 28521 20392 50785 13272 32540 17004 10597 7120 7953 7605
is_linear=0
shrinkage=0.05


Tree=15
num_leaves=31
num_cat=0
split_feature=21 12 0 12 8 22 18 22 12 1 14 1 18 0 7 11 21 12 11 12 11 11 18 5 1 14 11 15 11 10
split_gain=575.872 332.61 162.326 94.5999 74.5458 56.7244 32.489 32.5982 35.4968 28.2041 20.7545 19.3945 19.3875 18.5609 17.1364 16.3431 16.1226 16.1306 25.3979 15.4101 14.4136 13.647 13.871 13.6024 13.4423 12.9834 12.981 12.929 12.7974 12.785
threshold=0.47496843075909795 -1.1383333333333332 5.5000000000000009 -0.32333333333333275 2.5000000000000004 0.24732880984208308 0.34251042856245978 0.33705911565917351 0.28000000000000075 2.0050000000000003 8.7266666666666666 6.2950000000000008 0.62819603173740168 4.5000000000000009 1.7500000000000002 -0.01666666666666616 0.11632558779289119 0.57749999999999979 0.040000000000000487 2.6358333333333337 0.0016666666666664833 -0.036666666666667506 0.10974448430979865 6.6250000000000009 7.2350000000000012 8.06666666666667 -0.049999999999999371 0.21995315315807876 0.079999999999999641 2.5000000000000004
decision_type=2 2 2 2 2 2 2 2 2 2 2 2 2 2 8 10 2 2 8 2 10 8 2 10 2 2 10 2 8 2
left_child=1 2 15 5 11 -3 7 8 21 -4 13 -2 20 28 -10 -1 17 18 24 26 -6 22 25 -23 -9 -5 -18 -19 -7 -20
right_child=4 3 9 6 12 10 -8 16 14 -11 -12 -13 -14 -15 -16 -17 19 27 29 -21 -22 23 -24 -25 -26 -27 -28 -29 -30 -31
leaf_value=-0.00014533333373657192 -0.020318125242925315 -0.012822244917887346 -0.043768815388509089 0.0029485415241791123 -0.013090302916096311 0.0022814080141482251 -0.0075783786889252833 0.0090371418632394906 0.0064077539467259116 -0.024558798000680129 0.0089390051737660361 -0.030884541961313933 -0.021503476718595389 -0.0052425153578381138 -0.023464307168871157 -0.0089108088942910953 0.00039907222296452715 0.014216844675267959 0.0084743859044244356 -0.029291005350905137 -0.0039425036404808949 -0.046513231526558674 -0.054589159289526346 -0.0063915020656852327 -0.0084464949310890276 0.034181265775677275 0.0065526080654398555 0.0084130201081677528 -0.011203846565770142 -0.0042997900575343136
leaf_weight=757.96986249834299 861.24678091704845 865.64706824719906 314.87746954709291 172.68748290091753 1140.9275398179889 3526.8642918840051 429.18744422495365 3958.5746741592884 2164.4950351640582 485.95728052407503 705.40238785743713 875.96681625396013 423.87791522592306 1347.3734378516674 49.098717100918293 1781.9044812396169 1008.8735174909234 1810.1074392721057 277.28410737961531 31.747527122497559 691.64052001386881 21.579005725681782 8.9438982158899289 1003.9531199261546 113.07873336970806 41.216064408421516 5694.527471087873 2042.130773589015 185.16801381111145 667.13877834379673
leaf_count=5861 7919 7432 3799 1258 9786 24581 3644 25652 14141 4721 4930 9094 4014 10003 399 14229 6781 11300 1812 218 5828 187 64 7601 727 290 37297 12920 1355 4401
internal_value=-4.31681e-05 0.00237174 -0.0124838 0.00427137 -0.0178607 -0.000887714 0.00602606 0.00633231 0.00194304 -0.0321119 0.000904383 -0.0256461 -0.0118668 -0.000215836 0.00574518 -0.00629494 0.00730617 0.00870682 0.00683808 0.0054619 -0.00963778 -0.0047988 0.00641584 -0.00723573 0.00855158 0.00896663 0.00562649 0.0111401 0.00160872 -0.000549271
internal_weight=33459.4 29465.8 3340.71 26125.1 3993.66 6630.46 19494.6 19065.4 3461.97 800.835 5764.81 1737.21 2256.45 5059.41 2213.59 2539.87 15603.5 8868.31 5016.08 6735.15 1832.57 1248.38 222.847 1025.53 4071.65 213.904 6703.4 3852.24 3712.03 944.423
internal_count=242244 205603 28610 176993 36641 48301 128692 125048 23940 8520 40869 17013 19628 35939 14540 20090 101108 56812 32592 44296 15614 9400 1612 7788 26379 1548 44078 24220 25936 6213
is_linear=0
shrinkage=0.05


Tree=16
num_leaves=31
num_cat=0
split_feature=21 12 0 8 8 21 5 12 18 19 12 1 18 10 0 1 16 13 9 11 11 11 6 11 18 18 14 4 12 2
split_gain=526.265 301.792 152.845 86.6456 70.3723 45.8623 31.8539 28.0074 27.7074 28.768 22.356 18.6819 18.1076 15.7389 14.7163 15.9232 16.1808 15.4206 14.6387 14.5511 13.8484 13.4976 13.2941 12.8093 12.7255 12.702 14.5993 12.3234 13.7098 12.8506
threshold=0.47496843075909795 -1.1383333333333332 5.5000000000000009 4.5000000000000009 2.5000000000000004 0.047084931497142844 6.4650000000000007 -2.1941666666666659 0.37010966100500697 0.31320205322657402 -0.096666666666666443 6.2950000000000008 0.62819603173740168 4.5000000000000009 2.5000000000000004 4.6950000000000012 0.4756546873062521 0.075000000000000414 1.5000000000000002 -0.036666666666667506 0.039999999999999598 -0.01666666666666616 5.5000000000000009 -0.083333333333332579 0.0032418154622099469 0.19405168013911558 -8.8049999999999962 35.475000000000001 -0.1333333333333335 4.3050000000000006
decision_type=2 2 2 2 2 2 10 2 2 2 2 2 2 2 2 2 2 2 2 8 8 10 10 8 2 2 2 2 2 2
left_child=1 2 13 6 11 19 -3 -4 9 10 22 -2 21 -1 15 25 -17 27 -18 -5 -7 -6 -8 -15 -21 26 -11 28 29 -16
right_child=4 3 7 5 12 20 8 -9 -10 14 -12 -13 -14 23 17 16 18 -19 -20 24 -22 -23 -24 -25 -26 -27 -28 -29 -30 -31
leaf_value=-0.003418045261941176 -0.019607599139959839 -0.04635507378175785 -0.041757497841976812 0.0026841741482243947 -0.013967155425259253 0.0022771992598206105 -0.0027053951314942059 -0.022726332064499359 -0.0081014933745014155 -0.013132521473184984 0.0039530053029941011 -0.030081129582083393 -0.020773899519242689 0.028709811429715723 0.0029546925606291096 -0.0064728977011158781 -0.0016389003690961555 0.0088492858530733031 0.0061383225459931213 0.025035785850483508 -0.0041101125810236077 -0.0053142531121490554 -0.019809517244140894 -0.013048815302165423 -0.013734271235014037 0.0362720204941634 0.012394200735048197 0.0087506254668468838 0.005087163473852502 -0.011487034394163091
leaf_weight=1767.0055702477694 848.17247522622347 29.429006867110729 352.41896349191666 179.95617146790028 821.92221864312887 3865.7710643112659 626.32268634438515 428.23369687050581 357.07225175946951 62.9461769759655 2514.7905350998044 854.93548785150051 417.00441887229681 18.829841695725918 339.81041071563959 401.557716101408 809.50212591141462 8544.2109349444509 2395.6712527871132 21.665876515209675 1087.2799411863089 997.81174360215664 138.77714773267508 742.77548202872276 915.88182526826859 48.350219450891018 508.47174695134163 1364.0352575778961 1698.2347723394632 281.75966840982437
leaf_count=13940 7919 300 4408 1437 7136 26949 4795 4112 3168 413 16978 9094 4014 147 2318 2680 5488 54205 15751 182 7865 8478 1107 6003 7771 332 3323 8983 11037 1911
internal_value=-4.33694e-05 0.00224886 -0.0119784 0.00404646 -0.0172071 -0.00118922 0.00562608 -0.0313178 0.00570222 0.00595198 0.0016761 -0.0248652 -0.0113761 -0.00600782 0.0068043 0.0042609 0.00298871 0.0076834 0.0041741 -0.0103387 0.000875074 -0.00922252 -0.00580782 -0.0120164 -0.0128383 0.0116644 0.00958223 0.00497926 0.00276172 -0.00359179
internal_weight=33440.6 29500.8 3309.26 26191.5 3939.85 6070.55 20120.9 780.653 20091.5 19734.4 3279.89 1703.11 2236.74 2528.61 16454.6 4226.5 3606.73 12228.1 3205.17 1117.5 4953.05 1819.73 765.1 761.605 937.548 619.768 571.418 3683.84 2319.8 621.57
internal_count=242244 205603 28610 176993 36641 44204 132789 8520 132489 129321 22880 17013 19628 20090 106441 27987 23919 78454 21239 9390 34814 15614 5902 6150 7953 4068 3736 24249 15266 4229
is_linear=0
shrinkage=0.05


Tree=17
num_leaves=31
num_cat=0
split_feature=18 12 22 12 1 22 1 18 5 19 15 11 22 13 6 22 21 14 11 11 20 11 13 12 22 11 4 4 12 11
split_gain=482.053 279.741 153.814 69.8236 53.6425 52.342 28.999 27.5154 23.4788 21.1553 18.2559 19.0444 16.5397 16.2334 15.4534 14.2774 13.7432 15.0147 15.4213 13.0615 13.0298 12.6087 12.5889 12.5538 12.5557 12.1855 13.6534 12.1603 13.4115 12.0225
threshold=0.43351510627221118 -1.0100000000000002 0.27022471268330189 -0.15333333333333285 6.2550000000000008 0.26307786197712674 2.0050000000000003 0.34251042856245978 6.4250000000000007 0.2538107386413227 0.12686113556172934 0.0083333333333333055 0.2048960107819387 -1.8824999999999998 5.5000000000000009 0.85759689023899821 0.48282597116494402 -2.6866666666666652 -0.01666666666666616 -0.07499999999999972 42.500000000000007 -0.031833333333333151 1.6550000000000007 2.4250000000000007 0.42801520248924274 0.0099999999999993445 41.595000000000006 29.315000000000001 0.34166666666666706 -0.0049999999999994485
decision_type=2 2 2 2 2 2 2 2 10 2 2 10 2 2 10 2 2 2 8 10 2 8 2 2 2 10 2 2 2 10
left_child=1 2 6 5 10 20 -1 8 -5 13 -2 22 25 -4 -11 19 17 -7 -19 -14 -3 -15 -12 -21 -25 26 27 -10 -29 -6
right_child=4 3 9 7 29 16 -8 -9 12 14 11 -13 15 21 -16 -17 -18 18 -20 23 -22 -23 -24 24 -26 -27 -28 28 -30 -31
leaf_value=-0.042945458531021038 -0.0054249209928773755 -0.010433888860232948 -0.023669234825852974 -0.050002550795884892 -0.030258242971095126 -0.00107857559518494 -0.022895852948366352 -0.0080617418248979424 -0.0075471634497200181 -0.0019922651466885298 -0.016480375717524701 -0.0072986207462267805 0.00044198534235271301 0.019628352191118734 -0.011842449778196647 -0.0414712707436359 -0.0086716282184470476 0.0081275581123228229 0.0018300121551235032 0.006861412596372166 0.062010052047678781 -0.010688550359984275 -0.028738629882040352 0.010122198856140546 -0.017654867347404814 -0.010517266483580449 -0.023068652137795121 -0.0029843218359909586 0.022548031452003309 -0.019567961572597943
leaf_weight=273.42611239850521 554.2222668081522 1096.0138439536095 254.38445645570755 18.708412356674671 754.60669778287411 2351.0152386575937 529.78915994614363 356.05965309590101 96.71075451374054 2348.7087460532784 990.03309018164873 472.639394082129 876.34940890967846 40.935363993048668 479.45856322348118 15.601004011929033 306.41657727956772 1435.0274925380945 3013.5507303252816 15582.590778306127 6.2422316595911971 211.44035088270903 265.64227522164583 66.89215824007988 103.82912141829729 249.95265558362007 41.820146501064301 79.018567971885204 147.3237930983305 403.70028275996447
leaf_count=3533 4742 9367 2290 217 8227 16455 5256 2903 648 18168 9042 4253 5789 332 3819 138 2554 9814 20962 100415 52 1796 2588 421 687 1733 280 574 948 4241
internal_value=-4.33894e-05 0.00199088 -0.0100787 0.00392353 -0.0177687 0.000114107 -0.029721 0.00569665 0.00598017 -0.00534788 -0.0133214 -0.0158536 0.00604085 -0.0147557 -0.00366216 0.00633832 0.00168663 0.00215342 0.00386148 0.00638317 -0.0100236 -0.00577115 -0.0190736 0.00671367 -0.00677123 -0.0020126 0.00381343 0.00729339 0.0136344 -0.0265324
internal_weight=33422.1 29981.3 4138.14 25843.1 3440.84 8208.27 803.215 17634.9 17278.8 3334.93 2282.54 1728.31 17260.1 506.76 2828.17 16645.3 7106.01 6799.59 4448.58 16629.7 1102.26 252.376 1255.68 15753.3 170.721 614.826 364.873 323.053 226.342 1158.31
internal_count=242244 209151 35194 173957 33093 59204 8789 114753 111850 26405 20625 15883 111633 4418 21987 107450 49785 47231 30776 107312 9419 2128 11630 101523 1108 4183 2450 2170 1522 12468
is_linear=0
shrinkage=0.05


Tree=18
num_leaves=31
num_cat=0
split_feature=21 12 0 8 15 22 7 12 22 12 18 21 16 12 19 11 11 11 11 6 14 16 6 15 9 3 14 18 12 13
split_gain=441.407 249.303 135.446 71.6581 63.906 38.63 28.3165 27.3212 22.375 33.3894 24.0375 18.0222 14.5527 19.1601 19.9298 14.818 14.5012 13.6727 13.599 13.5947 13.5484 12.9694 12.887 19.285 14.1799 13.036 12.8798 12.3609 12.103 11.9094
threshold=0.47496843075909795 -1.1383333333333332 5.5000000000000009 4.5000000000000009 0.19166607694249246 0.23441402336079839 inf -2.1941666666666659 0.27022471268330189 0.28000000000000075 0.34251042856245978 0.028688189199123325 0.15488374374204369 -2.839166666666666 0.3712625063297062 -0.024999999999999908 0.0083333333333333055 -0.01666666666666616 0.058333333333333133 5.5000000000000009 2.1916666666666651 0.64045466115077743 1.5000000000000002 0.25239783601312554 3.5000000000000004 47.005000000000003 -12.274999999999999 0.63801809931974762 0.37333333333333335 -0.95916666666666639
decision_type=2 2 2 2 2 2 8 2 2 2 2 2 2 2 2 8 10 10 8 8 2 2 8 2 2 2 2 2 2 2
left_child=1 2 12 6 17 19 8 -4 9 -3 22 21 -1 14 -14 29 -6 28 -7 -5 -17 -11 23 -10 -24 -26 -12 -19 -2 -15
right_child=4 3 7 5 16 18 -8 -9 10 11 26 -13 13 15 -16 20 -18 27 -20 -21 -22 -23 24 -25 25 -27 -28 -29 -30 -31
leaf_value=-0.018579721518206471 -0.011131454292682232 -0.0055198820479979748 -0.040506423392810492 -0.0094721290542997497 -0.026161926312258735 0.0011207328551566891 -0.05310117121249202 -0.021213981197882738 0.0055640788370246276 0.0031502698116864843 0.027754761932488953 -0.019294225455886355 -0.012018818988201422 -0.0039152906875242156 0.022881571732527906 -0.011299506557677459 -0.015071491224236237 -0.0054936290840160197 -0.0065027019619113904 -0.028454504029411229 -0.0017529699943863799 0.011867919921715398 0.007981931875498555 -0.0036148612003350485 0.0039963526995728769 0.015186824363400037 -0.0080628463115557485 -0.025107920260285466 -0.023032870213229441 0.012334895221565343
leaf_weight=195.3966735675931 696.80908578634262 1152.7782832756639 329.97182118147612 478.28476522862911 1237.6542817056179 4801.5677240788937 20.897998534142971 413.45169873535633 2167.8627402186394 1248.5449951589108 26.765598691999912 72.367320992052555 61.634912192821503 313.54099277406931 121.62547479569912 1070.189346127212 386.8812972009182 1126.0009886696935 666.141516700387 117.4915187433362 569.38524499535561 648.10297195613384 8835.7163270786405 777.45358411967754 4618.1114340499043 275.78948238492012 403.10370139032602 86.494116239249706 308.05465561151505 176.06110762059689
leaf_count=1654 6090 8884 4408 4176 13083 33971 241 4112 14003 8205 230 479 508 2474 921 8714 3921 9780 5006 1051 4506 4087 56127 5083 30175 1783 3492 817 2950 1313
internal_value=-4.32647e-05 0.00202875 -0.0110332 0.00364282 -0.0159868 -0.00112542 0.00507076 -0.029777 0.00513087 0.0012382 0.00584131 0.00519479 -0.00547678 -0.0043696 0.0111437 -0.00570485 -0.0235208 -0.0104671 0.000191955 -0.0132156 -0.00798422 0.00612918 0.00614226 0.00314118 0.00678606 0.00462698 -0.00583268 -0.00689283 -0.01478 0.00192828
internal_weight=33404.1 29562.2 3251.26 26311 3841.89 6063.49 20247.5 743.424 20226.6 3121.79 17104.8 1969.02 2507.83 2312.44 183.26 2129.18 1624.54 2217.36 5467.71 595.776 1639.57 1896.65 16674.9 2945.32 13729.6 4893.9 429.869 1212.5 1004.86 489.602
internal_count=242244 205603 28610 176993 36641 44204 132789 8520 132548 21655 110893 12771 20090 18436 1429 17007 17004 19637 38977 5227 13220 12292 107171 19086 88085 31958 3722 10597 9040 3787
is_linear=0
shrinkage=0.05


Tree=19
num_leaves=31
num_cat=0
split_feature=18 12 0 12 1 19 12 18 7 6 16 1 13 21 15 5 20 15 3 21 11 11 22 14 5 2 8 21 11 12
split_gain=404.188 231.975 140.368 56.5305 49.6306 34.9207 27.6719 25.3869 20.2648 20.2306 17.3126 16.5813 16.4124 17.2532 18.149 15.6137 17.3552 14.8669 14.185 13.4491 12.8719 12.7423 12.6447 12.1231 14.5024 11.7893 11.773 23.1063 15.8067 12.1822
threshold=0.43351510627221118 -0.6558333333333336 5.5000000000000009 -2.1941666666666659 6.2550000000000008 0.31320205322657402 -0.078333333333332686 0.30750960660679788 1.2500000000000002 2.5000000000000004 0.43872871826660581 4.6150000000000011 0.059999999999999838 0.14604482054384679 0.31040688640909336 6.8550000000000013 26.500000000000004 0.11850905124393893 32.315000000000005 0.018241195952096157 0.0083333333333333055 0.0083333333333333055 0.63704670738491742 -1.6516666666666653 6.745000000000001 3.5650000000000004 1.5000000000000002 0.094828872233491499 -0.022666666666666831 0.70833333333333448
decision_type=2 2 2 2 2 2 2 2 8 8 2 2 2 2 2 8 2 2 2 2 10 8 2 2 10 2 2 2 10 2
left_child=1 2 9 -4 11 6 18 12 21 22 -11 -2 -7 26 25 16 -5 -13 -3 -20 -19 -8 -1 -18 -25 -15 27 -14 -29 -28
right_child=4 5 3 15 -6 7 8 -9 -10 10 -12 17 13 14 -16 -17 23 20 19 -21 -22 -23 -24 24 -26 -27 29 28 -30 -31
leaf_value=0.0029039693754156224 -0.0039191767350870771 -0.01191468349853092 -0.039847644702062757 -0.012450694482221624 -0.025130711964949339 0.0032743508146519241 0.0068044759743320074 -0.0040536564717983253 -0.027522196983016608 -0.0071287036361399065 0.00044228270227496843 -0.00077207700700170426 0.0093445042419531537 0.040458458864753272 -0.019420565403128059 -0.024045002983849456 -0.0095239657526426467 -0.018771560760114478 -0.013336504725387832 0.0022790433800139414 -0.0086757142444019494 -0.00038484940917588077 -0.011538023987424748 0.11249737427233418 0.018714068331932971 0.0023792813150801378 0.0070115391228447541 -0.0061519258914167346 0.0040393705417730973 0.011550876247781372
leaf_weight=1554.8284273520112 474.35061378777027 578.25133422017097 318.937379732728 538.00318150222301 1115.0214292556047 6205.6636026874185 1354.0954978987575 742.03504071384668 53.667867563664913 2738.3098137378693 1042.5789701640606 178.50262310355902 1369.9317706376314 20.61224103718996 96.949157178401947 327.03715039044619 13.758615866303446 1147.4142552018166 181.88663663715124 569.96785195171833 435.56185378879309 1131.1965077072382 167.93319872021675 6.4964181557297733 11.279331110417841 1464.0456643775105 5862.8699475377798 571.90222311019897 1136.6583248451352 1976.216289408505
leaf_count=11485 3995 4550 4408 5137 12468 41003 8884 5878 469 21388 7734 1600 8436 138 670 3183 132 11024 1518 4342 4006 7721 1384 62 110 9592 37720 3746 7206 12255
internal_value=-4.3056e-05 0.00179451 -0.00639099 -0.0217687 -0.0165139 0.00415339 -0.000184778 0.0050165 0.00287579 -0.00299473 -0.00504101 -0.0122167 0.00537632 0.00641991 0.00153926 -0.0153375 -0.0103376 -0.0144511 -0.00602691 -0.00149863 -0.0159937 0.00353221 0.00149618 0.025714 0.0529886 0.00290795 0.00712696 0.00450689 0.000628063 0.0081559
internal_weight=33386 30035.1 6719.16 1215.51 3350.85 23315.9 3869.07 19446.9 2538.96 5503.65 3780.89 2235.83 18704.8 12499.2 1581.61 896.575 569.538 1761.48 1330.11 751.854 1582.98 2485.29 1722.76 31.5344 17.7757 1484.66 10917.6 3078.49 1708.56 7839.09
internal_count=242244 209151 55023 13032 33093 154128 27484 126644 17074 41991 29122 20625 120766 79763 10400 8624 5441 16630 10410 5860 15030 16605 12869 304 172 9730 69363 19388 10952 49975
is_linear=0
shrinkage=0.05


Tree=20
num_leaves=31
num_cat=0
split_feature=21 12 22 8 8 21 7 1 22 19 18 11 9 19 13 2 14 12 21 3 19 11 18 12 14 11 21 15 5 18
split_gain=370.223 208.991 119.83 58.8829 58.8111 32.821 25.9544 23.2902 19.6754 19.1265 17.7928 17.7485 17.7396 16.7985 17.4198 15.4962 15.2498 14.5615 16.4996 14.3614 16.1061 17.2781 13.9539 13.1559 13.0712 13.0584 13.0017 16.3869 15.0692 12.5136
threshold=0.47496843075909795 -1.1383333333333332 0.27022471268330189 2.5000000000000004 4.5000000000000009 0.047084931497142844 inf 2.0050000000000003 0.2048960107819387 0.12112128581886349 0.37010966100500697 -0.024999999999999908 3.5000000000000004 0.25632306181026671 -1.5049999999999994 4.9350000000000014 -0.98833333333333495 -2.7058333333333326 0.054703131046550134 43.715000000000011 0.43215563108127419 -0.0066666666666672638 0.62819603173740168 0.43833333333333396 7.2949999999999973 -0.036666666666667506 0.12137337790480904 0.31040688640909336 6.9650000000000007 0.23833062649937375
decision_type=2 2 2 2 2 2 8 2 2 2 2 10 2 2 2 2 2 2 2 2 2 8 2 2 2 8 2 2 10 2
left_child=1 2 7 11 6 25 8 -1 23 16 12 15 26 14 -4 -2 -10 18 -15 20 21 -14 24 -3 -5 -6 28 -28 -11 -26
right_child=3 4 13 22 5 -7 -8 -9 9 10 -12 -13 19 17 -16 -17 -18 -19 -20 -21 -22 -23 -24 -25 29 -27 27 -29 -30 -31
leaf_value=-0.041399127075316115 -0.01192367614116225 -0.010776500707340316 -0.021697170036568618 -0.0057071738260628044 0.0035021991817988222 0.00069303730766232549 -0.052635717251900832 -0.021958826352345466 -0.026005088222679731 0.0082013880360537247 -0.0061598365957325702 -0.017423076145665684 0.0046825976100773846 0.032410352080817946 -0.0015209801768827774 -0.031456168042469902 0.0024528057816786803 -0.0049909343735953923 0.0012192934656746679 0.0097122340254603198 0.0043564288114956943 -0.0045475579212508827 -0.017997884702658441 0.0029541665712501117 0.039983187194186136 -0.011306320363643485 0.0049346059220000266 -0.007572475206772753 0.0010215413805272748 -0.019406741617644659
leaf_weight=247.25619710236788 122.97049517929554 334.01590264588594 281.77881939709187 1488.8394777029753 177.91254222393036 4964.0741607248783 19.800676792860031 408.77422965317965 88.677928484976292 7637.5349003076553 345.58806870877743 885.38558623194695 814.30203011631966 53.544070459902287 172.45585273206234 582.75350239127874 100.34646629542112 1834.9063302576542 203.69165661931038 752.37655993551016 3754.1851783320308 1343.5478127226233 392.15621806681156 365.18526601046324 9.1688356697559339 911.96844176203012 3713.5507898926735 281.76396605372429 808.12788786739111 271.66119762510061
leaf_count=3531 1264 2537 2616 13129 1437 34814 241 4346 657 48266 3168 9303 5461 414 1496 6446 744 14612 1595 4899 24315 9196 4014 2355 76 7953 23897 1933 5120 2409
internal_value=-4.2722e-05 0.00183211 -0.0102306 -0.0148375 0.00329464 -0.00103199 0.00458121 -0.0292858 0.00463691 0.00493033 0.00508415 -0.0221378 0.00528754 -0.00532139 -0.014037 -0.0280527 -0.0108978 -0.0034291 0.00771177 0.00320588 0.00237787 -0.0010644 -0.00946446 -0.00360512 -0.00757346 -0.00888897 0.00640265 0.00405256 0.00751438 -0.0174677
internal_weight=33368.3 29615.4 3202.41 3752.94 26413 6053.96 20359 656.03 20339.2 19640 19451 1591.11 19105.4 2546.38 454.235 705.724 189.024 2092.14 257.236 6664.41 5912.04 2157.85 2161.83 699.201 1769.67 1089.88 12441 3995.31 8445.66 280.83
internal_count=242244 205603 28610 36641 176993 44204 132789 7877 132548 127656 126255 17013 123087 20733 4112 7710 1401 16621 2009 43871 38972 14657 19628 4892 15614 9390 79216 25830 53386 2485
is_linear=0
shrinkage=0.05


Tree=21
num_leaves=31
num_cat=0
split_feature=18 12 22 8 1 0 5 1 18 22 12 5 1 1 14 16 12 21 19 15 11 22 13 5 11 16 14 21 12 1
split_gain=338.335 196.138 98.3711 73.1592 45.622 41.7222 24.6417 19.1405 18.9775 21.1331 27.0999 17.678 14.6978 13.5941 18.5464 14.0177 15.2731 19.5719 15.8144 13.5456 13.1523 12.1961 11.6518 16.0847 11.2972 11.2642 12.1715 11.1976 11.4565 15.4046
threshold=0.43351510627221118 -1.3799999999999999 0.32667586892521261 4.5000000000000009 6.2550000000000008 4.5000000000000009 6.4650000000000007 2.0050000000000003 0.26909324158404635 0.27022471268330189 -0.078333333333332686 6.8350000000000009 4.6150000000000011 1.1450000000000002 8.3816666666666659 0.15488374374204369 -2.7058333333333326 0.058384607139045287 0.37667031374061438 0.11850905124393893 0.0099999999999993445 0.80649465517209296 -4.2991666666666655 6.745000000000001 -0.0049999999999994485 0.43751376023073163 -15.150833333333329 0.11812700766127406 0.57749999999999979 7.5050000000000008
decision_type=2 2 2 2 2 2 10 2 2 2 2 8 2 2 2 2 2 2 2 2 10 2 2 10 10 2 2 2 2 2
left_child=1 2 7 6 12 -5 -3 -1 9 10 -8 -7 -2 14 -4 -15 17 -17 -19 -14 -12 -21 23 -23 -6 -22 -27 28 29 -11
right_child=4 3 13 5 24 11 8 -9 -10 27 20 -13 19 15 -16 16 -18 18 -20 21 25 22 -24 -25 -26 26 -28 -29 -30 -31
leaf_value=-0.040352718520789928 -0.0033496785337130703 -0.044260687794975682 0.0058486781876851907 0.0012193485749760027 -0.027545709659968588 -0.0031963442996156043 -0.0095859907169599749 -0.02194186681175506 -0.0020730881936037917 0.0052547777585262995 0.0060094821785329463 -0.011716794523724733 -0.00022175024601290788 -0.020471086042964094 0.086648077108296168 0.034452462017766049 -0.007599959084799217 -0.023523194801168927 0.012332362203069498 -0.0077041591768361034 -0.021417156823571277 -0.048391696521953104 -0.018288032455217911 0.049172606149828185 -0.016821647589456763 -0.025402203009946184 0.0012595356016957377 0.0038183012207706393 0.0085006108906370836 -0.028490328603742766
leaf_weight=262.33288631588221 470.21794618666172 26.085389465093613 54.586381554603577 4726.7607884556055 695.37962180376053 1452.7173431143165 509.62726870179176 305.65510548651218 1083.5436116158962 5709.7406712323427 1528.7629561796784 1047.8765084147453 177.02637976408005 181.35729357600212 8.1642775237560254 50.223801501095295 1323.6266326606274 52.24834793806076 74.748041607439518 433.12547707557678 64.646455235779285 6.0214155316352871 1092.9194172769785 14.155852660536764 379.6604910492897 44.752827383577824 984.08559149503708 6397.6682871803641 4159.0609611868858 34.021179631352425
leaf_count=3835 3995 303 420 33685 8227 11658 4249 3345 8058 36637 9995 8617 1600 1579 58 389 10880 442 570 4149 465 58 10688 135 4241 302 6636 41327 25486 215
internal_value=-4.23214e-05 0.00161768 -0.0123716 0.00278287 -0.0153205 -0.0015438 0.00430513 -0.0304452 0.00436688 0.00472597 0.000964253 -0.00676685 -0.011185 -0.0064886 0.0163612 -0.00734095 -0.00575435 0.00803015 -0.00241919 -0.013323 0.00301467 -0.0148229 -0.0175929 0.0200569 -0.0237584 -0.00117228 9.97926e-05 0.00544873 0.00650206 0.0050549
internal_weight=33350.8 30082.3 2312.94 27769.3 3268.51 7227.35 20542 567.988 20515.9 19432.4 3131.88 2500.59 2193.47 1744.95 62.7507 1682.2 1500.85 177.22 126.996 1723.25 2622.25 1546.22 1113.1 20.1773 1075.04 1093.48 1028.84 16300.5 9902.82 5743.76
internal_count=242244 209151 21518 187633 33093 53960 133673 7180 133370 125312 21647 20275 20625 14338 478 13860 12281 1401 1012 16630 17398 15030 10881 193 12468 7403 6938 103665 62338 36852
is_linear=0
shrinkage=0.05


Tree=22
num_leaves=31
num_cat=0
split_feature=21 12 22 8 8 0 7 5 2 22 2 19 18 21 4 14 1 9 19 12 21 3 1 14 11 15 4 16 11 5
split_gain=311.071 177.053 86.1133 70.2298 52.4236 44.5519 23.6716 20.7009 17.1888 15.4689 15.1616 14.77 14.7489 14.348 13.7367 13.2546 13.1823 13.0569 14.7182 26.2481 13.7749 13.1334 13.0549 15.3183 13.05 12.9485 14.2701 13.6427 12.8821 12.6383
threshold=0.47496843075909795 -1.5766666666666667 0.32667586892521261 4.5000000000000009 2.5000000000000004 4.5000000000000009 1.2500000000000002 6.8550000000000013 6.1850000000000014 0.2048960107819387 6.9750000000000005 0.12112128581886349 0.66928966695183834 0.03518093612083343 30.310000000000006 -0.98833333333333495 6.5150000000000006 3.5000000000000004 0.67590739875811967 1.1383333333333332 0.16668095353895623 47.005000000000003 1.1450000000000002 7.7416666666666663 0.080000000000000529 0.082505123658800875 39.625000000000007 0.63601597344243099 0.0016666666666664833 6.9650000000000007
decision_type=2 2 2 2 2 2 8 8 2 2 2 2 2 2 2 2 2 2 2 2 2 2 2 2 8 2 2 2 10 10
left_child=1 2 -1 6 8 24 9 -7 -2 -3 -8 15 17 14 -4 -11 -9 18 20 -20 29 -19 23 -15 -5 26 -23 -27 -6 -13
right_child=4 3 13 5 28 7 10 16 -10 11 -12 12 -14 22 -16 -17 -18 21 19 -21 -22 25 -24 -25 -26 27 -28 -29 -30 -31
leaf_value=-0.032239865519936788 -0.015817174607905642 -0.0031307990967677601 0.059301964322918337 0.0019182204836400191 -0.011710635643398769 -0.0034421024563753562 -0.022827262511755091 -0.01362236282486831 -0.026399540898385521 -0.023957703899574218 0.019330516095156212 0.0072911229250802378 -0.018230443831736273 0.0036250620330499739 -0.0043194763516097709 0.0029269301506893134 0.02225330577150646 0.0024010967683782839 0.0060832122633651892 -0.0063446617910714632 -0.0029199724537668742 0.02256078241780175 -0.0091604053011375888 0.072218062496094748 -0.010590327907160016 0.0043656042423568407 0.09980932260837741 0.027682023749084701 -0.0036894080342876495 0.0012362204974581189
leaf_weight=468.53692469745874 815.40516297519207 681.85541705787182 15.682675473392008 4581.9733618870378 1329.8369063064456 1730.3481028825045 124.84717648476362 923.75596619397402 724.8226615190506 85.59238550812006 25.720741912722588 9470.0058051049709 70.097388342022896 49.313019931316376 18.484232887625694 98.726530008018017 26.335386268794537 6330.3438207060099 1165.6689491942525 668.51521823555231 382.58819241821766 23.192675657570366 1142.8441390991211 9.7484349831938726 218.45596478879452 313.6766300201416 8.0546926409006101 78.420083098113537 802.67064712196589 948.09741681069136
leaf_count=6294 8592 4773 127 32513 12440 14079 986 7769 8421 646 195 59617 736 378 152 731 201 41705 7758 4489 2501 154 9496 66 1657 2032 53 499 7188 5996
internal_value=-4.18499e-05 0.00165781 -0.0139865 0.0026117 -0.0137682 -0.00153432 0.00412649 -0.00669805 -0.0207972 0.00427282 -0.0156257 0.00452981 0.00466325 -0.00706752 0.0248829 -0.00955752 -0.0126279 0.00474602 0.00569467 0.00155356 0.00639791 0.00297129 -0.00797578 0.0149467 0.00134899 0.0114975 0.0424733 0.00902893 -0.00869147 0.0067401
internal_weight=33333.6 29660.9 1704.61 27956.3 3672.74 7480.87 20475.4 2680.44 1540.23 20324.8 150.568 19643 19458.7 1236.07 34.1669 184.319 950.091 19388.6 12634.9 1834.18 10800.7 6753.69 1201.91 59.0615 4800.43 423.344 31.2474 392.097 2132.51 10418.1
internal_count=242244 205603 16513 189090 36641 56219 132871 22049 17013 131690 1181 126917 125540 10219 279 1377 7970 124804 80361 12247 68114 44443 9940 444 34170 2738 207 2531 19628 65613
is_linear=0
shrinkage=0.05


Tree=23
num_leaves=31
num_cat=0
split_feature=18 12 22 8 1 22 7 1 18 19 11 11 1 11 22 12 5 20 5 2 3 7 14 14 12 11 11 13 21 1
split_gain=283.896 163.134 87.3083 58.9715 41.4036 35.5169 22.412 18.9912 15.6745 18.3037 16.5284 13.9489 13.7538 13.6037 17.0487 13.5617 13.3551 12.8663 12.6121 15.5529 12.9076 12.3061 12 11.6507 11.1559 10.9045 10.8665 10.7847 10.4672 10.2489
threshold=0.43351510627221118 -1.3799999999999999 0.32667586892521261 4.5000000000000009 6.2550000000000008 0.24732880984208308 inf 2.0050000000000003 0.26909324158404635 0.31320205322657402 0.0083333333333333055 0.074999999999999747 3.2650000000000001 0.0066666666666672656 0.84613323428584841 0.29000000000000054 7.035000000000001 26.500000000000004 6.8150000000000004 4.8450000000000006 39.140000000000008 1.2500000000000002 -0.73083333333333289 -21.800833333333333 -0.9366666666666662 -0.010833333333333249 -0.0033333333333334099 -4.7558333333333325 0.14072657916388401 1.4350000000000003
decision_type=2 2 2 2 2 2 8 2 2 2 8 8 2 10 2 2 10 2 10 2 2 10 2 2 2 10 10 2 2 2
left_child=1 2 7 6 13 17 8 -1 9 10 12 23 -3 14 18 -12 -15 24 -2 20 25 -14 -4 -7 -5 -20 28 -28 -6 -24
right_child=4 3 22 5 26 11 -8 -9 -10 -11 15 -13 21 16 -16 -17 -18 -19 19 -21 -22 -23 29 -25 -26 -27 27 -29 -30 -31
leaf_value=-0.039193257459635596 -0.01214759378338605 0.063485478762383654 -0.010661190712111707 -0.021270640600379084 0.048204137283016479 -0.020554980899649841 -0.051837533857464715 -0.020382726404035004 -0.0019392152583673891 0.0049365252330096435 -0.007679601100229437 -0.0091343608811724694 0.0044909055811036451 -0.0058933208393758037 -0.020543499376730855 0.0018057184027887579 0.026227778241913247 0.020577733898939417 0.040860790025359452 -0.0095073815011135748 -0.017812726409397083 -0.019784451190908523 0.013544826953455845 0.00075282316448817819 -0.0084325013376494833 -0.0014278186682362369 0.054342161383705151 -0.016475454179014588 -0.026667753749413048 -0.0039333022945010863
leaf_weight=246.58395453542471 795.62677595019341 9.6924923583865148 757.31919276714325 236.47816282510757 4.7006180211901656 64.859699890017509 18.037732489407063 294.35984954237938 1081.3176194801927 16228.833494216204 764.83971077948809 399.21423356235027 1743.4062916040421 612.46159300208092 488.70943304896355 742.81853347271681 34.164925098419189 31.286444790661335 47.946865081787109 135.08488687127829 20.338825359940529 53.818705782294273 92.714915782213211 5882.7381394729018 594.92211431264877 22.349837139248848 5.458789035677909 354.90572402626276 673.00714505463839 879.59168481081724
leaf_count=3835 7705 70 6402 2368 39 476 241 3345 8065 102444 5784 3091 11739 5630 4813 4905 313 273 440 1336 187 425 718 42430 5322 201 61 4074 8294 7218
internal_value=-4.1281e-05 0.0014618 -0.0114254 0.00251239 -0.0142136 -0.00138068 0.00387205 -0.0289573 0.00392077 0.004245 0.000859141 -8.68302e-05 0.00408432 -0.0102646 -0.0128632 -0.00300621 -0.00419618 -0.0108996 -0.00918817 0.00124332 0.0172664 0.00376397 -0.00594222 0.000520457 -0.0120841 0.0274157 -0.0224181 -0.0154027 -0.0261484 -0.00226666
internal_weight=33317.6 30122.8 2270.57 27852.3 3194.76 7209.5 20642.8 540.944 20624.7 19543.4 3314.58 6346.81 1806.92 2156.68 1510.06 1507.66 646.627 862.687 1021.35 225.72 90.6355 1797.22 1729.63 5947.6 831.4 70.2967 1038.07 360.365 677.708 972.307
internal_count=242244 209151 21518 187633 33093 53960 133673 7180 133432 125367 22923 45997 12234 20625 14682 10689 5943 7963 9869 2164 828 12164 14338 42906 7690 641 12468 4135 8333 7936
is_linear=0
shrinkage=0.05


Tree=24
num_leaves=31
num_cat=0
split_feature=21 12 22 12 22 8 7 11 5 11 2 14 22 21 12 18 19 3 17 1 21 11 14 4 18 5 13 22 4 4
split_gain=260.987 147.965 76.7926 58.4277 48.0782 46.8612 19.9977 17.0584 16.8224 16.7085 14.752 14.5385 14.2683 13.8171 16.9928 13.3644 13.2216 18.3532 13.8903 12.9063 12.7913 12.383 12.2351 12.2278 11.9334 11.9134 12.3577 12.102 14.8421 11.664
threshold=0.47496843075909795 -1.5766666666666667 0.32667586892521261 -0.38999999999999918 0.4306427459827698 2.5000000000000004 inf -0.026666666666666835 6.6150000000000011 -0.024999999999999908 4.9350000000000014 2.1916666666666651 0.19774636513491473 0.15427237174742786 1.1925000000000001 0.0028545488276415874 0.17188035953667724 42.57500000000001 59.500000000000007 1.3150000000000002 0.03518093612083343 0.065000000000000849 7.2949999999999973 30.025000000000002 0.0080003067807230474 6.8050000000000006 -4.6191666666666658 0.85759689023899821 30.225000000000005 25.955000000000002
decision_type=2 2 2 2 2 2 8 8 10 10 2 2 2 2 2 2 2 2 2 2 2 8 2 2 2 10 2 2 2 2
left_child=1 2 19 4 7 9 12 -3 -9 10 -2 21 -5 16 29 -10 17 -14 -19 -1 -4 -6 25 -20 -17 -7 -27 28 -28 -15
right_child=5 3 20 6 11 22 -8 8 15 -11 -12 -13 13 14 -16 24 -18 18 23 -21 -22 -23 -24 -25 -26 26 27 -29 -30 -31
leaf_value=-0.048263713566512982 -0.0094291006173509335 0.0011131642786324533 0.023430982719321553 -0.0050586650252745129 0.00048497596910183812 -0.010082437454040435 -0.051339486323032674 -0.051170418879411532 0.044722956419001293 -0.014847967705272944 -0.028997233828719909 0.0052255485035886465 -0.0065748398340925805 0.012255473056793045 -0.011169887271052545 -0.015966212106746539 0.0045787083832654436 0.046676300586935338 0.035941065243316077 -0.026615089924079752 -0.0073731370076880222 -0.010355208045348634 -0.016797165875268014 -0.016642346214575419 -0.0067708917202653034 0.047623895405753264 -0.0099628755533116582 -0.01174892709456862 0.0073559444615979575 -0.0001739968766574954
leaf_weight=85.162016112357378 117.26476966589689 521.2688073143363 34.682655245065689 448.73177082836628 2734.1089393049479 959.92007350921631 16.48043942078948 23.392613008618355 11.715183965861796 837.88662485033274 539.10636758059263 1694.1114205941558 502.3883101195097 228.26062019914389 302.06319016963243 454.94308027625084 18064.659934364259 29.394647531211376 17.602633737027645 359.3616169989109 1190.0873601362109 291.53696991503239 329.56370807439089 29.725977301597595 1572.0404793024063 12.422707229852675 186.88766223192215 250.38449155539274 365.93172597140074 1090.3911451250315
leaf_count=1394 1264 4183 279 3160 19508 9035 231 212 103 9303 6446 11885 3636 1580 2251 4382 114901 209 124 4900 9940 2232 3103 213 12663 117 1696 2334 3343 7617
internal_value=-4.06566e-05 0.00150022 -0.0129616 0.00236139 -0.00148443 -0.012756 0.00371628 -0.00696792 -0.00901071 -0.0195276 -0.0255013 0.00151697 0.00376008 0.00395536 -0.000472813 -0.00852696 0.00434031 -0.00309637 0.0196809 -0.0307625 -0.00650084 -0.000559533 -0.0079494 0.00291467 -0.00883472 -0.00630715 -0.00186396 -0.00262936 0.0015011 0.00197756
internal_weight=33301.5 29702.1 1669.29 28032.8 7303.12 3599.37 20729.7 2583.36 2062.09 1494.26 656.371 4719.76 20713.2 20264.5 1620.71 2038.7 18643.8 579.112 76.7233 444.524 1224.77 3025.65 2105.11 47.3286 2026.98 1775.55 815.627 803.204 552.819 1318.65
internal_count=242244 205603 16513 189090 55168 36641 133922 21543 17360 17013 7710 33625 133691 130531 11448 17148 119083 4182 546 6294 10219 21740 19628 337 17045 16525 7490 7373 5039 9197
is_linear=0
shrinkage=0.05


Tree=25
num_leaves=31
num_cat=0
split_feature=18 12 22 2 12 22 1 5 18 22 14 11 15 10 22 12 13 22 11 13 11 20 13 12 17 18 19 3 11 17
split_gain=238.22 135.741 87.3441 38.353 37.5507 25.8651 21.0729 19.3079 17.3752 14.7914 14.7461 14.4027 15.5709 13.7803 11.2088 10.9027 13.575 10.779 14.2362 10.7573 13.7736 19.5512 10.9393 10.3267 10.327 10.1486 9.99312 15.8396 12.1417 11.8894
threshold=0.43351510627221118 -1.1383333333333332 0.27022471268330189 6.205000000000001 -0.32333333333333275 0.24732880984208308 2.0050000000000003 6.4450000000000012 0.34251042856245978 0.19774636513491473 8.5558333333333323 0.0083333333333341936 0.11850905124393893 4.5000000000000009 0.85759689023899821 0.26083333333333331 1.7950000000000004 0.49836469268700012 0.096666666666667136 -1.046666666666666 0.020000000000000021 28.500000000000004 -2.9274999999999989 2.6358333333333337 169.50000000000003 0.046227888292088036 0.17188035953667724 42.725000000000001 -0.07499999999999972 59.500000000000007
decision_type=2 2 2 2 2 2 2 10 2 2 2 10 2 2 2 2 2 2 8 2 10 2 2 2 2 2 2 2 10 2
left_child=1 2 6 11 5 -3 -1 -6 9 15 17 12 -2 19 23 -9 -17 -7 -19 22 21 -21 -4 26 -25 -15 27 -11 -28 -29
right_child=3 4 13 -5 7 10 -8 8 -10 14 -12 -13 -14 25 -16 16 -18 18 -20 20 -22 -23 -24 24 -26 -27 28 29 -30 -31
leaf_value=-0.038469124652276407 -0.0010935828743917305 -0.0091092591206615014 0.0012254658616039009 -0.021125085728140092 -0.046739821667041243 -0.0030195380056510322 -0.018735324822929299 -0.015950398582460581 -0.006811746719814122 -0.0058683941909571311 0.0068775380867892727 -0.0027654052116950338 -0.014312038839584585 -0.017929996629203162 -0.033920842045177216 0.0080864428708051408 -0.015678610133946672 0.0020306294421235604 -0.023270753191410636 0.0071862470010544965 -0.0063846983148405428 0.091666744618142837 -0.0086648534239714692 -0.017754556201680781 0.040831138591160242 -0.0059293822993550316 -0.0011699895566430558 0.045376187994272933 0.0046395617711176458 0.0034260398958005736
leaf_weight=210.46970778331161 271.83170227706432 810.13273411244154 447.42791917547584 1021.4505362436175 19.053344048559666 2388.547358289361 378.69787569344044 154.79167825728655 391.61928356438875 471.30286774039268 768.15727811306715 599.70443699508905 1234.8624744936824 268.3106934055686 19.436839491128922 190.78186755627394 87.718457862734795 2806.6346541941166 56.719720706343651 403.04043960943818 243.8502292111516 6.9669653996825209 745.27515011280775 84.735448688268661 8.2546911090612394 513.02167892456055 947.61235020309687 27.229559019207954 17664.067204728723 44.480948954820633
leaf_count=3531 2436 7432 3720 12073 263 17356 4346 1217 3305 3388 5344 5674 12910 2387 180 1252 569 19723 428 3159 2015 54 6199 547 53 4269 6161 186 111754 313
internal_value=-4.00176e-05 0.0013222 -0.00838518 -0.0131743 0.00248136 -0.000721746 -0.0257849 0.00356921 0.00361691 0.00382422 0.00040698 -0.00931879 -0.0119272 -0.00448421 0.00402968 -0.00531177 0.000601232 -0.000539421 0.00152944 -0.00212899 0.00302524 0.00862176 -0.00495462 0.004068 -0.0125539 -0.0100504 0.0041487 -0.00253737 0.00434377 0.0193551
internal_weight=33286.2 30158.3 3217.06 3127.85 26941.3 6830.19 589.168 20111.1 20092 19700.4 6020.06 2106.4 1506.69 2627.89 19267.1 433.292 278.5 5251.9 2863.35 1846.56 653.858 410.007 1192.7 19247.7 92.9901 781.332 19154.7 543.013 18611.7 71.7105
internal_count=242244 209151 29680 33093 179471 50283 7877 129188 128925 125620 42851 21020 15346 21803 122582 3038 1821 37507 20151 15147 5228 3213 9919 122402 600 6656 121802 3887 117915 499
is_linear=0
shrinkage=0.05


Tree=26
num_leaves=31
num_cat=0
split_feature=21 12 22 8 1 0 7 5 18 11 1 22 12 21 6 15 12 12 1 16 12 19 14 11 11 17 1 16 5 11
split_gain=219.24 123.239 68.6859 47.0702 41.7347 32.2964 18.7895 18.662 16.1713 12.9766 12.9176 12.7679 21.8849 15.466 13.8363 13.8625 12.2743 12.2689 12.174 12.3615 16.4316 16.8254 12.2359 11.6837 11.5647 11.5641 11.5308 11.123 10.7712 10.7093
threshold=0.49055042270775162 -1.5766666666666667 0.32667586892521261 4.5000000000000009 6.2950000000000008 4.5000000000000009 inf 6.8550000000000013 0.69816213935418137 0.0050000000000003384 1.3150000000000002 0.27022471268330189 0.1983333333333335 0.028688189199123325 1.5000000000000002 0.29603105807245794 0.77333333333333398 -0.53833333333333366 1.1450000000000002 0.15488374374204369 -2.7058333333333326 0.37667031374061438 8.3816666666666659 -0.009999999999999341 0.025000000000000803 16.500000000000004 6.5150000000000006 0.59778644296257888 7.0450000000000008 0.080000000000000529
decision_type=2 2 2 2 2 2 8 8 2 10 2 2 2 2 8 2 2 2 2 2 2 2 2 8 8 2 2 2 10 8
left_child=1 2 10 6 9 29 8 -7 11 16 -1 12 -3 24 15 23 -2 -6 22 -20 21 -21 -4 -13 27 -23 -9 -14 -11 -5
right_child=4 3 18 5 17 7 -8 26 -10 28 -12 14 13 -15 -16 -17 -18 -19 19 20 -22 25 -24 -25 -26 -27 -28 -29 -30 -31
leaf_value=-0.047573023188145006 -0.0093061322280998445 -0.0056110675089908199 0.006308774633479463 0.0016223334407703743 0.051757919988769413 -0.0026552612823527231 -0.050884862101518026 -0.012413123158231282 -0.021341313804725443 -0.0049377670111970546 -0.025162376127686292 0.002013289766532179 0.0015950451573439395 -0.01836298089643398 0.0046197072297862411 -0.0080087171968743678 -0.01985643308425564 -0.022376183520400817 -0.019712481153800254 -0.0098631520166616964 -0.0080036609620376033 -0.0035383706513280031 0.068686905458713768 0.06254803890770981 -0.001962010983506578 0.032802169608945518 0.020927601538695439 0.010240833421081945 0.025522863711424426 -0.0097434075936835302
leaf_weight=79.076916623860598 1341.5450860112906 998.59451758116484 54.916619867086411 4639.5761420205235 5.6188851967453948 1709.216635145247 15.976972907781599 903.44865067303181 66.055997967720032 796.23791871964931 344.10153371095657 2762.4471578225493 662.51796093583107 79.023845598101616 14403.804800003767 378.91000183671713 346.98380833864212 827.11943804472685 167.42965443432331 70.853193700313568 814.36996518820524 31.44499309360981 9.1750457733869535 7.9940002560615531 560.0742574185133 72.05241072177887 26.699185095727444 848.37539298087358 30.119657061994076 216.94638570398092
leaf_count=1394 12783 7865 421 32911 68 14079 241 7769 761 7321 4900 17850 4359 526 91188 2520 3787 10537 1510 609 6887 241 59 50 3682 541 201 5234 268 1682
internal_value=-3.92782e-05 0.0013183 -0.0119925 0.00209183 -0.0121741 -0.00130487 0.00331688 -0.0057568 0.00335858 -0.00896158 -0.0293501 0.00343739 0.000505513 0.00334645 0.0039633 0.000961161 -0.0114742 -0.021876 -0.00597288 -0.00714874 -0.0050212 0.00890949 0.0152385 0.00218796 0.00417483 0.021761 -0.0114561 0.00644971 -0.00382752 0.00111461
internal_weight=33270.7 29923.1 1643.42 28279.7 3347.62 7495.89 20783.8 2639.36 20767.8 2514.89 423.178 20701.7 3148.59 2149.99 17553.2 3149.35 1688.53 832.738 1220.24 1156.15 988.721 174.351 64.0917 2770.44 2070.97 103.497 930.148 1510.89 826.358 4856.52
internal_count=242244 207480 16562 190918 34764 56642 134276 22049 134035 24159 6294 133274 21666 13801 111608 20420 16570 10605 10268 9788 8278 1391 480 17900 13275 782 7970 9593 7589 34593
is_linear=0
shrinkage=0.05


Tree=27
num_leaves=31
num_cat=0
split_feature=18 12 22 8 2 22 1 7 11 9 19 6 3 1 4 22 11 15 6 2 19 16 12 0 2 11 22 16 18 21
split_gain=199.723 113.475 68.1306 40.099 34.7104 26.754 17.8508 17.6672 15.9676 12.875 13.7807 14.5288 13.8274 13.2513 18.4641 12.6 12.5438 14.119 12.1401 11.6405 11.489 16.377 12.2723 11.8353 16.3904 11.5832 12.2702 10.9006 19.2938 17.391
threshold=0.43351510627221118 -1.3799999999999999 0.32667586892521261 4.5000000000000009 6.205000000000001 0.23284214985915375 2.0050000000000003 inf -0.039999999999999584 3.5000000000000004 0.31460126661865412 5.5000000000000009 47.005000000000003 4.3150000000000004 36.995000000000012 0.85931456936496875 0.0083333333333341936 0.10804134518550564 5.5000000000000009 5.5850000000000009 0.16267171891877166 0.67308115699407134 1.7916666666666676 2.5000000000000004 6.4650000000000007 0.060000000000000948 0.22016203547954974 0.6389681892702912 0.047870528121586979 0.1333344645520825
decision_type=2 2 2 2 2 2 2 8 8 2 2 8 2 2 2 2 10 2 8 2 2 2 2 2 2 10 2 2 2 2
left_child=1 2 6 7 16 8 -1 9 -5 15 11 -11 -12 14 -14 20 17 19 -7 -2 21 -3 23 24 -22 -25 -27 28 29 -15
right_child=4 3 -4 5 -6 18 -8 -9 -10 10 12 -13 13 27 -16 -17 -18 -19 -20 -21 22 -23 -24 25 -26 26 -28 -29 -30 -31
leaf_value=-0.036787561063026587 -0.0029224266178880533 -0.0060345616532206589 -0.0050028717976609641 0.0081182978919737137 -0.01989439012194855 0.00074644226977530024 -0.017646235328534113 -0.05054780283281804 -0.01439646013561925 -0.00086123085647860401 0.0018958946535504778 -0.01534005050438708 0.0181199681333407 0.0192430806558333 0.10560105990430489 -0.025230545100365927 -0.0023968732012130197 -0.012956869539198633 -0.0049903331416547335 0.03587068174127931 0.0046192366623580483 0.067690814403497043 -0.00069170938145485857 0.0063380349578140115 -0.0036072957611134777 -0.024061120810588754 0.001708231411704133 0.026185285269962791 -0.0022333883819280658 0.098567382698678083
leaf_weight=217.97378792986274 185.38130628317595 361.56139332056046 1703.8058040291071 92.449205808341503 990.97054294496775 5449.8714108839631 276.06393012404442 15.296559263020752 531.39328680932522 1072.3745771795511 5622.0856001973152 206.65034790337086 20.005505591630939 47.710300959646702 8.6352208778262121 36.467507623136044 596.1463644951582 1272.7674421146512 1110.0381374508142 21.58961870521307 1957.3842675387859 7.6928054243326178 1068.3027611747384 8349.714600622654 876.64662099629641 48.992356404662132 808.65739830583334 73.601611338555813 217.18583608418703 8.0797434747219068
leaf_count=3835 1655 2590 14338 800 12073 39522 3345 241 5128 7636 36382 1560 131 300 55 350 5674 13483 8510 208 12869 49 6720 51719 5776 341 5066 455 1382 51
internal_value=-3.85392e-05 0.00119649 -0.00974325 0.00205548 -0.0121956 -0.00116528 -0.0260916 0.00316747 -0.0110599 0.00320699 0.00151126 -0.00320055 0.00251613 0.0118094 0.0444956 0.00411992 -0.00852037 -0.0109874 -0.000224309 0.00112417 0.00419933 -0.00449861 0.00444432 0.00489998 0.00207454 0.00576966 0.000236184 0.00910824 0.00450381 0.0307312
internal_weight=33255.5 30188.6 2197.84 27990.8 3066.86 7183.75 494.038 20807 623.842 20791.7 7276.33 1279.02 5997.3 375.218 28.6407 13515.4 2075.88 1479.74 6559.91 206.971 13479 369.254 13109.7 12041.4 2834.03 9207.36 857.65 346.577 272.976 55.79
internal_count=242244 209151 21518 187633 33093 53960 7180 133673 5928 133432 47952 9196 38756 2374 186 85480 21020 15346 48032 1863 85130 2639 82491 75771 18645 57126 5407 2188 1733 351
is_linear=0
shrinkage=0.05


Tree=28
num_leaves=31
num_cat=0
split_feature=21 12 19 12 1 22 1 12 5 22 20 19 18 11 5 17 14 4 11 11 12 12 22 6 0 1 20 5 11 14
split_gain=184.65 102.736 61.434 38.6383 37.3672 36.1858 17.0244 16.4191 15.928 15.9095 15.3132 15.0449 14.7365 13.9115 14.6396 11.7131 11.678 11.5668 26.8139 11.3636 11.3593 11.1955 10.8408 12.092 10.5573 15.655 15.5517 11.4115 10.9705 10.8527
threshold=0.49055042270775162 -1.5766666666666667 0.22869262998177667 -0.38999999999999918 6.2950000000000008 0.4306427459827698 1.3150000000000002 -2.7058333333333326 7.5950000000000006 0.54175021843500981 26.500000000000004 0.36102512530566483 0.69816213935418137 -0.026666666666666835 6.6150000000000011 146.50000000000003 2.1916666666666651 23.690000000000001 -0.011666666666666268 0.0050000000000003384 0.040000000000000265 1.1033333333333342 0.2048960107819387 4.5000000000000009 2.5000000000000004 4.6950000000000012 1.0000000180025095e-35 6.7650000000000006 0.06000000000000006 -7.1891666666666678
decision_type=2 2 2 2 2 2 2 2 8 2 2 2 2 8 10 2 2 2 8 10 2 2 2 10 2 2 2 10 10 2
left_child=1 2 6 5 19 10 -1 9 12 11 13 -4 22 -3 -15 -12 -7 18 -13 21 -6 -2 23 -5 25 26 27 -24 -26 -27
right_child=4 3 7 8 20 16 -8 -9 -10 -11 15 17 -14 14 -16 -17 -18 -19 -20 -21 -22 -23 24 -25 28 29 -28 -29 -30 -31
leaf_value=-0.044890896235502221 -0.0092321219265975984 0.00069550848404128184 -0.0048940993472979264 0.0012301727551343033 -0.0035411705152279208 -0.00052254496209517458 -0.020760554242009573 -0.0076724645555062369 -0.045693239167630809 -0.027489979434791902 0.031288193170040196 0.12710427554626544 -0.02051577064114635 -0.049997740406303615 -0.0082137454185747787 -0.0060321928767273379 0.0046278429248720132 0.015343723420265302 0.0070741451381161518 -0.0034334372781142501 -0.022693094472180056 -0.022730616704349615 0.017136643319379131 -0.013205131989343822 0.0043818184064869691 0.0061136687453064859 0.0071352224747770372 0.086446295223142663 -0.0001042308522047374 -0.00093525516234003493
leaf_weight=86.531693786382675 1490.445027127862 497.60826193541288 93.501635041087866 491.47431644797325 86.754246704280376 3053.8873114213347 470.71139525622129 782.76086683571339 16.791006065905094 30.477598503232002 47.547059878706932 7.9613632708787918 66.274674698710442 21.19181053340435 1940.3656057193875 37.689922153949738 1720.7322811037302 130.2086661234498 11.196339763700964 821.11874855309725 719.78108378499746 171.25721697509289 13.252924144268038 205.82913967221975 13961.167105235159 646.46927300095558 581.71460261940956 10.760678954422472 1510.2365654483438 3515.2339297458529
leaf_count=1521 14617 4017 808 3394 1084 21997 6171 6704 254 245 407 54 786 204 16621 294 12035 977 82 7589 9521 1953 87 1506 87832 4329 3761 70 9751 23573
internal_value=-3.77615e-05 0.0011972 -0.0110756 0.00189592 -0.0112828 -0.00123286 -0.0245076 -0.00398835 0.00298538 0.00656158 -0.00604889 0.0108347 0.00302429 -0.00677104 -0.00866516 0.0147859 0.00133361 0.0206808 0.056955 -0.00824546 -0.020633 -0.0106233 0.00309881 -0.00303082 0.00331 0.0012528 0.008763 0.0481948 0.00394391 0.000159708
internal_weight=33240.9 29951.6 1613.35 28338.2 3289.36 7319.02 557.243 1056.11 21019.2 273.346 2544.4 242.868 21002.4 2459.17 1961.56 85.237 4774.62 149.366 19.1577 2482.82 806.535 1661.7 20936.1 697.303 20238.8 4767.43 605.728 24.0136 15471.4 4161.7
internal_count=242244 207480 16562 190918 34764 55575 7692 8870 135343 2166 21543 1921 135089 20842 16825 701 34032 1113 136 24159 10605 16570 134303 4900 129403 31820 3918 157 97583 27902
is_linear=0
shrinkage=0.05


Tree=29
num_leaves=31
num_cat=0
split_feature=21 19 12 8 2 19 16 11 11 7 18 14 12 16 19 11 5 9 12 22 20 19 1 3 18 17 8 15 2 11
split_gain=168.089 94.7043 51.61 46.8759 35.7729 24.3822 18.2381 14.4408 13.9355 12.7634 12.7736 12.4567 17.5739 13.0869 12.7001 12.3768 11.5292 11.3193 12.3485 20.5549 16.3945 11.8923 12.7365 11.4496 13.7762 16.8665 23.2749 15.3211 15.2359 10.8946
threshold=0.49055042270775162 0.15581751103373934 -2.1941666666666659 4.5000000000000009 6.1850000000000014 0.32828802187640799 0.68111347691335211 0.039166666666666579 0.061666666666666987 inf 0.69816213935418137 17.672500000000007 -0.69833333333333292 0.50000125100186421 0.22213310509515191 0.081666666666667456 6.9850000000000012 3.5000000000000004 1.5550000000000002 0.54636147087454934 32.500000000000007 0.31460126661865412 6.7750000000000012 46.065000000000005 0.045045264336699774 48.500000000000007 3.5000000000000004 0.1040869782477445 3.7850000000000006 -0.015000000000000123
decision_type=2 2 2 2 2 2 2 8 8 8 2 2 2 2 2 8 10 2 2 2 2 2 2 2 2 2 2 2 2 10
left_child=1 2 -1 9 29 11 7 -4 -7 10 17 15 14 -14 -13 -5 -6 18 -3 -20 -21 22 -19 -23 27 26 -26 -25 -28 -2
right_child=4 3 6 5 16 8 -8 -9 -10 -11 -12 12 13 -15 -16 -17 -18 21 19 20 -22 23 -24 24 25 -27 28 -29 -30 -31
leaf_value=-0.033393124534432723 -0.01118474324599417 0.0045803729126709797 -0.0046374442518373011 -0.0055850007752309113 -0.020567131859885082 0.0010077515321922385 0.072893030664452116 -0.018536749601109886 -0.0070724587166666368 -0.049199541244487749 -0.019420521934972006 -0.039786613455327087 0.090150922910561579 0.0057487983355745094 0.015815265001766617 -0.021777103629012036 0.0074745546908780783 -0.004824974191303291 0.0037556663897713172 -0.0090166553322558775 0.052280162700408583 0.0017402091766588028 0.017129468562358641 0.06397664394108056 0.0029185316271939099 -0.00067683303168178833 0.09974108891545197 0.015626049674000074 0.032635172212539261 -0.004393645170688687
leaf_weight=235.03516963124275 1121.2216863557696 11478.466851554811 777.30254629254341 2075.4500211365521 852.47116562724113 5485.6120976209641 7.0192725658416739 246.01687719672918 591.09898507595062 11.694735787808893 63.049345195293427 14.565687797963617 11.332066163420679 7.7225365415215483 34.822713039815426 125.13186296075583 38.301769740879536 995.06465478986502 1217.5196095481515 551.07567911595106 11.128738060593603 5506.942772500217 70.758791729807854 22.059010647237301 56.438370436429977 267.78719945251942 12.042753674089907 63.68915393948555 28.41809418797493 1247.8351278975606
leaf_count=4171 11616 72213 6759 17932 10730 39671 45 2290 4616 200 761 143 84 61 278 1153 460 7079 7428 3738 87 35462 477 136 353 1693 77 393 180 11958
internal_value=-3.69944e-05 0.00113592 -0.0122509 0.00172611 -0.0108195 -0.00142966 -0.00742804 -0.00797899 0.000221766 0.00301993 0.00304994 -0.00585238 0.0151543 0.055944 -0.000582909 -0.00650573 -0.0193614 0.0031198 0.00397952 0.000104258 -0.0078033 0.00149685 -0.00336744 0.00236711 0.0100315 0.00579143 0.0236669 0.0280644 0.0526086 -0.00760772
internal_weight=33227.1 29967.2 1265.37 28701.9 3259.83 8345.74 1030.34 1023.32 6076.71 20356.1 20344.4 2269.02 68.443 19.0546 49.3884 2200.58 890.773 20281.4 13258.2 1779.72 562.204 7023.2 1065.82 5957.38 450.435 364.686 96.8992 85.7482 40.4608 2369.06
internal_count=242244 207480 13265 194215 34764 63938 9094 9049 44287 130277 130077 19651 566 145 421 19085 11190 129316 83466 11253 3825 45850 7556 38294 2832 2303 610 529 257 23574
is_linear=0
shrinkage=0.05


Tree=30
num_leaves=31
num_cat=0
split_feature=18 12 22 1 12 22 11 1 20 9 21 13 21 15 4 13 22 11 5 12 5 3 2 17 15 11 14 14 11 15
split_gain=153.767 87.8844 57.5746 29.8378 29.7997 37.3556 19.0091 16.5698 13.9231 13.1953 12.7608 12.4397 12.1711 11.8159 11.6559 11.5347 11.4732 11.4549 11.0633 13.2461 11.0122 10.9932 10.2868 10.2521 15.1893 10.1934 10.139 10.0711 10.0664 9.97919
threshold=0.43351510627221118 -1.3799999999999999 0.32667586892521261 6.2550000000000008 -1.0000000180025095e-35 0.42801520248924274 0.024999999999999915 2.0050000000000003 41.500000000000007 4.5000000000000009 0.12506219285398143 1.8733333333333335 0.15581071341357858 0.29603105807245794 33.675000000000004 1.6550000000000007 0.21309238001787664 -0.039999999999999584 6.955000000000001 1.7916666666666676 6.6050000000000013 22.870000000000001 5.6550000000000011 168.50000000000003 0.29603105807245794 -0.0049999999999994485 -0.73083333333333289 -6.7066666666666643 -0.069999999999999826 0.25506568363761389
decision_type=2 2 2 2 2 2 8 2 2 2 2 2 2 2 2 2 2 10 8 2 10 2 2 2 2 10 2 2 10 2
left_child=1 2 7 15 5 6 8 -1 16 10 -7 20 18 -14 -11 21 17 22 19 -6 -8 -2 -3 -20 -25 -5 -4 -23 -24 -16
right_child=3 4 26 25 12 9 11 -9 -10 14 -12 -13 13 -15 29 -17 -18 -19 23 -21 -22 27 28 24 -26 -27 -28 -29 -30 -31
leaf_value=-0.035087831115868204 0.004318348155312712 -0.0034568823762974226 -0.0088187153482238798 -0.022184652043752119 0.0044662684621659425 0.0061093141642449798 -0.055474935722312317 -0.016060800293644744 0.068363773859650062 -0.0032146718535337282 0.00073396607545210719 0.017882370956406525 -0.00010252548991341426 -0.017432860967218425 0.0016929541395067265 -0.015720885875856943 -0.00043406067340140793 -0.015205932042268132 -0.001590311841263717 -0.00147934139333282 -0.0092217807092229414 -0.020968476384886598 -0.011533450435198401 0.0064665102923763228 0.059805478120689752 -0.011318745636323653 -0.0010002410026709171 -0.0061161354887754732 0.066257911009158774 0.019497882691363398
leaf_weight=200.66986010968685 232.70712451636791 60.382557526230812 733.61416888982058 597.54430638253689 12461.894740916789 2424.8225413933396 12.994936931878327 266.23018689453602 7.1006362587213507 1817.6982361003757 2027.067036524415 42.257393140345812 1099.9733698815107 108.01258687674999 1574.9799432456493 352.10370834171772 2226.923826135695 265.62211020290852 1407.1497089192271 1012.916253298521 1323.7673549801111 124.74967623502016 6.3662362694740322 82.29495008662343 15.930922884494064 337.88222324103117 953.73485162854195 1341.6323249489069 11.992796786129473 82.835402280092239
leaf_count=3835 2261 510 6402 8227 77255 16182 154 3345 59 12743 14090 339 7691 757 11044 3924 16956 2453 8870 6327 10893 1221 51 514 100 4241 7936 13219 95 550
internal_value=-3.62038e-05 0.00103318 -0.00869929 -0.0108593 0.00178002 -0.000121206 -0.00408866 -0.0242385 -0.00155437 0.00185937 0.00366177 -0.00882708 0.00317584 -0.00165212 -0.000449378 -0.00748437 -0.00174745 -0.0102408 0.00356516 0.00401933 -0.00967142 -0.00577751 0.00650809 -0.000500134 0.0151174 -0.0182598 -0.0043995 -0.00737967 0.0392827 0.00258261
internal_weight=33213.9 30227.2 2154.25 2986.62 28073 11884.8 3957.41 466.9 2578.39 7927.4 4451.89 1379.02 16188.2 1207.99 3475.51 2051.19 2571.29 344.364 14980.2 13474.8 1336.76 1699.09 78.7416 1505.38 98.2259 935.427 1687.35 1466.38 18.359 1657.82
internal_count=242244 209151 21518 33093 187633 86119 31510 7180 20124 54609 30272 11386 101514 8448 24337 20625 20065 3109 93066 83582 11047 16701 656 9484 614 12468 14338 14440 146 11594
is_linear=0
shrinkage=0.05


Tree=31
num_leaves=31
num_cat=0
split_feature=21 19 12 12 8 19 11 16 7 11 2 11 21 15 4 14 20 11 11 10 3 3 14 13 6 1 6 22 12 13
split_gain=141.355 80.5879 46.28 38.7486 32.0802 21.4305 17.4064 15.8388 13.6745 13.5974 15.4832 13.2823 12.466 17.0066 12.4804 11.6546 12.935 17.6242 11.2556 12.2592 11.0795 11.0293 10.5636 10.8014 12.0655 10.1272 9.99454 15.0713 12.3475 13.1139
threshold=0.49055042270775162 0.15581751103373934 -2.1941666666666659 -0.50333333333333263 2.5000000000000004 0.32560620030670223 0.081666666666667456 0.68561852140509594 1.7500000000000002 -0.025000000000000796 4.9350000000000014 0.039166666666666579 0.15427237174742786 0.15892442509218266 39.165000000000006 -2.8941666666666666 10.500000000000002 -0.026666666666665947 0.018333333333333982 5.5000000000000009 56.030000000000008 60.135000000000012 7.7416666666666663 -4.6191666666666658 3.5000000000000004 4.7950000000000008 5.5000000000000009 0.22016203547954974 1.7916666666666676 0.13666666666666696
decision_type=2 2 2 2 2 2 8 2 8 10 2 8 2 2 2 2 2 10 8 2 2 2 2 2 10 2 10 2 2 2
left_child=1 2 -1 5 9 6 15 11 12 10 -2 -4 26 -14 -15 -3 -17 -18 19 -7 -19 -22 23 24 -6 -11 28 -28 29 -5
right_child=4 3 7 8 22 18 -8 -9 -10 25 -12 -13 13 14 -16 16 17 20 -20 -21 21 -23 -24 -25 -26 -27 27 -29 -30 -31
leaf_value=-0.03208878214546932 -0.0044534753513428751 -0.010533920604285985 -0.0042190084136427006 0.001895529514790977 0.002106701296272686 0.0031382535944226653 -0.025441275732914027 0.072421122864112134 -0.015069975928399676 0.022794674345004269 -0.026041171929167196 -0.017651014137020225 0.0047613936704056529 -0.0024084921667465575 -0.015495830735951033 -0.0077428497799880052 0.016611742927459101 -0.0033077118928716018 -0.0029624281416510034 -0.0062112607039927509 0.078498840514860377 -0.0070602948796600106 -0.01504641821148895 -0.0048732581108640455 0.073854944811545989 -0.012667351939433996 -0.013426004528639492 0.0012913554268421817 -0.0019385914074890047 0.0049074677132351918
leaf_weight=222.55148949846625 101.98649866878986 620.71903222799301 773.58723744377494 5531.1430151686072 16.248844765126709 2710.84242746979 109.36422555521131 6.2507757544517508 108.79344506189227 20.700946852564812 447.54581383615732 241.50689955055714 724.64211987704039 902.22109390050173 228.25136162340641 570.6604763455689 166.31562356650829 511.71509381011128 1889.9551705047488 402.69290921092033 8.3677100539207441 6.8502305746078482 269.49485241621733 1610.4971461519599 9.1643290966749174 733.49228623509407 186.07618851214647 2669.969841696322 972.87368946522474 10426.201503202319
leaf_count=4171 1180 5541 6765 35930 167 19648 1048 38 901 195 5983 2291 5050 6804 1726 5084 1376 4425 14371 2993 67 59 2666 15614 86 8873 1361 17063 6079 64689
internal_value=-3.53715e-05 0.00103183 -0.0114281 0.00157096 -0.0100091 -0.0016654 -0.00604858 -0.00692609 0.00261217 -0.0160527 -0.0220348 -0.00741469 0.00270106 -0.00121805 -0.00505093 -0.00492323 -0.00216777 0.00242146 8.1388e-05 0.00192902 -0.00205741 0.0399851 -0.00587394 -0.0043629 0.0279801 -0.011694 0.00306851 0.000332495 0.00353006 0.00386347
internal_weight=33200.7 29991.6 1243.9 28747.7 3209.13 6997.48 1993.99 1021.34 21750.2 1303.73 549.532 1015.09 21641.4 1855.11 1130.47 1884.63 1263.91 693.249 5003.49 3113.54 526.933 15.2179 1905.41 1635.91 25.4132 754.193 19786.3 2856.05 16930.2 15957.3
internal_count=242244 207480 13265 194215 34764 54612 17600 9094 139603 16231 7163 9056 138702 13580 8530 16552 11011 5927 37012 22641 4551 126 18533 15867 253 9068 125122 18424 106698 100619
is_linear=0
shrinkage=0.05


Tree=32
num_leaves=31
num_cat=0
split_feature=21 12 22 2 8 22 7 1 21 19 1 11 5 13 18 18 14 13 15 11 5 15 22 19 14 11 12 18 22 15
split_gain=128.58 74.5568 48.9477 30.5491 26.326 21.5699 14.1878 12.8743 11.4412 15.3286 12.3278 10.8451 10.7317 10.6668 10.5667 10.324 10.1184 9.98562 13.1892 9.96052 9.95565 12.765 9.73783 9.5926 11.8007 9.58546 10.5503 9.7331 9.64572 9.45031
threshold=0.49055042270775162 -1.5766666666666667 0.32667586892521261 6.1850000000000014 4.5000000000000009 0.24732880984208308 inf 1.3150000000000002 0.058384607139045287 0.36102512530566483 2.7550000000000003 0.039166666666666579 6.9850000000000012 2.142500000000001 0.77440069307765091 0.69816213935418137 -21.800833333333333 1.7700000000000005 0.20405467404312375 -0.098166666666666721 6.8650000000000011 0.15593277309917253 0.19774636513491473 0.12112128581886349 -0.98833333333333495 -0.023333333333332981 1.1033333333333342 0.62819603173740168 0.82646217888052742 0.033333024280022792
decision_type=2 2 2 2 2 2 8 2 2 2 2 8 10 2 2 2 2 2 2 8 8 2 2 2 2 10 2 2 2 2
left_child=1 2 7 25 6 20 15 -1 9 -4 -11 16 14 -14 -5 22 -7 -13 -19 -9 -6 -22 -3 24 -24 26 -2 -27 -29 -10
right_child=3 4 8 12 5 11 -8 19 29 10 -12 17 13 -15 -16 -17 -18 18 -20 -21 21 -23 23 -25 -26 27 -28 28 -30 -31
leaf_value=-0.045701348479043398 -0.0084330024423392037 -0.0047460389601710791 -0.0049690294261961962 -0.016552086496337083 -0.0047495695873132834 -0.020946514168809754 -0.049402382271027771 0.045053982022906801 -0.016473869444135869 0.030929281977061476 -0.021189604703131731 -0.0045335544663904952 0.026622878311341053 -0.030287634048503511 -0.032788603209200066 -0.018034458699917537 0.0013065795924877984 0.0077035382303397935 0.082571051999788495 -0.022419880962835079 -0.023428868899419232 -0.00017207293435847324 -0.021537786815803872 0.0028299127733505225 0.0030051617545421407 -0.0019657359050767082 -0.023890816469065698 -0.0012239058555066542 -0.020217026502044266 -0.0044504901905124223
leaf_weight=64.925957012921572 793.57061436027288 445.88696938753128 129.74426263198256 700.56883616745472 608.55190744996071 51.602640584111214 13.173078805208204 5.570537768304348 207.12419600784779 70.045183606445789 13.538794934749601 1412.7429236546159 25.680154755711555 12.119283460080622 116.93160688877106 61.008566290140152 5065.2979990392923 36.286554418504238 7.0208454802632323 301.6822979785502 189.95281404256821 85.585020788013935 90.459324233233929 20263.048821151257 106.80346754193306 1129.953772559762 128.21968044340611 113.26279018074274 163.11869813501835 774.72022361308336
leaf_count=1394 8140 3176 1172 9073 5852 384 241 93 1849 524 113 10891 311 149 1657 761 36377 268 52 4807 1997 821 710 128585 803 10618 1659 1288 1869 6610
internal_value=-3.45588e-05 0.000979157 -0.00963732 -0.00958915 0.00156429 -0.000987475 0.00247127 -0.0254714 -0.00470657 0.00578856 0.0224872 -1.24358e-06 -0.0176702 0.00837619 -0.0188745 0.00250386 0.00108216 -0.00380859 0.0198408 -0.0211966 -0.00831982 -0.0162051 0.00256379 0.00272309 -0.00824956 -0.00662037 -0.0105832 -0.00402293 -0.0124335 -0.00698687
internal_weight=33188.2 30004.8 1567.35 3183.43 28437.4 7457.04 20980.4 372.179 1195.17 213.328 83.584 6572.95 855.3 37.7994 817.5 20967.2 5116.9 1456.05 43.3074 307.253 884.09 275.538 20906.2 20460.3 197.263 2328.13 921.79 1406.34 276.381 981.844
internal_count=242244 207480 16562 34764 190918 56642 134276 6294 10268 1809 637 47972 11190 460 10730 134035 36761 11211 320 4900 8670 2818 133274 130098 1513 23574 9799 13775 3157 8459
is_linear=0
shrinkage=0.05


Tree=33
num_leaves=31
num_cat=0
split_feature=18 12 19 9 1 5 22 11 1 12 22 19 16 16 13 11 5 11 19 1 21 15 22 12 5 11 15 10 20 22
split_gain=117.688 68.3798 45.8847 27.4087 25.5275 16.4598 16.1956 22.2591 16.101 13.9967 15.364 13.6551 14.0376 13.1095 13.4829 12.7497 12.7262 12.197 11.9945 11.3335 11.2113 15.995 14.8663 15.3859 11.1058 10.7228 10.6133 10.318 15.9746 10.7041
threshold=0.43351510627221118 -1.5766666666666667 0.22869262998177667 4.5000000000000009 6.3150000000000004 6.4650000000000007 0.23759085277671491 0.0099999999999993445 1.3150000000000002 -2.7058333333333326 0.54175021843500981 0.17188035953667724 0.68561852140509594 0.62239614251654651 0.31333333333333374 -0.10499999999999908 7.035000000000001 0.061666666666666987 0.36102512530566483 2.7550000000000003 0.12137337790480904 0.31040688640909336 0.44684133204836457 0.010000000000000011 6.745000000000001 -0.039999999999999584 0.12686113556172934 2.5000000000000004 31.500000000000004 0.21647494461506031
decision_type=2 2 2 2 2 10 2 8 2 2 2 2 2 2 2 10 10 8 2 2 2 2 2 2 10 10 2 2 2 2
left_child=1 2 8 5 16 -3 7 -5 -1 10 18 12 19 17 15 -15 26 -8 -4 -7 22 -22 23 27 -16 -21 -2 29 -29 -13
right_child=4 3 9 6 -6 11 13 -9 -10 -11 -12 20 -14 14 24 -17 -18 -19 -20 25 21 -23 -24 -25 -26 -27 -28 28 -30 -31
leaf_value=-0.043015492910869459 -0.00097361972626463014 -0.042646999590144986 -0.003625051798533565 -0.00025201964302534817 -0.017008913338461953 0.058610821036079445 -0.00037864165289489693 -0.016729309826922764 -0.017860382733689163 -0.0066649540443597501 -0.026475484718140714 -0.015114348738896605 0.06707377238418756 -0.041514177340593976 0.08937291343837872 0.0049887122551989915 0.018717981682016122 -0.007862878219452963 0.019291341606209926 0.0081136822834655606 0.0016108241988380886 -0.0094369734187544699 0.0053274856893676201 0.0035041169510125719 0.017222833238786522 -0.0082304185343690123 -0.0093409656367700444 -0.0047347935661662651 0.056426301132699502 0.0050628663475882421
leaf_weight=74.430283974856138 504.03140790760517 20.244017008692026 91.637714687734842 456.69726300239563 835.6708627268672 6.9585619792342177 5641.8951886892319 371.84552595764399 437.66526301577687 809.13560854643583 31.467525348067284 72.849444538354874 6.8391660228371611 14.979482147842644 8.2475808337330836 919.68608272820711 48.245168760418892 602.50778990611434 151.49573197960854 120.42322615534067 6340.0545409992337 345.47382071614265 6230.5783324465156 4872.9076485261321 15.095545545220373 602.07697565108538 1527.4793404713273 1331.8993188813329 10.762545712292193 672.65054089576006
leaf_count=1521 4653 295 808 3795 11640 72 39661 3401 6171 7051 262 645 40 101 53 5920 458 4560 1113 895 41813 2355 38868 29770 96 4869 16342 10075 81 4860
internal_value=-3.37153e-05 0.000890637 -0.00918275 0.00145145 -0.00962798 0.00241602 -0.00102681 -0.00764694 -0.0215165 -0.00335469 0.00639927 0.00246028 -0.00422613 -0.000265247 0.00518084 0.00424343 -0.00666223 -0.00110078 0.0106541 -0.00489462 0.00270796 0.00103993 0.00355331 0.00196532 0.0427149 -0.00550625 -0.00726497 -0.0016256 -0.00424454 0.00309117
internal_weight=33175.9 30260.5 1595.83 28664.7 2915.43 20633.7 8030.95 828.543 512.096 1083.74 274.601 20613.5 736.298 7202.41 958.009 934.666 2079.76 6244.4 243.133 729.459 19877.2 6685.53 13191.6 6961.07 23.3431 722.5 2031.51 2088.16 1342.66 745.5
internal_count=242244 209151 16926 192225 33093 134638 57587 7196 7692 9234 2183 134343 5876 50391 6170 6021 21453 44221 1921 5836 128467 44168 84299 45431 149 5764 20995 15661 10156 5505
is_linear=0
shrinkage=0.05


Tree=34
num_leaves=31
num_cat=0
split_feature=21 19 12 12 2 19 11 14 16 11 3 1 11 12 16 21 13 15 4 2 5 18 7 0 9 1 16 15 18 13
split_gain=108.047 62.0122 40.0689 29.6194 27.0765 18.3239 18.6663 15.2417 12.4608 12.0011 11.1164 11.3784 14.4106 16.0957 10.7554 10.4912 18.5352 12.1006 10.0133 11.5067 9.86005 10.1135 9.82187 10.0517 15.5947 11.2276 11.5603 12.2665 11.2734 11.7589
threshold=0.49055042270775162 0.15581751103373934 -2.1941666666666659 -0.38999999999999918 6.1850000000000014 0.53411277631072551 -0.0045000000000001697 -0.59666666666666568 0.68111347691335211 -0.035000000000000579 39.015000000000008 4.8550000000000013 -0.063333333333333894 -0.95499999999999929 0.55629620893821186 0.12506219285398143 -0.056666666666666192 0.093628810133837462 24.940000000000001 3.4750000000000005 6.9850000000000012 0.77440069307765091 inf 2.5000000000000004 1.5000000000000002 4.6950000000000012 0.5669341656559127 0.269785572038655 0.12926968213061538 1.7950000000000004
decision_type=2 2 2 2 2 2 8 2 2 8 2 2 8 2 2 2 2 2 2 2 10 2 8 2 2 2 2 2 2 2
left_child=1 2 -1 5 -2 6 7 -3 9 10 -4 12 13 -12 -13 16 17 18 19 -7 21 -6 23 24 -5 28 27 -27 -26 -30
right_child=4 3 8 22 20 15 -8 -9 -10 -11 11 14 -14 -15 -16 -17 -18 -19 -20 -21 -22 -23 -24 -25 25 26 -28 -29 29 -31
leaf_value=-0.030234150445700766 -0.0060667651785101589 -0.0038332209383279657 -0.002589277422883438 -0.0049857902071605625 -0.015483339362195217 0.063885861854465473 -0.0046756602849069998 0.0041573713639269398 0.056935145483038796 -0.009092794184461378 0.1155480229397695 0.078599208139095475 -0.025099544075892707 -0.0043282918811620033 0.0045563408181589068 -0.00051265136392158138 0.017238142602514203 -0.0023746110178211348 0.0078639768647211176 -0.0020791107262656721 0.0083736793070016014 -0.031681959291306058 -0.047822913927847419 0.0029970263094327358 0.0035676024850799779 -0.0017584860364575185 0.0035980588145042704 -0.034288240349102946 0.015648079026024841 0.072260780882552306
leaf_weight=206.71596565842628 2305.4100967720151 1007.2600753866136 126.36999480426311 1053.7698150128126 683.7407842874527 18.470874011516575 3818.9611234627664 1464.4208680018783 7.7879292741417876 822.59337316825986 4.9529606029391289 14.002600625157358 16.762237679213289 6.4423928633332235 7.5485122352838507 939.91802868247032 298.09850528091192 437.16950425505638 138.81113690137863 10.296075180172918 37.788371570408344 112.16448173671961 9.745173651725052 15804.002796046436 388.72305795550346 1514.8634791225195 1696.7031246647239 29.545272901654243 170.84454668313265 9.6927254274487478
leaf_count=4171 23574 7833 1059 7396 9073 131 30683 11046 45 7583 54 99 152 52 50 6836 2039 3079 1024 73 460 1657 193 98668 2416 9986 11392 203 1152 65
internal_value=-3.29076e-05 0.000889901 -0.0101837 0.00135619 -0.00885926 -0.00120001 -0.0024845 0.000901043 -0.00606561 -0.0065569 0.00529011 0.0253212 0.00439298 0.0477756 0.0526649 0.00318485 0.00703418 0.00200434 0.0134279 0.0402761 -0.0165813 -0.0177662 0.00236163 0.0023853 0.000397736 0.00188657 0.0007491 -0.0023808 0.00836279 0.0186875
internal_weight=33163.6 30024.5 1213.18 28811.3 3139.1 8133.41 6290.64 2471.68 1006.46 998.672 176.079 49.7087 28.1576 11.3954 21.5511 1842.76 902.846 604.748 167.578 28.7669 833.694 795.905 20677.9 20668.1 4864.14 3810.37 3241.11 1544.41 569.26 180.537
internal_count=242244 207480 13265 194215 34764 62744 49562 18879 9094 9049 1466 407 258 106 149 13182 6346 4307 1228 204 11190 10730 131471 131278 32610 25214 21581 10189 3633 1217
is_linear=0
shrinkage=0.05


Tree=35
num_leaves=31
num_cat=0
split_feature=18 12 22 9 19 5 11 12 11 22 1 3 12 3 11 13 11 6 11 15 21 1 15 21 5 19 21 5 22 5
split_gain=99.0896 61.0269 41.8222 27.6563 22.971 18.4503 16.9952 16.3208 20.7339 15.1761 14.9648 12.9291 12.522 12.0108 15.8004 12.1274 10.6802 10.5776 10.4414 11.4745 10.3223 12.2036 10.3204 13.2235 10.2148 9.94351 11.059 9.9084 9.71223 9.55888
threshold=0.34251042856245978 -1.3799999999999999 0.32667586892521261 1.5000000000000002 0.31320205322657402 6.4850000000000012 0.0016666666666664833 0.33249999999999963 -0.039999999999999584 0.43629456523463023 1.3150000000000002 33.695000000000007 0.77333333333333398 47.005000000000003 -0.07499999999999972 0.075000000000000414 0.089166666666666408 1.5000000000000002 -0.081666666666665652 0.085461737778940824 0.054703131046550134 1.4350000000000003 0.033333024280022792 0.50898107985542818 6.6150000000000011 0.9153519141481693 0.58973142641247656 6.6250000000000009 0.17669786583434613 6.9450000000000012
decision_type=2 2 2 2 2 10 10 2 10 2 2 2 2 2 10 2 10 10 8 2 2 2 2 2 10 2 2 10 2 10
left_child=1 2 10 17 5 -3 12 8 11 29 -1 -7 25 15 -15 24 20 -2 19 -12 21 -4 -22 -24 -6 26 -5 -8 -17 -10
right_child=3 4 16 6 13 7 27 -9 9 -11 18 -13 -14 14 -16 28 -18 -19 -20 -21 22 -23 23 -25 -26 -27 -28 -29 -30 -31
leaf_value=-0.044720654871212531 -0.025135183472651697 -0.051971330013725975 0.033012361263711543 -0.0015426165718679602 -0.010971823044303882 -0.0031791674029666471 0.05101584703017098 0.0026767508399356045 -0.0053735754971224511 0.0034028234313636754 -0.0030968542308436845 0.012796909155453751 -0.016100726264486012 -0.012030895012878708 0.0081335165749656015 -0.025409473875445589 -0.025191583801247103 -0.012411676435914032 -0.019283943188070182 0.096373620914841598 -0.01376896183900944 0.0014258530630220458 -0.0015288343221031967 -0.034055408592467369 0.00067965401781274089 -0.018857658794360573 -0.011887856277216717 -0.00092414071340247246 0.0029297348820994744 -0.014486639387545075
leaf_weight=58.833187371492386 239.60389122366905 18.065842542797327 39.112158354371786 827.80020612105727 192.62784869968891 224.30687049031258 9.2679695785045606 1672.7748180627823 2025.6827139556408 444.50086481869221 10.780548837035893 290.84313850104809 423.18787667527795 104.86016338318586 1320.987438313663 30.304162800312042 56.024369798600674 513.25550271570683 355.12120927125216 3.9657983593642703 243.9494289085269 140.16478034481406 1112.862293228507 32.149787425994873 8016.4691835790873 139.83352005854249 375.51848682016134 990.48099569231272 12904.14371393621 335.39561538398266
leaf_count=1398 3200 281 289 8220 1303 1707 89 10615 16902 3163 169 2163 5332 676 8341 203 508 6301 5561 52 2203 1224 9455 287 53801 1759 3980 9788 80372 2902
internal_value=-3.20762e-05 0.00090989 -0.00740679 -0.0079646 0.00152893 -0.00153323 -0.00565209 -0.00135075 -0.00337955 -0.00507252 -0.0212978 0.0058406 -0.00860064 0.00220889 0.00665058 0.00190936 -0.00374046 -0.016461 -0.017572 0.0236542 -0.00297413 0.00831696 -0.0044315 -0.00244212 0.00040625 -0.00623758 -0.00477105 -0.000442642 0.00286334 -0.0066681
internal_weight=33152.9 29633.9 2052.96 3518.95 27581 5011.57 2766.09 4993.5 3320.73 2805.58 428.701 515.15 1766.34 22569.4 1425.85 21143.5 1624.26 752.859 369.868 14.7463 1568.24 179.277 1388.96 1145.01 8209.1 1343.15 1203.32 999.749 12934.4 2361.08
internal_count=242244 203575 21146 38669 182429 37733 29168 37452 26837 22967 7180 3870 19291 144696 9017 135679 13966 9501 5782 221 13458 1513 11945 9742 55104 13959 12200 9877 80575 19804
is_linear=0
shrinkage=0.05


Tree=36
num_leaves=31
num_cat=0
split_feature=21 12 22 15 5 12 22 14 11 14 1 21 14 21 12 5 15 18 22 15 2 17 15 1 13 21 4 2 11 3
split_gain=89.9919 53.6711 38.4773 26.0709 20.8784 19.0062 19.2633 19.3624 12.4403 12.9718 12.1304 12.0167 13.9938 16.1208 12.5591 11.2118 10.9421 10.8914 12.2342 10.5178 10.6791 11.4441 10.4475 10.3647 10.186 10.1835 10.7384 9.90992 9.79563 10.0129
threshold=0.47496843075909795 -1.5766666666666667 0.32667586892521261 0.19166607694249246 7.5950000000000006 -0.32333333333333275 0.55907699303780201 7.9000000000000012 -0.026666666666666835 -0.5325000000000023 1.3150000000000002 0.11428622367945195 4.6291666666666673 0.098006056561803861 -0.42333333333333351 6.9650000000000007 0.34788983690453373 0.0032418154622099469 0.23284214985915375 0.13667522400126716 5.2150000000000007 5.5000000000000009 0.16212620167278047 6.9350000000000014 1.953333333333334 0.03518093612083343 30.310000000000006 4.3350000000000009 -0.07499999999999972 46.725000000000001
decision_type=2 2 2 2 8 2 2 2 10 2 2 2 2 2 2 10 2 2 2 2 2 2 2 2 2 2 2 2 10 2
left_child=1 2 10 -2 5 6 7 8 9 -3 -1 12 13 -8 22 23 17 -10 -19 20 21 -11 -15 -5 -17 26 -4 -21 -7 -30
right_child=3 4 25 15 -6 28 11 -9 16 19 -12 -13 -14 14 -16 24 -18 18 -20 27 -22 -23 -24 -25 -26 -27 -28 -29 29 -31
leaf_value=-0.044252341627606218 -0.0043184596698281298 -0.0042767727209140037 0.051751455120899341 -0.012428741874552937 -0.047466258216206952 -0.0024724879889269479 -0.00035505983527916568 0.0048420358232407878 0.029009303290208479 0.06679367483737432 -0.018864942538690362 0.0018184141329409824 -0.0061775173580451547 0.026544282650242629 -0.0054379266214353503 0.014026638651799093 0.052011321269838623 -0.012738347008371216 -0.0039680742640658597 -0.017451751760417519 0.035345930453512038 0.0071941741482886585 0.060991660701166989 -0.024301553586745281 -0.028990048672211527 -0.0048244179455157309 -0.0038085419408951634 0.0057635908727656834 0.0021349976416919032 0.006826886264879645
leaf_weight=56.210450395941734 1993.783604606986 498.78887557983398 16.578253537416458 976.49671104922891 21.910701859742403 1075.6006851196289 75.646746627986431 837.71457622945309 23.72869785502553 8.3010455965995771 288.78092731162906 1823.1702000871301 75.607327729463577 104.30227426439524 24.09300822019577 62.874201249331236 8.5046735405921918 448.76345856487751 3490.4552128836513 68.155089519917965 44.462752886116505 271.17023196816444 27.898401103913784 226.44494817405939 17.617680173367262 1140.9531069286168 18.293022848665714 141.21064572036266 18060.359463259578 1213.5187177211046
leaf_count=1394 19637 3749 127 12604 362 7146 532 6254 217 63 4900 12882 513 748 159 761 64 4637 26429 501 322 2014 191 3404 235 9940 152 1006 113770 7531
internal_value=-3.1298e-05 0.000831807 -0.00831885 -0.00789648 0.0013228 0.00136055 -0.000708895 -0.00219333 -0.00337123 0.00151937 -0.0230014 0.00336062 0.012503 0.0185924 0.027763 -0.0134549 -0.00464218 -0.00476376 -0.0049672 0.00694044 0.0125855 0.00896444 0.0338137 -0.0146637 0.00461135 -0.00401094 0.0226054 -0.00179373 0.00217126 0.00243041
internal_weight=33141.4 29864.2 1520.82 3277.22 28343.4 28321.5 7971.97 5841.26 5003.54 1032.09 344.991 2130.72 307.548 231.94 156.294 1283.43 3971.45 3962.95 3939.22 533.3 323.934 279.471 132.201 1202.94 80.4919 1175.82 34.8713 209.366 20349.5 19273.9
internal_count=242244 205603 16513 36641 189090 188728 60281 45256 39002 7655 6294 15025 2143 1630 1098 17004 31347 31283 31066 3906 2399 2077 939 16008 996 10219 279 1507 128447 121301
is_linear=0
shrinkage=0.05


Tree=37
num_leaves=31
num_cat=0
split_feature=18 12 22 9 5 1 1 6 22 13 14 11 20 12 16 2 15 3 22 1 6 4 11 19 16 4 17 19 19 4
split_gain=82.5698 51.1096 43.8318 25.1085 17.6101 15.9978 15.5897 14.99 18.7291 13.506 16.4197 13.267 12.7448 12.2637 12.0162 16.3488 12.6392 11.4943 10.177 11.3359 10.001 9.71185 9.66156 10.6003 10.343 15.7998 9.64547 10.0165 12.6571 9.59917
threshold=0.34251042856245978 -1.1383333333333332 0.25905763288749006 1.5000000000000002 7.5950000000000006 1.5550000000000004 6.9150000000000009 5.5000000000000009 0.22016203547954974 0.13666666666666696 -5.0141666666666653 0.0016666666666664833 38.500000000000007 1.7916666666666676 0.44647970792544772 5.7550000000000008 0.087837923679291288 33.855000000000011 0.5568137146031179 7.1750000000000007 1.5000000000000002 28.955000000000002 -0.098166666666666721 0.66247896978069887 0.41694634554740501 35.010000000000012 44.500000000000007 0.54013354464758845 0.58270576096404614 36.115000000000002
decision_type=2 2 2 2 8 2 2 10 2 2 2 10 2 2 2 2 2 2 2 2 10 2 10 2 2 2 2 2 2 2
left_child=1 2 5 20 7 -1 11 9 29 10 -3 -5 22 -11 15 16 26 -4 -15 -20 21 -2 23 24 25 -12 -10 -28 -29 -9
right_child=3 4 17 6 -6 -7 -8 8 14 13 12 -13 -14 18 -16 -17 -18 -19 19 -21 -22 -23 -24 -25 -26 -27 27 28 -30 -31
leaf_value=-0.037937058352391015 -0.040937512995202069 -0.0034411991243105768 -0.0061088147756679931 -0.0068439312133686744 -0.046314095109917158 -0.014839522625479188 -0.019219448154873996 -0.020468754355503656 -0.011823618917002557 0.0034578069108812609 0.039944231643765413 0.00063282419498134047 0.062719347107842591 0.00047515868162368164 0.0012649435524833346 0.017119137185257371 -0.012951723391113546 0.00066171687375066169 -0.0048623259760590034 -0.029972021904632828 -0.011557610751576639 -0.017894226923947928 0.0018970037801523947 0.026464421876576716 -0.021056834367773634 -0.032673976779194959 0.001609369120210556 0.073529355879241476 0.0060681932802008317 -0.00036126011782749382
leaf_weight=94.115264326334 62.542408898472786 2003.9573411643505 1278.3026605993509 1621.452519454062 19.229638449847698 368.46418688446283 182.881352648139 183.67545296251774 122.8161109611392 12636.286594986916 18.913082107901577 935.70297089964151 8.542034298181532 732.6266812607646 2775.3401249721646 73.903729327023029 457.90075104683638 1230.1094886511564 167.42319951951504 61.44395487010479 504.32037094980478 170.04610824212432 6943.9367294460535 17.691174827516079 120.94717828929424 12.401970125734804 209.27179577946663 11.562657296657564 17.440024472773075 87.693274088203907
leaf_count=2292 868 13755 11248 17505 336 5224 2527 1487 894 79435 134 9136 62 4468 18042 505 3296 10302 1102 421 6301 2332 47047 120 822 86 1571 82 130 714
internal_value=-3.05035e-05 0.000824211 -0.00539659 -0.00732015 0.00151686 -0.0195389 -0.00511667 0.00155135 -0.00129591 0.00204498 0.000557074 -0.00410807 0.00168202 0.00304361 -0.000358237 -0.00540349 -0.00743587 -0.00278859 -0.00239997 -0.0116035 -0.0155133 -0.0240905 0.00160873 -0.0101694 -0.0144259 0.0111846 -0.000441194 0.00542576 0.0329633 -0.013971
internal_weight=33130.9 29654 2970.99 3476.95 26683 462.579 2740.04 26663.8 3939.6 22724.2 9126.39 2557.16 7122.43 13597.8 3668.24 892.895 818.991 2508.41 961.494 228.867 736.909 232.589 7113.89 169.953 152.262 31.3151 361.091 238.274 29.0027 271.369
internal_count=242244 203575 29066 38669 174509 7516 29168 174173 26721 147452 62026 26641 48271 85426 24520 6478 5973 21550 5991 1523 9501 3200 48209 1162 1042 220 2677 1783 212 2201
is_linear=0
shrinkage=0.05


Tree=38
num_leaves=31
num_cat=0
split_feature=22 12 19 2 7 6 21 1 3 1 7 17 12 22 1 13 14 21 19 20 12 5 13 12 16 19 11 14 11 15
split_gain=76.0124 46.3317 33.6956 23.5034 18.3778 16.1136 18.4706 17.7363 16.7095 14.4471 13.4421 20.4475 13.0032 13.2571 12.1559 11.1156 19.2174 15.8654 15.4375 14.6626 12.7126 11.5485 11.0917 10.7854 10.1659 10.108 10.0891 9.9256 10.8043 9.58924
threshold=0.79712208876047952 -1.5766666666666667 0.22869262998177667 6.1850000000000014 inf 5.5000000000000009 0.06663230290091908 6.4750000000000005 46.065000000000005 1.3150000000000002 1.0000000180025095e-35 58.500000000000007 -2.7058333333333326 0.54175021843500981 2.3250000000000006 0.13666666666666696 -3.1066666666666669 0.16668095353895623 0.37363871872070226 36.500000000000007 1.1383333333333332 6.8150000000000004 2.142500000000001 1.7916666666666676 0.44647970792544772 0.61214050146283772 -0.036666666666667506 1.9700000000000009 -0.091666666666666327 0.036008402707246027
decision_type=2 2 2 2 8 8 2 2 2 2 10 2 2 2 2 2 2 2 2 2 2 10 2 2 2 2 10 2 8 2
left_child=1 2 9 -2 5 15 7 10 -8 -1 24 -12 13 14 25 16 18 23 -3 -18 -19 -20 -10 -17 -7 29 -5 28 -14 -4
right_child=3 4 12 26 -6 6 8 -9 22 -11 11 -13 27 -15 -16 17 19 20 21 -21 -22 -23 -24 -25 -26 -27 -28 -29 -30 -31
leaf_value=-0.040977785880659125 -0.0051541077307241702 -0.0080736101259253675 -0.0097641056605637724 -0.024614162333911949 -0.050337736209305511 -0.018182871506880329 -0.00030160896085712355 0.005526104144580316 0.021280377341397982 -0.015408958348536759 0.06274493945075206 -0.0053830542362421525 0.044123842381397202 -0.025310439138215915 0.066775290485929811 0.003405641199199989 0.0017504692899479053 -0.00051374631838671048 -0.0037215355635630723 0.04791892244804552 -0.014421832526511764 0.0035684350540283842 -0.026158216421620042 -0.0021311378205698928 -0.0073198094507890069 0.059991095011848086 -0.01178297665540968 0.0010205847069152069 -0.011718395936608931 0.012817512541417159
leaf_weight=63.783694628626108 2076.9573157578707 969.55175074934959 66.839961439371109 216.18315598368645 17.321186665445566 304.28814134374261 2749.7515815459192 249.03572934865952 134.58116908371449 412.71799449622631 15.931718997657297 35.677400052547455 8.8288443982601148 29.067653648555279 9.2053355425596219 12382.130796954036 7107.2240685150027 689.29820902273059 1230.2605995982885 17.239002428948879 215.71896397694945 972.87599116563797 13.563688568770884 946.80808816105127 736.98746433854103 9.0571737661957723 525.84327587112784 297.77422594279051 457.97905794158578 158.48364760354161
leaf_count=1521 21618 7594 557 3245 335 2729 18437 1612 885 6171 125 272 76 248 78 77814 49507 5721 8365 142 2091 6570 85 5910 5402 61 7167 2548 4133 1225
internal_value=-2.9732e-05 0.000700854 -0.00782535 -0.00788299 0.00114918 0.00118017 -0.00166608 -0.00651578 0.000579657 -0.0188316 -0.00925977 0.015648 -0.00276914 0.00660566 0.0104143 0.0016721 0.000420743 0.00257737 -0.0028161 0.00186218 -0.00382886 -0.000502381 0.016937 0.00301234 -0.0104943 0.00820069 -0.0155212 -0.00611225 -0.0106622 0.0061189
internal_weight=33121 30302 1513.74 2818.98 28788.2 28770.9 4239.82 1341.92 2897.9 476.502 1092.88 51.6091 1037.24 272.654 243.586 24531.1 10297.2 14234 3172.69 7124.46 905.017 2203.14 148.145 13328.9 1041.28 234.381 742.026 764.582 466.808 225.324
internal_count=242244 210214 16618 32030 193596 193261 29547 10140 19407 7692 8528 397 8926 2169 1921 163714 72178 91536 22529 49649 7812 14935 970 83724 8131 1843 10412 6757 4209 1782
is_linear=0
shrinkage=0.05


Tree=39
num_leaves=31
num_cat=0
split_feature=18 19 12 22 1 7 6 12 5 16 5 14 3 14 22 11 2 18 20 5 2 15 15 22 21 3 4 12 18 12
split_gain=69.1113 43.2518 30.9007 20.5183 19.1085 14.0722 13.9987 13.4239 13.8157 12.864 11.9294 13.0456 11.0012 13.9518 10.328 10.311 10.2579 11.6909 10.1216 10.4972 9.82196 9.67256 9.59193 9.53708 9.40002 9.28339 12.1875 14.6149 12.4963 10.5654
threshold=0.43351510627221118 0.083532066395419061 -0.6558333333333336 0.23441402336079839 6.3150000000000004 1.7500000000000002 2.5000000000000004 -2.5691666666666655 6.8850000000000007 0.44479627806385358 6.7150000000000007 -13.013333333333332 23.105 -6.7066666666666643 0.23608136808167582 -0.054999999999999265 5.9050000000000011 0.012832103168705934 34.500000000000007 6.785000000000001 1.1600000000000001 0.15277679490415411 0.20530532761077688 0.84613323428584841 0.02283036392212506 46.725000000000001 30.785000000000004 -0.56416666666666682 0.10122768778586881 0.43833333333333396
decision_type=2 2 2 2 2 8 8 2 8 2 10 2 2 2 2 10 2 2 2 8 2 2 2 2 2 2 2 2 2 2
left_child=1 7 3 18 12 25 10 -1 15 14 -5 20 -2 -14 -8 -9 -11 -18 -3 -20 -12 24 -19 -15 -13 29 -27 -28 -29 -4
right_child=4 2 5 6 -6 -7 9 8 -10 16 11 21 13 23 -16 -17 17 22 19 -21 -22 -23 -24 -25 -26 26 27 28 -30 -31
leaf_value=-0.036550329227004123 0.0041323614375628221 -0.013674410128296908 0.00049074394897145131 -0.003699349504663758 -0.014176287993105453 -0.01527208269288275 0.052127845561171476 0.042828053257995699 -0.035141908888641979 -0.00030751020463262409 0.02472009302561293 -0.021617358411973139 -0.021289463611481776 -0.0025232645436841675 -0.0050809012987228109 -0.0072317004501134506 0.085217086326784486 0.020502042002339425 0.078582226222262117 -0.0015849388425826423 -0.031742052236559661 -0.0050394996295663385 -0.0096243080947309 -0.010910998824614465 0.0087383592388744977 0.011259661565126238 0.03363710746673592 0.0063303261500163178 -0.0051551947563046119 0.0026824037527405148
leaf_weight=85.879585407674313 284.96354073658586 464.92216261476278 12324.239056967199 584.63050500303507 782.42741016298532 122.32805531471968 7.9112250395119181 11.612995598465202 43.657730970531702 900.95728418976068 9.6217505410313588 26.194112576544285 145.46464247256517 1098.4125337600708 2826.3834364749491 90.049282852560282 5.6164515838026992 88.317394617944956 5.9543410874903229 12.995364826172588 38.611219547688961 167.89133504405618 37.699501313269138 490.11105087772012 966.28972896561027 572.92334609478712 35.393666222691536 502.25305686146021 448.11575891822577 9929.3630110919476
leaf_count=2128 2967 5773 81914 4554 11640 1069 98 140 549 6977 82 305 1558 11541 23541 1095 52 650 77 170 309 1221 275 5387 7462 3596 245 3137 2810 60922
internal_value=-2.9001e-05 0.000665466 0.00083106 -0.00233204 -0.00754285 0.00164302 -0.00148721 -0.020878 -0.0116162 -0.00318053 0.00216421 0.00500055 -0.00497212 -0.00646835 -0.00492122 -0.00151332 0.00159736 0.0146351 -0.0122144 0.023605 -0.0204787 0.00605964 0.0114894 -0.00511115 0.0079372 0.00172992 0.00546022 0.00208959 0.000914699 0.00146864
internal_weight=33111.2 30309.8 30078.6 6144 2801.38 23934.6 5660.12 231.2 145.32 3866.89 1793.24 1208.61 2018.95 1733.99 2834.29 101.662 1032.59 131.633 483.872 18.9497 48.233 1160.38 126.017 1588.52 992.484 23812.3 1558.69 985.762 950.369 22253.6
internal_count=242244 209151 205239 51546 33093 153693 45526 3912 1784 31593 13933 9379 21453 18486 23639 1235 7954 977 6020 247 391 8988 925 16928 7767 152624 9788 6192 5947 142836
is_linear=0
shrinkage=0.05


Tree=40
num_leaves=31
num_cat=0
split_feature=22 19 1 2 8 11 11 5 16 18 11 22 14 1 20 11 20 11 1 18 13 14 16 13 16 5 10 16 4 15
split_gain=63.7908 40.2552 29.0794 20.8651 19.0438 11.8379 11.1757 10.6241 9.78544 9.66037 9.61071 8.87808 13.6063 12.5322 10.1118 9.15968 8.8783 13.1202 17.0498 9.15098 8.46281 13.6576 9.28328 8.38962 9.11879 14.6274 11.4851 10.2927 8.37499 8.75908
threshold=0.79712208876047952 0.15581751103373934 2.0050000000000003 6.1850000000000014 4.5000000000000009 0.080000000000000529 0.038333333333333559 7.0250000000000012 0.68111347691335211 0.69816213935418137 -0.036666666666667506 0.48305168943823434 7.4349999999999978 1.4350000000000003 48.500000000000007 -0.014999999999999234 10.500000000000002 -0.043333333333332551 4.3550000000000013 0.067048100262545221 0.9033333333333341 7.1625000000000005 0.39409439281765019 -4.6191666666666658 0.6389681892702912 6.745000000000001 4.5000000000000009 0.50495261543133807 39.165000000000006 0.15593277309917253
decision_type=2 2 2 2 2 8 8 10 2 2 10 2 2 2 2 8 2 10 2 2 2 2 2 2 2 10 2 2 2 2
left_child=1 2 -1 23 9 11 8 -7 -4 -3 -5 12 14 15 -6 -14 -15 18 -18 28 -8 22 -22 24 25 -2 27 -27 29 -19
right_child=3 4 6 10 5 7 20 -9 -10 -11 -12 -13 13 16 -16 -17 17 19 -20 -21 21 -23 -24 -25 -26 26 -28 -29 -30 -31
leaf_value=-0.02826133539645112 -0.02016021201200182 0.0018822840402562117 -0.0029179216220589143 -0.023582299993302781 -0.0037884407010305566 -0.012955365742732039 -0.019854479852757886 0.0080115363647256781 0.05940464335941445 -0.014709806330714593 -0.010889878456362877 0.0010058393511007296 0.081535780940457936 -0.0036576253787083189 0.059027633874428331 0.014939107786100964 0.059393342194286408 0.010846621952154772 0.0039851770251170034 -0.0082924366976120205 -0.057024307435020606 0.070513195139829982 0.0032871941888765552 -0.0051246075141527306 -0.022884540444524062 0.1378085732546345 0.0058199470838780857 0.043760168412955852 -0.008930268597405781 0.043667498436204148
leaf_weight=159.98006630316377 8.3999444320797938 20711.034463051707 766.90841929242015 209.75380052253604 3152.4818375222385 341.61574517190456 184.60715301707387 73.398768875747919 6.3505482673645011 88.099859021604061 516.14924824237823 4165.8187488242984 8.7246109768748266 263.52663514763117 6.4196373634040347 12.648342404514553 26.917313575744629 104.77426616474986 28.673714824020863 95.414647631347179 7.6489843428134909 6.5359860211610785 38.467407181859016 2024.9658807516098 9.4520398154854757 5.6359460949897784 6.3836865648627272 6.0128956884145737 40.072821196168661 25.221649557352066
leaf_count=3725 93 131198 7071 3245 25879 2963 1994 631 35 1208 7167 30264 64 2092 60 106 210 855 203 694 75 52 313 21219 127 51 63 65 327 195
internal_value=-2.82277e-05 0.000637259 -0.00845444 -0.00726764 0.00100239 -0.00101531 -0.00531872 -0.00924719 -0.00240608 0.001812 -0.0145574 -0.000584534 -0.00234427 0.0045186 -0.00366078 0.0421244 0.00314373 0.00872605 0.0308139 0.00410094 -0.0148113 0.00287062 -0.00671623 -0.00469993 0.0192648 0.0343371 0.0597232 0.0892627 0.0110541 0.0172145
internal_weight=33102.1 30315.3 1170.5 2786.75 29144.8 8345.71 1010.52 415.015 773.259 20799.1 725.903 7930.69 3764.88 605.974 3158.9 21.373 584.601 321.074 55.591 265.483 237.26 52.6524 46.1164 2060.85 35.8845 26.4325 18.0325 11.6488 170.069 129.996
internal_count=242244 210214 13265 32030 196949 64543 9540 3594 7106 132406 10412 60949 30685 4746 25939 170 4576 2484 413 2071 2434 440 388 21618 399 272 179 116 1377 1050
is_linear=0
shrinkage=0.05


Tree=41
num_leaves=31
num_cat=0
split_feature=22 19 19 12 2 5 11 12 5 1 18 14 1 17 12 11 7 18 15 11 17 22 1 3 3 4 11 12 22 5
split_gain=57.9441 37.3272 23.7936 21.8206 21.3487 14.4405 13.3504 12.6231 13.0329 11.6159 11.0249 28.9899 11.019 10.6753 10.5443 13.6313 10.3113 9.96829 9.89882 9.84863 9.45402 9.30745 9.31283 12.5131 12.5893 9.22494 9.15243 9.14204 10.8839 9.27019
threshold=0.78417367393917081 0.083532066395419061 0.31320205322657402 -1.6249999999999996 6.1850000000000014 6.4850000000000012 -0.0045000000000001697 -2.5691666666666655 6.8850000000000007 3.5450000000000004 0.056986629069582802 -2.8941666666666666 6.8350000000000009 6.5000000000000009 1.6800000000000004 -0.071666666666665865 1.7500000000000002 0.68875378729289316 0.13488397462799309 -0.036666666666667506 40.500000000000007 0.21309238001787664 3.8650000000000007 42.320000000000007 46.065000000000005 36.045000000000009 0.08666666666666735 0.33249999999999963 0.43629456523463023 6.7750000000000012
decision_type=2 2 2 2 2 10 10 2 8 2 2 2 2 2 2 10 8 2 2 10 2 2 2 2 2 2 8 2 2 10
left_child=1 7 3 13 -2 -5 9 -1 -9 20 11 -4 21 -3 -14 -16 17 -12 26 -6 -7 -11 23 -23 -25 -22 -15 28 29 -8
right_child=4 2 10 5 19 6 27 8 -10 12 16 -13 14 18 15 -17 -18 -19 -20 -21 25 22 -24 24 -26 -27 -28 -29 -30 -31
leaf_value=-0.035475036042583778 -0.0042203886602979503 -0.040201344824669152 -0.0015701325568302262 -0.048105395370649784 -0.022914490475201981 -0.0062833116564642707 -0.0005197649220322892 -0.0010143424817946804 -0.034145007400995069 -0.0068824834141126045 0.00099101620392389486 0.005832395849584596 0.024673613665127363 -0.0095785988194501594 0.05116774482998189 -0.020360379840390675 -0.022779202549691954 -0.016891480809479605 0.032050165955139362 -0.010325592729404403 0.013078500787902139 -0.020460908158847709 0.002993168868272294 0.08239502460115615 -0.0082163166674153725 0.046298360780260034 -0.04330776901809566 0.0010688750009433979 0.0029585498249255385 -0.0088452698557438172
leaf_weight=81.041428450495005 2189.881298635155 30.603221416473389 1995.159510102123 16.292258746922016 218.59426698833704 31.908340141177177 456.28404324501753 100.79706740379333 42.074529286473989 373.8562348112464 18206.099431082606 3923.4499694928527 90.565560556948185 496.90990298613906 8.3568420335650426 32.81850428879261 46.034324765205383 78.264954578131437 13.74306935071945 537.06753501296043 56.278208121657372 84.39259410649538 1397.5274341255426 6.3561868146061924 9.6578971371054632 33.2421994805336 20.960842337459326 905.15305519849062 358.8591418042779 1251.2228374518454
leaf_count=2128 22981 630 13221 292 3434 285 3887 1235 549 2850 118467 25573 574 5764 53 201 328 1050 184 7505 457 682 9840 50 73 269 269 5794 2655 10964
internal_value=-2.74484e-05 0.000626521 0.00077871 -0.00213573 -0.00672089 -0.00110761 -0.000957364 -0.0197122 -0.0107711 0.00206883 0.00146078 0.00333701 0.00115874 -0.0114854 0.0151356 -0.00584322 0.000854968 0.000914471 -0.00983233 -0.0139672 0.0170849 0.000175016 0.00193644 -0.0127719 0.0277484 0.0254142 -0.0109438 -0.00312142 -0.00495694 -0.00662051
internal_weight=33093.5 30147.9 29924 5674.99 2945.54 5112.77 5096.48 223.913 142.872 2124.96 24249 5918.61 2003.53 562.217 131.741 41.1753 18330.4 18284.4 531.614 755.662 121.429 1871.79 1497.93 100.407 16.0141 89.5204 517.871 2971.52 2066.37 1707.51
internal_count=242244 208324 204412 45773 33920 38926 38634 3912 1784 15334 158639 38794 14323 6847 828 254 119845 119517 6217 10939 1011 13495 10645 805 123 726 6033 23300 17506 14851
is_linear=0
shrinkage=0.05


Tree=42
num_leaves=31
num_cat=0
split_feature=18 12 22 9 7 1 11 22 12 11 11 12 11 9 3 11 18 12 5 14 13 6 4 5 19 20 15 21 21 2
split_gain=52.8707 34.8082 32.5546 20.3607 14.6281 14.1165 13.9177 12.3902 17.2767 11.3138 23.1253 10.6313 9.64242 9.4286 10.28 13.5259 9.40237 11.2232 10.1726 9.16338 10.9483 8.88215 9.80682 8.75521 9.17575 18.4418 8.5754 8.56513 8.55924 8.52413
threshold=0.34251042856245978 -1.1383333333333332 0.25905763288749006 1.5000000000000002 inf 1.3150000000000002 0.0016666666666664833 0.23284214985915375 0.20916666666666653 -0.039999999999999584 -0.041666666666666512 0.77333333333333398 0.081666666666667456 5.5000000000000009 47.230000000000011 0.017333333333333204 0.038130384315738751 1.0516666666666674 7.0850000000000009 12.852500000000003 -2.9274999999999989 1.5000000000000002 28.955000000000002 6.6250000000000009 0.63098949701058238 14.500000000000002 0.11666636644345073 0.11812700766127406 0.10518593296830746 4.5650000000000004
decision_type=2 2 2 2 8 2 10 2 2 8 10 2 8 2 2 10 2 2 10 2 2 10 2 10 2 2 2 2 2 2
left_child=1 2 5 21 7 -1 11 8 9 10 -3 27 -4 14 -9 -16 17 29 -18 -17 -21 22 -2 -8 25 -25 -14 28 -5 -15
right_child=3 4 12 6 -6 -7 23 13 -10 -11 -12 -13 26 16 15 19 18 -19 -20 20 -22 -23 -24 24 -26 -27 -28 -29 -30 -31
leaf_value=-0.044673580278917678 -0.039517893969752645 0.00040763426733581785 -0.0016294008315751987 -0.001599341270242791 -0.049341085519635758 -0.014206320726389339 0.048668436255684962 0.0016493304485062936 0.0016410472112854957 -0.0086740096498511641 0.076046056504028556 -0.013796058410539934 -0.022861976627409419 0.00019297769686465023 0.0030114514796980526 0.024624881200405752 -0.0025581407749402222 0.044234833939435197 -0.034102568870248658 0.066883041406954599 0.0063900285990414717 -0.0097424207484244629 -0.01551966731356369 0.0063808046625373135 -0.00069897943092730086 0.089196850630865743 0.010880354867420053 -0.0049409357271654507 0.072688081805020663 0.017145915101946994
leaf_weight=42.095917001366615 57.914446119219065 175.74565409868956 2370.3939547426999 8.4977164417505247 14.300839126110075 392.54827409610152 9.4558205679059011 20404.414875142276 1438.1856866069138 985.56859674304724 10.721636660397051 401.95429252460599 95.570180851966143 413.34637136757374 940.32075902819633 135.68100015074015 1880.6409483775496 17.262679442763329 25.909983113408089 7.7300390154123297 230.8340227752924 486.06634671241045 160.68033631145954 32.625065110623837 929.93841622769833 8.4667634144425374 23.44995741546154 1287.0683064498007 7.1314562335610381 90.356769293546677
leaf_count=1275 868 1380 20396 60 311 6241 89 130153 9084 8837 84 5332 937 3011 5831 853 12523 106 177 49 1454 6301 2332 279 9439 70 217 13849 50 656
internal_value=-2.67267e-05 0.00064859 -0.00453115 -0.00594259 0.00121435 -0.0171571 -0.00395747 0.00124137 -0.00203114 -0.00653722 0.00475675 -0.00668754 -0.00232669 0.00159512 0.00192544 0.0062111 -0.0013602 0.00459268 -0.00298683 0.0142505 0.00835015 -0.013507 -0.0218778 0.000788971 0.000322724 0.0234446 -0.0162139 -0.00449417 0.0322974 0.00323408
internal_weight=33084.9 29695.1 2924.06 3389.8 26771 434.644 2685.14 26756.7 2610.22 1172.04 186.467 1704.65 2489.41 24146.5 21719 1314.57 2427.52 520.966 1906.55 374.245 238.564 704.661 218.595 980.486 971.03 41.0918 119.02 1302.7 15.6292 503.703
internal_count=242244 203575 29066 38669 174509 7516 29168 174198 19385 10301 1464 19291 21550 154813 138340 8187 16473 3773 12700 2356 1503 9501 3200 9877 9788 349 1154 13959 110 3667
is_linear=0
shrinkage=0.05


Tree=43
num_leaves=31
num_cat=0
split_feature=22 19 8 22 15 6 12 5 2 16 5 3 18 7 2 20 2 21 21 22 19 1 21 11 13 11 21 22 22 1
split_gain=48.6438 32.2564 21.6243 17.8258 17.0222 12.3861 11.8822 12.2966 10.8529 14.0998 10.7093 10.0418 10.2466 9.59841 13.5809 9.47071 11.1456 10.1662 9.35139 13.4301 9.56855 17.0907 17.6472 9.12501 8.94461 8.94322 12.1221 11.5499 10.3968 15.5749
threshold=0.79712208876047952 0.083532066395419061 4.5000000000000009 0.23441402336079839 0.19166607694249246 5.5000000000000009 -2.5691666666666655 6.8850000000000007 7.1650000000000009 0.54084293742894318 6.9650000000000007 33.915000000000006 0.64965125086126541 1.2500000000000002 6.9750000000000005 34.500000000000007 3.7550000000000003 0.01798962058475773 0.56353443057585795 0.84613323428584841 0.78159727382308752 4.2550000000000008 0.58289967097571915 -0.054999999999999265 2.142500000000001 -0.024999999999999908 0.11582099990689351 0.55981719112686024 0.49453707194584384 5.6050000000000013
decision_type=2 2 2 2 2 8 2 8 2 2 10 2 2 8 2 2 2 2 2 2 2 2 2 10 2 8 2 2 2 2
left_child=1 6 13 5 11 8 -1 23 15 -10 -6 12 -2 -3 -15 16 -4 -17 -13 20 -20 22 -22 -8 -12 26 28 -27 -5 -30
right_child=4 2 3 25 10 -7 7 -9 9 -11 24 18 -14 14 -16 17 -18 -19 19 -21 21 -23 -24 -25 -26 27 -28 -29 29 -31
leaf_value=-0.034449388495574162 0.0015278609155582816 0.0016350244961789357 -0.017291122705096286 0.0029719655115525495 -0.012712094985580374 -0.022592280068329251 0.040617149903247891 -0.03319220740802372 0.10010961751434029 0.0032299173104349678 0.014898234377487869 -0.015638410138794804 -0.023299348478416276 -0.018843914972281293 0.022052785382033053 -0.0015686271635268229 -0.0026396310304855298 0.081271689461207275 -0.0055596972512303618 -0.01107621755955159 0.0099767084045666154 0.0072324957924425892 0.11369417174983175 -0.0061129169335036758 -0.032757769649246052 -0.0029787966298649997 -0.0021971352546375994 0.0019099232888856348 0.009038838541140572 0.041944790996449682
leaf_weight=76.82508384808898 857.40288103744388 21188.110795654356 205.76211903989315 814.01158119924366 990.60067176446319 134.63685400411487 11.850436899811028 40.640459731221199 5.4007874801754978 12.329415194690226 60.834597121924162 239.9466263577342 43.675823509693146 113.99769490025938 24.697702385485172 9.2267443686723691 351.60924359038472 6.1869115158915511 117.81703470647335 290.02552885562181 8.2054542675614375 113.9842242859304 8.1993531957268697 88.194317530840635 11.747480772435663 4473.3570053409785 857.3362904265523 1655.2148424983025 221.18980857729912 42.940740846097469
leaf_count=2128 8567 134872 2766 6320 14073 1668 140 549 50 109 764 2424 512 978 194 120 3550 78 1119 3015 76 1231 76 1095 173 35398 6192 12171 1556 280
internal_value=-2.60191e-05 0.000550528 0.000689094 -0.00139794 -0.00640308 -0.00890694 -0.0186351 -0.0099992 -0.0057867 0.0327404 -0.0113537 -0.00326868 0.000324471 0.0015492 -0.0115614 -0.00697928 -0.00804845 0.0316828 -0.00742931 -0.00376964 0.004768 0.0140999 0.0618162 -0.000577677 0.00718506 -0.000722704 0.00224026 -0.00165844 0.00576886 0.0143885
internal_weight=33076 30333.5 30116 8789.2 2742.44 725.152 217.51 140.685 590.515 17.7302 1063.18 1679.26 901.079 21326.8 138.695 572.785 557.371 15.4137 778.178 538.232 248.206 130.389 16.4048 100.045 72.5821 8064.05 1935.48 6128.57 1078.14 264.131
internal_count=242244 210214 206302 70258 32030 8341 3912 1784 6673 159 15010 17020 9079 136044 1172 6514 6316 198 7941 5517 2502 1383 152 1235 937 61917 14348 47569 8156 1836
is_linear=0
shrinkage=0.05


Tree=44
num_leaves=31
num_cat=0
split_feature=18 19 13 2 18 9 6 22 15 22 12 5 17 21 11 16 15 17 6 11 19 3 11 22 4 14 21 11 2 1
split_gain=44.4127 28.9069 20.598 17.5092 15.1964 16.5115 12.1343 17.1048 12.3995 12.4697 11.3956 11.5119 10.4026 11.1388 9.79882 9.56942 9.41187 9.41582 9.13779 13.1299 16.6094 12.5732 14.1825 11.8286 10.215 9.81538 9.08831 11.1866 10.2141 11.963
threshold=0.62819603173740168 0.083532066395419061 -0.93333333333333279 1.0000000180025095e-35 0.26909324158404635 1.5000000000000002 5.5000000000000009 0.21765299050371614 0.1040869782477445 0.63704670738491742 -2.5691666666666655 6.8850000000000007 44.500000000000007 0.030126031829840229 -0.11266666666666623 0.6389681892702912 0.06157756490393617 22.500000000000004 1.5000000000000002 -0.021666666666666053 0.74057768200657204 22.870000000000001 0.027333333333333435 0.84906417426070713 30.145000000000003 5.3450000000000015 0.49055042270775162 -0.031666666666665837 4.8850000000000007 6.5050000000000008
decision_type=2 2 2 2 2 2 8 2 2 2 2 8 2 2 10 2 2 2 10 10 2 2 10 2 2 2 2 10 2 2
left_child=1 10 3 -3 6 -6 -4 15 12 -10 -1 -12 13 16 -5 -8 -9 -18 19 24 -21 22 26 -24 -7 -26 27 -20 -29 -30
right_child=-2 2 4 14 5 18 7 8 9 -11 11 -13 -14 -15 -16 -17 17 -19 21 20 -22 -23 23 -25 25 -27 -28 28 29 -31
leaf_value=-0.033813040366228904 -0.010210445195544409 0.0008464190287702923 0.0019950147186509159 -0.028172752826941094 -0.010334286234717495 0.002428572502337187 -0.020850199563580165 0.067083265918164367 0.0008490728869904045 0.037797636685237591 -0.0005535225722888439 -0.032417723212470197 -0.0018188643843726671 -0.019014592753594291 -0.0040041378377434376 0.0062158176909852831 0.029418776126363677 -0.049981614202305631 0.081761327352735558 -0.016796647237617889 0.072292998513593817 -0.00045121942285257434 -0.018630845828378869 0.032477246023671434 -0.0076954080023492093 -0.027047297623587305 0.011639676549018501 0.06607049108625733 -0.0068677446637113856 0.060506299468685715
leaf_weight=74.418938102200627 1036.7711553163826 2983.0556235313416 19094.066665891558 42.412941364571452 537.92242491990328 160.44793673977256 161.14754788763821 6.8386613428592709 2516.6440558563918 23.044067725539207 99.9975605905056 39.558608176186681 393.63480282761157 201.83704687654972 3746.9618322011083 40.957142287865281 9.0314940102398378 6.3654212579131118 10.987949810922144 9.4920608475804347 11.6559547111392 1312.2539405338466 51.183720521628857 14.536545969545839 241.84199531003833 89.874289631843567 106.48180196434259 11.509498357772825 24.2575424015522 9.0455258563160879
leaf_count=2128 14580 22484 122868 367 5535 1601 1441 69 16545 149 1235 549 2974 1450 30243 301 76 59 88 79 123 12012 428 138 2410 905 1079 86 178 64
internal_value=-2.53469e-05 0.000304317 0.000427494 -0.00201897 0.00108904 -0.00253628 0.00150746 -0.0012636 -0.000360959 0.00118433 -0.0180118 -0.00958575 -0.00671437 -0.0153144 -0.00427465 -0.0153652 0.0182726 -0.00340708 -0.000493632 -0.00627116 0.0323061 0.00143181 0.0122695 -0.00732634 -0.0079288 -0.0129386 0.0202053 0.0365506 0.0254651 0.0114319
internal_weight=33068.2 32031.5 31817.5 6772.43 25045.1 2591.49 22453.6 3359.5 3157.4 2539.69 213.975 139.556 617.707 224.073 3789.37 202.105 22.2356 15.3969 2053.57 513.312 21.148 1540.26 228.003 65.7203 492.164 331.716 162.282 55.8005 44.8126 33.3031
internal_count=242244 227664 223752 53094 170658 24726 145932 23064 21322 16694 3912 1784 4628 1654 30610 1742 204 135 19191 5118 202 14073 2061 566 4916 3315 1495 416 328 242
is_linear=0
shrinkage=0.05


Tree=45
num_leaves=31
num_cat=0
split_feature=22 12 22 7 15 6 21 1 3 7 17 13 12 12 0 11 22 13 11 1 12 3 5 12 18 11 11 14 17 21
split_gain=41.0497 28.2627 23.403 14.9617 13.8415 11.991 14.4438 14.4748 13.8107 11.9236 17.613 9.99474 9.88564 10.5917 19.1671 19.0454 16.9278 12.036 12.4663 11.2453 10.3899 20.9063 9.7939 11.2195 10.6758 9.75022 9.68465 9.46797 10.3755 8.78685
threshold=0.79947321436259844 -1.5766666666666667 0.23068340416500532 inf 0.19166607694249246 5.5000000000000009 0.06663230290091908 6.4750000000000005 46.065000000000005 1.0000000180025095e-35 58.500000000000007 2.142500000000001 1.7916666666666676 0.42666666666666725 3.5000000000000004 -0.043333333333333439 0.42801520248924274 1.9833333333333338 -0.039999999999999584 6.3550000000000013 1.0200000000000002 1.0000000180025095e-35 6.5850000000000009 1.2533333333333334 0.058738296923762826 0.025000000000000803 0.089166666666666408 -5.573333333333335 171.50000000000003 0.098006056561803861
decision_type=2 2 2 8 2 8 2 2 2 10 2 2 2 2 2 10 2 2 10 2 2 2 10 2 2 10 8 2 2 2
left_child=1 2 -1 5 -2 12 7 9 -8 -7 -11 -10 13 16 15 20 17 18 -3 -19 21 -15 23 -22 -24 -6 -4 28 -17 -18
right_child=4 3 26 -5 25 6 8 -9 11 10 -12 -13 -14 14 -16 27 29 19 -20 -21 22 -23 24 -25 -26 -27 -28 -29 -30 -31
leaf_value=-0.02337237348992531 -0.0031386641750315979 0.0032438297554507147 -0.0031043855940157588 -0.049344390729914894 -0.012506407632583089 -0.0096198460878891834 -0.00043027205209473726 0.0049041545694440232 0.019084059268580436 0.057511388304461619 -0.0049692408788155331 -0.025974644062761083 -0.0033401204061246402 0.047534922248705508 0.0050635720958674491 0.0085041503070576504 0.0052392996109410861 0.015703512108610252 -0.0033950634346816815 -0.016704041689357223 0.071030447599362265 -0.0039059524375083389 -0.050054121847484978 -0.0084033810998859707 -0.012757464738837097 0.0018965287708454671 -0.02625223802720833 0.00063107008908821962 -0.024299617378805548 0.0012298195929248492
leaf_weight=176.0039525013417 1615.4352765716612 863.80687395483255 1249.3850701022893 14.846084780991076 881.08766987547278 1024.92183598876 2760.3761164881289 250.71711800992489 138.11104551702738 16.550550762563944 35.414314106106758 13.511024899780748 1103.9434279054403 20.652673464268446 4671.1859747171402 658.88991547375917 1630.0131643339992 164.62081027776003 3897.9719688668847 31.965964876115322 7.2014986053109196 452.6887941993773 20.474121570587158 11.614957749843596 305.15531712025404 135.58604098856449 46.88139177300036 2386.2805531695485 25.01992841809988 8451.2789327092469
leaf_count=3835 16474 6193 12278 335 12877 8131 18517 1612 892 125 272 85 7182 145 27700 4244 10584 1127 29550 209 52 3193 130 94 2288 1720 541 15301 166 56392
internal_value=-2.46677e-05 0.000493497 -0.00626444 0.00083709 -0.0060151 0.000862831 -0.00159381 -0.00591605 0.000376739 -0.00843517 0.0149305 0.0150689 0.00128445 0.00150079 0.00290493 0.000311441 0.00070168 -0.00169021 -0.00219074 0.0104339 -0.00646911 -0.0016615 -0.0130758 0.0219978 -0.0151025 -0.0105856 -0.00394156 0.00211753 0.00730407 0.0018781
internal_weight=33061.6 30429.5 1472.27 28957.2 2632.11 28942.4 4239.6 1327.6 2912 1076.89 51.9649 151.622 24702.8 23598.8 8559.16 3887.98 15039.7 4958.37 4761.78 196.587 817.787 473.341 344.446 18.8165 325.629 1016.67 1296.27 3070.19 683.91 10081.3
internal_count=242244 211173 16654 194519 31071 194184 29634 10140 19494 8528 397 977 164550 157368 53313 25613 104055 37079 35743 1336 5902 3338 2564 146 2418 14597 12819 19711 4410 66976
is_linear=0
shrinkage=0.05


Tree=46
num_leaves=31
num_cat=0
split_feature=18 19 13 2 21 6 22 15 13 6 11 12 5 5 15 3 4 11 16 20 17 4 12 22 9 22 22 3 12 11
split_gain=37.6034 25.2414 17.759 15.6725 12.9105 13.0695 14.3815 11.2675 10.7914 12.8478 25.0982 10.7504 10.7734 10.5038 10.2863 9.44365 9.26711 9.07791 8.78073 8.39024 9.79009 8.30947 8.24876 9.3259 8.22022 8.1246 9.20259 9.60555 9.71916 8.77772
threshold=0.62819603173740168 0.083532066395419061 -0.93333333333333279 1.0000000180025095e-35 0.15284793837319438 5.5000000000000009 0.21765299050371614 0.289404013353523 -0.67166666666666663 1.5000000000000002 -0.021666666666666053 -2.5691666666666655 6.8850000000000007 6.7750000000000012 0.10416519235623116 49.565000000000005 35.010000000000012 -0.11266666666666623 0.67664954983704306 12.500000000000002 65.500000000000014 39.735000000000007 1.3783333333333336 0.53755902117244647 5.5000000000000009 0.85931456936496875 0.56771295823571621 33.105000000000011 -1.0100000000000002 -0.098166666666666721
decision_type=2 2 2 2 2 8 2 2 2 10 10 2 8 10 2 2 2 10 2 2 2 2 2 2 2 2 2 2 2 10
left_child=1 11 3 -3 5 -4 18 8 -6 10 -10 -1 -13 -9 15 19 -12 -5 21 -8 -21 -7 24 -24 -11 26 27 28 -19 -28
right_child=-2 2 4 17 7 6 14 13 9 22 16 12 -14 -15 -16 -17 -18 25 -20 20 -22 -23 23 -25 -26 -27 29 -29 -30 -31
leaf_value=-0.032853576494619695 -0.0094688957631629146 0.00082451249485696911 0.0019829644880522855 -0.027278741454416749 0.010499159966947431 -0.022859780691179193 -0.013275687488206275 -0.025893342624618051 -0.0095893179010523161 0.00090387336397629433 0.016944964127290851 -0.00023007438521006863 -0.031457631349533978 -0.0011373465399715794 0.00079949455847490444 0.027815441173845285 0.079013980257788774 -0.012997626457186563 0.01643505824383542 0.058444948436857359 -0.0025594879175539252 0.006258945926811226 0.02552086739258648 -0.013964240386072023 -0.03483505031192282 -0.025351873978503456 0.047836155922870105 -0.0022272111254372576 -0.0042315250124703545 0.0003509631299296967
leaf_weight=71.028297116979957 1021.2771599702537 2983.2655560132116 18287.176260801032 41.507054358720779 187.90583484992385 148.95054303668439 311.28458479046822 91.208756040781736 682.47819478437304 2307.5297738239169 15.42445780709386 99.437619302421808 38.241388207301497 80.809403486549854 2434.8657696079463 19.200243569910526 9.8563378825783712 568.09200923144817 20.564219247549772 6.7669093720614901 233.89182544499636 29.3234181124717 16.438869267702103 165.58396214991808 16.202394291758537 43.088534533977509 9.8390768393874151 1504.2757022883743 713.10254897177219 894.82232000678778
leaf_count=2128 14580 22484 117345 367 1571 1333 2366 770 6688 19490 150 1235 549 636 16014 139 92 5540 148 52 1756 261 102 1616 129 419 81 12035 5192 6976
internal_value=-2.40141e-05 0.000277116 0.000390781 -0.00188397 0.00100409 0.0014668 -0.00147851 -0.00177882 -0.00114743 -0.00182845 -0.00777715 -0.0170545 -0.00890377 -0.0142637 -0.000617078 -0.00665613 0.0411441 -0.00402456 -0.0145016 -0.00785528 -0.000844148 -0.0180702 -0.000148225 -0.0103983 0.000654681 -0.00376601 -0.00351396 -0.00493694 -0.00811849 0.000867411
internal_weight=33053.4 32032.2 31823.5 6757.99 25065.5 21492 3204.85 3573.44 3401.42 3213.51 707.759 208.707 137.679 172.018 3006.01 571.144 25.2808 3774.73 198.838 551.943 240.659 178.274 2505.75 182.023 2323.73 3733.22 3690.13 2785.47 1281.19 904.661
internal_count=242244 227664 223752 53094 170658 139414 22069 31244 29838 28267 6930 3912 1784 1406 20327 4313 242 30610 1742 4174 1808 1594 21337 1718 19619 30243 29824 22767 10732 7057
is_linear=0
shrinkage=0.05


Tree=47
num_leaves=31
num_cat=0
split_feature=22 19 1 9 19 8 13 5 2 6 16 12 11 22 5 1 21 22 15 10 4 22 18 8 11 17 5 10 13 11
split_gain=34.7723 24.8596 23.0897 13.3932 12.8093 12.6782 14.1843 17.2733 12.2099 11.6157 12.048 11.6099 11.4011 14.2389 12.5413 11.0696 10.7391 11.7535 11.3464 10.4538 10.3637 10.8884 9.82028 9.71358 9.68467 9.63158 12.8951 9.94844 15.2452 9.55352
threshold=0.79947321436259844 0.17188035953667724 1.3150000000000002 4.5000000000000009 0.43547728736315455 2.5000000000000004 -4.2991666666666655 6.745000000000001 3.8450000000000002 1.5000000000000002 0.37037949734683379 -2.7058333333333326 -0.0050000000000003366 0.23284214985915375 6.8150000000000004 1.5550000000000004 0.12137337790480904 0.44684133204836457 0.31040688640909336 5.5000000000000009 34.770000000000003 0.24529630974026073 0.63801809931974762 5.5000000000000009 0.018333333333333982 22.500000000000004 6.8450000000000006 2.5000000000000004 -3.6974999999999993 -0.041666666666666512
decision_type=2 2 2 2 2 2 2 10 2 8 2 2 8 2 10 2 2 2 2 2 2 2 2 2 8 2 10 2 2 10
left_child=1 2 -1 16 12 29 7 -7 -8 -4 -11 25 14 -14 15 -5 17 24 -18 20 -13 -22 -10 -23 -3 -6 -27 -28 -29 -2
right_child=5 3 9 4 11 6 8 -9 22 10 -12 19 13 -15 -16 -17 18 -19 -20 -21 21 23 -24 -25 -26 26 27 28 -30 -31
leaf_value=-0.041847570527502168 -0.017955048680224447 0.0022470595399150975 0.0053737942248089279 0.026832028806886316 -0.0045702317305390478 -0.020478398460610454 -0.011269982741765581 0.046740336145568551 0.00122347802521682 -0.01386206519023715 -0.0030800016915762262 -0.00063244020599840351 -0.015566411774907425 -0.0037456103338245582 0.0066764101419993661 -0.0037134013343552161 0.00034990041158366813 0.0038310727889160007 -0.008483642257868039 -0.0052585653623779876 0.055609853318636937 0.0062689100220711088 -0.010498400971649943 -0.0035058243958655064 -0.0016068154352606796 0.0093116627373896216 0.094238126907535899 0.085632315173402057 -0.008763157369835085 -0.0070010110644177772
leaf_weight=43.709441060200334 271.14039946720004 4596.4066316522658 227.62192052975297 30.543477613478899 30.612147904932499 14.050935994833706 386.05510322004557 29.884389698505402 939.88411989808083 408.18118927814066 709.33290183544159 2289.8629243001342 290.82628171890974 2053.9829362146556 516.43319414183497 1026.167753379792 6575.0959701612592 6413.0666331797838 384.79497000202537 666.91301272436976 10.403972186148165 1255.6244103722274 220.61810195818543 318.66475506126881 2526.0430673062801 34.527299165725708 10.240390926599504 7.5475705191493061 9.871719151735304 748.60203101858497
leaf_count=1338 4215 29239 2202 279 225 151 3677 287 9494 5835 6096 15645 2768 16139 3878 7709 44309 39544 2906 4651 80 8319 2898 2416 17147 250 68 55 75 10349
internal_value=-2.33379e-05 0.000451631 -0.00608341 0.000764089 -0.00089797 -0.00556168 -0.00277145 0.0252431 -0.00356731 -0.00492128 -0.00701824 0.000881264 -0.0030025 -0.00521174 0.000290431 -0.00283051 0.00145762 0.00227833 -0.000138484 0.000523524 0.00151877 0.00462725 -0.00100492 0.00429033 0.000880247 0.0183886 0.0296903 0.0551288 0.0321373 -0.00991359
internal_weight=33046.7 30436.5 1388.85 29047.6 8552.22 2610.24 1590.49 43.9353 1546.56 1345.14 1117.51 4634.27 3917.95 2344.81 1573.14 1056.71 20495.4 13535.5 6959.89 4541.47 3874.56 1584.69 1160.5 1574.29 7122.45 92.7991 62.187 27.6597 17.4193 1019.74
internal_count=242244 211173 15471 195702 62557 31071 16507 438 16069 14133 11931 31784 30773 18907 11866 7988 133145 85930 47215 31111 26460 10815 12392 10735 46386 673 448 198 130 14564
is_linear=0
shrinkage=0.05


Tree=48
num_leaves=31
num_cat=0
split_feature=18 19 1 9 13 1 14 20 4 19 12 11 16 7 20 19 1 11 5 15 13 17 16 8 13 11 5 2 21 14
split_gain=31.9276 23.0591 21.9248 16.1957 13.9813 11.8209 11.4243 11.6081 10.8425 10.6275 11.4704 9.91928 11.3815 11.9284 11.9087 10.2621 9.91182 9.73611 9.69628 8.97253 11.9584 8.82171 11.8941 8.67903 10.9423 9.01262 10.1481 8.78452 8.43236 8.42612
threshold=0.34251042856245978 0.17188035953667724 1.3150000000000002 1.5000000000000002 -0.60916666666666675 6.9150000000000009 4.7258333333333349 13.500000000000002 36.455000000000005 0.44434412848021471 -2.7058333333333326 -0.0050000000000003366 0.46875275204614636 -1.0000000180025095e-35 12.500000000000002 0.28911475324761104 2.4850000000000008 0.0016666666666664833 6.9650000000000007 0.072877880971863707 -4.2991666666666655 15.500000000000002 0.58525087348664673 3.5000000000000004 0.059999999999999838 -0.061666666666666974 6.705000000000001 7.1250000000000009 0.056190971078766611 -0.26666666666666389
decision_type=2 2 2 2 2 2 2 2 2 2 2 8 2 8 2 2 2 10 10 2 2 2 2 2 2 8 10 2 2 2
left_child=1 2 -1 -2 9 17 23 8 21 11 19 -3 13 14 15 -13 -16 -5 -7 20 -11 -8 -23 24 -4 26 -26 -25 -22 -20
right_child=3 4 6 5 -6 18 7 -9 -10 10 -12 12 -14 -15 16 -17 -18 -19 29 -21 28 22 -24 27 25 -27 -28 -29 -30 -31
leaf_value=-0.041357741401814196 -0.011582567996271522 0.00017853667144547127 0.013912393356236825 -0.0044456936320470706 0.0014675786035102747 -0.018839495589296946 -0.020823972472919675 -0.0078844716355278965 -0.0060295900483023981 0.073181100841005695 0.00038287677158555617 -0.019271847149113577 0.00021066827371924444 -0.011738953575476767 0.031621156082669875 -0.0028142296785732034 0.0018725056861609035 0.0020557072996732458 0.084678629529761074 -0.0042112072599824234 0.053981584679374389 0.029205258589884233 -0.023910530166577435 -0.011201441394806317 -0.010315053666564449 -0.0091317663670371137 0.060857380864620884 0.037357159813434675 0.0065714847898658947 -0.0066486251516059179
leaf_weight=42.057792047038674 676.14914920181036 1507.5140767358243 92.631918111816049 1553.178927320987 20879.92006232217 157.44593745842576 12.190742600709198 131.33584101498127 60.349908739328384 12.271272897720335 3655.427784204483 137.84406990930438 695.74536453559995 794.34900318644941 31.586406286805868 302.76606603339314 246.60698370635509 915.15284373611212 4.2926176078617573 30.328121915459633 12.418556362390516 105.02910599112511 11.715180836617945 672.54262261837721 9.8527547046542185 224.60590606927872 10.186466135084627 9.4445713609456998 38.315989069640636 6.1355176120996457
leaf_count=1338 9501 11448 687 17505 133194 2392 150 1519 577 84 24835 1328 5257 6693 299 2394 1991 9136 57 221 79 1010 78 8314 69 1580 67 82 281 78
internal_value=-2.27268e-05 0.000496109 -0.00581069 -0.00467906 0.000803591 -0.00290841 -0.0046949 0.00353697 0.0114618 -0.00105357 0.00082482 -0.0029483 -0.00508228 -0.00751598 -0.00284917 -0.00796297 0.0052502 -0.00203525 -0.0157469 0.0181335 0.0288893 0.0196489 0.0238751 -0.00728432 -0.000723521 -0.00626523 0.0258638 -0.010529 0.0181763 0.0309452
internal_weight=33039.4 29727 1381.94 3312.35 28345.1 2636.21 1339.89 320.621 189.285 7465.17 3748.76 3716.41 2208.9 1513.15 718.804 440.61 278.193 2468.33 167.874 93.3339 63.0058 128.935 116.744 1019.26 337.277 244.645 20.0392 681.987 50.7345 10.4281
internal_count=242244 203575 15471 38669 188104 29168 14133 3334 1815 54910 25500 29410 17962 12705 6012 3722 2290 26641 2527 665 444 1238 1088 10799 2403 1716 136 8396 360 135
is_linear=0
shrinkage=0.05


Tree=49
num_leaves=31
num_cat=0
split_feature=18 19 7 13 2 21 6 22 15 5 12 5 13 6 11 16 13 15 4 13 14 16 11 11 5 17 8 13 19 13
split_gain=29.3073 20.4218 15.1432 13.6116 13.6969 10.1564 10.1532 10.9931 10.0845 9.76201 9.76123 10.1347 9.7041 11.1324 22.7626 9.29902 11.8033 9.35998 9.08812 8.62017 8.53605 8.50614 7.88194 7.86693 7.74784 12.5845 12.3438 12.3943 11.1382 10.9825
threshold=0.62819603173740168 0.083532066395419061 inf -0.93333333333333279 1.0000000180025095e-35 0.15284793837319438 5.5000000000000009 0.21765299050371614 0.289404013353523 6.7750000000000012 -2.5691666666666655 6.8850000000000007 -0.67166666666666663 1.5000000000000002 -0.016666666666667048 0.44647970792544772 2.3225000000000011 0.10416519235623116 34.07500000000001 -0.78166666666666684 6.3708333333333345 0.6389681892702912 0.027333333333333435 -0.054999999999999265 6.7750000000000012 57.500000000000007 3.5000000000000004 -0.69166666666666654 0.80345243259309251 -0.83083333333333342
decision_type=2 2 8 2 2 2 10 2 2 10 2 8 2 10 10 2 2 2 2 2 2 2 10 10 10 2 2 2 2 2
left_child=1 10 3 4 -3 6 -5 21 12 -10 -1 23 24 14 -14 16 19 -18 -16 -9 -21 -8 -2 -12 25 -7 28 29 -26 -28
right_child=22 2 -4 5 -6 8 7 15 9 -11 11 -13 13 -15 18 -17 17 -19 -20 20 -22 -23 -24 -25 26 -27 27 -29 -30 -31
leaf_value=-0.031355440376990749 -0.010261649642609661 0.00090013218295182317 -0.049339431561114512 0.0017633119219962916 -0.0036411995106889537 0.018905756399113925 -0.018294588678173542 -0.029080349978416214 -0.024864359090732036 -0.00084274753261409099 0.038161837743189368 -0.030318604102255932 -0.0084300259899137767 -6.7097532405349772e-05 0.022920117649137345 0.00098521553621110222 -0.015014154905394445 0.05359068724204441 0.10812159705300561 -0.007674582849991095 0.0090623165547612395 0.0076412584584685458 0.0024148442258472374 -0.0048530073546865001 0.07300022574400121 -0.020954402670559199 0.027908026033553818 0.075344039247460692 -0.0064682436280157282 -0.010019275929471043
leaf_weight=66.242057489231229 857.47016352787614 2978.6863945387304 15.330975223332642 18334.354484371841 3751.3492487017065 37.997140474617481 151.90628764405847 40.709316983819008 89.163174379616976 80.458173118531704 12.124801665544508 36.76730346865952 687.66307913884521 2501.9436587318778 7.4419870451092702 2298.8943163044751 7.5271526575088528 14.644319564104078 5.4014896005392075 547.98746075481176 88.481799334287643 39.921583220362663 143.08614203706384 86.183890961110592 16.443860083818439 41.350279435515404 31.1599942445755 6.7232557609677306 6.0247356370091429 49.263329483568668
leaf_count=2128 12761 22441 360 117357 30568 319 1360 342 770 636 140 549 6810 21337 72 14829 51 94 48 4184 647 275 1819 1095 120 354 255 56 63 404
internal_value=-2.211e-05 0.000241107 0.000341509 0.000365448 -0.00163122 0.000901125 0.00131034 -0.00129304 -0.00157235 -0.01347 -0.0156336 -0.00792354 -0.000977287 -0.00162697 -0.00719826 -0.000550614 -0.00559917 0.0302995 0.0587527 -0.00677453 -0.00534782 -0.012897 -0.00844883 0.000452184 0.0100333 -0.00186655 0.0186473 0.0101276 0.0516915 0.00467565
internal_weight=33032.7 32032.1 31830.8 31815.5 6730.04 25085.5 21524.4 3190.07 3561.03 169.621 201.318 135.076 3391.41 3202.45 700.507 2998.24 699.35 22.1715 12.8435 677.179 636.469 191.828 1000.56 98.3087 188.963 79.3474 109.615 87.1466 22.4686 80.4233
internal_count=242244 227664 223752 223392 53009 170383 139139 21782 31244 1406 3912 1784 29838 28267 6930 20147 5318 145 120 5173 4831 1635 14580 1235 1571 673 898 715 183 659
is_linear=0
shrinkage=0.05


Tree=50
num_leaves=31
num_cat=0
split_feature=22 12 22 7 2 22 12 11 11 11 6 15 20 14 3 22 3 2 7 1 2 22 20 14 13 5 16 1 5 7
split_gain=27.2751 20.3424 18.6618 13.0931 11.0624 8.9927 13.2448 12.0155 24.2174 8.71445 8.5477 8.34913 8.34712 8.08284 9.66581 11.0171 10.1715 8.64826 9.336 7.46744 7.45562 10.9917 7.60629 7.41014 7.43555 8.27984 15.7895 9.40002 7.26967 7.53743
threshold=0.79947321436259844 -1.5766666666666667 0.23068340416500532 inf 6.1850000000000014 0.23284214985915375 0.20916666666666653 -0.039999999999999584 -0.041666666666666512 0.089166666666666408 1.5000000000000002 0.084012287897530666 10.500000000000002 6.7516666666666678 38.655000000000008 0.46888892097740259 36.055000000000007 4.9850000000000012 -1.0000000180025095e-35 4.8350000000000009 8.1650000000000009 0.57512656121535755 12.500000000000002 24.48 -4.6191666666666658 6.745000000000001 0.52208080579986305 6.1950000000000012 6.995000000000001 -1.0000000180025095e-35
decision_type=2 2 2 8 2 2 2 8 10 10 10 2 2 2 2 2 2 2 8 2 2 2 2 2 2 10 2 2 10 10
left_child=1 2 -1 5 23 6 7 8 11 13 19 12 -3 17 15 16 -15 -4 -19 -6 -7 22 -22 24 25 27 -27 -2 -12 -30
right_child=4 3 9 -5 10 20 -8 -9 -10 -11 28 -13 -14 14 -16 -17 -18 18 -20 -21 21 -23 -24 -25 -26 26 -28 -29 29 -31
leaf_value=-0.021225922240539728 -0.056049152679512375 0.002920517802046968 -0.0055025354613059217 -0.04869629709820613 0.049957292172719957 0.0010787234401928986 0.0012406706565757457 -0.007893189714584881 0.072941626298615794 -0.025233999351496273 -0.0084428293138069481 -0.0031566180878423063 0.060460762133882379 0.016053756796462506 0.001750909563778377 -0.0070851682509676418 0.087100153839027541 0.040212063089443563 -0.006238193122085769 -0.020925955721737655 0.0052501098600657341 -0.028548832353726662 -0.013176133285619132 -0.032383727896714787 -0.0031539417017642079 0.083527381872765288 0.0017607386749002793 0.040460928146532155 -0.025873805634575638 0.035203854535305099
leaf_weight=164.81279710866511 6.2259526774287206 14.7938868701458 962.68175281584263 13.416716802865265 3.7911358401179305 25993.30122795701 1444.4893801659346 1063.8346845433116 12.445998817682264 43.943944049999118 434.26222339645028 165.60244569927454 10.981253258883951 9.5004885140806454 200.79093427024782 11.788746751844881 10.724819933995603 21.973680634051561 21.306371681392193 186.39569712802768 132.51415272057056 49.347103051841259 97.00565105676651 21.301808692514896 1875.072602327913 10.218606114387514 13.98369938880205 4.2421448528766632 6.8938310928642776 18.89865630865097
leaf_count=3835 66 130 9710 335 43 171613 9085 10071 96 518 6507 1316 97 100 1888 101 116 197 189 3236 816 366 594 235 20327 85 171 65 88 248
internal_value=-2.15017e-05 0.000396887 -0.00538781 0.00068565 -0.00495623 0.000708509 -0.00203259 -0.00576245 0.0053587 -0.00335281 -0.010597 0.000963525 0.027435 -0.0025766 0.00581901 0.0313339 0.0537273 -0.00451955 0.017345 -0.019513 0.00099148 -0.00714049 -0.00253767 -0.00305682 -0.0027297 0.0202143 0.0362839 -0.0169389 -0.00691106 0.018879
internal_weight=33026.5 30445.3 1447.52 28997.7 2581.29 28984.3 2712.15 1267.66 203.824 1282.71 650.242 191.378 25.7751 1238.77 232.805 32.0141 20.2253 1005.96 43.2801 190.187 26272.2 278.867 229.52 1931.04 1909.74 34.6704 24.2023 10.4681 460.055 25.7925
internal_count=242244 211173 16654 194519 31071 194184 20795 11710 1639 12819 10122 1543 227 12301 2205 317 216 10096 386 3279 173389 1776 1410 20949 20714 387 256 131 6843 336
is_linear=0
shrinkage=0.05


Tree=51
num_leaves=31
num_cat=0
split_feature=18 19 7 9 21 2 18 22 11 20 16 13 11 15 12 5 14 4 19 4 16 13 12 3 11 20 22 9 2 17
split_gain=25.0464 17.8357 13.5947 12.0827 11.9927 11.0749 10.694 10.086 14.8942 14.6367 10.7275 11.4063 11.9148 9.30039 9.13004 9.41969 8.9144 8.85144 9.00597 8.80954 14.4214 10.7362 9.16578 8.74444 8.39788 8.35904 8.10104 13.6826 8.81448 16.0307
threshold=0.62819603173740168 0.083532066395419061 inf 4.5000000000000009 0.15581071341357858 6.6250000000000009 0.079916491924904062 0.23284214985915375 0.0099999999999993445 41.500000000000007 0.62239614251654651 0.34416666666666679 -0.10499999999999908 0.14780784507806488 -2.5691666666666655 6.8850000000000007 2.5700000000000025 20.760000000000002 0.4591288122719242 39.345000000000006 0.61073800195716765 3.366666666666668 1.0516666666666674 56.030000000000008 0.061666666666666987 6.5000000000000009 0.35377676805354158 2.5000000000000004 7.3250000000000011 17.500000000000004
decision_type=2 2 8 2 2 2 2 2 8 2 2 2 10 2 2 8 2 2 2 2 2 2 2 2 8 2 2 2 2 2
left_child=1 14 3 4 26 19 25 8 9 -5 24 12 -12 -14 -1 -16 -13 -10 -19 21 -21 -6 -23 -15 -9 -7 27 -3 -28 -30
right_child=-2 2 -4 7 5 6 -8 10 17 -11 11 16 13 23 15 -17 -18 18 -20 20 -22 22 -24 -25 -26 -27 28 -29 29 -31
leaf_value=-0.030389717239463394 -0.0078584357003906435 0.0021435547294009045 -0.048819515397552443 -0.0016797730104425727 0.00046050380608886484 -0.014460024661443633 -0.011303600241239293 -0.00078401749804069714 -0.041276661091655363 0.080335355934182021 -0.040836964393792655 0.014109094112955831 0.025333074297160529 0.0023334061133204612 0.00065071141218632576 -0.02937614177780272 0.078683988092031712 -0.013455208698547792 0.048594822056425513 -0.0030960111918558169 -0.027067618742181707 0.098999461196572089 0.010062858734816762 0.043377929479055284 -0.0064442864953725768 0.042167166192000421 0.0022795731740778698 -0.0038476772344150814 0.015667486530810775 -0.0039786343022536743
leaf_weight=63.468371750786901 988.83476622402668 2054.3568192627281 14.072328722104428 432.20170415192842 2001.9837754815817 10.474667452275755 414.83640532568097 7001.3574247919023 28.721523461863399 5.5092954859137526 15.035148516297339 13.653546810150148 48.625094961374998 927.25639845058322 97.944611188024282 35.617073098197579 8.7820830494165403 290.59361732564867 5.9678085744380942 407.67992473766208 74.153345156461 5.0763740539550763 6.7479207813739777 13.160793811082838 722.95824266597629 17.24825843423605 14312.353920176625 1777.5077129676938 114.55080873519182 1109.8207198828459
leaf_count=2128 14580 13326 360 4155 17799 67 4203 52652 312 73 107 86 344 6067 1235 549 53 3190 44 3550 688 46 79 84 5898 110 89284 13674 694 6807
internal_value=-2.09193e-05 0.000221029 0.000313849 0.000335577 0.00097187 -0.00200471 -0.00929434 -0.00115632 -0.00666969 -0.000647481 -0.000675605 0.00412663 0.00333877 0.00401032 -0.0147761 -0.00735659 0.0393859 -0.0147734 -0.0122066 -0.000712023 -0.0067852 0.000741075 0.0482449 0.00290781 -0.00131379 0.0207715 0.00142342 -0.00063563 0.00193124 -0.00214057
internal_weight=33020.6 32031.7 31834.7 31820.6 22306.8 2938.2 442.559 9513.82 762.994 437.711 8750.83 1026.51 1004.08 989.042 197.03 133.562 22.4356 325.283 296.561 2495.64 481.833 2013.81 11.8243 940.417 7724.32 27.7229 19368.6 3831.86 15536.7 1224.37
internal_count=242244 227664 223752 223392 150327 26542 4380 73065 7774 4228 65291 6741 6602 6495 3912 1784 139 3546 3234 22162 4238 17924 125 6151 58550 177 123785 27000 96785 7501
is_linear=0
shrinkage=0.05


Tree=52
num_leaves=31
num_cat=0
split_feature=19 19 7 22 16 10 20 2 9 19 11 11 2 17 2 4 18 4 1 18 13 13 14 13 13 5 5 11 12 5
split_gain=23.5305 16.1775 12.8143 12.5713 12.3513 12.8353 11.4108 11.4978 11.1968 9.93526 9.71877 9.5899 9.47919 11.6144 10.847 11.4657 10.1766 11.0307 10.3788 10.2877 9.37061 9.14122 9.65109 9.12606 9.41128 9.11048 9.59796 8.86003 8.67289 8.7717
threshold=0.9153519141481693 0.083532066395419061 inf 0.84613323428584841 0.41152280887790382 1.5000000000000002 8.5000000000000018 3.8450000000000002 4.5000000000000009 0.43547728736315455 0.083333333333333495 -0.0091666666666667656 6.1550000000000011 178.50000000000003 2.3350000000000004 34.890000000000008 0.016000613561446095 24.495000000000001 1.8450000000000004 0.054007971891386966 0.32916666666666666 -1.6033333333333326 -0.26666666666666389 1.186666666666667 -0.24333333333333382 6.8050000000000006 6.8250000000000011 -0.046666666666666405 -2.5691666666666655 6.8850000000000007
decision_type=2 2 8 2 2 2 2 2 2 2 10 8 2 2 2 2 2 2 2 2 2 2 2 2 2 10 10 10 2 8
left_child=1 28 3 8 5 -5 7 -7 -3 11 -6 -10 13 14 16 -16 -11 18 -18 -20 25 -17 -23 24 -8 -14 -27 -24 -1 -30
right_child=-2 2 -4 4 10 6 23 -9 9 12 -12 -13 20 -15 15 21 17 -19 19 -21 -22 22 27 -25 -26 26 -28 -29 29 -31
leaf_value=-0.029725967648606577 -0.010839045940846734 0.0010312097011722266 -0.048545726476650349 -0.019857161749098129 -0.0091427637745168031 -0.020012460784631553 0.037577666562925299 0.01939811642741901 0.00026466604134371376 0.043570764560384369 0.055946586959862203 -0.004581258246072503 -0.0019348590154402911 -0.022850322030717102 -0.0039934952756613623 -0.0082898530670299595 0.052057103127327656 0.0015076867765410021 0.037718061974440081 0.0059871734395226077 0.046733968042773751 -0.00095787466469471588 -0.0050431574952310119 0.082350070914990026 -0.0019640464692485984 0.05660693102941005 0.012333476207051218 0.011550674147746747 0.0006178500471779049 -0.028618404113501247
leaf_weight=61.687004473060369 495.06215206906199 22071.848852660507 13.459616428241132 37.873292192816734 699.85906711965799 37.891470119357109 36.932459436357021 36.175386022776365 1627.8345649912953 15.740732736885546 5.7823584340512744 2738.4093123693019 114.60341550782323 54.899396892637014 1826.303782414645 176.55873531103134 16.104259334504604 1397.0423529706895 29.696176312863827 182.70594763755798 16.502085465937853 509.53277724981308 97.874307971447706 6.8293566331267348 25.395072788000107 14.36298483237624 82.874944448471069 451.63999876752496 97.994921268895268 34.75432220287621
leaf_count=2128 7383 148435 360 362 8679 356 338 358 12923 109 59 23491 783 369 13030 1309 107 9873 198 1285 112 3634 709 66 235 97 542 3130 1235 549
internal_value=-2.03452e-05 0.000144355 0.000230848 0.000251166 -0.00561993 0.00602844 0.0128735 -0.000763732 0.000416837 -0.00103305 -0.00860939 -0.00277459 0.00049188 1.43094e-05 0.000281203 -0.00147682 0.00356089 0.00317346 0.0133577 0.0104235 0.0104432 0.00224298 0.00399896 0.0274789 0.0214666 0.00761626 0.0188731 0.00859514 -0.0142349 -0.00703633
internal_weight=33014.2 32519.2 32324.7 32311.3 886.738 181.097 143.224 74.0669 31424.5 9352.69 705.641 4366.24 4986.44 4758.1 4703.2 3061.91 1641.29 1625.55 228.506 212.402 228.343 1235.61 1059.05 69.1569 62.3275 211.841 97.2379 549.514 194.436 132.749
internal_count=242244 234861 230949 230589 10453 1715 1353 714 220136 71701 8738 36414 35287 33753 33384 21812 11572 11463 1590 1483 1534 8782 7473 639 573 1422 639 3839 3912 1784
is_linear=0
shrinkage=0.05


Tree=53
num_leaves=31
num_cat=0
split_feature=22 12 22 12 13 21 17 4 13 5 7 11 2 21 2 19 18 11 19 1 4 20 15 8 2 11 14 3 11 14
split_gain=21.4926 16.7845 15.9847 11.1411 12.0612 12.0228 12.6448 19.982 11.5825 11.3054 11.0349 9.87596 9.24148 16.2922 12.0698 13.7933 12.9476 9.23638 9.64934 9.54176 11.9862 17.9775 9.32298 8.71292 8.66205 8.8559 8.23435 8.1758 13.6251 10.4511
threshold=0.79712208876047952 -1.5766666666666667 0.23068340416500532 0.040000000000000265 1.2049999999999996 0.52754334016902782 127.50000000000001 34.195000000000007 -4.2991666666666655 6.745000000000001 inf -0.024999999999999908 4.9850000000000012 0.52754334016902782 3.7550000000000003 0.92846123165744465 0.33338211462875172 0.033333333333332778 0.8246043874797383 5.0650000000000004 36.925000000000004 12.500000000000002 0.087837923679291288 4.5000000000000009 5.0950000000000006 -0.0066666666666672638 6.3708333333333345 46.725000000000001 -0.07499999999999972 14.165000000000003
decision_type=2 2 2 2 2 2 2 2 2 10 8 10 2 2 2 2 2 10 2 2 2 2 2 2 2 10 2 2 10 2
left_child=1 2 -1 4 8 -6 17 -8 9 -2 27 12 13 -5 -15 16 -16 19 -19 20 21 22 -7 -11 -24 -26 -10 -3 29 -29
right_child=3 10 -4 11 5 6 7 -9 26 23 -12 -13 -14 14 15 -17 -18 18 -20 -21 -22 -23 24 -25 25 -27 -28 28 -30 -31
leaf_value=-0.019900239775081378 -0.016258257511230952 0.00041216548970957268 -0.0030641361296886811 0.060153134059119033 0.084162552613110508 -0.035420493711858146 0.14123855420525019 -0.0090393907462389608 -0.0010845038124687337 0.083785662135502106 -0.047839506388768271 -0.0038447797577228042 -0.015813627713828961 -0.021346427224798278 0.073503725719608948 0.080162443234411948 -0.004450979759521397 0.011567098283856027 0.10132166114919916 -0.024897527218508395 -0.033619386911082398 0.085185994275832524 -0.023095867981360887 0.022468714576601531 0.087154590687673339 0.0011026044190015761 -0.013036645698486346 0.0048239315155367644 0.0049497440337297098 -0.022692694207117569
leaf_weight=158.54583252593875 11.347934436053036 26986.309580098838 1272.5269439574331 9.9233344756066781 6.0529821738600722 9.2519733533263224 4.566603582352398 4.2900786027312279 798.6946867518127 8.8618892207741755 11.74388221092522 917.90749160572886 443.87765660509467 69.832841314375401 5.7416063249111167 5.9419151060283175 73.684278685599566 8.0480949282646161 4.7688925489783278 26.75775995478034 10.930215351283548 9.5196995139121992 5.9771528169512775 16.73252846300602 6.9923714622855133 5.2232783287763631 175.82839980721474 59.429933749139309 1797.7695483565331 82.285280786454678
leaf_count=3835 124 180626 12783 112 64 86 52 50 7949 83 335 11768 7017 883 53 81 867 78 52 350 109 94 59 142 76 53 1828 406 11662 567
internal_value=-1.97839e-05 0.000356441 -0.00492938 -0.00434636 -0.000543904 0.01581 0.0115149 0.0684456 -0.00219922 0.0252816 0.000617845 -0.00712017 -0.0120569 -0.00195842 -0.00592975 0.00668145 0.00118428 0.00575036 0.0449626 -0.000981946 0.0123792 0.0259807 0.00544437 0.0436993 0.0262262 0.0503597 -0.00324097 0.000637519 0.00377312 -0.0111533
internal_weight=33009.4 30368.6 1431.07 2640.75 1113.84 102.379 96.3261 8.85668 1011.47 36.9424 28937.5 1526.91 609.002 165.124 155.201 85.3678 79.4259 87.4694 12.817 74.6525 47.8947 36.9645 27.4448 25.5944 18.1928 12.2156 974.523 28925.8 1939.48 141.715
internal_count=242244 210214 16618 32030 11249 1123 1059 102 10126 349 193596 20781 9013 1996 1884 1001 920 957 130 827 477 368 274 225 188 129 9777 193261 12635 973
is_linear=0
shrinkage=0.05


Tree=54
num_leaves=31
num_cat=0
split_feature=19 19 1 22 3 5 17 12 16 7 8 14 18 21 13 22 21 4 15 11 11 4 18 5 18 14 6 11 3 17
split_gain=20.5633 14.3933 18.2326 10.9941 11.2126 10.7793 10.659 9.84856 8.87042 8.33405 8.11658 9.14559 10.2973 9.15921 8.53407 8.83806 14.1613 10.1985 10.3489 8.89448 13.8329 10.8788 8.69884 9.76143 10.1906 9.23958 8.47148 8.33318 11.3059 10.4051
threshold=0.9153519141481693 0.15581751103373934 1.3150000000000002 0.79947321436259844 36.785000000000004 6.5550000000000006 9.5000000000000018 0.31166666666666704 0.68561852140509594 1.7500000000000002 4.5000000000000009 2.1916666666666651 0.0032418154622099469 0.0177878390822085 -3.4108333333333327 0.55907699303780201 0.12230676048786053 33.605000000000011 0.059677536148401621 0.015499999999999849 0.058333333333333133 32.795000000000009 0.12007706301063413 6.9450000000000012 0.072518479989872486 -1.8516666666666646 5.5000000000000009 0.016666666666667055 18.215000000000003 65.500000000000014
decision_type=2 2 2 2 2 8 2 2 2 8 2 2 2 2 2 2 2 2 2 10 10 2 2 10 2 2 10 10 2 2
left_child=1 2 -1 9 5 -5 -4 -7 -8 10 -3 12 13 -12 27 -16 17 18 -17 21 -21 -20 23 -19 -25 26 -24 28 -14 -30
right_child=-2 3 6 4 -6 7 8 -9 -10 -11 11 -13 14 -15 15 16 -18 22 19 20 -22 -23 25 24 -26 -27 -28 -29 29 -31
leaf_value=-0.040576014755850973 -0.010201657544748046 0.001167752614693025 -0.040729379300533969 0.057474081879506048 -0.0083389988970311614 0.0025373624660655529 -0.0039973107907844072 -0.0058193374144672886 0.052044822188444445 -0.011984491236393627 -0.002383509336551569 0.0015014000817444614 0.033019426957865437 0.069910481252866419 -0.0041181780352931409 -0.010248769429307429 -0.0025616962979360517 -0.013243595256349392 0.0054723474117654783 0.046176380202772711 -0.0072495609484987643 0.055395511232875054 0.040969760098435171 0.062653915181177008 -0.012861149317143966 -0.010043039309833406 -0.01875796280296109 -0.0038374581454054257 0.013210600740715714 -0.0070254568800966815
leaf_weight=35.804006494581699 488.499033883214 20836.450562588871 19.711344795301557 7.9400158971548072 695.78701244294643 846.53398618474603 1040.7030538059771 604.21372711285949 7.109048753976821 131.29102312959731 8.2030066214501876 3038.5325859431177 42.917042337357998 9.4036989733576757 3357.0638394039124 30.774598963558674 975.44685541465878 105.39122019708157 88.273506008088589 56.307383343577385 15.437408514320849 12.451584875583647 32.390382558107376 9.378804527223112 8.5315611660480482 22.583776481449604 7.2690513953566542 202.69111120328307 164.07507343031466 103.65528696775436
leaf_count=1316 7383 131010 300 90 8250 8551 11611 8127 38 1193 79 22926 349 88 26907 245 7314 764 612 402 121 85 223 69 64 155 53 1746 1348 825
internal_value=-1.93446e-05 0.000133626 -0.00547946 0.000330776 -0.0031163 -0.000625093 -0.00430235 -0.000943072 -0.00361708 0.000584604 0.00064126 -0.000681927 -0.00194503 0.0362285 -0.00207342 -0.00273912 0.000654417 0.00872344 0.0164609 0.0212268 0.0346807 0.0116438 0.00024791 -0.00744407 0.0266825 0.0154854 0.0300225 0.00404914 0.00919499 0.00537595
internal_weight=33004.8 32516.3 1103.33 31413 2154.47 1458.69 1067.52 1450.75 1047.81 29258.5 29127.2 8290.78 5252.25 17.6067 5234.64 4721.3 1364.24 388.789 203.244 172.47 71.7448 100.725 185.545 123.302 17.9104 62.2432 39.6594 513.339 310.647 267.73
internal_count=242244 234861 13265 221596 25018 16768 11949 16678 11649 196578 195385 64375 41449 167 41282 37014 10107 2793 1465 1220 523 697 1328 897 133 431 276 4268 2522 2173
is_linear=0
shrinkage=0.05


Tree=55
num_leaves=31
num_cat=0
split_feature=19 19 7 22 16 10 16 22 3 15 18 20 4 12 13 20 2 13 5 12 8 4 2 15 16 15 20 14 4 12
split_gain=18.725 13.4159 11.3665 9.83593 10.8192 11.2061 9.94964 15.767 15.1303 21.5196 14.124 11.8221 14.2968 10.1861 9.90569 9.90058 10.5143 9.66987 14.5611 9.47555 8.80496 9.56102 15.5038 9.77343 9.45038 8.84037 8.40884 11.4666 8.83456 8.23653
threshold=0.9153519141481693 0.083532066395419061 inf 0.84613323428584841 0.41152280887790382 1.5000000000000002 0.5331418041935827 0.23441402336079839 32.645000000000003 0.18333215388498494 0.10479257578009252 30.500000000000004 40.32500000000001 2.4250000000000007 0.40333333333333404 8.5000000000000018 3.8450000000000002 -0.25999999999999951 6.7650000000000006 -0.85166666666666624 4.5000000000000009 8.4500000000000011 5.8450000000000006 0.13488397462799309 0.42342975054536991 0.037915720350456809 2.5000000000000004 -0.92250000000000287 30.225000000000005 1.6466666666666672
decision_type=2 2 8 2 2 2 2 2 2 2 2 2 2 2 2 2 2 2 10 2 2 2 2 2 2 2 2 2 2 2
left_child=1 -1 3 6 5 -5 7 11 14 20 -11 19 17 -8 -9 16 -7 18 -13 -3 21 22 -10 25 -25 -23 27 -16 -29 -21
right_child=-2 2 -4 4 -6 15 13 8 9 10 -12 12 -14 -15 26 -17 -18 -19 -20 29 -22 23 -24 24 -26 -27 -28 28 -30 -31
leaf_value=-0.013143195714512348 -0.0097781584323102695 -0.014705266132133257 -0.047962754786851927 -0.018706831865359257 -0.0078386115815323992 -0.019312951830004477 0.0014285971441799802 -0.0032046467002867967 -0.019222344553393098 0.0013440090071536849 -0.010696626257977952 0.058612716558738565 0.10190216417903186 -0.0096329883755506517 -0.0093811610664387961 0.025544933803969178 0.018403787628324224 0.072276960573515375 -0.034036070412455016 -0.0036333986383632975 0.00065335184877883122 -0.014923422516498617 0.046773792669347364 0.011600018138491673 -0.0004197130085633486 0.0073230495438086924 0.0020562225441158682 0.042433004299479896 0.0010490876798512939 -0.043009339146925063
leaf_weight=189.36433583125472 484.28354905918241 288.32081262953579 12.243369506672023 36.935267474502325 695.27525771036744 37.31534531712532 15172.623424723744 4398.908483453095 80.030949831008911 429.77380099520087 562.10605201870203 6.0868464633822539 5.0234668254852286 211.01370352134109 341.20572686567903 70.595743946731091 36.603127710521221 4.9204773865640155 13.983501333743332 855.4500275477767 3583.7748556826264 45.690832175314426 10.012291733175514 190.87764915078878 1141.4294691346586 1973.4115012735128 2050.0038365833461 19.138542041182518 39.53869566321373 13.490170076489447
leaf_count=3912 7383 4180 360 362 8738 356 99947 33457 523 2763 3943 74 53 1432 2307 639 358 39 199 7068 27976 301 64 1252 7471 12877 13723 130 268 89
internal_value=-1.88204e-05 0.000126536 0.00020427 0.00022252 -0.00500112 0.00587154 0.0003682 -0.000502571 -5.97332e-05 0.0014146 -0.00547951 -0.00604735 0.0249335 0.00127687 -0.00178557 0.0121533 -0.000636286 0.00946189 -0.00593796 -0.00685086 0.00238797 0.00419432 -0.011884 0.0046263 0.00130234 0.00681963 0.000762461 -0.00587002 0.0145471 -0.0042447
internal_weight=32999.4 32515.1 32325.8 32313.5 876.725 181.449 31436.8 16053.2 14865.9 8017.11 991.88 1187.28 30.0143 15383.6 6848.8 144.514 73.9185 24.9908 20.0703 1157.26 7025.23 3441.45 90.0432 3351.41 1332.31 2019.1 2449.89 399.883 58.6772 868.94
internal_count=242244 234861 230949 230589 10453 1715 220136 118757 107055 57170 6706 11702 365 101379 49885 1353 714 312 273 11337 50464 22488 587 21901 8723 13178 16428 2705 398 7157
is_linear=0
shrinkage=0.05


Tree=56
num_leaves=31
num_cat=0
split_feature=19 19 7 13 2 18 12 6 11 21 3 11 21 12 21 18 22 12 13 17 2 21 4 12 21 14 3 14 18 22
split_gain=17.0447 12.2461 10.743 8.95653 11.0745 9.08915 16.0643 9.98455 8.25458 16.6483 11.2215 10.2125 16.8664 9.56008 9.44627 10.1424 9.6859 9.36973 8.97704 10.3306 9.85573 8.78523 8.75381 9.01842 8.74947 11.1698 8.59148 8.13219 12.3029 9.01823
threshold=0.9153519141481693 0.083532066395419061 inf -0.93333333333333279 1.0000000180025095e-35 0.23833062649937375 1.3783333333333336 1.5000000000000002 0.023333333333333876 0.058384607139045287 47.230000000000011 0.1266666666666674 0.015397131318324144 0.42666666666666725 0.11730584257339584 0.029115903840893669 0.48305168943823434 -0.9366666666666662 -0.62999999999999956 63.500000000000007 7.2650000000000006 0.051718478883014452 44.235000000000007 0.91416666666666668 0.060206322619677212 -1.4533333333333311 42.725000000000001 13.690000000000005 0.029115903840893669 0.4915058868531561
decision_type=2 2 8 2 2 2 2 10 10 2 2 10 2 2 2 2 2 2 2 2 2 2 2 2 2 2 2 2 2 2
left_child=1 -1 3 4 -3 8 7 -7 -5 11 13 17 -13 -11 16 -16 24 21 -12 -20 27 -10 -18 -24 25 -15 -17 28 -21 -29
right_child=-2 2 -4 5 -6 6 -8 -9 9 10 18 12 -14 14 15 26 22 -19 19 20 -22 -23 23 -25 -26 -27 -28 29 -30 -31
leaf_value=-0.012629374997574465 -0.0093689083148957904 0.00085022326690049476 -0.047682732798707515 0.0016660488419949144 -0.0032230517675718041 -0.0053374653870034835 -0.010281025628707549 0.001226046917662279 -0.012834190215535652 -0.0011781759501475369 -0.024420881104158576 0.0883746043340502 0.0047899720424671478 -0.0025388987333651702 0.040054245803275379 -0.00012780541212303542 0.011020212148543929 -0.0042737417181037555 0.00064342428379938631 -0.012578978459105159 -0.021012130729781163 -0.049670663745565023 0.010461744596071479 0.070504419065608545 0.0015531731466447134 0.066890027058503401 -0.022088984914682856 0.035944964793427729 0.051709671905993564 -0.00015896028176851359
leaf_weight=187.26969461888075 480.27081399783492 3009.5673020426184 11.712935321032999 15213.036949146539 3745.3411154765636 768.84661606326699 472.7986013405025 2351.805897731334 97.039872197434306 3090.4262824058533 16.153554864227772 7.4061533734202376 32.610107619315386 11.352024435997011 14.949814632534979 690.60047746449709 346.45945812761784 1551.2260124459863 86.426281675696373 8.8821664974093419 11.773492708802221 19.426105424761772 12.048951134085657 13.002948328852652 568.06400841474533 11.829913005232809 47.604376964271069 30.677276477217674 45.890630081295967 39.653381079435349
leaf_count=3912 7383 22882 360 96693 30849 8211 4949 21904 1137 20730 109 57 264 66 89 4206 2018 11093 539 55 71 176 70 76 3281 69 291 187 274 243
internal_value=-1.83508e-05 0.000119769 0.000193625 0.000210979 -0.00140825 0.000638904 -0.00169228 -0.00039103 0.00102026 -0.000434466 0.00100975 -0.00470172 0.0202597 0.000483445 0.00347609 -0.0007183 0.00675732 -0.00530066 0.0115737 0.0141775 0.0227231 -0.0189784 0.0130841 0.0416263 0.00278189 0.0328912 -0.00154401 0.026839 0.0412844 0.0155891
internal_weight=32994.2 32513.9 32326.6 32314.9 6754.91 25560 3593.45 3120.65 21966.5 6753.5 5045.8 1707.71 40.0163 4806.34 1715.91 753.155 962.757 1667.69 239.457 223.303 136.877 116.466 371.511 25.0519 591.246 23.1819 738.205 125.103 54.7728 70.3307
internal_count=242244 234861 230949 230589 53731 176858 35064 30115 141794 45101 32374 12727 321 30896 10166 4586 5580 12406 1478 1369 830 1313 2164 146 3416 135 4497 759 329 430
is_linear=0
shrinkage=0.05


Tree=57
num_leaves=31
num_cat=0
split_feature=18 12 19 5 21 12 5 15 3 17 15 17 4 21 6 20 13 3 14 17 17 16 21 2 14 14 16 19 16 14
split_gain=15.7796 11.6317 14.1249 10.1783 9.82911 13.1196 16.6246 10.2925 13.8853 9.48711 10.5496 8.15006 8.09383 7.75196 13.9983 15.7802 16.6023 17.0031 12.2154 9.41708 18.1313 14.8273 7.08198 9.41688 9.27967 8.31579 10.303 12.0556 9.85243 9.60843
threshold=0.62819603173740168 -1.5766666666666667 0.2361421748319876 6.4650000000000007 0.058384607139045287 -2.4391666666666656 6.7250000000000005 0.024573349265357824 33.775000000000013 12.500000000000002 0.027777520233352324 75.500000000000014 35.615000000000002 0.019178097967543318 2.5000000000000004 27.500000000000004 -2.422499999999999 29.425000000000004 -6.3658333333333337 32.500000000000007 21.500000000000004 0.23347612618014282 0.16668095353895623 6.5050000000000008 -13.013333333333332 -4.4999999999999973 0.61073800195716765 0.86691090093341561 0.63049921738189163 -5.6733333333333329
decision_type=2 2 2 10 2 2 8 2 2 2 2 2 2 2 8 2 2 2 2 2 2 2 2 2 2 2 2 2 2 2
left_child=1 2 9 -3 5 7 12 8 -4 -1 -11 -9 -7 -12 15 19 17 -17 -16 20 -15 -22 -5 -24 -25 26 29 28 -28 -26
right_child=-2 3 4 22 -6 6 -8 11 -10 10 13 -13 -14 14 18 16 -18 -19 -20 -21 21 -23 23 24 25 -27 27 -29 -30 -31
leaf_value=-0.033290792522969292 -0.0063349450424574176 -0.034983307451099122 0.012191830397482678 0.00067087520476635147 -0.0032254802665389994 0.072761111006891935 -0.016251691578571235 0.021095172972981403 0.11711941252796357 -0.023908772547290139 -0.017630390514319229 -0.02738371781183558 -0.0038366040526094554 -0.010460626028748633 -0.039139415367594944 0.13202018590380041 0.1816714936307024 -0.021544725443639057 -0.0012850370319039801 -0.0038394514223625167 0.037218315624642291 0.17907519281205322 -0.00078119815969707998 -0.040250408361274082 -0.021617715318077282 -0.011089831732839783 0.07347571814492658 0.082175204993296502 -0.00193606805835231 0.026818118387009954
leaf_weight=45.899540439248085 959.78903150558472 20.332350039854646 6.3897037208080274 27208.593046493828 875.59807739406824 8.8571558371186239 65.157426707446575 76.824514485895634 6.2242305129766464 92.746424185112119 81.258319158107042 9.7723149918019754 5.647906742990016 7.9605712145566923 26.066333303228021 2.9524149615317583 2.7504744026809913 4.6281801071017981 116.83300500176847 39.563243376091123 4.3152799978852272 3.2140019536018372 2911.5009922683239 22.319474063813686 36.720170766115189 296.13193693757057 5.3003718182444599 7.7172443605959407 23.686164002865553 14.1979988142848
leaf_count=1087 14580 430 54 178660 7740 86 638 585 48 1761 1977 84 56 143 409 53 44 95 1781 481 59 59 26915 226 409 3240 52 120 224 148
internal_value=-1.78325e-05 0.000171467 -0.00415347 0.000381389 -0.0010436 0.00963685 -0.00547473 0.0217709 0.0639674 -0.0118119 -0.00923307 0.0156244 0.0429359 -0.00453213 0.000577935 0.0197407 0.076444 0.0382642 -0.00819007 0.00909997 0.0421491 0.0977723 0.000404945 -0.00177605 -0.008909 -0.00708615 0.00644489 0.0266391 0.0118535 -0.00811189
internal_weight=32988.9 32029.2 1482.66 30546.5 1054.47 178.873 79.6625 99.2108 12.6139 428.188 382.288 86.5968 14.5051 289.542 208.284 65.3842 10.3311 7.5806 142.899 55.0531 15.4899 7.52928 30526.2 3317.57 406.073 383.754 87.6219 36.7038 28.9865 50.9182
internal_count=242244 227664 17240 210424 9291 1551 780 771 102 7949 6862 669 142 5101 3124 934 192 148 2190 742 261 118 209994 31334 4419 4193 953 396 276 557
is_linear=0
shrinkage=0.05


Tree=58
num_leaves=31
num_cat=0
split_feature=18 19 1 14 4 20 22 21 2 13 3 14 16 20 15 19 18 15 4 6 11 6 5 16 17 14 22 12 11 14
split_gain=14.7911 10.8144 17.2059 10.1696 10.3858 9.91186 12.0645 8.76315 11.9412 9.24094 9.58637 12.0587 8.35687 9.48907 9.56356 8.29594 12.9421 13.7417 8.21268 8.1752 8.11549 8.09684 8.03793 11.4541 16.0309 7.89878 8.1769 7.79983 8.4864 8.07706
threshold=0.71173574553882746 0.17188035953667724 1.3150000000000002 4.7258333333333349 36.455000000000005 13.500000000000002 0.2088583405859479 0.16668095353895623 6.6250000000000009 0.091666666666667243 30.995000000000001 -9.764999999999997 0.523363606323758 27.500000000000004 0.25049304356602037 0.3886414827485461 0.064647112002774079 0.10509995132467947 35.615000000000002 2.5000000000000004 0.068333333333332927 4.5000000000000009 6.9850000000000012 0.6276906882145924 118.50000000000001 1.1766666666666643 0.32667586892521261 1.7533333333333334 -0.084999999999999507 24.48
decision_type=2 2 2 2 2 2 2 2 2 2 2 2 2 2 2 2 2 2 2 8 8 10 10 2 2 2 2 2 10 2
left_child=1 2 -1 -4 5 18 -7 9 15 10 12 -12 25 14 -14 16 -9 -18 -5 -6 -13 -22 -10 -24 -25 26 -3 29 -29 -17
right_child=-2 7 3 4 19 6 -8 8 22 -11 11 20 13 -15 -16 27 17 -19 -20 -21 21 -23 23 24 -26 -27 -28 28 -30 -31
leaf_value=-0.038910368273202357 -0.0095184409774236034 -0.012455575078571455 -0.0058555897771973972 0.015960333029686868 0.0084120008477906478 -0.041030220211966097 0.0068295525104419968 -0.0058815810820129271 -0.010736422964216062 0.0014020051382243053 -0.042321163398166349 0.0011735322643306905 0.0038705851809297783 -0.016700883731257811 -0.0050951679747951303 -0.00053761740342044061 0.064367442574501249 -0.0010076881364353633 0.064799101211275523 -0.020071059307795763 -0.058311240308493717 -0.0047611283687597171 -0.0086293633946120957 0.12821358084303799 0.0034385682391623478 -0.01585038414205631 -0.0025315606517964857 0.040054570340480267 -0.020261021705996321 -0.021804773119112747
leaf_weight=34.96101270057261 404.61903270706534 227.85935377888381 991.92336116358638 119.71889493614435 42.527553595602512 16.453859452158213 65.930064015090466 32.340335339307785 464.55364771932364 15656.923004856333 16.299805980175734 6832.0050264317542 1089.4709359128028 75.878265507519245 409.12347209639847 3296.6065936982632 20.262651354074478 13.323534689843653 9.2747280634939653 61.801913289353251 7.1662261094897977 471.14979950524867 16.446801535785202 4.5952865518629533 5.8529313616454601 134.41618637926877 2330.4759436361492 6.2821874171495429 81.348606016486883 45.258091278374195
leaf_count=1338 6681 2295 10799 1155 419 237 756 243 5921 97073 118 47748 7228 488 2633 32117 163 92 83 684 99 3625 173 53 71 1006 17397 85 1044 420
internal_value=-1.74832e-05 0.000100511 -0.0042935 -0.00336798 0.00444788 0.0108191 -0.00272908 0.000289365 -0.00190008 0.000609688 -0.000460299 0.000636948 -0.00234422 0.000549456 0.00142289 -0.000874033 0.0166946 0.0384333 0.0194719 -0.00846058 0.000732731 -0.00556343 -0.00919784 0.0173779 0.0583165 -0.00403617 -0.00341545 -0.00121176 -0.015937 -0.000825634
internal_weight=32984.8 32580.2 1342.59 1307.63 315.707 211.378 82.3839 31237.6 3986.87 27250.8 11593.8 7326.62 4267.22 1574.47 1498.59 3495.42 65.9265 33.5862 128.994 104.329 7310.32 478.316 491.449 26.895 10.4482 2692.75 2558.34 3429.5 87.6308 3341.86
internal_count=242244 235563 15471 14133 3334 2231 993 220092 40382 179710 82637 51590 31047 10349 9861 34164 498 255 1238 1103 51472 3724 6218 297 124 20698 19692 33666 1129 32537
is_linear=0
shrinkage=0.05


Tree=59
num_leaves=31
num_cat=0
split_feature=19 7 19 3 4 11 15 17 17 22 11 16 20 14 2 6 21 16 20 3 18 12 21 4 7 17 3 13 11 19
split_gain=13.7885 10.1615 9.84679 8.05831 9.13435 12.029 8.7277 12.4304 7.89249 7.76834 10.1433 9.79553 10.1879 10.709 8.96912 8.7769 10.3712 12.545 10.1607 10.1607 9.09325 8.71317 9.58292 8.65441 8.3553 16.9107 8.85599 7.98761 7.66998 12.2846
threshold=0.9153519141481693 inf 0.083532066395419061 22.255000000000003 36.045000000000009 -0.0063333333333335231 0.29166628035002856 95.500000000000014 138.50000000000003 0.84613323428584841 0.083333333333333495 0.39613057844221472 8.5000000000000018 -8.9933333333333287 4.0050000000000008 5.5000000000000009 0.06663230290091908 0.70194875456167305 1.5000000000000002 46.065000000000005 0.2898604154831258 2.4250000000000007 0.095665959836712541 24.495000000000001 1.0000000180025095e-35 55.500000000000007 33.105000000000011 2.142500000000001 0.016666666666667055 0.8246043874797383
decision_type=2 8 2 2 2 10 2 2 2 2 10 2 2 2 2 10 2 2 2 2 2 2 2 2 10 2 2 2 10 2
left_child=1 2 -1 4 6 -6 8 -8 -2 15 11 12 14 -14 -11 21 17 23 -19 -18 27 -4 -23 -17 -25 26 -26 -21 -13 -30
right_child=3 -3 9 -5 5 -7 7 -9 -10 10 -12 28 13 -15 -16 16 19 18 -20 20 -22 22 -24 24 25 -27 -28 -29 29 -31
leaf_value=-0.011463889940054877 -0.025252732696813246 -0.047330427584542728 0.00073758062611116828 -0.011010180637502451 0.0029709483858504507 0.084538326122747171 0.11013164725548773 -0.023237805994473615 0.037781205198783224 -0.020247060670460861 0.048235750201402743 -0.010121942716540808 0.067506410164370506 0.01239874119213992 0.013261284588672907 -0.016385475487173597 -0.00081511746469092655 0.07140906905027658 0.0091676142230213298 0.018403818160552598 -0.029629749918154202 0.0019170181066942033 -0.019941684647664625 -0.0056872425046602705 0.022328050190765315 -0.0061028037066969817 0.092087507128709029 -0.023271998210321585 -0.012605071649068031 0.016566293485099276
leaf_weight=182.34189979545772 29.118597488850355 11.285471284762023 26715.214844688773 411.30589564144611 10.573128506541254 7.8950652778148642 3.6690479815006247 3.335155438631773 5.9870306178927413 45.276361808180809 9.0312090516090375 564.34192391857505 10.369849681854246 58.828207261860371 35.729768890887499 185.64992520026863 2988.3610588908195 7.4612722098827353 54.100506760179996 143.60114693641663 12.273720540106295 94.326019898056984 107.03873556852341 1072.9148935619742 10.236513229086997 34.146610539406538 8.1892515532672387 12.497709736227987 68.439063437283039 76.354364145547152
leaf_count=3891 416 381 185874 6472 175 105 63 60 92 439 87 7354 89 535 350 1508 20725 48 336 918 112 571 815 8745 80 264 64 76 699 900
internal_value=-1.70425e-05 0.000106134 0.000122607 -0.00850263 0.00852285 0.0378406 -0.0043351 0.0466258 -0.0145027 0.000187987 -0.00447717 -0.00503116 0.00656797 0.020657 -0.00546737 0.000316814 -0.00171951 -0.00534772 0.0167113 -0.000141783 0.0118089 0.000659479 -0.00970233 -0.00638346 -0.00473362 0.0147282 0.0533323 0.0150671 -0.007488 0.00277795
internal_weight=32979.9 32508 32496.7 471.884 60.578 18.4682 42.1098 7.0042 35.1056 32314.4 868.371 859.34 150.204 69.1981 81.0061 31446 4529.43 1372.7 61.5618 3156.73 168.373 26916.6 201.365 1311.14 1125.49 52.5724 18.4258 156.099 709.135 144.793
internal_count=242244 234861 234480 7383 911 280 631 123 508 230589 10453 10366 1413 624 789 220136 32876 11045 384 21831 1106 187260 1386 10661 9153 408 144 994 8953 1599
is_linear=0
shrinkage=0.05


Tree=60
num_leaves=31
num_cat=0
split_feature=18 16 7 14 22 8 13 16 22 22 3 13 21 2 19 1 3 3 3 13 15 3 3 16 5 19 2 21 17 14
split_gain=12.7329 9.70858 9.3173 8.19009 7.7551 11.8324 9.90748 13.7609 13.0025 7.66001 9.05902 8.00931 7.44022 10.6104 12.1409 11.2017 16.188 11.1412 8.33749 8.89853 8.30812 9.28999 8.15568 7.37295 9.24129 7.21607 11.6933 7.72219 7.99422 7.16492
threshold=0.71173574553882746 0.15488374374204369 inf 18.775833333333338 0.21309238001787664 2.5000000000000004 1.8466666666666671 0.64853420377176574 0.2048960107819387 0.78417367393917081 36.785000000000004 2.4425000000000012 0.020941201760140329 5.455000000000001 0.35196417721358442 6.8550000000000013 34.315000000000005 36.705000000000005 21.890000000000004 0.2700000000000003 0.13888692314164156 45.785000000000004 39.805000000000007 0.6710904272884165 6.8150000000000004 0.20909664448725176 6.9450000000000012 0.015397131318324144 79.500000000000014 -14.491666666666667
decision_type=2 2 8 2 2 2 2 2 2 2 2 2 2 2 2 2 2 2 2 2 2 2 2 2 8 2 2 2 2 2
left_child=1 3 4 -1 5 6 12 -8 -9 -6 -11 -12 13 18 20 16 -16 -17 -3 22 -15 25 -20 24 -14 -22 27 -27 -29 -7
right_child=-2 2 -4 -5 9 29 7 8 -10 10 11 -13 23 14 15 17 -18 -19 19 -21 21 -23 -24 -25 -26 26 -28 28 -30 -31
leaf_value=-0.012099688718306819 -0.0088900640330273652 0.04235351699701019 -0.046926717147944629 0.057001704712465386 0.00056870486922553829 -0.032947178402347871 -0.019336594326900613 -0.0056127389398195754 0.040816374992838467 -0.00025568508194952552 -0.0055789131586306759 -0.027641609745478725 0.011069989689469911 0.052353629818607299 0.019093881558687832 0.040606446399179999 0.089086950120659397 -0.03466101203173539 0.015205921624781843 -0.025797471701068872 0.022240628501656923 0.053828225911169147 -0.030216691326732565 -0.033864484548391451 -0.035255795132359505 -0.035034548570172706 0.034310992887306407 0.035260578741852233 -0.014517139829665094 -0.0064019075716588011
leaf_weight=204.56033703126013 399.38450619578362 9.557419076561926 10.501817254349588 4.3798151817172757 28565.781940661371 26.245646551251411 102.72281499579549 46.01042340695858 22.430973544716835 1633.7596687972546 731.27819278091192 43.587489638477564 52.538706362247467 10.495255470275877 15.781310826539992 11.491376891732218 17.334910549223423 8.5929041951894742 46.17593352496624 37.082233972847462 32.012822054326534 9.3904464393854123 12.573057830333708 18.862387113273144 13.5396233163774 27.422521248459816 14.927475363016127 11.198364198207853 28.833517476916313 808.12444284930825
leaf_count=2804 6681 61 369 63 192338 271 660 280 132 18756 8555 668 338 68 96 68 103 51 305 238 207 57 82 116 93 174 93 69 177 8271
internal_value=-1.66159e-05 9.21694e-05 0.000161519 -0.0106512 0.000176801 -0.00348598 0.00221494 -0.00776449 0.00960393 0.000340384 -0.00236745 -0.00681998 0.00673605 0.0105148 0.0176502 0.0378648 0.0557322 0.00840385 -0.00217866 -0.00661993 0.00964134 0.00601993 0.00548488 -0.00629277 0.00157771 0.00209544 -0.0057328 -0.0145944 -0.000592513 -0.00723691
internal_weight=32976.6 32577.2 32368.3 208.94 32357.8 1383.34 548.974 171.164 68.4414 30974.4 2408.63 774.866 377.81 292.87 187.481 53.2005 33.1162 20.0843 105.389 95.8312 134.28 123.785 58.749 84.9407 66.0783 114.395 82.3819 67.4544 40.0319 834.37
internal_count=242244 235563 232696 2867 232327 12010 3468 1072 412 220317 27979 9223 2396 1849 1163 318 199 119 686 625 845 777 387 547 431 720 513 420 246 8542
is_linear=0
shrinkage=0.05


Tree=61
num_leaves=31
num_cat=0
split_feature=19 12 21 5 22 11 16 20 4 19 3 3 4 3 1 18 11 14 4 17 16 12 13 3 17 4 20 6 21 1
split_gain=11.8057 9.37809 11.9021 8.6361 7.27572 10.3544 7.96134 20.2067 7.31345 7.43063 7.71418 9.0285 7.46109 7.26248 8.40546 10.2566 7.12069 7.00217 6.98834 6.90808 6.9003 6.83374 8.30503 10.1991 11.356 10.0462 8.50389 7.27896 8.38245 11.6524
threshold=0.9153519141481693 -1.5766666666666667 0.019178097967543318 6.4650000000000007 0.84613323428584841 0.016666666666667055 0.37326528225163158 12.500000000000002 49.07500000000001 0.73655304385477283 33.005000000000003 35.165000000000006 29.515000000000004 22.255000000000003 7.0550000000000006 0.74313798793778185 0.089166666666666408 -1.0000000180025095e-35 36.045000000000009 127.50000000000001 0.40570127563289021 2.4250000000000007 1.4833333333333338 35.905000000000008 171.50000000000003 43.185000000000009 23.500000000000004 5.5000000000000009 0.06663230290091908 6.4750000000000005
decision_type=2 2 2 10 2 10 2 2 2 2 2 2 2 2 2 2 10 2 2 2 2 2 2 2 2 2 2 10 2 2
left_child=1 2 -1 -3 21 6 7 -6 9 12 -11 -12 -7 14 18 -16 -4 -9 -2 -20 -13 27 -23 24 25 26 -24 -5 29 -29
right_child=13 3 16 4 5 8 -8 17 -10 10 11 20 -14 -15 15 -17 -18 -19 19 -21 -22 22 23 -25 -26 -27 -28 28 -30 -31
leaf_value=-0.018165515185231698 -0.011035002963888648 -0.033458576144103802 -0.0017383125220871412 0.00081405702166206936 -0.0067899550331984651 0.017802326026187972 -0.0091849268825030007 0.084462730175681955 0.060302668670358862 0.02072125350625572 -0.03470528483892657 0.061034898200193435 -0.025708185602368407 -0.010332666328642963 0.12821824609910668 0.012899715365318244 -0.022605712979500016 0.020370376848296855 0.0096593664422515609 0.086591528158668052 0.001121375113410367 -0.031931904655774286 0.0011739335295829511 -0.019183650409909353 0.056915364901425639 0.049314535014490832 -0.04208904732635331 -0.0070577661868926837 3.9913370512762455e-05 0.0050915443955200307
leaf_weight=131.33715631812811 36.984309427440166 18.953142149373889 1300.0344756748527 25657.946492873132 52.043470486998558 13.988963581621645 581.99663410335779 9.4916320294141787 6.0047741420567027 76.15563078224659 16.529349748045206 5.5033518075942984 33.321825947612524 405.47310020029545 3.0305876396596414 5.3006725236773491 42.208657888695598 7.733686998486518 11.659927595406769 3.8919661566615096 37.910339511930943 31.923261381685734 84.015865381807089 71.651230093091726 9.590680852532385 9.4548417590558511 13.134299073368309 1050.3476026579738 3002.264344483614 243.01992499083281
leaf_count=3276 542 432 13460 174966 505 129 7581 82 63 825 184 51 308 6472 54 98 518 71 164 53 438 219 573 502 60 65 97 8520 20376 1560
internal_value=-1.61478e-05 9.71714e-05 -0.00380015 0.000282233 0.000302853 -0.00428517 -0.00727774 0.00874643 0.00600424 0.00422653 0.0101602 -0.00325722 -0.0128429 -0.00791513 0.00818944 0.0548481 -0.00239452 0.0556871 0.000790252 0.0289122 0.00871633 0.000430683 -0.00835402 -0.00434713 0.0048017 0.000113316 -0.00467504 0.000495136 -0.00140979 -0.00477495
internal_weight=32972.9 32506.6 1473.58 31033 31014 840.68 651.265 69.2688 189.414 183.409 136.099 59.943 47.3108 466.341 60.8675 8.33126 1342.24 17.2253 52.5362 15.5519 43.4137 30173.3 219.77 187.847 116.196 106.605 97.1502 29953.6 4295.63 1293.37
internal_count=242244 234861 17254 217607 217175 10237 8239 658 1998 1935 1498 673 437 7383 911 152 13978 153 759 217 489 206938 1516 1297 795 735 670 205422 30456 10080
is_linear=0
shrinkage=0.05


Tree=62
num_leaves=31
num_cat=0
split_feature=18 13 2 22 11 22 14 4 12 16 14 13 11 17 21 18 22 1 19 15 4 14 17 4 16 3 20 21 13 19
split_gain=10.9038 8.97625 10.2819 8.3702 8.38801 8.02575 7.99337 8.32779 8.62566 7.66267 18.4773 16.2828 10.136 10.3538 9.05304 12.1756 7.53157 10.0061 9.83888 11.1149 13.6928 7.97894 7.8248 7.70549 7.51192 9.33239 15.7218 9.17676 8.37948 12.4629
threshold=0.71173574553882746 -0.93333333333333279 1.0000000180025095e-35 0.85931456936496875 -0.11266666666666623 0.56771295823571621 5.6658333333333362 40.82500000000001 0.41666666666666635 0.78295944647929161 -5.9641666666666664 1.1350000000000002 -0.035000000000000579 19.500000000000004 0.021860507868443652 0.18830796634797975 0.52978447392302852 5.3550000000000013 0.53131980229865017 0.16212620167278047 39.245000000000012 12.852500000000003 18.500000000000004 35.395000000000003 0.35526605478541723 41.845000000000006 15.500000000000002 0.13655380216406862 -1.7083333333333324 0.4041111441356649
decision_type=2 2 2 2 10 2 2 2 2 2 2 2 8 2 2 2 2 2 2 2 2 2 2 2 2 2 2 2 2 2
left_child=1 2 -1 4 -4 6 7 -6 -9 -3 11 -11 13 -12 -14 -16 17 18 19 -8 21 -21 -20 -24 25 27 -27 -7 29 -26
right_child=-2 9 3 -5 5 24 16 8 -10 10 12 -13 14 -15 15 -17 -18 -19 22 20 -22 -23 23 -25 28 26 -28 -29 -30 -31
leaf_value=0.00063735444835141689 -0.008279288273925418 0.00045933788412479192 -0.025424974119932366 -0.024770520516670315 -0.006741408547299395 -0.0092404983140670846 0.0019486632201830168 0.0040745265606256442 -0.031699893064312971 0.11998956051539003 0.089199947995144857 0.024365529712804555 0.038454124659244616 0.011413141549772467 -0.036910789743440392 0.012955548703569568 -0.0099518260159986872 -0.01219106613741475 -0.0080897362736973965 0.033278745530832425 0.092289687106523063 -0.020265329677650819 0.076530655068167239 0.014792013766335921 0.071871181965008399 0.0093924803287738848 0.077470633017568666 0.012115035003265072 -0.005043962979326095 0.0048995763473496656
leaf_weight=3057.3791101370007 394.4167194031179 25610.728454364464 41.245203778147697 44.677799914032221 1882.5730589404702 78.065404333174229 334.11097776331007 296.94262998923659 17.863121643662453 6.8615705557167557 5.9798794388771084 12.676048990339039 9.2850259840488416 15.030098557472227 28.269544431939721 21.589257650077343 124.81060276180506 81.113586477935314 7.5891650170087841 21.610466985031966 7.2219746373593798 10.26136903092265 12.313656784594061 8.5721692815422994 7.2313132360577574 26.681767374277115 12.432029426097868 141.46099504828453 473.73005137220025 176.48926997557282
leaf_count=24294 6681 177800 405 473 16661 642 3197 2703 112 48 46 88 55 108 172 164 872 549 53 179 57 84 84 59 55 230 97 1231 3650 1395
internal_value=-1.57299e-05 8.43256e-05 -0.00152199 -0.00325615 -0.00300066 -0.00275211 -0.00407914 -0.00548269 0.00204457 0.000513193 0.0143485 0.0579485 0.00372088 0.0335529 -0.00687651 -0.0153183 0.000996744 0.00382714 0.0070618 0.00490027 0.0301258 0.0160398 0.0353917 0.0511913 0.00131115 0.00852987 0.0310306 0.00452083 -0.00152868 0.0075356
internal_weight=32969.2 32574.8 6864.38 3807 3762.32 3721.07 2804.98 2197.38 314.806 25710.4 99.6914 19.5376 80.1538 21.01 59.1438 49.8588 607.604 482.793 401.68 373.205 39.0938 31.8718 28.475 20.8858 916.091 258.64 39.1138 219.526 657.451 183.721
internal_count=242244 235563 57082 32788 32315 31910 24610 19476 2815 178481 681 136 545 154 391 336 5134 4262 3713 3517 320 263 196 143 7300 2200 327 1873 5100 1450
is_linear=0
shrinkage=0.05


Tree=63
num_leaves=31
num_cat=0
split_feature=19 7 16 14 22 12 11 11 17 18 3 3 7 19 14 15 17 9 19 3 7 2 16 12 12 19 5 5 20 3
split_gain=10.2606 8.72852 8.37305 7.3798 6.98344 12.3872 11.7538 19.0943 9.53461 8.27761 17.1612 9.77409 8.36095 8.26207 10.9787 14.4049 10.8094 20.2804 14.9377 10.6229 11.9933 10.1421 9.6483 9.38002 9.18612 8.77793 8.60473 11.0861 9.48554 11.3009
threshold=0.9153519141481693 inf 0.15488374374204369 18.775833333333338 0.23284214985915375 0.20916666666666653 -0.039999999999999584 -0.041666666666666512 46.500000000000007 0.091514990863792348 33.185000000000009 39.400000000000006 0.75000000000000011 0.48998532675527778 4.7258333333333349 0.094790546382013494 177.50000000000003 3.5000000000000004 0.35196417721358442 24.930000000000003 -1.0000000180025095e-35 3.1150000000000007 0.16724351250360123 -0.28333333333333272 -1.6816666666666662 0.6555875581604681 6.9650000000000007 6.9850000000000012 21.500000000000004 19.955000000000002
decision_type=2 8 2 2 2 2 8 10 2 2 2 2 10 2 2 2 2 2 2 2 10 2 2 2 2 2 8 10 2 2
left_child=1 2 3 -1 5 6 7 -4 -9 10 13 12 -11 14 16 -16 22 18 -18 -17 -21 25 -6 -22 -24 -15 -26 -28 -29 -30
right_child=-2 -3 4 -5 9 -7 -8 8 -10 11 -12 -13 -14 21 15 19 17 -19 -20 20 23 -23 24 -25 26 -27 27 28 29 -31
leaf_value=-0.011358938331858687 -0.0074165212770094446 -0.046564497506155461 0.0010288474122354437 0.053345188593310056 0.029941230584199521 0.0010214449931114601 -0.0076360680190277813 0.0071153285457874809 0.090857339434545048 0.00041516387037846924 0.0030467825591012393 -0.002626840704057038 -0.01493033295231733 0.015512254903393516 -0.013909298566426262 0.080647444354201056 0.091095842821942996 -0.02518639494502356 0.01878079223892631 -0.016592533132243899 0.079789766233519036 0.0008743894004473317 -0.01167619227766771 0.020227399288729485 -0.0010595825773344588 -0.014614556506070223 -0.021469730077956002 -0.0073646044056399629 0.074544993544418556 0.0066194791558659748
leaf_weight=201.50695413909853 461.72524531185627 10.022210504859684 208.06239186041057 4.5053001772612324 23.166212329640985 1447.4684821255505 1152.9032068960369 5.3698975369334212 9.261201757937668 12285.23968584463 6913.2469588704407 3692.8478456549346 89.409338980913162 206.99078619480133 25.926279366016388 9.1158760711550695 11.348737239837648 15.120060309767721 19.260990872979164 14.171929001808165 9.6640898473560792 1642.0191808715463 252.34377694502473 20.91585032641888 3745.3153223022819 27.376051217317581 118.59289795905352 289.36155732348561 7.0176935866475096 48.046696320176125
leaf_count=2794 7383 381 1949 61 274 9085 12829 62 77 89066 46499 26612 628 1388 201 61 70 101 112 91 74 10200 2831 127 25793 177 835 2093 51 339
internal_value=-1.53283e-05 8.98018e-05 0.000104191 -0.00994392 0.000168299 -0.00220732 -0.00560479 0.00491133 0.0601224 0.000395898 0.00131359 -0.000369382 0.00030429 -0.000533845 -0.00167245 0.0167127 -0.00199633 0.0221899 0.045592 0.031451 0.0214297 0.00226316 -0.002243 0.0390507 -0.00241015 0.0119932 -0.00185453 -0.00828479 -0.00374494 0.0152763
internal_weight=32967.3 32505.6 32495.6 206.012 32289.6 2823.07 1375.6 222.693 14.6311 29466.5 13399 16067.5 12374.6 6485.75 4609.37 79.794 4529.57 45.7298 30.6097 53.8677 44.7519 1876.39 4483.84 30.5799 4460.68 234.367 4208.33 463.019 344.426 55.0644
internal_count=242244 234861 234480 2855 231625 24002 14917 2088 139 207623 91317 116306 89694 44818 33053 554 32499 283 182 353 292 11765 32216 201 31942 1565 29111 3318 2483 390
is_linear=0
shrinkage=0.05


Tree=64
num_leaves=31
num_cat=0
split_feature=22 11 16 20 19 12 18 14 14 5 7 22 21 17 16 11 19 11 17 18 3 11 2 11 17 4 19 14 11 17
split_gain=9.73116 10.9441 11.0025 15.1421 8.93485 15.3428 11.5448 22.8247 10.5466 11.7245 10.6451 9.00026 8.71912 8.31853 12.8633 9.39811 8.57016 13.0538 12.7626 13.3009 11.9866 12.0345 11.4778 11.0937 12.0871 10.5216 15.1372 13.8336 10.2402 9.82396
threshold=0.84613323428584841 0.016666666666667055 0.37326528225163158 12.500000000000002 0.31320205322657402 -2.1941666666666659 0.056986629069582802 -2.8941666666666666 8.2316666666666656 6.9450000000000012 0.75000000000000011 0.22016203547954974 0.019178097967543318 57.500000000000007 0.65427186680926452 -0.029999999999999801 0.43215563108127419 -0.07499999999999972 153.50000000000003 0.051951751126962896 39.315000000000005 0.026666666666666842 5.6850000000000014 -0.044999999999999478 171.50000000000003 33.735000000000007 0.49578635273017801 -0.46999999999999703 -0.031833333333333151 112.50000000000001
decision_type=2 10 2 2 2 2 2 2 2 8 10 2 2 2 2 10 2 10 2 2 2 10 2 10 2 2 2 2 8 2
left_child=4 2 3 -2 5 12 7 -6 9 -7 11 -11 -1 14 -9 -16 28 -18 19 20 22 -22 29 -20 -25 -24 -27 -28 -15 -19
right_child=1 -3 -4 -5 6 8 -8 13 -10 10 -12 -13 -14 16 15 -17 17 18 23 -21 21 -23 25 24 -26 26 27 -29 -30 -31
leaf_value=-0.027823952386039155 -0.002130916992114075 0.0048923399280556253 -0.0096012971189772447 0.048502093527685398 -0.0018932553955821091 -0.00090540543073582404 -3.9970822345379101e-05 0.0035554464259062802 0.0046835669412819579 -0.020355138707919582 0.040260791861930628 -0.0058378345184403324 -0.0079086113990488906 0.0124787200450985 -0.027756697101266322 -0.0033631560677208476 -0.015001974199546126 0.0056500984686598602 0.043760635882356805 0.028694719285736012 0.012542194679019306 0.035005585032953881 0.0054747861083033113 -0.022166781662440398 0.013100776817802438 0.054821453761179473 0.049354078304587684 -0.0048031859556457281 0.0012717350148330564 -0.013371591546282383
leaf_weight=68.968335933052003 63.260197814553976 225.45922481268644 709.97671593725681 19.26192507147789 2000.4856194015592 4124.4603251926601 20203.369650620967 1397.2759543191642 710.01536743715405 140.53228008188307 11.027184952050446 444.30915584973991 270.55972474254668 258.06673245131969 54.387072240933776 144.10395215451717 51.358144748955965 271.54770969599485 10.678559780120848 114.15532322227955 225.25863765180111 81.086244605481625 108.96016798168421 68.729963839054108 37.577868491411209 34.070433251559734 17.25070758163929 37.257930375635624 969.89963469468057 90.499903351068497
leaf_count=2319 619 2468 9846 165 13221 32571 140665 9234 5412 1381 88 3736 4180 1632 331 864 322 1747 63 699 1372 505 648 413 221 201 103 221 6422 575
internal_value=-1.49822e-05 -0.00482754 -0.00759276 0.0096876 0.00013837 -0.00164267 0.000530959 0.00246221 -0.000997966 -0.00185256 -0.00840856 -0.00932622 -0.011954 0.00465574 0.00186349 -0.0100471 0.00653075 0.00963564 0.010789 0.0126522 0.0105373 0.018488 0.00618475 -0.00482041 -0.00970035 0.0158792 0.0286775 0.0123363 0.00362697 0.000895306
internal_weight=32963.9 1017.96 792.499 82.5221 31945.9 5769.87 26176 5972.65 5430.34 4720.33 595.869 584.841 339.528 3972.16 1595.77 198.491 2376.4 1148.43 1097.07 980.087 865.932 306.345 559.587 116.986 106.308 197.539 88.5791 54.5086 1227.97 362.048
internal_count=242244 13098 10630 784 229146 49687 179459 38794 43188 37776 5205 5117 6499 25573 10429 1195 15144 7090 6768 6071 5372 1877 3495 697 634 1173 525 324 8054 2322
is_linear=0
shrinkage=0.05


Tree=65
num_leaves=31
num_cat=0
split_feature=18 16 18 15 15 20 11 15 5 2 8 3 2 14 2 11 13 13 1 5 21 22 13 4 18 3 22 22 12 1
split_gain=9.13285 8.27478 11.8568 11.929 14.6385 11.8929 10.8791 9.76931 8.87156 11.6819 11.5459 14.3646 10.5599 10.3687 8.75581 11.6381 10.0235 7.89127 7.68563 7.62306 7.62068 13.5019 11.5413 9.13214 10.0185 8.9576 7.97565 7.19564 7.73099 7.17624
threshold=0.71173574553882746 0.55335362457155446 0.63801809931974762 0.25120844562037409 0.24683074379718328 10.500000000000002 0.05333333333333324 0.24553745463784585 7.0150000000000006 4.1150000000000011 5.5000000000000009 32.935000000000009 5.7350000000000012 -4.2516666666666696 6.6750000000000007 0.078333333333333602 1.186666666666667 3.366666666666668 7.3550000000000013 6.955000000000001 0.097420430421885987 0.39244454038841264 -1.4099999999999997 34.585000000000008 0.13594229424962076 41.215000000000011 0.20269909611084763 0.21309238001787664 -3.1508333333333325 3.3350000000000004
decision_type=2 2 2 2 2 2 8 2 10 2 2 2 2 2 2 10 2 2 2 8 2 2 2 2 2 2 2 2 2 2
left_child=1 2 3 4 6 -6 7 27 17 -10 12 13 -11 -12 15 -14 -17 19 20 -8 21 25 -23 -24 -25 26 -5 28 -1 -3
right_child=-2 29 -4 18 5 -7 8 -9 9 10 11 -13 14 -15 -16 16 -18 -19 -20 -21 -22 22 23 24 -26 -27 -28 -29 -30 -31
leaf_value=-0.046789397482626283 -0.0076281800916268572 -0.042280330376025063 -0.015099926284521359 0.025526911492126048 0.077908214437502565 0.014654970371384878 -0.0037941978839869219 -0.034794014335330602 -0.0091559237985546771 -0.00045072518913997323 0.030397337994472626 0.0018030591008780469 0.0070858189075661956 0.10775052215975914 -0.011704824205191923 0.034036599684132862 0.11166727603233491 0.03317706539715292 -0.049353394415917511 -0.012581619583548712 -0.014670797447571746 -0.041577289105813479 0.041526785557161196 -0.019986493404144615 0.0457266975824 0.024734260362642528 -0.023215699399569023 0.00033894339906598471 -0.004494046618250193 0.00102720000292503
leaf_weight=11.008889086544512 389.23972918838263 9.572127824649213 140.17937083169818 9.4224249199032766 9.6335432156920415 32.50646061077714 1706.7955245897174 20.052765600383282 107.79265779070556 136.85407778248191 8.5601591505110282 14.267936415970324 13.096923172473909 8.7712519913911837 9.989771790802477 8.9688994511961955 7.7519829571247092 13.581688797101377 11.607989590615032 288.52054242324084 198.10129575431347 7.4440942257642737 33.907062090933323 17.234441682696346 8.7423052638769132 14.38440929353237 76.775717573240399 15131.086347050965 580.90568530187011 13933.70401949808
leaf_count=460 6681 92 1742 77 63 215 13565 132 955 991 83 130 89 80 68 64 50 90 77 2520 1351 49 208 104 54 95 526 111328 6052 94253
internal_value=-1.46676e-05 7.6317e-05 -0.000613178 -0.000503336 -0.000319937 0.0291152 -0.000388589 8.29032e-05 -0.00358122 0.00420562 0.0111213 0.0389577 0.00614227 0.069545 0.0288083 0.0423813 0.070027 -0.0048063 -0.00929888 -0.00506485 -0.00802856 -0.00019202 0.0171377 0.0244365 0.00212885 -0.0117922 -0.0178876 0.000127384 -0.00528069 0.000997469
internal_weight=32960.5 32571.2 18627.9 18487.8 18110.1 42.14 18068 15743.1 2324.95 316.054 208.261 31.5993 176.662 17.3314 39.8076 29.8178 16.7209 2008.9 377.62 1995.32 366.012 167.91 67.3279 59.8838 25.9767 100.583 86.1981 15723 591.915 13943.3
internal_count=242244 235563 141218 139476 136935 278 136657 117972 18685 2510 1555 293 1262 163 271 203 114 16175 2541 16085 2464 1113 415 366 158 698 603 117840 6512 94345
is_linear=0
shrinkage=0.05


Tree=66
num_leaves=31
num_cat=0
split_feature=22 5 13 16 19 12 6 15 11 15 22 21 15 13 10 18 14 20 15 12 7 12 7 1 22 18 21 21 15 9
split_gain=8.59746 10.2435 12.3774 14.21 8.72658 13.951 10.5023 12.1175 11.612 10.7272 12.9094 11.0887 9.36832 12.815 9.28886 9.10475 20.4715 8.86268 8.95926 7.96547 7.83998 7.83915 8.02128 12.0624 12.4298 10.8108 10.0512 7.78876 15.0129 8.59601
threshold=0.79947321436259844 6.7250000000000005 -4.2991666666666655 0.6389681892702912 0.31320205322657402 -2.4391666666666656 1.5000000000000002 0.063244546446240654 -0.10083333333333309 0.06157756490393617 0.36579415153961453 0.01755454254585689 0.2716670512946141 0.76083333333333336 1.5000000000000002 0.056986629069582802 -2.8941666666666666 19.500000000000004 0.052523570156558515 -3.5749999999999993 1.7500000000000002 0.33249999999999963 1.0000000180025095e-35 6.0250000000000012 0.2149650365858459 0.0080003067807230474 0.020624901570150372 0.062543399200735095 0.027777520233352324 4.5000000000000009
decision_type=2 10 2 2 2 2 8 2 10 2 2 2 2 2 2 2 2 2 2 2 8 2 10 2 2 2 2 2 2 2
left_child=4 -2 3 -3 5 -1 7 9 -8 10 11 -7 -9 -14 -13 16 -6 18 -16 -17 -21 -10 -23 -24 -25 -26 -27 28 -18 -29
right_child=1 2 -4 -5 15 6 8 12 21 -11 -12 14 13 -15 17 19 27 -19 -20 20 -22 22 23 24 25 26 -28 29 -30 -31
leaf_value=-0.012967796665029646 -0.008399805099511019 0.038160109205794226 -0.0016265311215088616 -0.035523324985827762 -0.0018069392534924161 -0.0015167013581562771 -0.054336736156755439 -0.00015548051458791207 -0.0032495318377272066 0.087509566496023372 -0.0005949388418374017 0.0043179443140683388 -0.0059778689420813338 0.032808300866315906 0.023542760501444902 0.025249198766403677 0.049549278333658867 0.11461121516135363 0.092124616148393942 9.0046009738994548e-05 -0.020967026681481392 0.00031015044989506633 -0.0023726499574783953 -0.019231985121891643 0.089857108813667541 -0.011826523614138841 0.05870832256904375 0.0080819790881390338 0.00082261177042204723 0.001998304724800822
leaf_weight=255.07978622149676 621.73068232089281 36.689490832388401 1817.7267237268388 7.9634938649833193 1998.2520863115788 15.59359443746507 10.573862795718012 740.73808396980166 3168.0851427372545 5.4405168369412413 58.108992539346218 8.828446436673401 35.835815221071243 52.490076493471861 13.617635812610393 31.388232342898846 15.991209857165812 6.4364249780774108 7.322813067585229 18656.374803137034 44.308701219037175 1300.1786589697003 41.557006150484085 8.0891382992267591 11.151844054460527 8.7737056165933627 11.902566015720366 1710.4742647632957 1378.1890257056803 879.03499088436365
leaf_count=5283 8077 357 22520 117 13221 205 310 5371 28402 44 466 89 241 320 140 224 121 80 66 122142 327 8159 262 51 70 54 73 10433 8924 6095
internal_value=-1.4316e-05 -0.0028428 -0.000987663 0.0250193 0.000216251 -0.0015364 -0.00100669 0.00379242 -0.00200056 0.0189763 0.0155839 0.0337336 0.00167987 0.0170719 0.0489159 0.000624722 0.00232298 0.0632978 0.0475256 8.23955e-05 4.01542e-05 -0.00187893 0.00126383 0.0164827 0.0361127 0.0501786 0.0287778 0.00439459 0.00138151 0.00601681
internal_weight=32957.9 2484.11 1862.38 44.653 30473.8 5759.8 5504.72 944.412 4560.31 115.348 109.908 51.7989 829.064 88.3259 36.2053 24714 5981.94 27.3769 20.9404 18732.1 18700.7 4549.74 1381.65 81.4743 39.9173 31.8281 20.6763 3983.69 1394.18 2589.51
internal_count=242244 31071 22994 474 211173 49686 44403 7022 37381 1090 1046 580 5932 561 375 161487 38794 286 206 122693 122469 37071 8669 510 248 197 127 25573 9045 16528
is_linear=0
shrinkage=0.05


Tree=67
num_leaves=31
num_cat=0
split_feature=19 7 13 2 12 16 11 22 16 22 21 8 22 22 11 18 3 1 11 2 3 16 11 13 11 12 22 11 19 8
split_gain=8.30678 7.68367 7.18266 8.84865 6.81818 7.60838 6.96936 9.85006 7.33258 10.1042 7.13153 11.0405 8.23155 7.302 6.91397 9.10892 6.65325 7.561 7.42526 6.65127 8.36286 10.4574 13.3246 8.78643 7.38782 6.59626 19.3077 12.2637 9.85636 9.41249
threshold=0.9153519141481693 inf -0.93333333333333279 1.0000000180025095e-35 1.3350000000000004 0.56267436499705081 -0.11266666666666623 0.25905763288749006 0.56060739493146505 0.37913247108919362 0.018241195952096157 3.5000000000000004 0.33705911565917351 0.85931456936496875 -0.10083333333333309 0.061231751416934592 22.255000000000003 7.1350000000000007 -0.025000000000000796 5.3350000000000009 38.135000000000012 0.63762878544053814 -0.015000000000000123 -3.4824999999999995 -0.031666666666666725 1.3783333333333336 0.54636147087454934 -0.021666666666666941 0.44949815568309825 1.5000000000000002
decision_type=2 8 2 2 2 2 10 2 2 2 2 2 2 2 10 2 2 2 10 2 2 2 10 2 10 2 2 10 2 2
left_child=1 2 3 -1 5 6 7 -5 10 -10 11 -8 -13 14 15 -12 17 -2 -19 20 -18 23 -23 -22 -21 -4 -27 -28 -29 -30
right_child=16 -3 25 4 -6 -7 8 -9 9 -11 13 12 -14 -15 -16 -17 19 18 -20 24 21 22 -24 -25 -26 26 27 28 29 -31
leaf_value=0.00065761845521645687 0.0028067720715758636 -0.04589671373635229 0.00075828371859018931 0.036298030013123525 0.034856308616428626 -0.0086720268778111304 0.026219418854520844 -0.037768472036376469 0.077675332891704307 0.0067117029730470379 0.070584096976927468 -0.017423030156279228 0.05044575253088273 -0.023326495500184494 -0.0014973835874400329 0.00055573374354073082 -0.0080472573903134972 0.0092657341754085239 0.11974747697904065 -0.023734638759190435 0.069042551047431927 0.12120972053543455 -0.0019801387034797872 -0.0089392917241162724 -0.0070978844519690087 0.0012687952962831383 -0.014216918497636699 0.044752703871760141 -0.0068736561235652766 0.0089165243027044053
leaf_weight=3048.5308841448277 54.263049934059381 9.0847334917634708 22834.459965396672 5.3936944641172877 11.880947545170782 523.94127378985286 17.431881658732891 26.757712066173553 6.6044487990438965 20.858346000313759 7.722040360793474 164.20400713942945 4.5926288068294516 38.115603774785995 2947.8484121691436 11.648414880037306 67.72440268471837 3.2157880887389183 2.8852975293993941 102.25092077627778 4.4289502464234856 5.149559173732996 3.8258394636213762 19.586199533194304 192.08723747730255 1816.775390945375 396.14198644459248 10.657976865768431 478.35323325544596 117.57523439079523
leaf_count=24182 800 381 158463 66 81 3763 131 232 57 153 66 2634 39 400 25002 90 930 63 48 1956 57 85 55 250 3139 10754 3667 65 3769 866
internal_value=-1.40269e-05 7.99464e-05 9.28025e-05 -0.00134743 -0.00296149 -0.00308051 -0.00217941 -0.0253431 -0.00194805 0.0237775 -0.00216942 -0.0116642 -0.0155765 -0.00158107 -0.00130174 0.0284726 -0.00671997 0.00874042 0.0615143 -0.00908232 0.00200868 0.0226519 0.068699 0.00544237 -0.0128774 0.000476554 -0.00180511 -0.0073745 -0.00290593 -0.00375829
internal_weight=32954 32498.6 32489.5 6835.53 3787 3775.12 3251.18 32.1514 3219.03 27.4628 3191.56 186.229 168.797 3005.33 2967.22 19.3705 455.417 60.3641 6.10109 395.053 100.715 32.9905 8.9754 24.0151 294.338 25654 2819.5 1002.73 606.586 595.928
internal_count=242244 234861 234480 56896 32714 32633 28870 298 28572 210 28362 2804 2673 25558 25158 156 7383 911 111 6472 1377 447 140 307 5095 177584 19121 8367 4700 4635
is_linear=0
shrinkage=0.05


Tree=68
num_leaves=31
num_cat=0
split_feature=22 11 16 20 19 7 11 12 14 19 4 6 4 13 11 21 18 16 16 12 21 17 12 1 1 16 19 17 22 13
split_gain=7.93049 9.89736 9.90072 13.0982 7.50509 7.27303 7.26596 7.08063 7.03568 6.89846 6.88413 6.70124 8.78362 12.6262 8.6103 9.12313 8.80729 8.59128 8.3556 8.94589 8.21705 8.5332 8.21292 8.16029 8.27407 8.00199 9.86314 10.4397 11.0131 9.64754
threshold=0.84613323428584841 0.016666666666667055 0.37326528225163158 12.500000000000002 0.73655304385477283 inf 0.083333333333333495 -1.7433333333333327 -1.2550000000000006 0.083532066395419061 8.4500000000000011 5.5000000000000009 30.225000000000005 1.02 0.14500000000000005 0.068039103832413003 0.047250994395583119 0.73962877976480068 0.72222455199673774 0.33249999999999963 0.58973142641247656 49.500000000000007 1.7533333333333334 6.4650000000000007 6.1050000000000013 0.26000440327383417 0.47980951833079605 82.500000000000014 0.62649167549592655 -4.2991666666666655
decision_type=2 10 2 2 2 8 10 2 2 2 2 10 2 2 10 2 2 2 2 2 2 2 2 2 2 2 2 2 2 2
left_child=5 2 3 7 -3 9 10 -2 -5 -1 -6 22 13 14 15 23 -16 18 20 -20 -14 -22 -11 24 -13 -17 29 28 -28 -27
right_child=1 4 -4 8 6 -7 -8 -9 -10 11 -12 12 17 -15 16 25 -18 -19 19 -21 21 -23 -24 -25 -26 26 27 -29 -30 -31
leaf_value=-0.0097495117246041256 0.043789174059444103 -0.011659911981106774 -0.0089652664771535124 0.075122918082772397 0.050422589060309421 -0.045589790585447536 0.058491898677878254 -0.0080224626269679682 0.01565985727452476 0.00067890857214298879 0.005291422442771131 -0.01548157176705741 -0.00014639848934653338 0.0022335424073448894 0.060969927381471715 -0.029057230047988814 -0.0031894093011038517 -0.023232176466965442 0.074372101448026126 0.011156216865139106 0.0057981056179441078 0.090220246273843605 -0.0034602856310160901 0.0076557467766422459 -0.045369113480402685 0.055081566575361188 0.0027973561858040934 -0.017013118914917313 -0.029067200799149887 0.0016909229854081935
leaf_weight=175.48695102520287 7.4831836000084868 52.728881534188986 700.98720609024167 9.7095075026154536 8.9316869862377626 8.6983896763995272 7.3623689711093894 55.502461791038513 10.200719974935053 25962.715780269355 156.54559552296996 256.47320100292563 2913.7801681924611 464.89188399724662 9.1062593776732701 33.634946398437023 12.963350579142569 39.303779687732458 7.3365359380841282 23.595382042229176 7.2311483956873399 5.1073246002197266 1256.4056043624878 34.279459044337273 25.455135069787502 8.7447615638375265 200.97296618670225 203.49710519611835 31.345775112509727 260.82615877687931
leaf_count=3891 75 490 9846 77 99 381 72 544 88 182917 1807 2363 21340 3062 74 315 91 255 48 149 75 53 8762 220 178 69 1343 1374 288 1898
internal_value=-1.37095e-05 -0.00437707 -0.0070329 0.00930763 0.00485233 0.000124185 0.00988978 -0.00186684 0.0446579 0.000136637 0.00772739 0.000191266 -0.00158743 -0.00465346 -0.00762544 -0.00827189 0.0232837 -9.37991e-06 0.000299287 0.02615 2.60201e-05 0.0407434 0.000487848 -0.0153793 -0.0181801 -0.00523082 -0.0040947 -0.00874466 -0.00150199 0.00342289
internal_weight=32951.3 1009.45 783.883 82.8959 225.569 31941.9 172.84 62.9856 19.9102 31933.2 165.477 31757.7 4538.55 1542.19 1077.3 1055.23 22.0696 2996.35 2957.05 30.9319 2926.12 12.3385 27219.1 316.208 281.928 739.022 705.387 435.816 232.319 269.571
internal_count=242244 13098 10630 784 2468 229146 1978 619 165 228765 1906 224874 33195 11275 8213 8048 165 21920 21665 197 21468 128 191679 2761 2541 5287 4972 3005 1631 1967
is_linear=0
shrinkage=0.05


Tree=69
num_leaves=31
num_cat=0
split_feature=19 16 22 12 15 17 14 11 3 3 15 17 2 12 4 19 19 18 12 8 11 4 19 20 16 4 13 3 15 12
split_gain=7.35947 6.99702 12.4162 13.0492 12.5162 13.2907 10.9522 10.0761 15.2877 9.16071 13.936 11.8097 10.6349 11.9006 9.84647 9.05359 10.2723 12.3765 10.1499 9.30399 10.6891 9.60145 9.47282 8.91363 9.74282 8.6321 8.53387 8.49767 8.17338 8.15369
threshold=0.9153519141481693 0.5331418041935827 0.23441402336079839 -3.1508333333333325 0.25120844562037409 65.500000000000014 7.5883333333333338 -0.054999999999999265 42.120000000000012 32.645000000000003 0.18333215388498494 7.5000000000000009 5.4250000000000007 0.54166666666666752 20.055000000000003 0.64732104055690798 0.73655304385477283 0.060797327813229142 0.78666666666666762 4.5000000000000009 -0.018333333333333087 12.705000000000002 0.63372746074206188 1.5000000000000002 0.41967752011824655 37.425000000000004 -4.944166666666665 38.335000000000008 0.16624367508909543 1.6800000000000004
decision_type=2 2 2 2 2 2 2 8 2 2 2 2 2 2 2 2 2 2 2 2 8 2 2 2 2 2 2 2 2 2
left_child=1 2 3 -1 9 -6 29 8 -8 14 15 12 -12 -14 23 19 17 27 -19 21 -21 -11 -22 24 -4 26 -16 -17 -26 -5
right_child=-2 -3 4 6 5 -7 7 -9 -10 10 11 -13 13 -15 25 16 -18 18 -20 20 22 -23 -24 -25 28 -27 -28 -29 -30 -31
leaf_value=-0.041232914442353608 -0.0063490860429365279 0.00082883079206959277 0.050033233787290569 -0.0061646351435313794 -0.0068462052036293262 -0.040842640653614988 0.10490059597089769 0.0018924299012972373 0.014261538538258445 -0.011131596682637086 -0.0014087938005177896 -0.0060767057457799395 0.097162702209136809 0.012138707264821288 -0.038548710032862754 0.04495789820621543 0.0022269910128441504 -0.008423751987252313 -0.040870203491139234 0.0048404839002403662 -0.0016208715314641295 0.0049666518834458537 0.028446539657373961 0.0022848430115258596 -0.024542117299591798 0.00079051635232152146 -0.0032110740864564006 -0.011453702088783713 0.034732378846921701 -0.051027767127802909
leaf_weight=24.88492997828871 452.06051351502538 15803.04681200441 20.936290137469769 1058.7844379162416 199.09926375374198 33.600715693086386 6.0861429926008013 155.31690551526845 19.744386816397309 95.636099994182587 20.235496539622545 845.555071182549 7.8661751337349441 8.6314088962972146 17.153563095256686 17.707418270409111 487.34973901510239 396.54484083130956 25.66273806989193 1038.7885339763016 2266.5000274386257 2940.0406239405274 26.501844972372055 892.64308612421155 12.484511323273184 1779.6803102847189 4264.8101232368499 10.715663522481917 10.887604251503943 10.225610772147773
leaf_count=1082 7383 106903 162 11420 1406 235 54 1652 179 597 150 5876 55 57 144 113 4907 3144 209 7834 18172 18228 193 6643 94 13304 31833 67 76 72
internal_value=-1.33796e-05 7.47551e-05 -0.000639073 -0.00538095 -0.000246954 -0.0117551 -0.0046673 0.00670146 0.0356178 -7.06145e-05 0.00106474 -0.004871 0.0228831 0.0526788 -0.00139888 0.00178161 -0.00280449 -0.00824596 -0.0103959 0.00245718 0.000632819 0.00445949 -0.00127336 0.00337138 0.0252608 -0.00213622 -0.00335264 0.0236904 0.00307016 -0.00659377
internal_weight=32949.2 32497.1 16694.1 1275.04 15419 232.7 1250.16 181.147 25.8305 15186.3 8187.74 882.288 36.7331 16.4976 6998.6 7305.45 937.98 450.631 422.208 6367.47 3331.79 3035.68 2293 936.951 44.3084 6061.64 4281.96 28.4231 23.3721 1069.01
internal_count=242244 234861 127958 14459 113499 1641 13377 1885 233 111858 59602 6138 262 112 52256 53464 8440 3533 3353 45024 26199 18825 18365 6975 332 45281 31977 180 170 11492
is_linear=0
shrinkage=0.05


Tree=70
num_leaves=31
num_cat=0
split_feature=18 16 18 15 15 20 11 15 5 2 8 16 16 2 2 11 16 1 14 14 21 11 22 22 4 3 13 18 19 7
split_gain=6.98947 6.86204 10.4423 10.156 13.0157 9.94124 9.25487 8.99888 7.92265 10.3184 10.0949 13.1975 10.4443 9.24551 7.68468 9.92636 12.87 7.25573 7.18872 10.1015 9.62122 9.0883 14.084 9.03751 12.251 8.76244 7.95868 19.5082 7.95002 7.23656
threshold=0.71173574553882746 0.55335362457155446 0.63801809931974762 0.25120844562037409 0.24683074379718328 10.500000000000002 0.05333333333333324 0.24553745463784585 7.0150000000000006 4.1150000000000011 5.5000000000000009 0.40343019097198768 0.34210675298738752 5.7350000000000012 6.6750000000000007 0.073333333333333708 0.51622597361563038 7.3550000000000013 3.7233333333333332 3.8966666666666669 0.064109294482673759 0.091666666666667243 0.25249973903714346 0.55769167063938152 47.510000000000012 38.135000000000012 1.4066666666666672 0.06584623135386268 0.48111686528064052 -1.0000000180025095e-35
decision_type=2 2 2 2 2 2 8 2 10 2 2 2 2 2 2 10 2 2 2 2 2 10 2 2 2 2 2 2 2 10
left_child=1 2 3 4 6 -6 7 -1 18 -10 13 12 -12 -11 15 -15 -17 -5 -8 -20 21 -21 -23 24 26 -25 28 -28 -22 -30
right_child=-2 -3 -4 17 5 -7 8 -9 9 10 11 -13 -14 14 -16 16 -18 -19 19 20 23 22 -24 25 -26 -27 27 -29 29 -31
leaf_value=0.00011907720569016797 -0.0067346174534556802 0.00090391035105484455 -0.014280956717368128 -0.0073926665055104451 0.070635464949315704 0.01386943196664339 -0.0060378334621479192 -0.033767374867009668 -0.0086116571573779093 -0.00042753850045445228 0.023411369447715359 0.0078547936239137372 0.10965038760266664 0.0014032022846194923 -0.011420157042595219 0.096216149176374 0.014268976064175041 -0.048237895616102734 0.048335882887999025 -0.019878252179036399 -0.0031521851430825806 0.05536411887538753 -0.027477540685303989 -0.032110195297013429 0.062396567721309998 0.00099032933049407533 0.08831724886899231 -0.0061406131207250138 0.038758855526090534 0.0013202204397410244
leaf_weight=15719.216701921076 382.28018553182483 13955.806395999156 137.69494195282459 362.69751056004316 10.086824543774126 32.767644580453634 1570.8207389786839 19.616338908672333 106.79422830231488 136.77814387902617 6.2200354114174834 18.173237428069115 8.0604914501309377 11.090861953794958 9.9463597759604436 11.038508325815203 8.4658379629254323 11.20873638615012 11.106791466474531 87.319093734957278 116.02362462505698 11.083566458895804 9.5524406377226097 26.535979345440865 10.876020587980745 81.097726486623287 9.8729718551039714 12.246179126203058 26.363602578639984 25.287628777325153
leaf_count=117840 6681 94345 1742 2464 63 215 12813 132 955 991 62 157 74 75 68 73 55 77 92 884 850 116 83 196 74 591 60 75 175 166
internal_value=-1.31075e-05 6.5799e-05 -0.000562774 -0.000460506 -0.000291976 0.0272307 -0.000357307 7.68423e-05 -0.00330925 0.00403991 0.0104807 0.0361192 0.0720881 0.00578829 0.0267591 0.039171 0.0606471 -0.0086171 -0.00447355 0.0012761 2.04265e-05 -0.0128257 0.0170166 0.00451859 0.0107882 -0.00717026 0.00783078 0.036021 0.00411201 0.0204295
internal_weight=32946.1 32563.8 18608 18470.3 18096.4 42.8545 18053.6 15738.8 2314.75 316.568 209.773 32.4538 14.2805 177.32 40.5416 30.5952 19.5043 373.906 1998.19 427.366 416.259 107.955 20.636 308.304 200.67 107.634 189.794 22.1192 167.675 51.6512
internal_count=242244 235563 141218 139476 136935 278 136657 117972 18685 2510 1555 293 136 1262 271 203 128 2541 16175 3362 3270 1083 199 2187 1400 787 1326 135 1191 341
is_linear=0
shrinkage=0.05


Tree=71
num_leaves=31
num_cat=0
split_feature=7 22 11 16 14 11 20 12 1 21 18 17 19 2 19 16 3 11 4 13 12 16 12 12 16 11 3 12 12 11
split_gain=6.7589 6.793 9.01885 9.04566 8.50165 9.84769 8.85119 8.65847 8.38423 8.62413 7.09568 6.96096 7.39756 9.43841 6.74333 6.48516 6.66683 6.2401 6.13013 9.14372 6.33267 9.48528 6.00418 12.8082 13.4423 10.8451 8.59236 7.26291 11.2049 7.14988
threshold=inf 0.84613323428584841 0.016666666666667055 0.39613057844221472 6.7516666666666678 -0.058333333333333119 8.5000000000000018 -0.1333333333333335 3.9250000000000003 0.61151862450948513 0.30750960660679788 32.500000000000007 0.75581830716137455 4.0050000000000008 0.73655304385477283 0.15488374374204369 52.015000000000008 0.083333333333333495 44.750000000000007 -3.172499999999999 -1.7433333333333327 0.13889500454699186 1.0200000000000002 1.5550000000000002 0.65427186680926452 0.040000000000000487 24.015000000000004 -0.01666666666666616 -0.12416666666666652 0.043333333333333453
decision_type=8 2 10 2 2 10 2 2 2 2 2 2 2 2 2 2 2 10 2 2 2 2 2 2 2 8 2 2 2 10
left_child=1 15 3 4 5 -3 11 8 -8 -10 -6 12 -7 -14 -4 16 18 22 20 -20 -1 -22 26 24 25 -24 -16 28 29 -28
right_child=-2 2 14 -5 10 6 7 -9 9 -11 -12 -13 13 -15 17 -17 -18 -19 19 -21 21 -23 23 -25 -26 -27 27 -29 -30 -31
leaf_value=-0.015486991607573875 -0.045219511022414068 -0.035131274523577005 -0.011031672469282383 -0.0087959449841770263 0.0293656915289995 -0.0065525956761150863 0.018627646392089078 -0.021024313183093599 0.041589040813508775 0.11325894062063779 -0.03770198102678271 -0.016619171530192295 0.0038668712135064513 0.098865633800685554 0.026851239087588394 0.00018230618255065965 0.055119619010716797 0.053585221077023341 0.064119227851067162 -0.014131511685928326 0.059043266758289907 -0.022241467215964705 -0.0024723976651114463 -0.013863501215726107 0.1168286079819678 0.087528866262832614 0.014780831349661764 -0.015779054627950793 0.070641050970262811 -0.031572666133120229
leaf_weight=166.01516125537455 8.266125491820274 9.2962095588445646 52.129380267113447 667.56825792044401 5.2003224566578892 9.9859612286090869 14.36696866899729 5.4946706444025031 10.527170754969122 6.9808229431509963 16.320895582437515 21.235408782958984 4.9958623647689802 5.4853417612612247 28.769563149660826 31732.870241871104 3.9901867825537911 7.6631097421050063 6.6803758926689616 8.4622713252902013 7.3077089637517911 7.0527712255716324 10.518097683787348 12.420150529593228 5.563023939728736 4.9095264934003344 27.258578449487686 58.041086379438639 6.6903910040855399 11.973132498562334
leaf_count=2438 381 92 490 9584 48 98 123 50 89 57 171 207 52 59 293 225927 48 72 96 118 72 66 137 182 84 61 269 691 69 120
internal_value=-1.28265e-05 -1.4807e-06 -0.00405234 -0.00660777 0.00668517 0.0135484 0.0192715 0.0369433 0.0469358 0.0701654 -0.021496 0.00343579 0.0242435 0.0535845 0.00474104 0.000125807 -0.00886065 0.0094717 -0.0101664 0.0203898 -0.0127316 0.0191224 0.00743704 0.0263823 0.0501957 0.0261687 0.00266823 -0.00402389 0.0108335 0.0006342
internal_weight=32944 32935.8 1003.39 777.458 109.89 88.3684 79.0722 37.3696 31.875 17.508 21.5212 41.7026 20.4672 10.4812 225.936 31932.4 199.508 173.807 195.518 15.1426 180.376 14.3605 166.144 33.4108 20.9906 15.4276 132.733 103.963 45.9221 39.2317
internal_count=242244 241863 13098 10630 1046 827 735 319 269 146 219 416 209 111 2468 228765 2838 1978 2790 214 2576 138 1906 464 282 198 1442 1149 458 389
is_linear=0
shrinkage=0.05


Tree=72
num_leaves=31
num_cat=0
split_feature=7 21 1 12 16 22 14 19 18 15 12 21 11 13 15 3 17 11 3 13 2 11 4 4 12 15 3 22 19 3
split_gain=6.38236 6.36649 10.891 14.8862 9.21605 10.2893 8.54308 7.99697 11.4011 11.9774 7.68308 10.2958 9.27549 8.52159 7.80125 7.50143 9.51816 11.0334 8.98664 7.88581 12.3922 10.4613 10.23 12.0989 9.81783 11.7405 10.4518 9.40421 14.6282 8.90097
threshold=inf 0.16668095353895623 6.3150000000000004 -0.52666666666666584 0.61073800195716765 0.50807349787288314 6.8891666666666653 0.3886414827485461 0.064647112002774079 0.10509995132467947 -1.1383333333333332 0.015976201914470817 0.081666666666667456 -4.2991666666666655 0.07555619173360005 34.935000000000009 124.50000000000001 0.075000000000000636 37.435000000000009 -1.046666666666666 1.9900000000000002 -0.071666666666665865 35.615000000000002 32.995000000000012 -1.4533333333333327 0.054352444501639598 26.625000000000004 0.51741219038772213 0.48559955889703998 29.925000000000004
decision_type=8 2 2 2 2 2 2 2 2 2 2 2 10 2 2 2 2 8 2 2 2 10 2 2 2 2 2 2 2 2
left_child=1 10 7 -4 -5 -6 -7 8 -3 -10 11 -1 15 -14 -15 19 17 -17 -19 20 22 29 23 27 -24 -26 -27 28 -13 -21
right_child=-2 2 3 4 5 6 -8 -9 9 -11 -12 12 13 14 -16 16 -18 18 -20 21 -22 -23 24 -25 25 26 -28 -29 -30 -31
leaf_value=-0.019097600747981218 -0.044897724289051338 -0.0046770875009179676 0.060826366605430261 -0.01550971255107623 0.063462842413896478 -0.0021734747160712933 -0.018118046451502348 -0.00085805907790108228 0.059711778331480031 -0.00076095072529326559 0.00052978419209301255 -0.0011164286931013721 0.038243550645359004 -0.030963783618502203 -0.0037245076402052067 0.00023531699142591007 0.020520995922163845 0.097399057749223125 0.013769251831385233 0.064818424466097896 -0.013649518091014654 0.00015872045074050693 0.0027194331413427902 -0.024049877199142713 0.083714039785470248 0.055155258685560121 -0.012135997956226593 -0.019718283742300814 0.042409064819326374 -0.0072986857213664276
leaf_weight=88.201056344434619 7.9179281508550039 32.570450738072395 8.07769652828574 248.58912778645754 5.5794369876384726 521.77434223890305 100.13143333420157 3377.4936021119356 21.359392717480659 13.278294198215006 25968.592961277813 199.59735543653369 6.8865048643201581 60.547175006940961 46.45111246407032 1005.2418736051768 65.384475769475102 5.1768991146236649 8.4646650813519937 11.743572760373356 350.15590844489634 452.73870299197733 142.88231097906828 76.305996837094426 8.4902170561254007 9.734955310821535 14.169892348349093 56.794155411422253 21.370604485273361 6.7308827564120284
leaf_count=1833 381 247 95 3449 36 8031 1563 33390 164 92 167227 2648 86 756 499 9649 570 53 86 98 3479 4111 1822 881 77 85 122 505 157 52
internal_value=-1.25616e-05 -1.77057e-06 -0.00178881 -0.00673908 -0.00736206 -0.00413422 -0.00474067 -0.000518222 0.01656 0.0365297 0.000268659 -0.00230277 -0.0017216 -0.0156686 -0.0191384 -0.0010693 0.00202817 0.000841438 0.0455063 -0.00355576 -0.00635217 0.00166365 -0.00152506 -0.00641561 0.00835406 0.0332062 0.0152675 -0.00157117 0.00309308 0.0385437
internal_weight=32942.4 32934.5 4328.85 884.152 876.074 627.485 621.906 3444.7 67.2081 34.6377 28605.7 2637.07 2548.87 113.885 106.998 2434.98 1084.27 1018.88 13.6416 1350.71 879.501 471.213 529.345 354.068 175.277 32.3951 23.9048 277.762 220.968 18.4745
internal_count=242244 241863 47067 13174 13079 9630 9594 33893 503 256 194796 27569 25736 1341 1255 24395 10358 9788 139 14037 9776 4261 6297 4191 2106 284 207 3310 2805 150
is_linear=0
shrinkage=0.05


Tree=73
num_leaves=31
num_cat=0
split_feature=22 16 15 21 1 12 16 22 19 19 1 11 11 2 22 16 3 13 13 2 11 18 11 16 16 9 13 16 18 3
split_gain=6.11609 11.7086 7.55886 6.73123 9.91167 12.9415 8.50107 8.97048 8.25439 10.2391 9.30179 8.78966 9.55182 16.423 13.5488 16.6062 9.95978 7.90534 7.64233 10.0762 9.16655 8.93353 15.0974 7.57731 7.24173 16.9251 27.0916 10.2666 9.20593 10.8434
threshold=0.21309238001787664 0.38905635975764657 0.015151242221318825 0.16668095353895623 6.3150000000000004 -0.52666666666666584 0.61073800195716765 0.50807349787288314 0.69498861242619614 0.70618457501723964 7.6350000000000007 -0.0049999999999994485 0.0016666666666673715 6.6750000000000007 0.79947321436259844 0.6833342768920122 28.755000000000006 1.6766666666666672 2.0425000000000009 7.8850000000000007 0.040000000000000487 0.72057929482334837 0.050000000000000273 0.72690824549351751 0.62907968549714199 2.5000000000000004 0.66916666666666658 0.62500416976688844 0.68875378729289316 32.805000000000007
decision_type=2 2 2 2 2 2 2 2 2 2 2 10 10 2 2 2 2 2 2 2 10 2 8 2 2 2 2 2 2 2
left_child=1 2 -1 -2 -5 -6 -7 -8 23 -10 11 24 13 16 -15 17 -13 -16 19 20 -14 22 -22 -9 25 28 27 -27 29 -11
right_child=3 -3 -4 4 5 6 7 8 9 10 -12 12 18 14 15 -17 -18 -19 -20 -21 21 -23 -24 -25 -26 26 -28 -29 -30 -31
leaf_value=0.063942004220394463 0.00042109130650425932 -0.0014283363286244407 -0.016043380107162521 -0.00049290592722747565 0.055097838828060457 -0.014922334013751702 0.057964220809475678 -0.023420656248961249 0.052743011973695089 0.060652509284714232 -0.032339387180185621 0.066706591745273408 -0.0032710630524328595 0.15128750367514882 -0.053206698938200937 0.12437847873791436 -0.027451828502770649 0.052715691309685613 -0.01924558374291287 0.086819663251240436 0.10811417288983526 -0.012101036988623822 0.01843314600826719 0.027815991002871462 -0.0097175711696200606 -0.0071612115757174136 0.16059998240575077 0.097800971690921307 -0.04819271674884288 -0.022821079402217882
leaf_weight=3.001066690310835 27235.44108442869 1190.7629918036982 187.37998580094427 3443.2983644045889 8.4611311480402929 245.53495854511857 5.7973208874464026 79.431624915450811 8.3514588810503465 6.5539753027260366 25.789323382079601 3.7452864348888424 84.956141870468855 3.8322815597057334 3.7671025767922384 3.9422455988824368 11.228117555379866 3.308637447655201 32.869828671216965 3.918074205517768 6.7329784519970435 9.6056841462850553 15.488288257271053 7.9369900301098815 269.50973832979798 10.746803700923921 4.2090907022356978 2.9745262190699568 11.018438450992106 9.573369871824978
leaf_count=83 182638 9265 3191 33893 95 3449 36 544 58 115 476 63 1263 43 67 71 176 61 512 64 88 150 192 57 4894 183 76 52 227 162
internal_value=-1.23569e-05 -0.00326912 -0.0147825 0.000130176 -0.0017028 -0.0064408 -0.00703872 -0.00394303 -0.00452237 -0.0021837 -0.0030595 -0.00154316 0.00715698 0.0330507 0.0703077 0.0421413 -0.00390005 -0.00367707 0.00212839 0.00794904 0.00530293 0.0281896 0.0456062 -0.0187661 -0.0066151 0.0119345 0.0496325 0.0155926 -0.0129658 0.0111017
internal_weight=32939.2 1381.14 190.381 31558 4322.58 879.283 870.822 625.287 619.49 532.121 523.77 497.981 183.395 29.8237 14.8503 11.018 14.9734 7.07574 153.571 120.701 116.783 31.827 22.2213 87.3686 314.586 45.0762 17.9304 13.7213 27.1458 16.1273
internal_count=242244 12539 3274 229705 47067 13174 13079 9630 9594 8993 8935 8459 2750 481 242 199 239 128 2269 1757 1693 430 280 601 5709 815 311 235 504 277
is_linear=0
shrinkage=0.05


Tree=74
num_leaves=31
num_cat=0
split_feature=7 22 11 16 20 12 19 16 9 16 14 22 12 13 20 12 8 11 15 14 2 22 19 18 3 15 3 15 17 3
split_gain=6.017 5.62841 8.0774 8.10279 9.26323 6.21146 6.126 5.93776 7.60536 5.90009 12.337 9.54251 12.6869 18.9008 12.1396 9.64468 11.2101 9.48515 10.8508 9.96526 9.38972 8.54634 12.6837 17.1292 10.3966 10.2969 10.4306 8.51734 13.3808 14.5531
threshold=inf 0.84613323428584841 0.016666666666667055 0.37037949734683379 12.500000000000002 -1.7433333333333327 0.73655304385477283 0.41666820031467394 3.5000000000000004 0.50837041715515496 10.135833333333332 0.26307786197712674 -3.1508333333333325 -1.9524999999999995 26.500000000000004 -1.2891666666666663 5.5000000000000009 -0.052666666666666632 0.21692028769544594 0.27583333333333476 6.5250000000000012 0.82646217888052742 0.78159727382308752 0.45181038063338563 44.240000000000002 0.12089990794152009 20.075000000000003 0.15192110843781423 59.500000000000007 41.445000000000007
decision_type=8 2 10 2 2 2 2 2 2 2 2 2 2 2 2 2 2 8 2 2 2 2 2 2 2 2 2 2 2 2
left_child=1 9 3 4 5 -3 7 8 -4 10 11 12 13 -1 -14 -16 -17 19 21 -11 -21 -19 -23 -24 25 -25 -27 -13 29 -29
right_child=-2 2 6 -5 -6 -7 -8 -9 -10 17 -12 27 14 -15 15 16 -18 18 -20 20 -22 22 23 24 -26 26 -28 28 -30 -31
leaf_value=-0.045929998585731768 -0.044560414808343725 0.041216123795890916 0.048142325069878755 -0.0078997343391434254 0.038313131152708457 -0.0069247059011714948 0.0090741357317468321 -0.032724282360886467 -0.010325210468003686 0.0011920628416481462 0.0038560840243578084 5.2600591829013989e-05 -0.00552704708586833 0.15648197253696794 0.0010243599224101486 0.020943234268345084 0.095235526341649834 0.0022376546299364693 -0.00018180664011708378 -0.0026422166962069842 -0.012494382782998406 -0.020152761439733012 0.076512529376311506 0.066957724510699299 0.0734048229666453 0.079164194938222562 0.00058610668856925844 0.0014130253704463316 -0.0079221862409560081 -0.015129749175931973
leaf_weight=28.087944947183136 7.5781055726110926 7.6636100634932509 7.1124221459031096 689.36022010445595 20.034456193447113 53.316012006253004 174.70795617625117 19.027385719120502 25.51489544659853 1050.3511611893773 1367.9673069827259 8876.2023292463273 1275.5804083049297 1.2026994721963991 48.162664530798793 23.062044993042949 6.5112445950508109 7803.6653046607971 7758.1210680231452 828.96178587898612 341.45705949142575 21.136636063456535 12.796507865190504 7.3127632290124884 7.0210300348699084 4.4731818698346606 75.589280899614096 1298.38128140755 948.62956530228257 148.11346006765962
leaf_count=1236 381 75 65 9870 158 527 1978 194 231 7788 10127 65212 13444 49 1205 183 57 51123 51706 6013 2603 241 131 78 92 56 955 9007 6432 1027
internal_value=-1.2245e-05 -1.9931e-06 -0.00370196 -0.00614184 0.00881636 -0.00087461 0.00460159 -0.0105256 0.00242012 0.000113496 -0.000654636 -0.00114227 -0.00506264 -0.0376188 -0.00435801 0.0148249 0.0373004 0.000714844 0.00114773 -0.00234356 -0.00551648 0.00244812 0.0152465 0.0222266 0.0148676 0.0101638 0.00497635 -0.000661377 -0.00330734 -0.000280868
internal_weight=32937.1 32929.5 996.737 770.374 81.0141 60.9796 226.363 51.6547 32.6273 31932.8 14021.9 12653.9 1382.61 29.2906 1353.32 77.736 29.5733 17910.9 15690.1 2220.77 1170.42 7931.99 128.329 107.193 94.3963 87.3752 80.0625 11271.3 2395.12 1446.49
internal_count=242244 241863 13098 10630 760 602 2468 490 296 228765 107979 97852 16174 1285 14889 1445 240 120786 104382 16404 8616 52676 1553 1312 1181 1089 1011 81678 16466 10034
is_linear=0
shrinkage=0.05


Tree=75
num_leaves=31
num_cat=0
split_feature=7 16 14 17 15 19 3 4 11 15 17 17 11 13 2 3 16 11 3 11 11 17 5 22 3 18 17 16 12 13
split_gain=5.67912 5.50336 6.15112 5.70045 6.74042 5.48625 5.88884 6.94028 8.68131 7.76842 9.9296 7.06075 6.87519 6.60531 5.88953 7.5011 8.99355 10.5743 7.67121 6.76885 6.43552 5.79411 5.39481 11.6323 8.37737 5.87898 12.1495 5.77654 5.18342 7.44035
threshold=inf 0.15488374374204369 18.775833333333338 19.500000000000004 0.045134471525758627 0.9153519141481693 22.255000000000003 36.045000000000009 -0.0063333333333335231 0.29166628035002856 95.500000000000014 138.50000000000003 -0.033333333333332764 1.1516666666666668 5.3350000000000009 38.135000000000012 0.63762878544053814 -0.015000000000000123 41.215000000000011 -0.031666666666666725 -0.021666666666666941 56.500000000000007 6.9450000000000012 0.8616784771393674 33.185000000000009 0.59671863747042098 117.50000000000001 0.61671213899056798 2.4250000000000007 1.4833333333333338
decision_type=8 2 2 2 2 2 2 2 10 2 2 2 10 2 2 2 2 10 2 10 10 2 10 2 2 2 2 2 2 2
left_child=1 2 3 4 -1 28 7 9 12 11 -11 -7 13 -9 15 -8 18 -18 20 -16 -17 -20 25 27 -25 26 -21 -24 -3 -30
right_child=-2 5 -4 -5 -6 6 14 8 -10 10 -12 -13 -14 -15 19 16 17 -19 21 22 -22 -23 23 24 -26 -27 -28 -29 29 -31
leaf_value=0.045082176915164696 -0.04422308972725917 0.00017675887842603149 0.048235523270240221 -0.011989649735256885 -0.03159429817858278 -0.023380718629229389 -0.0069866535696954963 -0.0086596532706908393 0.070736589959447871 0.097509610641400332 -0.021341947002218351 0.036091404465602051 -0.043032265583542381 0.097166470281237177 -0.022102506408225552 -0.0077194541104998434 0.10740479302085669 -0.0010550306521055299 0.02413266858324168 -0.010129465529101796 0.073076461982918742 -0.043168310534440549 -0.046824517107580614 0.0013611512005433008 0.099046086936699584 -0.012631504387860759 0.074433877263333878 0.015863163314678342 -0.029836821664244895 -0.0037398169325156246
leaf_weight=9.3885071938857418 7.2621279675513497 32062.342175636441 4.6999825965613118 181.06196582131088 4.1256828773766747 27.575015179812908 66.34116543456912 3.3041677102446556 8.7205175645649415 3.9671509750187388 3.1549364551901817 6.0935945920646182 4.5497834980487841 2.662803266197443 97.331322953104973 4.2683457061648369 5.5786256939172745 3.7632400095462781 5.0548736825585356 13.484680589288475 5.8321255296468753 8.7060487791895849 6.4186893515288856 3.6256170086562616 5.5614284314215183 143.50054252520204 6.2005930691957465 8.5967952311038953 31.900498691946268 189.87689151614904
leaf_count=136 381 230039 61 2597 61 416 930 52 105 63 60 92 72 51 1956 58 85 55 63 182 69 117 87 58 89 2504 84 135 230 1356
internal_value=-1.20656e-05 -2.31492e-06 -0.00828628 -0.00965156 0.021674 4.81243e-05 -0.00547018 0.00909409 0.0338507 -0.00258133 0.0448608 -0.012617 0.00326477 0.038566 -0.00774534 0.00272343 0.0221245 0.0637133 0.00584224 -0.0114055 0.038933 -0.0184463 -0.00584931 0.0161798 0.0604953 -0.00911652 0.0165068 -0.010934 0.000124067 -0.00749361
internal_weight=32934.9 32927.7 199.276 194.576 13.5142 32728.4 444.292 60.028 19.2373 40.7907 7.12209 33.6686 10.5168 5.96697 384.264 99.5444 33.2033 9.34187 23.8614 284.72 10.1005 13.7609 187.388 24.2025 9.18705 163.186 19.6853 15.0155 32284.1 221.777
internal_count=242244 241863 2855 2794 197 239008 7383 911 280 631 123 508 175 103 6472 1377 447 140 307 5095 127 180 3139 369 147 2770 266 222 231625 1586
is_linear=0
shrinkage=0.05


Tree=76
num_leaves=31
num_cat=0
split_feature=7 18 13 14 16 19 21 15 12 9 16 14 15 5 1 21 22 17 4 4 16 12 9 15 4 12 13 16 3 4
split_gain=5.35887 5.09908 9.75327 8.53789 7.65717 7.5582 16.104 7.12337 8.4509 5.55983 7.27677 16.91 10.3923 8.5668 6.88011 9.16792 13.1842 12.9982 15.0961 10.6906 8.63541 9.83465 9.0734 10.1198 8.07193 8.02765 11.5467 9.91154 9.99539 9.7673
threshold=inf 0.78518842010839396 -0.88166666666666604 2.5700000000000025 0.65909591281117519 0.95584937490309774 0.61151862450948513 0.33545698805186658 1.2116666666666676 5.5000000000000009 0.78295944647929161 -5.9641666666666664 0.34788983690453373 6.6850000000000014 6.9350000000000014 0.094828872233491499 0.4915058868531561 19.500000000000004 31.420000000000005 35.280000000000008 0.64191533622990649 0.31166666666666704 4.5000000000000009 0.25632406844708344 36.455000000000005 1.0516666666666674 0.62333333333333341 0.6276906882145924 45.115000000000002 46.695000000000007
decision_type=8 2 2 2 2 2 2 2 2 2 2 2 2 10 2 2 2 2 2 2 2 2 2 2 2 2 2 2 2 2
left_child=1 9 3 -3 -4 -6 7 8 -7 10 14 12 -12 -13 -1 16 20 19 -19 -18 22 -22 -16 -24 -20 26 27 -17 -29 -28
right_child=-2 2 4 -5 5 6 -8 -9 -10 -11 11 13 -14 -15 15 25 17 18 24 -21 21 -23 23 -25 -26 -27 29 28 -30 -31
leaf_value=0.00045374773681135629 -0.04387752268976667 0.0038359748921942896 -0.030275895283746253 0.094436585198191203 -0.01428570690169487 -0.0082076460247610932 0.14284787590578901 -0.052575414614565052 0.10640432222411463 -0.0016868921814049761 0.081380817583833101 0.043175291342386402 0.012085503659270207 -0.0033327360099575081 -0.011193216287235914 -0.023390942704710552 0.079693529942722025 -0.033762744573671399 0.059565896100248386 0.012115752681301393 -0.01179160949355436 0.0052462529441426112 0.051265782350487246 -0.014873693809945876 -0.00093578876931078359 -0.0095463413318194138 0.0033666120536695828 -0.0064863884573673931 0.027276889989452331 0.042069078300262394
leaf_weight=26425.432681202888 6.9609950724989167 8.6971720494329912 48.176363814622164 3.7093788087368003 35.005586218088865 4.4795171841979009 2.5541363880038253 3.7370561771094799 2.5093274787068367 4109.1324056396261 12.836312912404539 11.480545088648794 9.3528041429817659 71.991749096661806 231.09175928682089 79.360025085508823 14.319537222385408 14.987188555300234 11.767066672444345 9.897485285997389 99.872330516576767 557.41603645682335 12.851231433451177 10.516133666038511 10.372506231069563 590.80805974826217 284.98648520559072 207.66594818606973 24.507415987551212 17.290935639292002
leaf_count=189236 381 143 916 58 709 90 52 82 49 34540 91 89 66 499 1409 604 86 89 70 59 639 3263 86 67 62 4749 2218 1532 178 132
internal_value=-1.18079e-05 -2.53438e-06 -0.0108056 0.0309242 -0.0161727 -0.00210139 0.0300159 0.0031475 0.0329435 3.3303e-05 0.000279517 0.0133768 0.0521726 0.00306385 0.000231135 -0.00247016 0.0011394 0.0235768 0.00498834 0.0520745 -0.000370229 0.00265742 -0.00819088 0.0215007 0.0312205 -0.00538596 -0.00138148 -0.0081366 -0.00292245 0.00558048
internal_weight=32933.8 32926.8 108.869 12.4066 96.462 48.2856 13.28 10.7259 6.98884 32817.9 28708.8 105.661 22.1891 83.4723 28603.1 2177.71 973.091 61.3438 37.1268 24.217 911.747 657.288 254.459 23.3674 22.1396 1204.62 613.811 311.533 232.173 302.277
internal_count=242244 241863 2099 201 1898 982 273 221 139 239764 205224 745 157 588 204479 15243 5830 366 221 145 5464 3902 1562 153 132 9413 4664 2314 1710 2350
is_linear=0
shrinkage=0.05


Tree=77
num_leaves=31
num_cat=0
split_feature=22 16 15 18 21 3 6 12 3 7 15 18 1 18 5 12 8 21 19 14 4 21 15 15 12 13 19 18 15 16
split_gain=5.32418 10.398 6.61049 6.01091 14.2119 13.9416 11.9654 10.0373 8.72255 9.22836 8.15541 11.2667 7.78467 12.8045 13.4545 7.48153 10.2953 10.3502 12.7055 13.8164 11.7728 10.4196 9.93572 8.90068 9.45491 9.73197 8.72205 13.8713 14.8908 17.0618
threshold=0.21309238001787664 0.38905635975764657 0.015151242221318825 0.091514990863792348 0.1783024256120633 33.185000000000009 4.5000000000000009 -1.8183333333333325 39.400000000000006 0.75000000000000011 0.072877880971863707 0.079916491924904062 2.6250000000000004 0.06584623135386268 6.7650000000000006 0.50666666666666738 2.5000000000000004 0.016625604867872453 0.52595562374154603 3.0499999999999994 36.455000000000005 0.15284793837319438 0.085461737778940824 0.2265209899244105 0.51833333333333409 1.5050000000000003 0.2361421748319876 0.027571017801735594 0.14903177283143354 0.56191518473828461
decision_type=2 2 2 2 2 2 10 2 2 8 2 2 2 2 8 2 2 2 2 2 2 2 2 2 2 2 2 2 2 2
left_child=1 2 -1 4 5 7 10 -2 9 -5 -6 -12 13 14 -9 -7 17 20 19 21 -17 26 -21 24 -18 -26 -19 28 -28 -30
right_child=3 -3 -4 8 6 15 -8 12 -10 -11 11 -13 -14 -15 -16 16 23 18 -20 22 -22 -23 -24 -25 25 -27 27 -29 29 -31
leaf_value=0.057628247278845759 -0.0093086654647987974 -0.0013316075665480373 -0.015243326574240032 0.00020780264864062536 -0.034228718586126486 0.0013189276704060743 0.066692947835970809 0.087630203141968913 -0.0026332633112242914 -0.015485349171393173 0.055929793813013287 -0.008511282665647657 -0.00053487804247432107 -0.030286720666372353 0.014991818279938077 -0.00069490343010939891 0.062611825018917197 -0.0035150338198864451 -0.0031470709588265022 0.041497564232384744 -0.039412809651891985 0.066912633369281091 0.0010594983492138203 -0.0058666989096825654 0.008758303126296503 0.029993467723133223 0.075305866388763285 0.0084553719739699842 -0.018141658127826418 0.030359226560931027
leaf_weight=3.165672466158866 332.08202921319753 1189.0047472156584 183.98783489502966 12686.786679856479 7.4757647663354865 5701.1554365074262 14.071331977844237 9.3149827010929602 3811.9601534763351 94.376267014071345 14.01651392132044 13.142862670123575 6850.0991217307746 8.9735796898603422 20.197845038026571 60.450354973785579 10.667224965989588 75.28529114369303 427.21524778008461 15.571565657854078 29.077439211308956 8.8449132069945318 619.93849797546864 53.182972770184278 195.52926327753812 74.517110630869865 14.674560278654097 278.84903544280678 21.827074633911252 107.13726032711565
leaf_count=83 4433 9265 3191 95226 52 41561 97 90 28573 686 92 86 46859 78 207 369 63 476 2491 90 176 54 3610 312 1149 428 85 1609 130 623
internal_value=-1.159e-05 -0.00305593 -0.0140107 0.000121172 0.000847858 0.0007598 0.0278125 -0.000818195 -0.000534137 9.19242e-05 0.0120165 0.0247457 -0.00040889 0.0220155 0.0379183 0.00224073 0.00487794 0.00326558 0.0042089 0.00696042 -0.01327 0.0131197 0.00205033 0.0128885 0.0164418 0.014618 0.0121639 0.0149578 0.027581 0.0221505
internal_weight=32932.6 1376.16 187.154 31556.4 14963.3 14914.6 48.7065 7220.67 16593.1 12781.2 34.6351 27.1594 6888.59 38.4864 29.5128 7693.92 1992.77 1658.87 1569.34 1142.13 89.5278 506.618 635.51 333.897 280.714 270.046 497.773 422.488 143.639 128.964
internal_count=242244 12539 3274 229705 105220 104893 327 51667 124485 95912 230 178 47234 375 297 53226 11665 9713 9168 6677 545 2977 3700 1952 1640 1577 2923 2447 838 753
is_linear=0
shrinkage=0.05


Tree=78
num_leaves=31
num_cat=0
split_feature=18 17 12 22 10 3 18 21 11 14 11 13 21 1 2 4 12 14 3 15 19 15 14 16 6 22 9 10 11 7
split_gain=5.02272 11.0344 10.7824 10.8682 15.8403 9.53713 7.74021 12.2293 10.2325 9.90422 10.3071 13.7871 9.53333 10.2939 13.9611 11.8623 10.1974 12.7083 9.12912 9.44496 10.0568 8.58909 8.50954 8.50854 8.23268 11.716 14.1459 9.28805 10.4508 8.63694
threshold=0.013766976818693271 11.500000000000002 0.43833333333333396 0.36347856774368886 2.5000000000000004 40.985000000000007 0.091514990863792348 0.1783024256120633 0.030000000000000696 7.1625000000000005 0.015000000000000126 2.8158333333333343 0.057667393289820353 6.4650000000000007 6.2950000000000008 30.605000000000004 1.2533333333333334 -0.66499999999999726 36.785000000000004 0.21692028769544594 0.4591288122719242 0.16666561089448781 35.583333333333343 0.57768766222169265 1.5000000000000002 0.55245164419385462 1.5000000000000002 2.5000000000000004 -0.013333333333334084 0.75000000000000011
decision_type=2 2 2 2 2 2 2 2 10 2 10 2 2 2 2 2 2 2 2 2 2 2 2 2 10 2 2 2 10 8
left_child=1 -1 -3 -4 5 -5 7 9 -9 10 -2 12 -12 -14 15 16 17 -15 19 -17 -21 23 24 -16 25 29 -27 28 -28 -8
right_child=6 2 3 4 -6 -7 22 8 -10 -11 11 -13 13 14 21 18 -18 -19 -20 20 -22 -23 -24 -25 -26 26 27 -29 -30 -31
leaf_value=-0.022346463207990816 0.0017477946256830306 -0.0033829402507122111 0.0010952231694979981 0.072867101043995117 0.0038809396743236576 0.01544950462665106 0.0017542068870951251 0.012642569510673019 0.064776435669575985 0.0042739480384992399 -0.0063245866999094257 0.015129745616255333 -0.0014797442986581929 -0.009627006573250876 0.056660787117974815 -0.0070244113865932925 -0.0381371195832357 0.068422196560326859 0.071275297354268727 0.081763418867182372 0.023094669770919795 -0.003650495261557864 -0.018772744500556729 -0.0074391684593832904 0.00012482262018585617 -0.013268441065180431 -0.0079626566048808158 0.00043900002878049474 0.055995356041052241 -0.020116840365370054
leaf_weight=63.925146149471402 6187.9197490867227 2355.2128980467096 1166.329023566097 17.399619162082676 56.098538458347321 12.376418575644491 1275.0515793934464 36.928843639791012 12.631284907460211 1995.9163468051702 945.6121470797807 122.31705992110074 3036.0480624046177 13.939457789063452 12.501665309071543 15.020144820213316 11.661795258522032 8.3333366662263888 14.444622993469237 10.343895167112349 24.858640015125275 160.37408307939768 63.476856008172035 8.8361035585403425 13276.661125868559 418.00752910226583 665.59773674234748 889.65017413720489 6.4489532485604277 46.796605250798166
leaf_count=961 40931 23814 7259 98 320 69 7970 243 84 12927 7203 733 21050 84 76 90 69 50 86 63 150 951 480 52 96969 4749 6130 8190 52 341
internal_value=-1.13889e-05 -0.00175464 -0.00138974 0.00235918 0.019526 0.0490015 0.000207346 0.00114129 0.0259298 0.00104355 0.000433681 -0.00142104 -0.00189604 -0.000633304 0.0085344 0.0236824 -0.000258065 0.019575 0.0362454 0.0261704 0.0403339 0.000314653 -0.000500771 0.0301166 -0.000430808 -0.00266519 -0.00509903 -0.00291238 -0.00734892 0.000979919
internal_weight=32930.7 3671.34 3607.42 1252.2 85.8746 29.776 29259.4 12617.7 49.5601 12568.1 10572.2 4384.29 4261.97 3316.36 280.314 98.6019 33.9346 22.2728 64.6673 50.2227 35.2025 181.712 16641.7 21.3378 16578.2 3301.55 1979.7 1561.7 672.047 1321.85
internal_count=242244 32521 31560 7746 487 167 209723 84842 327 84515 71588 30657 29924 22721 1671 592 203 134 389 303 213 1079 124881 128 124401 27432 19121 14372 6182 8311
is_linear=0
shrinkage=0.05


Tree=79
num_leaves=31
num_cat=0
split_feature=16 3 4 13 7 4 14 14 13 1 13 14 3 4 7 1 2 15 11 22 11 21 16 14 4 6 11 12 21 3
split_gain=4.87802 5.28266 5.26045 7.19453 5.89991 10.4762 8.75357 10.7914 8.4707 7.76465 8.03586 5.19028 5.92464 6.49247 5.00097 5.89669 7.35497 6.28635 5.46002 5.01749 7.34138 7.02827 7.13192 8.95461 8.13846 6.88677 8.91462 11.1845 13.0598 8.74508
threshold=0.15488374374204369 52.015000000000008 44.750000000000007 -3.172499999999999 -1.0000000180025095e-35 22.975000000000005 -6.4799999999999978 -9.3508333333333304 -2.5941666666666658 1.1450000000000002 -3.6224999999999992 7.1625000000000005 43.375000000000007 32.270000000000003 1.7500000000000002 6.8450000000000006 6.9750000000000005 0.25898043417849048 -0.016666666666667048 0.84613323428584841 0.016666666666667055 0.60328553142752106 0.39613057844221472 6.7516666666666678 59.175000000000004 1.5000000000000002 -0.024500000000000185 0.94333333333333391 0.59405766276664695 31.590000000000003
decision_type=2 2 2 2 8 2 2 2 2 2 2 2 2 2 8 2 2 2 10 2 10 2 2 2 2 10 10 2 2 2
left_child=1 2 4 -4 5 8 7 -7 -1 10 -6 -11 13 -13 19 17 -17 18 -16 -2 21 25 23 -23 -24 -21 27 28 29 -27
right_child=14 -3 3 -5 9 6 -8 -9 -10 11 -12 12 -14 -15 15 16 -18 -19 -20 20 -22 22 24 -25 -26 26 -28 -29 -30 -31
leaf_value=0.0010746759944242211 0.00018673160612814226 0.047200629932159371 0.055613204464759369 -0.012890324593586419 0.085636498730285782 -0.018342644479596323 -0.015188336039221824 0.094966307460737032 0.098918156308599681 -0.027034609948963773 -0.018396009006785546 -0.013508340903949471 -0.027885365028570204 0.078766760192657881 -0.010370625287755246 -0.020205605574358923 0.051053126333281809 -0.036975920715416867 0.040686820021869914 -0.02838427827646239 0.0044709227256426948 0.018300144446498502 -0.0061113619020415153 -0.022800330546634114 0.051886359398517934 0.063533683403133742 -0.014987038679971757 -0.038225856997820717 0.087614977121274557 -0.025011965409925403
leaf_weight=4.3583871629089117 31597.969779863954 4.2648274395614854 7.1656158734112969 8.2406162843108159 3.5035135122016072 4.0952042220160365 51.900978367775679 4.3158034877851588 4.4918415863066894 86.591942271217704 3.9479553997516623 3.5851545277982932 7.086904744617641 4.070651238784194 99.709329658187926 6.3294316772371522 8.462770698592065 22.186213198117912 5.5264163184911004 59.399972703307867 226.73153012245893 68.063748106360435 495.27796777710319 16.45652673766017 6.123462099581956 4.2037896513938966 90.783433638513088 6.6903463862836352 7.6936651133000842 8.2825326025485975
leaf_count=58 224844 49 98 118 60 65 736 60 53 1281 84 57 93 55 1085 59 69 195 47 882 2462 631 7291 171 92 53 1165 126 99 106
internal_value=-1.11879e-05 -0.00784314 -0.00905724 0.0189715 -0.0114839 -6.56704e-05 -0.00752007 0.0397977 0.0507341 -0.0187432 0.0305177 -0.0223655 0.00505888 0.035555 3.61006e-05 -0.00931968 0.0205622 -0.0127886 -0.00768936 7.69296e-05 -0.00342867 -0.00577618 -0.0031382 0.0102977 -0.00540305 -0.014506 -0.00749928 0.0177987 0.0363727 0.00479884
internal_weight=32927.5 197.619 193.355 15.4062 177.948 69.1622 60.312 8.41101 8.85023 108.786 7.45147 101.335 14.7427 7.65581 32729.9 142.214 14.7922 127.422 105.236 32587.7 989.707 762.975 585.922 84.5203 501.401 177.054 117.654 26.8703 20.18 12.4863
internal_count=242244 2867 2818 216 2602 972 861 125 111 1630 144 1486 205 112 239377 1455 128 1327 1132 237922 13078 10616 8185 802 7383 2431 1549 384 258 159
is_linear=0
shrinkage=0.05


Tree=80
num_leaves=31
num_cat=0
split_feature=6 12 22 4 19 12 19 13 4 4 18 17 13 2 2 4 1 1 16 1 12 19 13 2 11 21 16 2 12 11
split_gain=4.82993 7.79533 7.69027 9.98402 7.64211 10.7899 7.62084 11.9922 8.81871 11.9663 9.80259 9.66149 8.6637 12.4565 10.666 8.4644 8.21689 10.4842 8.84869 7.98685 7.93972 7.8394 14.395 7.80335 7.4314 19.5 7.41267 10.0084 14.4841 10.4408
threshold=5.5000000000000009 1.7533333333333334 0.22016203547954974 36.115000000000002 0.19600494987253794 -0.62833333333333352 0.70890153257518407 0.74500000000000044 35.280000000000008 36.045000000000009 0.23535335240501315 19.500000000000004 2.285833333333334 6.0550000000000006 5.1350000000000007 32.150000000000006 5.8150000000000004 6.3450000000000006 0.59898579461558643 6.3650000000000011 2.0425000000000009 0.95584937490309774 2.1058333333333343 5.035000000000001 0.016666666666666167 0.11338219749174237 0.44647970792544772 5.7950000000000008 -0.85166666666666624 0.020000000000000021
decision_type=8 2 2 2 2 2 2 2 2 2 2 2 2 2 2 2 2 2 2 2 2 2 2 2 10 2 2 2 2 10
left_child=1 -1 3 -2 -5 -6 8 -8 10 20 15 19 13 14 -12 16 -3 18 -18 -11 -10 24 -23 -17 -9 -26 27 29 -29 -4
right_child=2 6 26 4 5 -7 7 21 9 11 12 -13 -14 -15 -16 23 17 -19 -20 -21 -22 22 -24 -25 25 -27 -28 28 -30 -31
leaf_value=0.00041639718913663045 -0.016098143304279642 -0.051832371247746346 -0.05347131601560598 -0.015071644817163249 0.075591894516793989 0.0073308433113945708 0.015826413545641477 -0.020279398731579339 0.0083055014930809024 0.024795626656078415 0.046865591429431405 0.0047505571142522802 -0.005982164668750436 0.073487145202521809 -0.035722463037595555 -0.044622481765904248 0.040879119674156555 -0.0054080938367465307 -0.00054872954985302929 -0.030509318035180834 0.05350608774168434 0.096510518786554311 -0.030696909043476085 -0.012482761112782778 0.069716410490852893 -0.01455646970537898 0.00036715048596428683 -0.037528461721550214 0.021327327331963793 -0.0048054003229161873
leaf_weight=26982.303996224888 188.79903443343937 8.5780924558639509 11.120802952907978 33.18337391410023 6.5245432481169692 51.360321808606386 37.122010327875614 201.48499434068799 19.520296797156334 7.9853755235671988 7.8180917203426379 296.74897995591164 24.519863609224558 11.879067122936247 7.8193770870566368 22.124595172703266 24.007268816232681 361.29107762128115 27.83283007144928 35.772015005350113 19.341802798211575 4.3502123504877073 4.5501312799751759 129.01410405337811 8.6550396382808668 33.178038090467453 3047.2631022185087 12.257453240454195 71.019592072814703 1228.6419055620208
leaf_count=197436 2096 52 145 470 93 412 402 2418 118 50 52 1820 172 82 54 138 146 2202 168 226 121 87 97 787 53 340 20902 111 494 10500
internal_value=-1.09617e-05 0.00023462 -0.00150425 -0.00953925 0.00405837 0.0150249 -0.00355696 -0.0107067 -0.00149701 0.00451639 -0.00514776 0.00151641 0.0156304 0.0348892 0.00556817 -0.0070352 -0.00339664 -0.00239094 0.0186366 -0.0204166 0.030802 -0.0146119 0.0314781 -0.0171876 -0.0162978 0.00287914 -0.000989703 -0.00411485 0.0126644 -0.00524194
internal_weight=32926.1 28275.9 4650.17 279.867 91.0682 57.8849 1293.59 289.34 1004.25 379.368 624.884 340.506 52.0364 27.5165 15.6375 572.848 421.709 413.131 51.8401 43.7574 38.8621 252.218 8.90034 151.139 243.318 41.8331 4370.3 1323.04 83.277 1239.76
internal_count=242244 207021 35223 3071 975 505 9585 3397 6188 2335 3853 2096 360 188 106 3493 2568 2516 314 276 239 2995 184 925 2811 393 32152 11250 605 10645
is_linear=0
shrinkage=0.05


Tree=81
num_leaves=31
num_cat=0
split_feature=8 6 19 15 12 15 12 11 13 12 16 14 2 19 9 19 11 11 17 4 13 15 1 22 14 4 19 19 17 18
split_gain=4.71562 8.99336 13.3024 10.3737 11.8843 10.9905 10.4823 11.9681 11.7998 9.60203 9.11277 8.96886 12.2948 9.11243 10.8742 12.2522 12.4752 11.5896 10.1049 12.3861 8.38958 8.27068 11.5675 13.1529 11.9419 9.24077 8.9841 11.2505 10.9207 10.0737
threshold=4.5000000000000009 1.5000000000000002 0.36356134428804965 0.28223510946103753 0.61249999999999993 0.20951573458974268 1.5275000000000001 -0.061666666666666974 2.4891666666666681 1.1216666666666668 0.59898579461558643 13.690000000000005 6.245000000000001 0.70890153257518407 2.5000000000000004 0.92846123165744465 -0.049999999999999371 -0.069999999999999826 121.50000000000001 47.080000000000005 0.6833333333333339 0.25632406844708344 6.3150000000000004 0.59615420101676431 1.4550000000000003 42.625000000000007 0.41776242461928342 0.42331726552225418 67.500000000000014 0.017958928282850433
decision_type=2 10 2 2 2 2 2 8 2 2 2 2 2 2 2 2 10 10 2 2 2 2 2 2 2 2 2 2 2 2
left_child=1 2 3 5 20 6 8 -8 -1 21 -6 13 -13 18 -15 17 -17 -16 -11 -20 -5 22 26 25 -25 -24 29 28 -28 -4
right_child=-2 -3 9 4 10 -7 7 -9 -10 11 -12 12 -14 14 15 16 -18 -19 19 -21 -22 -23 23 24 -26 -27 27 -29 -30 -31
leaf_value=0.0059872680792233332 -0.00095189275382234675 0.0008436935683239753 -0.040262646031311231 -0.030307906893746014 0.076681650518733352 -0.0072972542020362033 0.087467237517755633 0.0062492061960756351 -0.033155735998715283 -0.0071357728691753934 0.02292907375588053 -0.0016458498446722274 -0.050298921367338767 -0.020094759997048892 0.02908033642471209 0.011206799735826995 0.14075467522049698 -0.020494298731792406 0.0040602063679719544 0.065827224348777955 0.021425360182829593 -0.0072749655182256338 0.011036480280459107 0.0089611528172409468 -0.033488139818407377 0.041719506801481954 -0.010567872108140846 -0.00085471400570874079 0.060855609711535155 -0.0071965306582084058
leaf_weight=495.28489887155592 9478.7134176632389 18995.297335270792 26.348922192119062 17.521327293477956 8.9541135225445014 229.54436397645622 8.2774232849478704 10.034744347445669 20.03213834669441 422.30486150085926 66.026545369997621 24.372044946998358 27.792188532650471 190.68729746714234 17.460914149880409 4.6619848497211933 3.0901389382779589 36.295480739325285 174.23302213102579 8.512909494340418 14.178511379286645 501.78893723338842 198.61189581826329 36.284083444625139 30.490933250635862 27.99789160490036 8.5009687244892138 1643.9917528554797 14.447544038295744 183.0623694434762
leaf_count=3355 80386 128259 169 123 57 1485 50 63 127 2643 398 200 239 2685 213 86 54 414 1076 52 89 4128 1198 551 444 168 51 12292 86 1103
internal_value=-1.07877e-05 0.000369679 -0.00165334 0.00389281 0.0184972 0.00185134 0.00578667 0.0429612 0.00446565 -0.00300057 0.0293482 -0.00743822 -0.0275674 -0.00621334 -0.0141981 0.00408263 0.062847 -0.00439169 -0.00288516 0.00693752 -0.00716897 -0.00148996 -0.000152074 0.00908056 -0.0104221 0.0148274 -0.00159568 -0.000369399 0.0343977 -0.011357
internal_weight=32924.8 23446.1 4450.79 869.854 106.68 763.174 533.629 18.3122 515.317 3580.94 74.9807 909.411 52.1642 857.247 252.196 61.5085 7.75212 53.7564 605.051 182.746 31.6998 2671.53 2169.74 293.385 66.775 226.61 1876.35 1666.94 22.9485 209.411
internal_count=242244 161858 33599 5747 667 5080 3595 113 3482 27852 455 7662 439 7223 3452 767 140 627 3771 1128 212 20190 16062 2361 995 1366 13701 12429 137 1272
is_linear=0
shrinkage=0.05


Tree=82
num_leaves=31
num_cat=0
split_feature=19 5 5 2 12 20 11 16 20 11 14 17 3 21 6 5 22 1 15 15 2 1 1 14 16 2 4 13 14 1
split_gain=4.5418 6.83954 7.7838 15.8708 9.44788 9.22564 7.3201 8.94108 7.43052 7.21787 6.98628 6.34666 6.31752 5.97569 4.61855 7.3694 12.0623 10.9994 12.0065 22.0778 9.90077 17.1005 11.7925 10.3769 10.403 9.21746 11.5789 10.7216 8.49775 8.8386
threshold=0.083532066395419061 6.8850000000000007 6.8650000000000011 1.0100000000000002 -2.5691666666666655 50.500000000000007 -0.054999999999999265 0.32143059334002594 40.500000000000007 -0.0091666666666667656 2.1175000000000002 88.500000000000014 33.185000000000009 0.024717591850175701 5.5000000000000009 6.785000000000001 0.56310976913076061 6.5750000000000011 0.1040869782477445 0.11154382009755398 4.8250000000000011 5.3850000000000007 6.035000000000001 -5.9641666666666664 0.50001667906755354 5.8050000000000006 30.145000000000003 -0.54999999999999949 6.3708333333333345 4.5150000000000006
decision_type=2 8 10 2 2 2 10 2 2 10 2 2 2 2 8 8 2 2 2 2 2 2 2 2 2 2 2 2 2 2
left_child=1 2 4 -4 5 -1 7 -6 9 10 -8 -7 -5 -11 -2 16 28 18 -18 -20 -21 23 -23 -22 -25 26 -17 -27 -16 -30
right_child=14 -3 3 12 6 11 8 -9 -10 13 -12 -13 -14 -15 15 25 17 -19 19 20 21 22 -24 24 -26 27 -28 -29 29 -31
leaf_value=-0.037454704924721222 0.00027213383803596645 -0.025036992772124678 0.14976756444004918 0.048967711295901321 0.084005279475764527 0.13718246207049037 -0.052259366331697227 -0.0047478688445584801 0.064945207519431822 -0.0010093253310654814 0.00090622119014619634 -0.015560635928521475 -0.042002250865294619 0.057832630541571506 -0.0032469627828280063 -0.0088039619702025649 -0.0029315517631365862 -0.015211870178740606 0.09038087289414827 -0.0016230301281974038 0.095576276129622453 -0.0076378504250553814 0.033916120879524031 0.0082469572875856333 0.071023242193851352 0.030326720681284908 -0.0016714976790408948 0.00042020014022666418 -0.011957095241705936 0.024371761544257714
leaf_weight=28.900493438355628 28136.487727951258 44.381311734206975 2.4794060336425883 3.8754799393936992 5.7550386134535056 1.3257791344076388 13.641970893368127 5.5978372283279896 3.8170595392584792 38.590668896213174 11.295238764956592 1.3963830880820749 3.7602336686104536 4.857881696894764 560.2078761626035 869.87501646764576 62.511802226305008 33.001807250082493 11.264532439410685 45.699530277401209 10.530755512416361 37.157078988850117 31.587856858968735 14.441711425781252 12.152957640588282 30.756272010505199 1645.2325444212183 1170.2293785251677 23.445072961971164 58.563875056803226
leaf_count=1257 203867 1183 93 77 86 53 179 48 86 517 140 56 66 71 4096 6777 479 266 82 333 74 267 243 104 89 226 12848 8008 196 377
internal_value=-1.06403e-05 -0.00816995 -0.00219533 0.0398581 -0.00588852 -0.0291663 0.00292122 0.0402432 -0.00294714 -0.00673665 -0.0281782 0.0588301 0.00416924 0.00556966 3.16283e-05 -0.00143415 0.00262382 0.0117474 0.0156956 0.0228465 0.0178274 0.0262233 0.0114559 0.053568 0.0369338 -0.00241756 -0.00413833 0.00118608 -0.00104638 0.0139859
internal_weight=32922.8 169.675 125.293 10.1151 115.178 31.6227 83.5557 11.3529 72.2028 68.3858 24.9372 2.72216 7.63571 43.4486 32753.1 4616.66 900.565 258.348 225.346 162.834 151.57 105.87 68.7449 37.1254 26.5947 3716.09 2515.11 1200.99 642.217 82.0089
internal_count=242244 3912 2729 236 2493 1366 1127 134 993 907 319 109 143 588 238332 34465 6606 1937 1671 1192 1110 777 510 267 193 27859 19625 8234 4669 573
is_linear=0
shrinkage=0.05


Tree=83
num_leaves=31
num_cat=0
split_feature=12 4 17 16 15 15 16 3 4 11 18 5 19 13 5 4 16 2 15 3 12 8 19 15 2 13 11 14 21 17
split_gain=4.54693 10.4699 9.22528 4.66486 8.85099 12.7784 8.7149 7.27206 11.9631 7.12407 7.88139 8.01251 8.66362 7.80787 7.49217 8.9469 13.1651 10.467 7.49299 8.53042 8.86585 7.40967 11.4141 8.70198 8.54289 12.063 7.57411 7.791 7.32116 7.0397
threshold=2.6358333333333337 43.340000000000011 170.50000000000003 0.55335362457155446 0.25120844562037409 0.24683074379718328 0.50126692508379989 35.305000000000007 34.535000000000004 0.05333333333333324 0.10742280267732 7.0150000000000006 0.19600494987253794 -1.5049999999999994 6.955000000000001 43.185000000000009 0.38905635975764657 6.4250000000000007 0.20357505547946622 21.890000000000004 0.82833333333333348 4.5000000000000009 0.49464930408517355 0.04839816875921716 4.1150000000000011 -0.80666666666666631 0.061666666666666987 -2.8941666666666666 0.050173360021634916 97.500000000000014
decision_type=2 2 2 2 2 2 2 2 2 8 2 10 2 2 8 2 2 2 2 2 2 2 2 2 2 2 10 2 2 2
left_child=3 2 -2 4 5 9 -7 8 -8 -1 11 14 -13 28 15 -11 -17 -18 19 -16 -21 -15 23 -23 -25 -26 -27 -28 -14 -30
right_child=1 -3 -4 -5 -6 6 7 -9 -10 10 -12 12 13 21 18 16 17 -19 -20 20 -22 22 -24 24 25 26 27 -29 29 -31
leaf_value=-2.6389982524676179e-05 -0.019422306892496695 0.0425716565911676 0.03425430344948905 0.00070661206300750884 -0.0079561892807898799 0.068521040457897045 0.065606230092952383 -0.018435583107971901 -0.0038013428143980088 -0.0022648410134509704 -0.0073653196911281976 -0.016867263878719289 0.032261500087761588 0.0072194459580621571 -0.035431387035502956 -0.011235660060862669 0.019378431736910239 0.08177431831384184 0.032928512747249686 -0.01121405112021296 0.04275972259318022 0.074298635421332845 0.074466184499982602 -0.026195101685249612 0.090561664527437274 0.0606570640512663 0.038309730132397822 -0.021348986499968227 -0.037737189287500861 0.024221448242480865
leaf_weight=15881.692208400927 91.762149889022112 8.6549440361559373 8.7698050588369352 14183.764620884322 389.36244377028197 9.560035686939953 12.08683940023184 11.290728051215408 12.764675207436083 1079.8372521186247 713.78030437137932 30.48034353274852 7.7994095757603636 89.079745836555958 36.021226438693702 35.332356978207827 57.491599041968584 7.611017979681491 9.0984681276604515 146.87163528148085 8.024103280156849 6.4275420829653731 11.558052040636538 11.051329277455805 5.7340504601597742 6.2480507269501748 8.2954993993043882 16.081142991781238 19.425699189305309 6.0006403326988211
leaf_count=119953 725 66 62 99486 2818 66 81 78 86 8966 5324 383 76 573 329 346 433 49 82 1448 52 57 87 98 52 49 71 132 168 48
internal_value=-1.05141e-05 -0.010197 -0.0147399 2.3382e-05 -0.000496816 -0.000337581 0.0260679 0.0148385 0.0299559 -0.00040391 -0.00299691 -0.00104623 0.00785762 0.0118726 -0.00245366 -0.000937207 0.013337 0.026673 -0.0114021 -0.0135148 -0.00841803 0.0166021 0.0293828 0.0197041 0.0123026 0.024004 0.011542 -0.00104681 -0.0101158 -0.0231149
internal_weight=32922 109.187 100.532 32812.8 18629 18239.6 45.7023 36.1422 24.8515 18193.9 2312.25 1598.47 218.182 187.701 1380.29 1180.27 100.435 65.1026 200.015 190.917 154.896 154.475 65.3957 53.8376 47.4101 36.3587 30.6247 24.3766 33.2257 25.4263
internal_count=242244 853 787 241391 141905 139087 311 245 167 138776 18823 13499 1794 1411 11705 9794 828 482 1911 1829 1500 1119 546 459 402 304 252 203 292 216
is_linear=0
shrinkage=0.05


Tree=84
num_leaves=31
num_cat=0
split_feature=2 21 7 14 11 17 4 4 16 11 4 12 1 16 15 13 18 11 18 4 13 1 17 18 11 22 21 15 11 15
split_gain=4.55272 12.1046 12.8426 11.8627 10.7899 9.02878 12.3059 9.34713 10.088 9.03506 8.89032 24.1591 7.51314 7.29592 8.26821 8.61338 6.88386 8.31 8.12197 9.67391 9.15883 6.9222 6.66279 8.97086 6.20176 7.72301 7.14995 6.48666 15.1825 15.637
threshold=7.3250000000000011 0.093863570127960469 -1.0000000180025095e-35 1.9700000000000009 -0.10833333333333293 81.500000000000014 29.975000000000005 32.505000000000003 0.76087147968427582 -0.046666666666666405 42.625000000000007 0.50666666666666738 6.3450000000000006 0.51923500314791748 0.18779690600805585 2.9591666666666678 0.13075122603655823 0.033333333333333666 0.087167484024372133 39.085000000000008 1.0683333333333334 7.3550000000000013 90.500000000000014 0.11213930995194929 0.033666666666666518 0.48749868192764617 0.088220816142230915 0.15992104121531478 -0.0091666666666667656 0.12779441203952319
decision_type=2 2 10 2 10 2 2 2 2 10 2 2 2 2 2 2 2 10 2 2 2 2 2 2 8 2 2 2 10 2
left_child=-1 24 5 4 -4 6 -3 9 10 -8 -9 -12 -11 -7 -15 -16 18 -18 19 -6 -20 22 -22 -24 27 26 -26 28 -2 -30
right_child=1 2 3 -5 16 13 7 8 -10 12 11 -13 -14 14 15 -17 17 -19 20 -21 21 -23 23 -25 25 -27 -28 -29 29 -31
leaf_value=0.00013241087858152048 -0.0066158612628048593 -0.011861139042197301 0.049571093427638699 -0.020029783267299636 -0.021225026923626586 0.03716941280664865 -0.020382006933497013 0.00014466635980914572 0.068158338161149329 -0.0020884990856274463 0.1030330261414427 -0.014860316132866494 0.057054468544946092 -0.052303522158529119 -0.0013117895572341632 -0.028565490710260384 -0.015424199565966072 0.009072369698618403 -0.022563667247802618 0.025143434889783774 0.035053971284150831 0.06578194506798829 0.026733271798516606 -0.033814252929872606 -0.0068409226655821694 0.038879947625331389 -0.056754186013681832 0.0031120338155413651 -0.00397168382650362 0.080454006515267559
leaf_weight=31089.106525687501 22.904277287423611 66.852270927280188 8.7085881642997247 215.79956474900246 48.430836133658886 8.6462019942700845 6.2621633037924758 128.41690661013126 6.5452339537441722 6.7321691140532485 7.8862896040082004 9.6786868534982187 26.534015841782093 10.784249253571032 134.87580915167928 36.928585447371006 215.30752861499786 41.253614824265242 13.560517057776449 14.651509046554564 23.410827949643135 8.1648751273751241 12.783725738525392 11.731815427541731 135.66925280168653 8.760407552123068 7.5754473954439154 569.12352745234966 8.5242471247911471 15.380678594112394
leaf_count=228943 141 543 82 1755 291 66 53 1023 52 50 60 78 210 81 1090 305 1996 316 83 88 143 51 78 70 898 52 46 3445 55 100
internal_value=-1.03186e-05 -0.0024326 -0.00588562 -0.0105899 -0.00547161 0.000529082 0.00661492 0.0130462 0.00743087 0.034714 0.0047081 0.0380712 0.0450855 -0.00771037 -0.00983558 -0.00716985 -0.00670293 -0.0114853 0.00254087 -0.0104555 0.0143114 0.0232263 0.0159764 -0.00224151 0.00235142 -0.00669344 -0.00948057 0.00458359 0.0224753 0.0503487
internal_weight=32921 1831.88 1063.95 613.803 398.004 450.143 258.908 192.055 152.527 39.5283 145.982 17.565 33.2662 191.235 182.589 171.804 389.295 256.561 132.734 63.0823 69.6518 56.0912 47.9264 24.5155 767.938 152.005 143.245 615.933 46.8092 23.9049
internal_count=242244 13301 8564 4953 3198 3611 2069 1526 1213 313 1161 138 260 1542 1476 1395 3116 2312 804 379 425 342 291 148 4737 996 944 3741 296 155
is_linear=0
shrinkage=0.05


Tree=85
num_leaves=31
num_cat=0
split_feature=14 17 1 22 3 1 18 13 16 14 4 17 9 4 3 21 12 16 11 20 19 17 9 13 5 6 15 16 12 14
split_gain=4.50312 8.98925 9.80038 7.00588 5.74743 10.021 5.08867 9.13934 7.00142 6.82033 5.66813 5.08062 5.02689 8.51571 10.325 18.8336 12.7981 9.48387 8.84172 9.3885 7.97679 12.1527 13.4282 7.22323 12.8996 14.144 12.3649 10.5115 8.33276 7.6471
threshold=-24.165833333333332 3.5000000000000004 7.1150000000000011 0.40824006174431865 14.945000000000002 5.1050000000000013 0.78518842010839396 -0.88166666666666604 0.65909591281117519 2.5700000000000025 42.285000000000004 78.500000000000014 4.5000000000000009 39.735000000000007 18.215000000000003 0.14604482054384679 -0.83499999999999963 0.69911477235348973 0.051666666666667201 5.5000000000000009 0.93926668462376794 112.50000000000001 1.5000000000000002 1.5866666666666673 6.8950000000000005 3.5000000000000004 0.29419724094755761 0.61671213899056798 -0.38999999999999918 -7.7258333333333349
decision_type=2 2 2 2 2 2 2 2 2 2 2 2 2 2 2 2 2 2 8 2 2 2 2 2 10 10 2 2 2 2
left_child=1 -1 4 -4 -3 -6 12 9 -9 11 -10 -8 13 -2 15 18 -17 20 19 -15 -16 -22 -23 24 28 -26 27 -25 -21 -30
right_child=6 2 3 -5 5 -7 7 8 10 -11 -12 -13 -14 14 17 16 -18 -19 -20 23 21 22 -24 26 25 -27 -28 -29 29 -31
leaf_value=0.045484029844706939 0.00091930266270695993 -0.013024347668312126 -0.012954020742748942 0.055907651050822432 -0.026725488120577408 0.059545356401005251 0.044725143393586769 -0.030196003698404913 -0.0087290062847377257 0.082771827534193154 0.047780520155311076 -0.031964546044109442 -0.00088219766734987364 -0.0090214476892326052 -0.0018934398728731663 0.063202684120020641 -0.024335973050614371 -0.013048109210207701 -0.010457972271601192 -0.028189944793855254 -0.0089981150251131747 -0.0065830106501429233 0.12262525421981502 0.030988557957421003 0.0052754824305301555 0.071468594563457097 -0.013862414821734906 0.088311278339252508 0.022226966179211063 -0.018575663431155166
leaf_weight=7.9974009301513425 18976.219800589606 214.1445830790326 5.9457954764366141 9.750976946204899 6.1476999409496766 7.4394422769546509 4.0620158314704877 46.050498031079769 41.974792420864105 4.0150310806930056 4.9620562084019175 4.6113737858831882 9626.9133055079728 26.150914616882801 3475.3702724883333 4.5287933498620978 53.490679763257504 195.22301524318755 30.212103871628642 14.303968211635945 8.8989042751491088 3.2096523568034154 5.3837697319686413 19.047588460147381 13.995149429887531 19.062594100832939 8.1170865595340711 13.785492107272146 55.036148846149445 14.510753378272055
leaf_count=62 132932 1610 36 76 52 54 65 908 869 58 98 76 77651 168 24126 38 492 1377 208 111 143 58 87 115 90 126 50 81 339 88
internal_value=-1.01442e-05 -0.00667602 -0.00838964 0.0298235 -0.0110235 0.0205109 4.11572e-05 -0.010913 -0.0163447 0.0288929 -0.00275495 0.0039516 7.6706e-05 0.000479176 -0.00162972 0.00776692 -0.017503 -0.00232335 0.014611 0.018727 -0.00172392 0.0319559 0.0743658 0.0233238 0.0169938 0.0434454 0.0413954 0.0550564 0.00656537 0.0137136
internal_weight=32920.6 251.426 243.428 15.6968 227.732 13.5871 32669.1 105.676 92.9873 12.6884 46.9368 8.67339 32563.5 22936.5 3960.33 272.241 58.0195 3688.09 214.222 184.01 3492.86 17.4923 8.59342 157.859 116.909 33.0577 40.9502 32.8331 83.8509 69.5469
internal_count=242244 1890 1828 112 1716 106 240354 2074 1875 199 967 141 238280 160629 27697 1906 530 25791 1376 1168 24414 288 145 1000 754 216 246 196 538 427
is_linear=0
shrinkage=0.05


Tree=86
num_leaves=31
num_cat=0
split_feature=18 1 12 22 10 7 16 11 19 20 16 1 13 13 12 11 15 2 12 15 20 4 1 2 22 18 21 6 14 12
split_gain=4.48927 10.1209 8.52917 10.0596 13.9452 8.02289 7.97922 7.719 7.817 8.97674 7.26889 7.14185 6.8974 8.46336 11.0832 9.72906 7.57445 11.0127 8.4792 8.43193 12.6664 7.49771 10.1106 7.58169 7.44328 6.74162 10.8498 9.75927 9.21786 9.51155
threshold=0.013766976818693271 1.1450000000000002 0.43833333333333396 0.36347856774368886 5.5000000000000009 1.7500000000000002 0.38196767053162212 -0.024999999999999908 0.34151072091330675 20.500000000000004 0.54822091149785723 5.4050000000000011 0.72999999999999987 1.0516666666666667 1.0000000180025095e-35 -0.029999999999999801 0.18953235330803078 4.9850000000000012 0.29000000000000054 0.1632359477614708 18.500000000000004 36.675000000000004 5.5050000000000008 6.035000000000001 0.21309238001787664 0.091514990863792348 0.1783024256120633 1.5000000000000002 -10.713333333333331 -0.8025000000000001
decision_type=2 2 2 2 2 8 2 10 2 2 2 2 2 2 2 8 2 2 2 2 2 2 2 2 2 2 2 10 2 2
left_child=1 -1 10 5 7 6 -4 -5 -9 -10 11 -3 16 14 -14 -15 18 24 19 21 -21 22 -13 -24 -18 26 28 -28 -2 -30
right_child=25 2 3 4 -6 -7 -8 8 9 -11 -12 12 13 15 -16 -17 17 -19 -20 20 -22 -23 23 -25 -26 -27 27 -29 29 -31
leaf_value=-0.044104382937763885 -0.0037490574296199231 -0.002734786587294087 -0.042051187601768875 0.056164858813723177 -0.02515477950731498 -0.034487636858247531 0.0014791812227072593 0.046610140770558771 0.034550045682753841 -0.015242997864471163 -0.0078019294263487141 0.053708955348406529 0.095827540869246788 0.049366924387411505 0.019924606023604935 -0.0052300401524281882 0.069811963682776132 -0.027329370489668992 -0.026526093217086516 0.016699172553160255 0.087297329704652815 -0.037407161183628274 -0.034891656837416983 0.036265182238294336 -0.0051298625066643934 -0.00046472294805230819 -0.025375000720799387 0.034000139201801831 -0.0013982795875659068 0.0021039256231690875
leaf_weight=13.991162839345632 954.26930390112102 1534.3584057297558 10.623688064515589 17.6676125228405 15.266284868121145 16.068734478205442 1159.9394587613642 16.615596786141396 15.450378805398939 21.855364620685577 644.00378957763314 10.209316425025465 7.4441044107079533 10.827392265200613 13.588126368820665 33.117776562459767 5.4817496016621581 39.266890402883291 12.945656992495058 22.554775103926662 8.8449038919061405 9.3451311364769918 10.571994810365142 5.7956425324082366 8.375633539631961 16629.31519666221 8.2834546491503698 42.066118650138378 2458.9945877399296 9162.3659010464326
leaf_count=722 6624 17450 74 98 88 178 7131 95 85 121 4905 84 61 73 93 261 49 317 89 190 70 78 92 48 69 124881 55 272 20680 57211
internal_value=-9.99414e-06 -0.00165984 -0.00149715 0.00180469 0.0182304 0.000602419 0.00108411 0.0274822 0.0180842 0.00537906 -0.00326633 -0.00158058 0.00734706 0.0207056 0.0467895 0.00822179 0.000839886 -0.0138056 0.0105329 0.0176591 0.0365858 0.00111526 0.0146607 -0.00969562 0.0245159 0.000196648 0.00106772 0.0242318 0.000974978 0.00136288
internal_weight=32919.5 3664.21 3650.22 1273.49 86.8552 1186.63 1170.56 71.589 53.9213 37.3057 2376.73 1732.73 198.369 64.9774 21.0322 43.9452 133.392 53.1243 80.2674 67.3218 31.3997 35.9221 26.577 16.3676 13.8574 29255.3 12626 50.3496 12575.6 11621.4
internal_count=242244 32521 31799 7870 487 7383 7205 399 301 206 23929 19024 1574 488 154 334 1086 435 651 562 260 302 224 140 118 209723 84842 327 84515 77891
is_linear=0
shrinkage=0.05


end of trees

feature_importances:
exhibition_time_diff=274
national_win_rate_diff=265
sl_is3=197
rl_is3=154
national_win_rate=151
rl_is1=136
local_win_rate_diff=131
sl_is1=131
rc_is1=128
rc_is3=128
motor_2rate_diff=123
motor_2rate=105
exhibition_time=105
local_win_rate=94
boat_2rate=93
rc_n=71
tilt=62
exhibition_time_rank=56
rl_n=55
lane_number=52
national_win_rate_rank=48
local_win_rate_rank=36
motor_2rate_rank=15

parameters:
[boosting: gbdt]
[objective: binary]
[metric: binary_logloss]
[tree_learner: serial]
[device_type: cpu]
[data_sample_strategy: bagging]
[data: ]
[valid: ]
[num_iterations: 87]
[learning_rate: 0.05]
[num_leaves: 31]
[num_threads: 0]
[seed: 0]
[deterministic: 0]
[force_col_wise: 0]
[force_row_wise: 0]
[histogram_pool_size: -1]
[max_depth: -1]
[min_data_in_leaf: 50]
[min_sum_hessian_in_leaf: 0.001]
[bagging_fraction: 1]
[pos_bagging_fraction: 1]
[neg_bagging_fraction: 1]
[bagging_freq: 0]
[bagging_seed: 3]
[bagging_by_query: 0]
[feature_fraction: 1]
[feature_fraction_bynode: 1]
[feature_fraction_seed: 2]
[extra_trees: 0]
[extra_seed: 6]
[early_stopping_round: 0]
[early_stopping_min_delta: 0]
[first_metric_only: 0]
[max_delta_step: 0]
[lambda_l1: 0]
[lambda_l2: 0]
[linear_lambda: 0]
[min_gain_to_split: 0]
[drop_rate: 0.1]
[max_drop: 50]
[skip_drop: 0.5]
[xgboost_dart_mode: 0]
[uniform_drop: 0]
[drop_seed: 4]
[top_rate: 0.2]
[other_rate: 0.1]
[min_data_per_group: 100]
[max_cat_threshold: 32]
[cat_l2: 10]
[cat_smooth: 10]
[max_cat_to_onehot: 4]
[top_k: 20]
[monotone_constraints: ]
[monotone_constraints_method: basic]
[monotone_penalty: 0]
[feature_contri: ]
[forcedsplits_filename: ]
[refit_decay_rate: 0.9]
[cegb_tradeoff: 1]
[cegb_penalty_split: 0]
[cegb_penalty_feature_lazy: ]
[cegb_penalty_feature_coupled: ]
[path_smooth: 0]
[interaction_constraints: ]
[verbosity: -1]
[saved_feature_importance_type: 0]
[use_quantized_grad: 0]
[num_grad_quant_bins: 4]
[quant_train_renew_leaf: 0]
[stochastic_rounding: 1]
[linear_tree: 0]
[max_bin: 255]
[max_bin_by_feature: ]
[min_data_in_bin: 3]
[bin_construct_sample_cnt: 200000]
[data_random_seed: 1]
[is_enable_sparse: 1]
[enable_bundle: 1]
[use_missing: 1]
[zero_as_missing: 0]
[feature_pre_filter: 1]
[pre_partition: 0]
[two_round: 0]
[header: 0]
[label_column: ]
[weight_column: ]
[group_column: ]
[ignore_column: ]
[categorical_feature: ]
[forcedbins_filename: ]
[precise_float_parser: 0]
[parser_config_file: ]
[objective_seed: 5]
[num_class: 1]
[is_unbalance: 0]
[scale_pos_weight: 1]
[sigmoid: 1]
[boost_from_average: 1]
[reg_sqrt: 0]
[alpha: 0.9]
[fair_c: 1]
[poisson_max_delta_step: 0.7]
[tweedie_variance_power: 1.5]
[lambdarank_truncation_level: 30]
[lambdarank_norm: 1]
[label_gain: ]
[lambdarank_position_bias_regularization: 0]
[eval_at: ]
[multi_error_top_k: 1]
[auc_mu_weights: ]
[num_machines: 1]
[local_listen_port: 12400]
[time_out: 120]
[machine_list_filename: ]
[machines: ]
[gpu_platform_id: -1]
[gpu_device_id: -1]
[gpu_device_id_list: ]
[gpu_use_dp: 0]
[num_gpu: 1]

end of parameters

pandas_categorical:[]
