tree
version=v4
num_class=1
num_tree_per_iteration=1
label_index=0
max_feature_idx=22
objective=binary sigmoid:1
feature_names=lane_number national_win_rate local_win_rate motor_2rate boat_2rate exhibition_time exhibition_time_rank tilt national_win_rate_rank local_win_rate_rank motor_2rate_rank exhibition_time_diff national_win_rate_diff local_win_rate_diff motor_2rate_diff rc_is1 rc_is3 rc_n rl_is1 rl_is3 rl_n sl_is1 sl_is3
feature_infos=[1:6] [0:8.7699999999999996] [0:10.710000000000001] [0:100] [0:100] [6.3099999999999996:8.0999999999999996] [1:6] [-0.5:3] [1:6] [1:6] [1:6] [-0.34333333333333282:0.84499999999999975] [-5.413333333333334:4.3650000000000011] [-6.8183333333333325:7.2516666666666669] [-52.45333333333334:83.333333333333329] [0.007183730111958931:0.6145820433117023] [0.033655433872776717:0.87500589724174205] [0:230] [0.00094659488240397827:0.93966213203841387] [0.015345951968809937:0.980976340603116] [0:99] [0.00050585229165503605:0.80985287561301833] [0.064091917046206204:0.94516709938545185]
tree_sizes=3414 3492 3525 3514 3513 3533 3518 3531 3546 3548 3544 3547 3528 3567 3539 3557 3542 3554 3541 3542 3546 3552 3554 3554 3560 3564 3568 3544 3549 3558 3551 3546 3555 3552 3547 3560 3533 3554 3550 3559 3551 3569 3571 3566 3560 3558 3559 3553 3546 3550 3557 3543 3538 3546 3533 3537 3542 3557 3552 3546 3551 3521 3561 3550 3553 3559 3528 3543 3568 3537 3548 3543 3551 3542 3529 3546 3534 3528 3539 3527 3540 3556 3525 3542 3499 3513 3521 3529 3513 3507 3514 3478 3501 3510 3520 3524

Tree=0
num_leaves=31
num_cat=0
split_feature=0 1 12 0 0 12 8 12 12 11 6 11 8 0 11 11 0 11 1 11 1 18 11 21 3 12 21 12 22 11
split_gain=52201.2 4970.52 2736.44 1571.81 981.546 829.895 681.354 514.52 347.42 260.277 233.839 225.957 203.252 178.075 166.324 130.946 123.665 123.176 113.316 109.872 104.259 90.6454 82.0945 71.715 71.9487 70.0726 58.3606 58.2699 57.3015 48.8451
threshold=1.5000000000000002 5.4650000000000007 0.67166666666666719 4.5000000000000009 4.5000000000000009 -0.42333333333333351 1.5000000000000002 1.5000000000000007 -0.10500000000000019 -0.018333333333333975 2.5000000000000004 -0.026666666666666835 2.5000000000000004 5.5000000000000009 -0.013333333333334084 0.026666666666666842 5.5000000000000009 0.0066666666666663774 6.0250000000000012 -0.033333333333332764 6.2950000000000008 0.38421302488400128 -0.016333333333333307 0.50108827502296538 37.245000000000012 1.1216666666666668 0.11338219749174237 2.287500000000001 0.84244126896433358 -0.041666666666666512
decision_type=2 2 2 2 2 2 2 2 2 8 8 10 2 2 8 10 2 10 2 8 2 2 8 2 2 2 2 2 2 8
left_child=1 5 4 7 8 17 22 9 19 25 18 -9 -7 29 -10 23 -6 21 -8 -2 -12 -1 -3 -14 -25 -4 -11 -13 -23 -5
right_child=2 6 3 13 16 12 10 11 14 26 20 27 15 -15 -16 -17 -18 -19 -20 -21 -22 28 -24 24 -26 -27 -28 -29 -30 -31
leaf_value=-1.5715343621660194 -1.6312358273748546 -1.3914199686637121 -1.5917834805158875 -1.6060987351375815 -1.6531252255814475 -1.4605698761315715 -1.4517426465673655 -1.5320493594055353 -1.6152405495087279 -1.6227759487442985 -1.4810872752716644 -1.584125046872866 -1.5317028739198699 -1.6542154570766643 -1.6339300897494589 -1.547426308536261 -1.6650468868496524 -1.5805831801816215 -1.4177177904856995 -1.6471155635322947 -1.4452944360112925 -1.5440822665089846 -1.4164822538331312 -1.5046649451530523 -1.4709179468330484 -1.5654986798811492 -1.6054907868072767 -1.5438498743904876 -1.5055995472980883 -1.632182984750145
leaf_weight=217.49569335579872 1331.3625265061855 763.17933268845081 695.12512467801571 217.77346563339233 4369.0801542699337 278.60559442639351 430.13037185370922 393.32554507255554 1838.5747053921223 817.06715454161167 549.15579280257225 662.62576819956303 153.88584178686142 1275.2525264322758 3376.7386925667524 179.8575497418642 4332.1364413499832 380.27024802565575 567.62764926254749 5990.5758247226477 323.18804498016834 315.82707962393761 571.37757501006126 508.18438185751438 229.16212901473045 399.15876290202141 1213.7259669452906 103.88683182001114 139.44168335199356 1020.535347878933
leaf_count=1566 9586 5495 5005 1568 31458 2006 3097 2832 13238 5883 3954 4771 1108 9182 24313 1295 31192 2738 4087 43133 2327 2274 4114 3659 1650 2874 8739 748 1004 7348
internal_value=-1.60947 -1.4702 -1.63732 -1.60971 -1.64616 -1.52457 -1.42944 -1.5913 -1.6372 -1.60185 -1.44892 -1.56286 -1.49861 -1.6411 -1.62734 -1.50851 -1.65906 -1.55784 -1.43239 -1.64423 -1.46783 -1.54498 -1.40215 -1.50066 -1.49418 -1.5822 -1.61245 -1.57867 -1.5323 -1.6276
internal_weight=33644.3 5607.39 28036.9 6798.48 21238.5 2402.73 3204.66 4284.92 12537.3 3125.08 1870.1 1159.84 1349.7 2513.56 5215.31 1071.09 8701.22 1053.03 997.758 7321.94 872.344 672.764 1334.56 891.232 737.347 1094.28 2030.79 766.513 455.269 1238.31
internal_count=242244 40374 201870 48950 152920 17300 23074 30852 90270 22501 13465 8351 9718 18098 37551 7712 62650 7582 7184 52719 6281 4844 9609 6417 5309 7879 14622 5519 3278 8916
is_linear=0
shrinkage=1


Tree=1
num_leaves=31
num_cat=0
split_feature=0 1 12 0 22 8 12 12 12 11 11 1 0 11 12 11 1 12 0 11 6 11 21 21 1 11 21 12 13 18
split_gain=43677.5 3462.34 2583.18 1466.4 920.778 559.187 470.575 469.479 322.386 218.937 199.364 193.993 173.349 150.453 121.045 107.729 106.395 102.283 100.191 96.7799 87.4664 70.1818 65.0492 62.6575 60.8803 57.429 52.2533 51.9941 50.8014 49.8364
threshold=1.5000000000000002 5.2750000000000012 0.63666666666666727 4.5000000000000009 0.40824006174431865 2.5000000000000004 1.4483333333333337 -0.41166666666666679 -0.10500000000000019 -0.020000000000000014 -0.026666666666666835 6.4450000000000012 5.5000000000000009 -0.031666666666665837 0.5300000000000008 -0.033333333333332764 5.9350000000000014 -1.0100000000000002 5.5000000000000009 -0.010000000000000229 2.5000000000000004 -0.039166666666666565 0.5162822464815825 0.49055042270775162 6.5050000000000008 -0.0049999999999994485 0.11582099990689351 1.2716666666666669 1.7950000000000004 0.40888955913047415
decision_type=2 2 2 2 2 2 2 2 2 8 10 2 2 8 2 8 2 2 2 10 10 10 2 2 2 8 2 2 2 2
left_child=1 7 4 6 18 11 9 17 15 -4 -8 20 27 -10 19 -6 25 -1 -2 22 28 -18 -9 -19 -12 -7 -11 -5 -3 -25
right_child=2 5 3 12 8 16 10 14 13 26 24 -13 -14 -15 -16 -17 21 23 -20 -21 -22 -23 -24 29 -26 -27 -28 -29 -30 -31
leaf_value=0.027857127141514556 -0.04351667373322237 0.15065721602558901 0.023863953558464997 -0.026645355531852623 -0.021658732164812691 0.11905069976812772 0.068074236250122308 0.068928175901789276 -0.0020531787857256418 -0.012538984024297057 0.0096856349219184897 0.17505487767428624 -0.044212322556675787 -0.022606295555621062 0.12986000599127626 -0.03712316948934128 0.16426059157233502 0.025659560756140412 -0.054874327035753234 0.068140469367176687 0.13420004560605706 0.12544622925164514 0.11056644146304213 0.045829257001924688 0.037251886852144783 0.089004725504233051 0.0033060012901003247 -0.0061405403259624756 0.17829736042824065 0.077554889249638048
leaf_weight=426.65694358944893 3670.7521932721138 515.50097690522671 1101.4612325131893 749.4966883212328 1380.074754551053 403.25977863371372 454.41459965705872 123.95468097925186 1146.450989767909 925.21339720487595 316.06807118654251 1324.8479805588722 1283.7169980704784 3986.6739930361509 186.37685117125511 6121.1424823403358 163.92528995871544 114.34057919681072 4122.3513419181108 425.83911655843258 613.7512888610363 402.21325460076332 385.55517135560513 191.03976380825043 546.78938971459866 262.60205027461052 1188.9694399982691 526.21967647969723 245.36588092148304 351.61221796274185
leaf_count=2975 27211 3296 7802 5470 10091 2657 3116 841 8295 6716 2241 8397 9528 29136 1232 45212 1047 798 30815 2880 3991 2609 2570 1338 3857 1755 8546 3834 1560 2428
internal_value=-8.42196e-05 0.120534 -0.0269818 -0.00098403 -0.0360082 0.148663 0.0160998 0.0703903 -0.027671 0.0057888 0.0412703 0.161402 -0.0312405 -0.0180159 0.0930648 -0.034278 0.12075 0.0469191 -0.0495246 0.085733 0.148243 0.136685 0.100437 0.0592981 0.0271543 0.107201 -0.00362812 -0.0181873 0.159571 0.0663859
internal_weight=33656.6 6136.84 27519.8 7092.35 20427.4 3931.47 4532.92 2205.38 12634.3 3215.64 1317.27 2699.47 2559.43 5133.12 1121.73 7501.22 1232 1083.65 7793.1 935.349 1374.62 566.139 509.51 656.993 862.857 665.862 2114.18 1275.72 760.867 542.652
internal_count=242244 40374 201870 51110 150760 25312 32278 15062 92734 23064 9214 17244 18832 37431 7523 55303 8068 7539 58026 6291 8847 3656 3411 4564 6098 4412 15262 9304 4856 3766
is_linear=0
shrinkage=0.05


Tree=2
num_leaves=31
num_cat=0
split_feature=0 1 12 0 22 8 12 12 12 11 11 0 1 11 12 11 0 11 12 11 11 11 12 16 11 11 12 21 21 9
split_gain=37186.4 2548.23 2436.43 1352.65 890.065 415.181 414.317 373.563 300.109 185.931 174.473 167.112 165.308 139.759 118.292 105.59 99.6515 89.7601 75.0026 73.6348 60.4404 58.2087 56.6455 54.4588 51.4981 50.7351 50.4022 49.7459 49.1423 46.7672
threshold=1.5000000000000002 5.2750000000000012 0.62500000000000056 4.5000000000000009 0.40824006174431865 1.5000000000000002 1.3566666666666671 -0.68333333333333324 -0.10500000000000019 -0.033333333333332764 -0.015000000000000123 5.5000000000000009 5.8050000000000006 -0.035000000000000579 0.040000000000000265 1.0000000180025095e-35 5.5000000000000009 -0.035000000000000579 2.1108333333333342 0.0066666666666672656 0.0033333333333342989 0.0050000000000003384 -0.9366666666666662 0.3611135573743523 -1.0000000180025095e-35 0.010000000000000233 1.2716666666666669 0.52754334016902782 0.54077537032938483 1.5000000000000002
decision_type=2 2 2 2 2 2 2 2 2 10 8 2 2 8 2 8 2 8 2 10 10 10 2 2 10 8 2 2 2 2
left_child=1 7 4 6 16 27 10 19 15 -8 29 26 20 -10 21 22 -2 -14 -11 23 28 -9 -6 -1 -16 -15 -5 -3 -7 -4
right_child=2 5 3 11 8 12 9 14 13 18 -12 -13 17 25 24 -17 -18 -19 -20 -21 -22 -23 -24 -25 -26 -27 -28 -29 -30 -31
leaf_value=0.027944563544201512 -0.042667119854564402 0.13181644851646088 0.033885771952380045 -0.026046510441793833 -0.035884617139579959 0.083742080567765498 0.061716853540829231 0.075716590168115425 -0.00036510908127697199 0.018408483548033809 -0.0055281814603182801 -0.043417184921335603 0.14191525278957082 -0.015703737611562265 0.10634116952975535 -0.038740752307178279 -0.05421018690524633 0.11745860787825908 0.051995346375509746 0.014901924326181893 0.079485787087802795 0.048952914252394848 -0.021967508136776566 0.061265993575771144 0.075767695079156483 -0.026917437998213875 -0.0058582838814322533 0.15263474247887965 0.11581390078343989 0.012364076878638955
leaf_weight=213.63564100861549 3548.2431899160147 364.92931993305683 366.81706491112709 753.98269023001194 1103.8887441903353 160.12442773580551 473.46651288866997 625.44478143751621 964.03457562625408 930.65722355246544 1859.8521216511726 1262.3007020950317 565.23450262844563 1934.1798520386219 388.28617377579212 4058.8663242161274 3952.5099349021912 1115.7313112616539 202.35964997112751 275.7127757370472 272.59475947916508 300.8977205902338 2165.3586147874594 287.81789921224117 213.44994656741619 2107.9864109605551 524.05153772234917 1342.8872086256742 470.08339922130108 809.41787642240524
leaf_count=1447 27098 2093 2568 5606 8293 978 3130 4025 6985 6510 13471 9659 3295 14291 2417 30749 30684 6672 1376 1897 1707 1994 16261 1926 1356 15676 3834 7706 2861 5679
internal_value=-0.000146102 0.106282 -0.026132 -0.00118108 -0.0351676 0.129058 0.014869 0.0638812 -0.0269079 0.0354032 0.00400383 -0.0305134 0.116414 -0.0174718 0.0782354 -0.0333542 -0.0487497 0.125682 0.0244072 0.0356578 0.0991565 0.0670231 -0.0266667 0.04707 0.095496 -0.0215517 -0.0177684 0.148186 0.107665 0.0190758
internal_weight=33614.8 6596.83 27018 7182.91 19835.1 4291.58 4642.57 2305.24 12334.3 1606.48 3036.09 2540.33 2583.77 5006.2 1528.08 7328.11 7500.75 1680.97 1133.02 777.166 902.803 926.343 3269.25 501.454 601.736 4042.17 1278.03 1707.82 630.208 1176.23
internal_count=242244 40374 201870 51833 150037 25312 32734 15062 92255 11016 21718 19099 15513 36952 9792 55303 57782 9967 7886 5270 5546 6019 24554 3373 3773 29967 9440 9799 3839 8247
is_linear=0
shrinkage=0.05


Tree=3
num_leaves=31
num_cat=0
split_feature=0 12 1 0 0 12 8 12 11 11 21 6 1 12 0 12 16 12 15 12 11 12 21 13 12 18 11 21 11 11
split_gain=32061.8 2297.61 1962.31 1360.27 701.309 531.91 318.8 303.944 234.188 210.501 187.136 122.17 110.147 101.383 97.355 82.5133 81.2642 73.3633 72.189 69.2523 64.215 63.9861 62.2533 60.2273 56.0039 54.2545 50.4676 49.0013 49.6376 44.597
threshold=1.5000000000000002 0.41666666666666635 5.2750000000000012 4.5000000000000009 4.5000000000000009 1.1216666666666668 2.5000000000000004 -0.35666666666666597 -0.018333333333333975 -0.011666666666667156 0.039122701478753075 3.5000000000000004 6.4450000000000012 -0.75666666666666649 5.5000000000000009 -0.46750000000000019 0.35185348269401268 0.5300000000000008 0.18333215388498494 2.0425000000000009 0.0054999999999996172 1.2116666666666676 0.49055042270775162 1.723333333333334 2.1108333333333342 0.56082042172100144 -0.048166666666666906 0.50898107985542818 0.0033333333333342989 -0.068333333333332899
decision_type=2 2 2 2 2 2 2 2 10 8 2 8 2 2 2 2 2 2 2 2 10 2 2 2 2 2 10 2 10 10
left_child=2 4 7 5 9 11 12 16 19 13 -5 26 23 -2 -6 -11 -1 20 -8 29 -9 -12 -18 27 -10 -24 -3 -4 -29 -7
right_child=1 3 6 10 14 8 18 17 24 15 21 -13 -14 -15 -16 -17 22 -19 -20 -21 -22 -23 25 -25 -26 -27 -28 28 -30 -31
leaf_value=0.021664232367106368 -0.031468055227092125 0.01839468828869821 0.083279426804551027 -0.043237160324531482 -0.042213779623588771 0.062376835447832582 0.079459073625518822 0.079193123408023341 0.011021464004461513 -0.038854091388273386 -0.026480501382842688 -0.013604608519878672 0.13225560343663417 -0.012603577059783539 -0.053911090303506576 -0.027779216394325484 0.01968839995577671 0.10306182139397674 0.10292607526017619 0.075491001099621799 0.051088185116284546 -0.0048807250998993473 0.049334740527107332 0.12680703355307685 0.041397434200418637 0.086147668830043905 0.0003508264805460269 0.11902520149502938 0.092136469100143295 0.033918981162445343
leaf_weight=379.23845691978931 981.16331285238266 527.52705430984497 185.91968932747841 1631.4687854722142 3616.6835706532001 178.12969450652599 516.76168681681156 666.4133358746767 1255.9378515928984 3054.2835083305836 955.18909261375666 1544.9925286322832 1579.3228567391634 2598.3812577724457 3500.4028729125857 3742.8598119020462 144.86368100345135 212.99879291653633 895.81031975150108 171.10561518371105 292.42352211475372 534.85601718723774 579.07134340703487 565.85524491965771 172.59148427844048 120.99988926947117 1460.1141949743032 620.95475798845291 237.20098184049129 606.12565536797047
leaf_count=2531 7511 3711 1033 12882 28383 1162 3004 3996 8866 23736 7312 11396 8397 19383 28229 28584 958 1232 5064 1089 1834 3942 3742 3079 1139 769 10537 3402 1333 4008
internal_value=-0.000192668 -0.0253027 0.0950104 -0.00483215 -0.0358787 0.00925735 0.114116 0.0583166 0.0275073 -0.0275877 -0.0315374 -0.00305808 0.122874 -0.0177744 -0.0479669 -0.0327557 0.0408931 0.0765182 0.0943411 0.0466706 0.0706218 -0.0187272 0.0495237 0.113671 0.0146914 0.0556975 0.00513973 0.106551 0.111593 0.0403827
internal_weight=33529.6 26531.8 6997.83 9038.04 17493.8 5916.52 4601.83 2396.01 2383.89 10376.7 3121.51 3532.63 3189.25 3579.54 7117.09 6797.14 1224.17 1171.84 1412.57 955.361 958.837 1490.05 844.935 1609.93 1428.53 700.071 1987.64 1044.08 858.156 784.255
internal_count=242244 201870 40374 66044 135826 41908 25312 15062 16264 79214 24136 25644 17244 26894 56612 52320 8000 7062 8068 6259 5830 11254 5469 8847 10005 4511 14248 5768 4735 5170
is_linear=0
shrinkage=0.05


Tree=4
num_leaves=31
num_cat=0
split_feature=0 12 1 0 0 12 8 12 11 11 21 6 1 0 12 12 12 11 11 12 11 12 21 12 14 14 11 22 21 12
split_gain=27906.7 2172.82 1563.97 1252.2 687.456 469.489 259.44 257.902 201.014 199.763 180.859 111.147 107.1 97.9931 95.6732 80.0919 80.026 66.8735 64.6443 60.5224 60.3417 57.2712 54.3723 49.5072 48.0217 47.0727 43.7141 41.9683 41.1314 39.2816
threshold=1.5000000000000002 0.41666666666666635 5.2750000000000012 4.5000000000000009 4.5000000000000009 1.1216666666666668 1.5000000000000002 -0.68333333333333324 -0.011666666666667156 -0.018333333333333975 0.039122701478753075 3.5000000000000004 5.8050000000000006 5.5000000000000009 -0.75666666666666649 -0.46750000000000019 0.5300000000000008 0.0054999999999996172 -0.0081666666666668757 1.1033333333333342 0.0066666666666672656 2.1108333333333342 0.54077537032938483 1.9841666666666666 5.4499999999999984 5.6658333333333362 -0.078333333333332686 0.55769167063938152 0.50898107985542818 -1.5299999999999998
decision_type=2 2 2 2 2 2 2 2 8 10 2 8 2 2 2 2 2 10 8 2 10 2 2 2 2 2 10 2 2 2
left_child=2 4 7 5 8 11 -4 20 14 21 -5 25 24 -6 -2 -10 17 22 28 -12 29 27 -9 -11 -8 -3 -16 -7 -14 -1
right_child=1 3 6 10 13 9 12 16 15 23 19 -13 18 -15 26 -17 -18 -19 -20 -21 -22 -23 -24 -25 -26 -27 -28 -29 -30 -31
leaf_value=0.010819000801758055 -0.030573097426556728 0.00076274181251996336 0.11635857223250586 -0.042385312865376855 -0.041347391386067411 0.027767459324654284 0.073845003790188199 0.048829306185340648 -0.037958302453929157 0.0096360678041052875 -0.026801833553523703 -0.013047323049787968 0.086001804904491025 -0.053285898031141359 0.0061835460829674782 -0.026917205034309999 0.092499300368709125 0.044380893658030135 0.088320381880375998 -0.0063027635139751006 0.011882886844995784 0.071624359856062039 0.074940261835879249 0.034331843478868938 0.10024486547629066 0.019249537893842133 -0.014402393215382515 0.05029985018726435 0.11138218059813099 0.046695681194350365
leaf_weight=92.4571383446455 959.93745547533035 1551.833247885108 1958.6597855389118 1582.3017867878079 3510.5588824823499 457.2175318300724 785.99354659020901 276.26957306265831 2972.150827690959 1197.80914054811 841.51564799249172 1530.804174169898 191.2042500525713 3367.7648303434253 290.68063229322433 3671.4327457547188 225.11684921383858 446.91398844122887 746.34326680004597 629.36565122753382 284.92675513029099 148.79760710895061 716.33192585408688 244.33390349149704 220.60236391425133 442.53337347507477 2285.4469456672668 377.09791724383831 966.71244958043098 436.50225049257278
leaf_count=604 7511 11094 9799 12882 28383 2934 4338 1651 23736 8408 6571 11396 990 28229 2164 28584 1232 2759 3982 4683 1897 904 4150 1597 1208 3154 17219 2421 4995 2769
internal_value=-0.000228227 -0.0244928 0.0858321 -0.00462104 -0.0349817 0.00873571 0.102289 0.0534991 -0.0267307 0.0256682 -0.0306524 -0.00291353 0.0928221 -0.0471927 -0.0171 -0.0318567 0.0647769 0.0604416 0.0997951 -0.0180306 0.0304328 0.0430482 0.0676728 0.0138201 0.0796307 0.00486481 -0.0120796 0.0379518 0.107191 0.0404248
internal_weight=33409.6 26061.6 7348.03 9003.61 17058 5950.43 4869.52 2478.52 10179.6 2425.26 3053.18 3525.17 2910.86 6878.32 3536.07 6643.58 1664.63 1439.52 1904.26 1470.88 813.886 983.113 992.601 1442.14 1006.6 1994.37 2576.13 834.315 1157.92 528.959
internal_count=242244 201870 40374 66044 135826 41908 25312 15062 79214 16264 24136 25644 15513 56612 26894 52320 9792 8560 9967 11254 5270 6259 5801 10005 5546 14248 19383 5355 5985 3373
is_linear=0
shrinkage=0.05


Tree=5
num_leaves=31
num_cat=0
split_feature=0 12 1 0 0 12 12 11 0 11 11 8 0 12 11 12 21 18 11 11 11 21 9 8 22 12 21 11 13 15
split_gain=24470.1 2053.22 1280.8 1152.59 673.66 415.811 320.013 191.99 175.636 134.17 132.69 129.54 98.7074 92.0964 85.5287 77.278 70.7307 67.7315 66.7915 59.3696 55.1052 54.5272 51.8699 44.8961 47.2114 41.3735 40.6689 40.5864 37.7855 36.0085
threshold=1.5000000000000002 0.41666666666666635 5.6150000000000011 4.5000000000000009 4.5000000000000009 1.2533333333333334 -0.42333333333333351 -0.011666666666666268 5.5000000000000009 -0.029999999999999801 -0.009999999999999341 1.5000000000000002 5.5000000000000009 -0.68333333333333324 0.026666666666666842 -0.55166666666666642 0.54077537032938483 0.38421302488400128 -0.03666666666666573 -0.044999999999999478 0.0066666666666663774 0.11774897174294476 3.5000000000000004 1.5000000000000002 0.54456081013909396 1.2916666666666676 0.13387762266304434 -0.061666666666666085 1.1008333333333333 0.21159701647091658
decision_type=2 2 2 2 2 2 2 8 2 8 10 2 2 2 10 2 2 2 8 8 10 2 2 2 2 2 2 10 2 2
left_child=2 4 6 5 7 9 17 13 19 28 23 -4 -6 -2 16 -9 -8 -1 -13 -5 -19 -11 -18 24 -7 -21 -17 -15 -3 -20
right_child=1 3 11 8 12 10 14 15 -10 21 -12 18 -14 27 -16 26 22 20 29 25 -22 -23 -24 -25 -26 -27 -28 -29 -30 -31
leaf_value=0.017239788078096376 -0.028912535076361875 0.0057806678678355809 0.10550073737925153 0.0048024122515573356 -0.040491159917293684 0.031254114511528208 0.05361718200541974 -0.037813085701765836 -0.042326336460883185 -0.013997780527028606 0.013885036768951607 0.10000419702083679 -0.052680591443824878 0.00089702965427968179 0.042769217639541716 -0.029990596248648718 0.085261596311092855 0.051684742707201428 0.073527810336489807 -0.02829120943713246 0.024604251140471937 -0.00028908001858048051 0.06520645044699086 0.018488285852384548 0.055602008084775827 -0.0091087702522053404 -0.018770242263173371 -0.014697005060643711 0.024867590418690827 0.088754906195255112
leaf_weight=389.30711477994919 1075.4524515271187 590.83534075319767 1969.7141479849815 239.77743244171143 3408.1744413897395 356.92771458625793 439.81972967088223 2562.9765662699938 1442.7262427508831 1356.2992751300335 1003.8691022694111 794.02166949212551 3239.3955678492785 527.34346380829811 316.96705150604248 2667.4133056849241 761.25086641311646 552.79029560089111 678.60282368957996 895.07586582750082 284.55272960662842 1559.3264154344797 559.27016925811768 202.18954966962337 450.24772836267948 409.78839528560638 1158.2630031630397 1998.7714492678642 462.08550757169724 907.40182574093342
leaf_count=2499 8577 4109 9371 1829 28383 2232 2437 21032 12145 10053 6840 3907 28229 3933 1822 21221 4066 3321 3500 7107 1827 11425 3044 1293 2792 3055 9210 15241 3164 4580
internal_value=-0.000255421 -0.023702 0.0781896 -0.00441868 -0.0340973 0.00824796 0.0547209 -0.0258902 -0.0297818 -0.00114137 0.0267565 0.0960159 -0.0464311 -0.0166586 0.0666785 -0.0310945 0.0709836 0.0344708 0.0881663 -0.018065 0.042482 -0.00666613 0.0767678 0.0395578 0.0448355 -0.022267 -0.0265935 -0.0114416 0.0141572 0.0822397
internal_weight=33260.6 25606.9 7653.7 8969.15 16637.8 5981.78 3303.96 9990.22 2987.37 3968.55 2013.23 4349.74 6647.57 3601.57 2077.31 6388.65 1760.34 1226.65 2380.03 1544.64 837.343 2915.63 1320.52 1009.36 807.175 1304.86 3825.68 2526.11 1052.92 1586
internal_count=242244 201870 40374 66044 135826 41908 19016 79214 24136 28751 13157 21358 56612 27751 11369 51463 9547 7647 11987 11991 5148 21478 7110 6317 5024 10162 30431 19174 7273 8080
is_linear=0
shrinkage=0.05


Tree=6
num_leaves=31
num_cat=0
split_feature=0 12 1 0 22 12 12 8 12 0 11 11 0 11 11 1 13 6 0 11 11 11 12 21 6 22 15 1 13 8
split_gain=21581.3 1941.46 1084.37 949.208 814.84 256.763 255.378 194.317 185.271 144.642 141.345 125.847 101.273 84.9082 83.7189 68.6365 64.3654 51.5566 48.5421 47.703 46.5088 44.2459 43.1168 43.0246 42.7744 42.6427 41.5791 38.2387 35.8314 35.3853
threshold=1.5000000000000002 0.62500000000000056 5.2750000000000012 4.5000000000000009 0.40824006174431865 -0.17250000000000029 1.5000000000000007 2.5000000000000004 -0.68333333333333324 5.5000000000000009 -0.020000000000000014 -0.016333333333333307 5.5000000000000009 1.0000000180025095e-35 -0.026666666666666835 6.3550000000000013 0.72999999999999987 1.5000000000000002 3.5000000000000004 -0.069999999999999826 0.0066666666666672656 0.0050000000000003384 -0.9366666666666662 0.13387762266304434 2.5000000000000004 0.77127999261985347 0.18333215388498494 6.5050000000000008 2.7541666666666678 2.5000000000000004
decision_type=2 2 2 2 2 2 2 2 2 2 8 8 2 8 10 2 2 8 2 8 10 10 2 2 10 2 2 2 2 2
left_child=2 4 8 6 12 13 10 15 20 19 -3 -7 -2 22 28 24 21 -9 -12 -5 -1 25 -6 -13 -4 -10 -19 -16 -8 -18
right_child=1 3 7 9 5 11 14 17 16 -11 18 23 -14 -15 27 -17 29 26 -20 -21 -22 -23 -24 -25 -26 -27 -28 -29 -30 -31
leaf_value=0.034648458190131903 -0.03928438516001883 0.018228133401718735 0.090702895060951583 0.022224426725105648 -0.032375508764330957 -0.0047951479597115364 0.039487618696351492 0.084032565569090889 0.024569593558074379 -0.039950890062620072 0.0022719003616312283 -0.024800557226619214 -0.051721654105139896 -0.035731212851254933 0.0061813021141575754 0.097283701378894527 0.088611922515224706 0.05205309251185683 -0.013585552215445227 -0.017668943613300053 0.0099665767416808777 0.032926073609248145 -0.019490311798562823 -0.012545144168544506 0.074613912999671558 0.058572213828628039 0.071840028073233739 0.028668233290965836 0.07135903303977939 0.060798623011884857
leaf_weight=554.62344889342785 3162.3588260635734 1246.8057015687227 933.07038754224777 80.222150132060051 1004.4098731353879 1814.2020678967237 370.25059489905834 476.90404139459133 106.11682689189911 1117.8287843465805 1502.8530417233706 2374.045862108469 3392.7859848514199 3434.9661546945572 286.52612981200218 2011.0684530138969 151.81333431601524 424.16522334516048 710.88959749042988 1136.9712812304497 291.00459785759449 354.16903364658356 1836.0234945118427 1025.4893525913358 741.33129538595676 703.39418011903763 709.73994952440262 555.72512990236282 115.75751215219498 463.47693571448326
leaf_count=3373 27098 8285 4389 602 8293 13540 2161 2332 602 9659 10876 18905 30684 28812 1921 9239 772 2203 5222 8838 1897 2066 14620 8085 3616 3808 3533 3598 671 2544
internal_value=-0.000276258 -0.0229294 0.0717027 -0.000827866 -0.031655 -0.0236293 0.0119167 0.084726 0.0454227 -0.0269652 0.00476325 -0.0154288 -0.0457216 -0.0304424 0.0305538 0.0910576 0.0545817 0.0702394 -0.00282033 -0.0150397 0.0261547 0.047666 -0.0240467 -0.0211036 0.0835796 0.0541149 0.0644382 0.0210184 0.0470788 0.0676611
internal_weight=33089 25168.1 7920.88 7123.83 18044.3 11489.1 4788.81 5296.28 2624.6 2335.02 3460.55 5213.74 6555.14 6275.4 1328.26 3685.47 1778.97 1610.81 2213.74 1217.19 845.628 1163.68 2840.43 3399.54 1674.4 809.511 1133.91 842.251 486.008 615.29
internal_count=242244 201870 40374 51833 150037 92255 32734 25312 15062 19099 24383 40530 57782 51725 8351 17244 9792 8068 16098 9440 5270 6476 22913 26990 8005 4410 5736 5519 2832 3316
is_linear=0
shrinkage=0.05


Tree=7
num_leaves=31
num_cat=0
split_feature=0 12 21 1 0 12 11 8 12 11 0 12 0 11 12 11 12 11 11 21 12 11 14 21 2 21 8 22 18 13
split_gain=19123.5 1839.02 987.051 923.146 646.91 353.006 176.507 166.46 162.837 138.72 134.773 104.883 99.7186 93.1152 67.1573 62.3036 53.6357 49.9128 48.7686 48.7047 47.4621 46.8437 45.4797 44.921 43.6781 42.4625 40.8959 42.0423 39.7307 39.6887
threshold=1.5000000000000002 0.41666666666666635 0.071941698098827653 5.2750000000000012 4.5000000000000009 1.1216666666666668 -0.033333333333332764 2.5000000000000004 -0.18333333333333332 -0.009999999999999341 5.5000000000000009 -0.56416666666666682 5.5000000000000009 0.010833333333333252 -1.0100000000000002 -0.026666666666666835 -0.86833333333333285 -0.029166666666666782 -0.068333333333332899 0.54077537032938483 2.1108333333333342 0.0066666666666663774 5.6658333333333362 0.49055042270775162 6.035000000000001 0.13387762266304434 1.5000000000000002 0.51412771714735428 0.59892718182397198 0.72999999999999987
decision_type=2 2 2 2 2 2 8 2 2 10 2 2 2 8 2 8 2 8 10 2 2 8 2 2 2 2 2 2 2 2
left_child=3 4 10 8 6 13 16 15 14 18 17 -8 -6 22 -1 19 -2 -3 -7 -5 -11 -9 -4 -16 -17 -13 27 -20 -25 -10
right_child=1 2 5 7 12 9 11 21 29 20 -12 25 -14 -15 23 24 -18 -19 26 -21 -22 -23 -24 28 -26 -27 -28 -29 -30 -31
leaf_value=0.016432913764203815 -0.026420477267523414 -0.00035196920569196036 -0.00077157160121380907 0.076578721582747922 -0.03885060739287724 0.051737435159929103 -0.035034476962312627 0.070008693354888546 0.048714822872102784 0.005792974555043965 -0.040674273371743605 -0.026203684088642529 -0.051524787173189791 -0.013562172119977728 0.016572537897375415 0.069353620794506729 -0.0063012529333996564 -0.023572166015415116 0.016796172157956944 0.095773444603000357 0.034807590481445792 0.051409699828009164 0.016350732126898592 0.039638321054011209 0.083995343068336031 -0.015961292420642894 0.010431544300811413 0.041428842595391896 0.07267126799181145 0.068214809823122446
leaf_weight=476.88275600969791 424.97010975331068 304.39679585397243 1790.2024653479457 447.52389499545097 3219.4284857660532 260.33937567472458 2963.8673318848014 1186.1491105854511 584.61614567041397 1150.7903015762568 1355.7829587832093 3282.1862872838974 2996.3614337593317 1366.2639499828219 190.7823978215456 873.19294993579388 1502.2911333590746 965.46595322340727 258.98968106508255 1263.6332677304745 160.61839012801647 473.75878165662289 495.07363221794367 861.51659843325615 1222.4176639020443 1462.9442512542009 261.53001031279564 523.07332383096218 101.7815155684948 471.29933829605579
leaf_count=2975 3515 2325 12917 2019 28383 1545 25460 5696 3082 7981 12145 26916 28229 10432 1140 4049 11472 7698 1640 5638 1002 2372 3512 4895 5538 11851 1687 3160 560 2410
internal_value=-0.000291917 -0.0221747 -0.00397543 0.0661183 -0.0323839 0.00680707 -0.0242716 0.0779132 0.0421206 0.020829 -0.0297111 -0.0276551 -0.0449603 -0.00323588 0.0322165 0.0836746 -0.0107376 -0.0180061 0.0323773 0.0907534 0.00934662 0.0647003 0.00293774 0.0387386 0.0778945 -0.0230459 0.0275476 0.0332714 0.0431286 0.0574185
internal_weight=32898.1 24744.6 8892.53 8153.55 15852 6266.88 9636.26 5466.68 2686.88 2615.34 2625.65 7709 6215.79 3651.54 1630.96 3806.77 1927.26 1269.86 1303.93 1711.16 1311.41 1659.91 2285.28 1154.08 2095.61 4745.13 1043.59 782.063 963.298 1055.92
internal_count=242244 201870 66044 40374 135826 43876 79214 25312 15062 17015 22168 64227 56612 26861 9570 17244 14987 10023 8032 7657 8983 8068 16429 6595 9587 38767 6487 4800 5455 5492
is_linear=0
shrinkage=0.05


Tree=8
num_leaves=31
num_cat=0
split_feature=0 12 21 1 0 12 12 11 0 11 0 11 8 12 12 18 11 11 21 12 11 6 21 21 15 21 0 11 10 11
split_gain=17009.5 1733.37 909.646 809.956 632.883 311.114 197.832 171.128 125.966 109.605 100.555 95.1198 93.4831 78.468 71.1273 60.3956 59.6812 57.8982 50.2784 47.2911 46.1927 45.7396 38.5877 37.4454 34.9862 34.8548 34.0788 33.2993 31.5994 30.8271
threshold=1.5000000000000002 0.41666666666666635 0.070753310912496675 5.6150000000000011 4.5000000000000009 1.2533333333333334 -0.34499999999999947 -0.011666666666666268 5.5000000000000009 0.021666666666666948 5.5000000000000009 -0.033333333333332764 1.5000000000000002 -0.29166666666666757 -0.46750000000000019 0.40888955913047415 0.024999999999999915 -0.046666666666666405 0.54077537032938483 2.1108333333333342 -0.012666666666666602 1.5000000000000002 0.5162822464815825 0.11582099990689351 0.21159701647091658 0.13387762266304434 3.5000000000000004 -0.078333333333332686 2.5000000000000004 -0.00083333333333346349
decision_type=2 2 2 2 2 2 2 8 2 8 2 10 2 2 2 2 10 10 2 2 8 8 2 2 2 2 2 10 2 8
left_child=3 4 8 6 7 9 15 13 20 17 29 -7 -5 -2 -9 -1 18 28 -8 26 -3 -14 -17 -19 -23 -16 -13 -15 -4 -6
right_child=1 2 5 12 10 11 16 14 -10 -11 -12 19 21 27 25 22 -18 23 -20 -21 -22 24 -24 -25 -26 -27 -28 -29 -30 -31
leaf_value=0.015829975732858683 -0.02208126785790189 -0.005076024337022287 0.028585348179226883 0.082361751841922279 -0.032007294872357261 0.03718599799624972 0.041985974454958469 -0.034737064707794939 -0.03986638073371962 -0.014895764558044956 -0.050965666085635103 0.016942678316231419 0.07811602462104851 0.012304752795873281 -0.027169083546693097 0.017959622020227158 0.033914262596849321 -0.0074655757824346296 0.061386750882459575 0.034962784743785419 -0.025166574160585937 0.055868064523180876 0.042681154141847387 0.0053167884694826865 0.069934145706579326 -0.01613911682042939 -6.7214670256212779e-05 -0.0095526018712202079 0.0068527971243400043 -0.042117373550634066
leaf_weight=549.67090319097042 1754.9808870181441 461.41445080190897 290.25954575836658 2166.5949264019728 1268.1852537915111 674.74099352955818 444.77145890891552 2638.6194085031748 1315.1349880993366 1144.4036701843143 2880.7070075497031 812.68347419798374 820.18367204070091 196.80545239150524 2321.8453596308827 205.66062669456005 347.85625709593296 1049.7837224677205 1340.3038219958544 240.27072505652905 753.04583984613419 776.74390660226345 678.96265617012978 1261.383450910449 1025.993562862277 1035.7301032468677 461.76613913476467 1520.6205719858408 394.71760073304176 1859.5891466662288
leaf_count=3322 14520 3595 1955 9371 11483 3898 2260 23365 12145 8772 28229 5371 3655 1458 19562 1215 1841 7807 6549 1447 6127 3644 3829 9069 4688 8536 3160 11773 2698 16900
internal_value=-0.000303667 -0.0214372 -0.00380032 0.061242 -0.0315332 0.00632764 0.043205 -0.0234789 -0.0291443 -0.00173296 -0.0442257 0.0215713 0.0746759 -0.0146459 -0.0285941 0.0288461 0.0528607 0.00329469 0.0565528 0.0146156 -0.0175335 0.0683271 0.0369338 -0.000489247 0.0638735 -0.0237666 0.0107796 -0.0070479 0.016062 -0.0380181
internal_weight=32693.4 24336.7 8859.6 8356.74 15477.1 6330.01 3567.23 9468.6 2529.6 4140.55 6008.48 2189.46 4789.52 3472.41 5996.19 1434.29 2132.93 2996.14 1785.08 1514.72 1214.46 2622.92 884.623 2311.17 1802.74 3357.58 1274.45 1717.43 684.977 3127.77
internal_count=242244 201870 66044 40374 135826 44177 19016 79214 21867 30301 56612 13876 21358 27751 51463 8366 10650 21529 8809 9978 9722 11987 5044 16876 8332 28098 8531 13231 4653 28383
is_linear=0
shrinkage=0.05


Tree=9
num_leaves=31
num_cat=0
split_feature=18 0 12 8 12 11 18 11 0 12 21 21 21 12 13 22 9 1 12 11 11 12 11 21 7 14 11 13 21 12
split_gain=15182.9 1650.16 1163.69 553.669 239.988 220.779 191.035 166.653 140.99 130.904 119.54 119.373 109.963 82.5338 78.7492 76.7342 76.3108 60.4713 59.5689 46.0201 45.5682 42.7766 40.9017 40.8772 39.4824 38.6518 38.6258 38.399 37.9832 34.9542
threshold=0.33338211462875172 4.5000000000000009 0.62500000000000056 2.5000000000000004 0.84166666666666712 -0.033333333333332764 0.56082042172100144 -0.021666666666666053 5.5000000000000009 0.010000000000000011 0.49055042270775162 0.17025787232467041 0.039122701478753075 1.2716666666666669 1.0000000180025095e-35 0.73652121722103014 1.5000000000000002 6.4450000000000012 -0.75666666666666649 0.021833333333333375 0.0083333333333333055 -0.90166666666666584 -0.031666666666666725 0.12881282295996535 1.7500000000000002 -3.3333333333333326 -0.046333333333333553 1.723333333333334 0.52754334016902782 2.1108333333333342
decision_type=2 2 2 2 2 8 2 10 2 2 2 2 2 2 2 2 2 2 2 10 8 2 10 2 10 2 8 2 2 2
left_child=1 2 5 11 8 15 14 16 26 10 21 -2 -6 25 22 18 -4 27 -1 -16 28 -7 -5 -11 -10 -9 -3 -13 -8 -18
right_child=3 4 7 6 12 9 20 13 24 23 -12 17 -14 -15 19 -17 29 -19 -20 -21 -22 -23 -24 -25 -26 -27 -28 -29 -30 -31
leaf_value=-0.023478378990261905 0.022881607576613505 -0.020701271850741304 0.034039962100389495 0.039556540838035406 -0.034048452835386815 -0.035703983068895696 0.045006581795716843 -0.014120017017600857 -0.050486342421716505 -0.019490257590884057 0.010972506135248479 0.061286101022709628 -0.0085705271062221765 0.012885811097366126 0.049151430079937761 0.034283419166011062 0.01117566516422403 0.077943133239207596 -0.0036160597187674011 0.024473126209144824 0.043788944445124316 -0.026222698679285394 0.019572053795753084 -0.0072330357685893758 -0.0095052358044079924 0.0012549656015417231 -0.037208930981290182 0.075009023245243792 0.067402673343831765 0.056100354151041025
leaf_weight=486.44482392817736 129.76350001990795 398.37178245186806 752.71069639921188 379.13801582157612 838.83193852007389 1752.4282094314694 237.91293483972549 629.63083976507187 3199.8783929720521 1781.687725096941 191.01884695887566 1489.3484781086445 855.35508418083191 1179.9593255519867 962.6800045594573 112.50965081900358 993.62237671017647 1981.8958862870932 1685.2646113559604 235.03233307600021 430.41674670577049 3704.2489040121436 788.52286555618048 1100.2427612915635 59.872476167976856 1165.3316614627838 3207.6362754330039 775.03365282714367 926.81637701392174 45.270886361598969
leaf_count=4134 860 3586 4482 2012 7855 15839 1146 4667 32347 14593 1129 6656 6726 7731 4890 627 6324 8414 12788 1301 2133 32132 4407 8712 605 8592 29612 3387 4314 243
internal_value=-0.000312134 -0.0204023 -0.0107126 0.0578632 -0.0380389 -0.0197848 0.0443186 0.00986948 -0.0421976 -0.0234819 -0.0279066 0.0701216 -0.0211852 0.00261411 0.0353008 -0.00597917 0.0219169 0.0715653 -0.00806505 0.0443087 0.0576907 -0.0292676 0.026061 -0.0148108 -0.0497336 -0.00413822 -0.0353853 0.0659831 0.0628279 0.0131333
internal_weight=32476.9 24140.3 15580.4 8336.56 8559.95 10813.8 3960.52 4766.53 6865.76 8529.63 5647.7 4376.04 1694.19 2974.92 2365.37 2284.22 1791.6 4246.28 2171.71 1197.71 1595.15 5456.68 1167.66 2881.93 3259.75 1794.96 3606.01 2264.38 1164.73 1038.89
internal_count=242244 202724 121993 39520 80731 89954 20203 32039 66150 72405 49100 19317 14581 20990 12610 17549 11049 18457 16922 6191 7593 47971 6419 23305 32952 13259 33198 10043 5460 6567
is_linear=0
shrinkage=0.05


Tree=10
num_leaves=31
num_cat=0
split_feature=0 12 22 1 0 12 12 11 0 0 11 9 11 12 12 18 11 11 8 1 10 12 11 11 21 11 11 21 12 21
split_gain=13590.5 1546.44 774.362 635.736 604.057 254.24 159.44 157.343 130.858 101.818 99.5202 82.3146 73.2473 70.9223 66.6892 64.5868 56.044 55.0076 43.6915 41.8724 37.6552 37.0068 36.3397 35.7687 35.2526 32.9474 32.4711 31.7876 31.733 31.3301
threshold=1.5000000000000002 0.41666666666666635 0.41191277904514711 5.6150000000000011 4.5000000000000009 1.1216666666666668 -0.68333333333333324 -0.011666666666666268 5.5000000000000009 5.5000000000000009 -0.009999999999999341 2.5000000000000004 0.010833333333333252 -0.68333333333333324 -0.60333333333333317 0.41884841022157121 0.013333333333333199 -0.069999999999999826 1.5000000000000002 6.1650000000000009 3.5000000000000004 1.5833333333333335 0.0066666666666672656 -0.023333333333332981 0.58642395961659655 -0.078333333333332686 -0.033333333333332764 0.13387762266304434 2.1108333333333342 0.12340189774701744
decision_type=2 2 2 2 2 2 2 8 2 2 10 2 8 2 2 2 10 8 2 2 2 2 10 8 2 10 8 2 2 2
left_child=3 4 8 6 7 12 22 13 17 -6 18 23 20 -2 -9 -8 24 -3 -7 -13 -4 -19 -1 -5 -17 -15 -10 -16 29 -12
right_child=1 2 5 11 9 10 15 14 26 -11 28 19 -14 25 27 16 -18 21 -20 -21 -22 -23 -24 -25 -26 -27 -28 -29 -30 -31
leaf_value=0.026453703408307244 -0.024819356547777085 0.023230371920965991 0.0087385574155922664 0.075411710420045297 -0.036411918011126608 0.032495420089476645 0.030205557850622056 -0.034089490568902529 -0.023463974975055882 -0.049887922219822391 -0.0022407970601927073 0.047453325627644392 -0.012023588792109687 0.0073773995721587568 -0.026045789786224783 0.046596602006662519 0.03332622218794884 -0.022501918454815906 0.011425480552268493 0.062645222420082358 -0.0042066082483649915 -0.00053199752784375447 0.0053643625845697972 0.064641817132000304 0.061968436237284312 -0.010950775763761363 -0.042683152704556998 -0.015959666111090603 0.028436344301325751 0.014426852025560719
leaf_weight=602.81036558747292 976.1904608681798 85.22062673419714 1233.1674275025725 1492.5398890078068 2958.8672199547291 1018.0884680747986 697.01918718218803 2108.1874780878425 285.79867909103632 2663.2976226732135 642.6208066418767 752.65076385438442 1306.8515294641256 276.85376704484224 2522.3165541216731 987.05511330068111 508.20973232388496 1001.9145776554942 324.4539482742548 1141.4246259778738 1031.7760433554649 237.01845317333937 308.95812594890594 1594.5930164158344 599.5091145336628 2144.6964389160275 951.2405066639185 1131.6567126959562 166.45103567093611 502.32267586886883
leaf_count=3416 8577 642 8717 6272 28383 5880 3529 19672 2799 28229 4436 3349 10188 2075 22161 4744 2603 8416 2002 4877 7434 1821 1913 6860 2811 17099 9340 9630 986 3383
internal_value=-0.000317936 -0.0200198 -0.00340802 0.0531495 -0.0298943 0.00611225 0.0374608 -0.0219757 -0.0265499 -0.0427957 0.0178341 0.0648142 -0.00259735 -0.0134419 -0.0270079 0.0433895 0.0477764 -0.0156261 0.0274034 0.0566084 0.0028415 -0.0182989 0.0193075 0.0698488 0.0524051 -0.00885533 -0.0382429 -0.0229221 0.00803741 0.00507182
internal_weight=32253.8 23569 8786.92 8684.77 14782.1 6225.73 3703.56 9159.9 2561.19 5622.16 2653.94 4981.21 3571.8 3397.74 5762.16 2791.79 2094.77 1324.15 1342.54 1894.08 2264.94 1238.93 911.768 3087.13 1586.56 2421.55 1237.04 3653.97 1311.39 1144.94
internal_count=242244 201870 66044 40374 135826 43026 19016 79214 23018 56612 16687 21358 26339 27751 51463 13687 10158 10879 7882 8226 16151 10237 5329 13132 7555 19174 12139 31791 8805 7819
is_linear=0
shrinkage=0.05


Tree=11
num_leaves=31
num_cat=0
split_feature=18 19 12 18 11 0 22 13 12 1 22 21 21 12 11 6 22 11 22 8 12 6 12 21 11 7 21 8 9 12
split_gain=12199.5 1447.8 907.078 471.02 216.831 169.745 152.3 146.792 129.349 103.45 92.7519 84.994 83.9938 73.8517 73.5415 72.2914 60.1798 56.6246 54.682 54.6755 51.5706 51.3167 49.149 47.7334 46.5744 45.6376 43.8751 43.0022 40.5221 37.4763
threshold=0.30750960660679788 0.36793326150492894 0.85500000000000098 0.56082042172100144 0.0083333333333333055 3.5000000000000004 0.32667586892521261 0.16666666666666743 0.13833333333333411 6.2750000000000012 0.78060776571541057 0.47496843075909795 0.083411417677901126 -0.033333333333333874 -0.021666666666666941 1.5000000000000002 0.54040341865924535 -0.049999999999999371 0.73652121722103014 2.5000000000000004 -0.41166666666666679 2.5000000000000004 -0.66833333333333356 0.03518093612083343 -0.038333333333333545 1.2500000000000002 0.1089761892114129 1.5000000000000002 1.5000000000000002 1.3133333333333341
decision_type=2 2 2 2 8 2 2 2 2 2 2 2 2 2 10 8 2 10 2 2 2 8 2 2 8 10 2 2 2 2
left_child=1 6 4 7 8 14 25 18 10 21 17 29 -6 -14 28 -7 -10 -3 -2 -13 -20 -5 -8 -17 -24 27 -19 -1 -4 -9
right_child=3 2 5 9 12 15 22 11 16 -11 -12 19 13 -15 -16 23 -18 26 20 -21 -22 -23 24 -25 -26 -27 -28 -29 -30 -31
leaf_value=-0.032933636170017315 -0.0013454036817760842 -0.0080922676877687866 0.038777971559357562 0.059026328669386577 -0.038528508885430045 0.015474114609329948 -0.037773569068194859 0.016049752776895663 -0.011879615005547614 0.066697499494099879 0.020962482075412559 0.059668747529474722 -0.02882851300086179 -0.015590804267913858 0.0099225802251130431 -0.03418748309951028 0.0031272595621263284 -0.029576197035388198 0.018620730570277924 0.042024840905346091 0.03724714961171182 0.044224331103677329 -0.0070795113062892146 -0.004965106279066143 -0.029177264495690733 -0.0081800170722114863 -0.017551730873601717 -0.049543021804504747 0.018130065615843693 0.048832272643158106
leaf_weight=451.02438350021839 171.9539472386241 844.80934175103903 444.52430820465088 1278.7083021551371 1070.3321302980185 420.26537622511387 1567.1582791507244 313.18920157104731 1269.6940457522869 2608.6125970184803 146.40155266225338 789.33513267338276 2336.4263404607773 1918.9271590560675 1471.1162658631802 155.61728850007057 1409.8461201712489 1325.6678845956922 705.45887564122677 989.50997534394264 785.23735396564007 1080.1714654117823 284.72437418997288 1369.952208429575 1467.0509782135487 76.329266346991062 1773.5533534139395 2865.8294858112931 510.50878524780273 120.80669559538364
leaf_count=4529 1140 6970 2507 5604 10389 2868 15093 1863 10297 10849 810 3380 21528 15939 10015 1510 10456 12181 3977 4820 3709 4964 2389 9953 13429 800 15383 31160 3072 660
internal_value=-0.000321651 -0.0193831 -0.0114053 0.0496435 -0.0184604 0.00811341 -0.038956 0.0365789 -0.0125228 0.0598361 -0.0181166 0.0450139 -0.0260082 -0.022859 0.0169365 -0.00288765 -0.00398371 -0.0195672 0.0253527 0.0498541 0.0284324 0.0522482 -0.0313406 -0.00794596 -0.0255856 -0.0464048 -0.0226951 -0.0472845 0.0277407 0.0251751
internal_weight=32022.7 23179.8 16467.6 8842.98 12095.7 4371.98 6712.12 3875.49 6769.97 4967.49 4090.43 2212.84 5325.69 4255.35 2426.15 1945.83 2679.54 3944.03 1662.65 1778.85 1490.7 2358.88 3318.93 1525.57 1751.78 3393.18 3099.22 3316.85 955.033 433.996
internal_count=242244 201278 133878 40966 103953 29925 67400 19549 56097 21417 35344 10723 47856 37467 15594 14331 20753 34534 8826 8200 7686 10568 30911 11463 15818 36489 27564 35689 5579 2523
is_linear=0
shrinkage=0.05


Tree=12
num_leaves=31
num_cat=0
split_feature=0 0 12 8 0 12 15 12 12 6 11 11 12 12 8 8 21 12 7 3 21 11 15 14 12 22 9 11 22 14
split_gain=10957.7 1394.42 1013.99 530.694 229.672 185.648 182.315 173.531 140.531 96.138 80.1793 68.7625 63.6068 60.5933 54.1613 49.1634 48.4884 46.133 42.0421 41.8829 41.6082 39.9855 38.8618 38.2734 36.3754 35.4295 35.2149 30.1506 28.4956 30.0532
threshold=1.5000000000000002 4.5000000000000009 0.62500000000000056 2.5000000000000004 5.5000000000000009 -0.17250000000000029 0.14583295805431343 0.33249999999999963 1.5000000000000007 1.5000000000000002 -0.0033333333333334099 1.0000000180025095e-35 -1.0100000000000002 1.0516666666666674 1.5000000000000002 1.5000000000000002 0.50108827502296538 1.0850000000000004 1.7500000000000002 36.345000000000006 0.13387762266304434 0.015000000000000126 0.27670754882180831 -2.6866666666666652 -0.95499999999999929 0.54719081798091718 1.5000000000000002 -0.00083333333333346349 0.51741219038772213 -0.46999999999999703
decision_type=2 2 2 2 2 2 2 2 2 8 8 8 2 2 2 2 2 2 10 2 2 10 2 2 2 2 2 8 2 2
left_child=3 2 5 14 7 11 12 27 10 -7 26 24 -5 18 -1 21 -14 -9 -6 -18 -11 25 -16 -8 -2 -10 -4 -3 -12 -30
right_child=1 4 8 6 13 9 23 17 15 20 28 -13 16 -15 22 -17 19 -19 -20 -21 -22 -23 -24 -25 -26 -27 -28 -29 29 -31
leaf_value=0.063821468824561758 -0.027829271333674993 -0.029103319945476314 0.020431185488914892 0.0079180308111224344 -0.0484937000832142 0.0032883282382721295 0.035437554520476928 -0.021837486977666368 0.020661654628052969 -0.01871900133349072 -0.013878824849547167 -0.030565579020557832 0.011133442224749527 -0.029627916766668573 0.049776316591581792 -0.0019286768523587067 0.026514102543626558 -0.0043482089754172618 -0.006447693027059458 0.04415169681603149 -0.0077245365566263966 0.01073711897769497 0.0692970661514722 0.049406643364482666 -0.01491579676625486 0.040396092444384392 0.0057616508796112589 -0.039871268027293995 -0.0076408493472324233 0.008804246495553442
leaf_weight=2464.3120667040348 812.30083031952381 1098.3967144116759 611.34862556308508 458.33878488838673 3022.5184192806482 877.93071445077658 736.31826582551003 893.3763834014535 432.6093095690012 2571.991199888289 546.15294004231691 2839.7001753523946 321.12156291306019 548.32870274782181 1686.7238300144672 185.94178541004658 984.02069580554962 652.41648137569427 60.646107271313667 511.57181257009506 1293.228937715292 330.48335456848145 300.36016120016575 1467.8362770974636 1659.2820689156651 479.54287883639336 1236.6445507779717 1592.7581439688802 593.28873012214899 522.47101571410894
leaf_count=10087 7597 10966 3876 2705 34117 6608 3352 8029 2477 21935 4149 27351 1703 5615 7197 1139 4919 5139 642 2526 10572 2078 1244 6641 14325 2657 8211 16240 4347 3800
internal_value=-0.000323391 -0.0186702 -0.00972444 0.0466424 -0.0357159 -0.0188375 0.0344917 -0.0278073 0.0088291 -0.0116479 0.00344809 -0.025258 0.0245627 -0.0449429 0.0588689 0.0220498 0.028762 -0.014456 -0.0476667 0.0325471 -0.0150405 0.0256379 0.052727 0.0447401 -0.0191599 0.0310366 0.0106146 -0.0354763 -0.00452083 5.98102e-05
internal_weight=31792 22861.4 14992.9 8930.6 7868.44 10054.4 4479.21 4236.95 4938.48 4743.15 3509.91 5311.28 2275.05 3631.49 4451.4 1428.58 1816.71 1545.79 3083.16 1495.59 3865.22 1242.64 1987.08 2204.15 2471.58 912.152 1847.99 2691.15 1661.91 1115.76
internal_count=242244 201870 121122 40374 80748 88388 21846 40374 32734 39115 24383 49273 11853 40374 18528 8351 9148 13168 34759 7445 32507 7212 8441 9993 21922 5134 12087 27206 12296 8147
is_linear=0
shrinkage=0.05


Tree=13
num_leaves=31
num_cat=0
split_feature=18 19 12 18 11 22 12 0 12 21 21 22 9 12 11 11 11 11 22 12 6 12 11 21 21 12 12 7 11 11
split_gain=9871.29 1323.52 768.46 389.532 196.215 150.28 146.799 137.532 113.737 102.227 79.0777 76.763 68.1475 66.3641 63.6032 59.4586 54.8581 52.3163 52.0983 47.3747 46.8623 46.5569 43.5784 42.7127 41.0468 39.0684 35.0578 34.5522 34.5422 33.8675
threshold=0.30750960660679788 0.36793326150492894 0.85500000000000098 0.59671863747042098 0.0083333333333333055 0.32667586892521261 -0.042500000000000419 3.5000000000000004 0.13833333333333411 0.47496843075909795 0.083411417677901126 0.78060776571541057 2.5000000000000004 -0.033333333333333874 0.030000000000000696 -0.021666666666666941 -0.010000000000000229 -0.049999999999999371 0.4887805991748792 -0.66833333333333356 1.5000000000000002 0.92916666666666636 -0.038333333333333545 0.039122701478753075 0.1089761892114129 1.3133333333333341 1.9841666666666666 1.7500000000000002 0.036666666666666632 -0.069999999999999826
decision_type=2 2 2 2 8 2 2 2 2 2 2 2 2 2 8 10 10 10 2 2 10 2 8 2 2 2 2 10 10 10
left_child=1 5 4 6 8 21 20 15 11 25 -6 17 -5 -12 23 -4 -11 -3 -10 -7 -2 27 -21 -9 -19 -8 29 -1 -14 -25
right_child=3 2 7 12 10 19 9 14 18 16 13 -13 28 -15 -16 -17 -18 24 -20 22 -22 -23 -24 26 -26 -27 -28 -29 -30 -31
leaf_value=-0.048588811015331662 0.036171104771487869 -0.0070872067375773399 0.024735675220408794 0.05981890905724481 -0.037017562712963803 -0.036285760116876516 0.013155354526574362 -0.022520375070265372 -0.013626860314870396 0.052015940660180837 -0.027230170651580572 0.018313683290588505 0.049340427497352457 -0.014488824285283218 -0.020189462524609972 0.0088698344436661906 0.036577812066858978 -0.02807670754065196 0.0013605688478163132 -0.0060181621506430472 0.017945259131264355 -0.031007156025448443 -0.027623684084327072 0.027339484818265175 -0.016245591662122763 0.043460531664383281 0.023548420735576628 -0.0071763429746474709 0.025638604397706391 -0.0013685227534511631
leaf_weight=2612.6188051477075 477.57453691959381 830.92282249033451 978.94754578173161 2548.5929601043463 1011.5552161484957 1485.2936944440007 397.39023475348949 158.63634195178747 854.87117621302605 1332.3457206040621 2239.3588840439916 149.64022728055716 1622.6490102261305 1879.9273022785783 407.50966408848763 1488.2261257916689 1012.8833005875349 1273.121923469007 1802.3120022937655 279.78518836945295 1348.6692348495126 489.06964503228664 1407.4471132382751 113.95260986685753 1728.3527157455683 145.20937646925449 212.58045398443937 51.357903532683849 169.80475401878357 1043.592166133225
leaf_count=30792 2411 6970 5579 10504 10389 15093 2282 1571 7312 5677 21528 810 6921 15939 3197 10015 4480 12181 13441 2389 7176 5149 13429 715 15383 760 1334 548 755 7514
internal_value=-0.00032386 -0.0180655 -0.0104814 0.0437584 -0.0171477 -0.0374567 0.0338068 0.00733709 -0.0114725 0.0408234 -0.0244914 -0.0168184 0.0545651 -0.0214154 -0.00263744 0.0151652 0.0453484 -0.0181902 -0.0034612 -0.0297736 0.0227114 -0.0451872 -0.0240409 0.00204127 -0.0212639 0.0212656 0.00488507 -0.0477904 0.0470951 0.00145759
internal_weight=31554.2 22499.1 16173.5 9055.12 11770.1 6325.57 4714.07 4403.44 6639.22 2887.83 5130.84 3982.04 4341.05 4119.29 1936.27 2467.17 2345.23 3832.4 2657.18 3172.53 1826.24 3153.05 1687.23 1528.76 3001.47 542.6 1370.13 2663.98 1792.45 1157.54
internal_count=242244 201278 133878 40966 103953 67400 22786 29925 56097 13199 47856 35344 18180 37467 14331 15594 10157 34534 20753 30911 9587 36489 15818 11134 27564 3042 9563 31340 7676 8229
is_linear=0
shrinkage=0.05


Tree=14
num_leaves=31
num_cat=0
split_feature=0 0 12 8 0 12 12 15 11 6 12 12 12 11 13 8 11 7 21 12 14 11 15 14 2 21 11 22 21 11
split_gain=8893.8 1268.42 862.147 446.993 223.459 168.271 162.052 143.502 134.904 67.5892 60.8465 59.7991 58.2623 55.4522 54.9982 49.8726 42.4708 40.7728 37.8331 36.7356 35.5193 33.9168 33.7851 32.1308 31.8085 30.1251 29.3437 29.087 27.2646 27.222
threshold=1.5000000000000002 4.5000000000000009 0.41666666666666635 2.5000000000000004 5.5000000000000009 1.1216666666666668 0.33249999999999963 0.14583295805431343 -0.011666666666666268 1.5000000000000002 1.0516666666666674 -0.62833333333333352 -0.68333333333333324 -0.044999999999999478 -0.25999999999999951 1.5000000000000002 -0.069999999999999826 1.7500000000000002 0.12340189774701744 1.1741666666666666 -3.1783333333333323 -0.035000000000000579 0.27670754882180831 -1.4533333333333311 5.2550000000000008 0.1333344645520825 -0.00083333333333346349 0.79174656739487514 0.52754334016902782 -0.078333333333332686
decision_type=2 2 2 2 2 2 2 2 8 10 2 2 2 8 2 2 8 10 2 2 2 8 2 2 2 2 8 2 2 10
left_child=3 2 8 15 6 13 26 14 12 -7 17 -10 -2 -4 27 28 -8 -6 -11 -18 -15 -9 -17 -16 -23 -13 -3 -5 -1 -14
right_child=1 4 5 7 10 9 16 21 11 18 -12 25 29 20 23 22 19 -19 -20 -21 -22 24 -24 -25 -26 -27 -28 -29 -30 -31
leaf_value=0.047120068391530233 -0.021822855013758816 -0.02758506864445491 0.011671762223366841 -0.0029943364073200169 -0.047445026122380357 0.028482999263474803 0.017112968578006843 0.048028980127460527 -0.031261520939693102 0.0037794934846835564 -0.028033338596736304 -0.02333520704324521 0.0078496314928069248 -0.012711819652019955 0.019116595564353776 0.04387779683169217 -0.021847332110370772 -0.0057626129146039137 0.017543853841615682 -0.0051209764383967245 -0.00086923590655210389 0.025800310704279655 0.06190862401563229 0.035515703651402962 0.040663780098392326 -0.013390393143706736 -0.038469454562394395 0.017441383626702271 0.059872700604261725 -0.0088877468155945331
leaf_weight=532.78544872999191 911.03235778957605 1052.7016797214746 620.45838589966297 217.53132672607899 2798.7253778874874 675.80474759638309 106.40892028808594 738.74863086640835 1851.879571698606 1070.2564108073711 523.74052845686674 2377.5336200371385 275.1980207040906 950.7099332883954 507.07264353334904 1722.3229230046272 885.66607535630465 59.924646317958832 935.68927605450153 521.58597583323717 1895.5918294861913 583.20563235878944 305.94614613056183 726.82654812932014 940.29061686992645 1120.3506091609597 1503.7782215699553 872.60282544791698 1964.5778857320547 2072.0024204179645
leaf_count=2159 8577 10966 4101 1203 34117 3638 808 3190 18982 6863 5615 22414 2075 7303 2506 7197 8214 642 5763 4146 14240 2702 1244 3543 4101 10067 16240 4601 7928 17099
internal_value=-0.000322872 -0.017389 -0.00889729 0.0412736 -0.0342033 0.00540268 -0.0263106 0.0302728 -0.0191115 0.0148073 -0.0437008 -0.0239963 -0.0110908 -0.00187239 0.0215467 0.0524218 -0.0133448 -0.0465713 0.0102 -0.0156479 -0.00482485 0.0392371 0.0465976 0.0287765 0.0349739 -0.0201499 -0.0339875 0.0133635 0.0571521 -0.00692537
internal_weight=31320.9 22209 14756.5 9111.91 7452.53 6148.51 4070.14 4586.28 8608 2681.75 3382.39 5349.76 3258.23 3466.76 2324.03 4525.63 1513.66 2858.65 2005.95 1407.25 2846.3 2262.24 2028.27 1233.9 1523.5 3497.88 2556.48 1090.13 2497.36 2347.2
internal_count=242244 201870 121122 40374 80748 41908 40374 21846 79214 16264 40374 51463 27751 25644 11853 18528 13168 34759 12626 12360 21543 9993 8441 6049 6803 32481 27206 5804 10087 19174
is_linear=0
shrinkage=0.05


Tree=15
num_leaves=31
num_cat=0
split_feature=18 19 12 8 11 0 22 21 18 12 22 11 22 14 11 6 21 12 11 8 11 13 21 9 7 12 1 21 11 11
split_gain=8029.33 1206.09 649.911 332.935 176.561 140.789 116.367 105.647 105.392 102.476 73.3425 65.0246 62.4524 57.4655 56.7369 56.5529 54.3559 50.4376 47.9402 47.8745 42.2764 38.2533 37.4603 37.1366 36.2827 34.3593 32.6609 31.7131 31.2824 30.7231
threshold=0.30750960660679788 0.36356134428804965 0.85500000000000098 2.5000000000000004 0.0083333333333333055 5.5000000000000009 0.51412771714735428 0.46653662263628487 0.56082042172100144 0.069999999999999632 0.49453707194584384 0.030000000000000696 0.73652121722103014 -1.3208333333333344 -0.026666666666666835 1.5000000000000002 0.070753310912496675 -0.033333333333333874 -0.023333333333333869 1.5000000000000002 -0.049999999999999371 -0.25999999999999951 0.039122701478753075 1.5000000000000002 1.2500000000000002 1.9841666666666666 6.285000000000001 0.1089761892114129 0.0083333333333333055 -0.079999999999999613
decision_type=2 2 2 2 8 2 2 2 2 2 2 8 2 2 8 10 2 2 8 2 10 2 2 2 10 2 2 2 8 10
left_child=1 5 4 7 9 18 11 -2 15 12 -6 22 20 -8 -9 -5 -11 -12 -1 -7 -3 -17 -4 -15 -21 -24 -16 -22 -10 -18
right_child=3 2 6 8 10 19 13 14 28 16 17 -13 -14 23 26 21 29 -19 -20 24 27 -23 25 -25 -26 -27 -28 -29 -30 -31
leaf_value=-0.017340660370169621 0.026347253162277047 -0.0071241428459276421 -0.020991475564810722 0.034604378591149863 -0.030774906637159302 -0.028180051667821029 0.0049611953733101066 0.057104904229978798 0.042619642399916766 -0.021313532574280057 -0.024131477139707688 -0.020641497184412546 0.013697303938059608 0.029178056855450486 0.039279795292580258 0.0099744291558837156 0.017679244997070517 -0.011300452302304653 -0.032134733546027916 -0.047591944062758844 -0.026783967333170452 0.024179582245133793 0.0012880895745042186 0.012967493396734461 -0.00885608594488029 0.023121660652298492 0.05096886632738367 -0.015865321149379955 0.027556830214844969 -0.0025587288074022017
leaf_weight=723.01717060059309 503.32761426270008 758.07761157304049 158.64433470368385 735.45695833861828 1897.5598330870271 409.55801716446877 1079.3875831440091 1866.9050247818232 1275.5318340659142 375.54249531030655 1680.7771238610148 398.81917031109333 167.38648593425751 641.38390021026134 1126.2823494523764 804.52172952145338 203.92802434414625 1407.0778527632356 2257.0661717876792 2427.7366772443056 1150.5160768926144 1153.3643980622292 1164.8770542144775 786.58727891743183 61.996087230741978 213.16581806540489 1273.0873326063156 1575.9986220821738 472.32731573283672 2332.1696529909968
leaf_count=6858 2582 6502 1631 3502 19432 4578 6847 7540 5460 3729 16695 3193 911 3805 4683 4277 1423 12083 23501 30873 11486 5662 8260 4985 684 1318 5127 14491 2133 17993
internal_value=-0.00032088 -0.0168126 -0.00969331 0.0388391 -0.0159451 -0.0361771 0.00655799 0.0480121 0.0289879 -0.0105572 -0.0230387 -0.00265212 -0.0161356 0.0136676 0.0505681 0.022783 -0.00356027 -0.0182846 -0.0285454 -0.0440215 -0.0175687 0.0183425 0.0020167 0.0202486 -0.0466274 0.00466547 0.0454819 -0.0204727 0.0385492 -0.00093139
internal_weight=31082.1 21871.3 15991.9 9210.8 11549 5879.37 4442.87 4769.6 4441.2 6563.62 4985.41 1935.51 3651.98 2507.36 4266.27 2693.34 2911.64 3087.85 2980.08 2899.29 3484.59 1957.89 1536.69 1427.97 2489.73 1378.04 2399.37 2726.51 1747.86 2536.1
internal_count=242244 201278 134784 40966 104745 66494 30039 19932 21034 56535 48210 14402 33390 15637 17350 13441 23145 28778 30359 36135 32479 9939 11209 8790 31557 9578 9810 25977 7593 19416
is_linear=0
shrinkage=0.05


Tree=16
num_leaves=31
num_cat=0
split_feature=0 21 12 1 12 12 11 0 13 6 12 22 16 11 12 11 14 12 14 21 7 11 21 14 14 11 11 13 9 13
split_gain=7254.34 1151.4 778.927 373.351 185.814 158.248 123.256 116.302 110.233 71.8035 69.3256 63.8573 58.1536 53.6609 52.4441 46.5627 45.1876 42.0902 40.0852 37.8183 37.6019 35.0721 34.3575 33.9742 33.0341 32.9501 30.9031 26.5674 26.1821 25.6172
threshold=1.5000000000000002 0.071941698098827653 0.36333333333333268 5.8050000000000006 0.84166666666666712 1.2533333333333334 1.0000000180025095e-35 5.5000000000000009 0.47666666666666674 4.5000000000000009 -0.9366666666666662 0.25249973903714346 0.35185348269401268 -0.0081666666666668757 -0.60333333333333317 -0.066666666666665972 5.7783333333333315 2.1108333333333342 -1.4533333333333311 0.49055042270775162 1.7500000000000002 -0.009999999999999341 0.50898107985542818 3.8091666666666666 5.6658333333333362 -0.061666666666666085 -0.048166666666666906 1.1008333333333333 2.5000000000000004 0.82500000000000051
decision_type=2 2 2 2 2 2 8 2 2 8 2 2 2 8 2 10 2 2 2 2 10 8 2 2 2 10 8 2 2 2
left_child=3 4 6 8 7 9 10 26 12 16 -3 -6 -1 22 -8 -7 29 23 -14 -10 -9 -13 -5 -17 -21 -12 -2 -18 -15 -4
right_child=1 2 5 13 11 15 14 20 19 -11 25 21 18 28 -16 17 27 -19 -20 24 -22 -23 -24 -25 -26 -27 -28 -29 -30 -31
leaf_value=0.0034790647347772703 -0.014236966606324251 -0.025332995728165931 -0.0062098628048489835 0.038806237862289539 -0.030807561239735777 0.034417093783014503 -0.031577239619898376 -0.04692004096945733 0.018228711470914195 -0.012406355511245006 0.0016823723320101771 0.0024690416303168993 0.01503263747246009 0.044554714420613692 -0.020292220710319123 0.0046750551626991554 0.0049844916228613499 0.027930075613533573 0.028825647476224694 0.034858561257959934 -0.0053281969846727464 -0.018145692144635059 0.053267647750778052 0.020724912739094506 0.052173507707098644 -0.011516958089097581 -0.032648459325908805 0.024839228862755264 0.031918001803683711 0.0037982315520295722
leaf_weight=445.04698297381401 252.92318580299616 835.29368346184492 1179.3458091020584 493.93607765436172 556.74339467287064 263.83953081071377 1657.0501219704747 2443.2150978893042 267.44543649256229 1123.4809122085571 574.45878715068102 372.62107218801975 878.6325269639492 1076.7329051494598 2718.5002066940069 1260.980631954968 385.2506051287055 348.90058586001396 1315.280080512166 1314.88954462111 55.577936448156834 462.29956723749638 2437.6692274212837 446.46201714873314 348.46149918437004 2672.2519364655018 2304.542687445879 299.44197364151478 661.86085084080696 1396.5509106069803
leaf_count=2480 2517 8453 8784 1997 6323 1364 17933 32348 1236 9170 4597 3039 4220 4375 26439 7816 2753 1879 6209 5790 605 4074 9819 2713 1514 23735 25221 2059 2734 10048
internal_value=-0.000317736 -0.0161723 -0.00864577 0.0367617 -0.0338703 0.00408311 -0.0187359 -0.0383233 0.0266012 -0.00150528 -0.0124866 -0.0176915 0.0199587 0.0467037 -0.0245659 0.0146426 0.00225083 0.0121054 0.0233017 0.03568 -0.045995 -0.00894544 0.0508311 0.00887177 0.0384859 -0.00918153 -0.0308276 0.0136677 0.0397441 -0.000783864
internal_weight=30849.7 21609.7 15161.8 9239.96 6447.92 6704.25 8457.55 5056.26 4569.76 4384.07 4082 1391.66 2638.96 4670.2 4375.55 2320.18 3260.59 2056.34 2193.91 1930.8 2498.79 834.921 2931.61 1707.44 1663.35 3246.71 2557.47 684.693 1738.59 2575.9
internal_count=242244 201870 127743 40374 74127 46586 81157 60691 21449 32814 36785 13436 12909 18925 44372 13772 23644 12408 10429 8540 32953 7113 11816 10529 7304 28332 27738 4812 7109 18832
is_linear=0
shrinkage=0.05


Tree=17
num_leaves=31
num_cat=0
split_feature=18 19 12 8 22 11 22 21 18 21 12 12 21 6 11 8 11 21 9 14 21 11 6 11 11 11 13 1 14 12
split_gain=6554.91 1097.61 556.628 287.366 141.135 138.359 137.531 97.2471 87.5295 87.1062 67.1561 59.6135 58.7434 50.6222 49.7133 48.3168 45.0852 45.0236 43.4459 39.5364 39.1526 35.7442 31.4433 31.137 30.8625 30.5334 29.5918 29.5235 29.1135 28.6736
threshold=0.30750960660679788 0.36356134428804965 0.47166666666666696 2.5000000000000004 0.51412771714735428 -0.033333333333332764 0.32667586892521261 0.10326094880853022 0.58481691718149598 0.46653662263628487 1.7150000000000003 1.2916666666666676 0.47496843075909795 1.5000000000000002 -0.026666666666666835 1.5000000000000002 -0.023333333333333869 0.16023000618996683 4.5000000000000009 6.0200000000000058 0.030126031829840229 -0.10833333333333293 4.5000000000000009 0.030000000000000696 0.0033333333333334107 0.038333333333333559 1.0683333333333334 6.285000000000001 1.4550000000000003 1.2533333333333334
decision_type=2 2 2 2 2 8 2 2 2 2 2 2 2 10 8 2 8 2 2 2 2 8 8 8 10 8 2 2 2 2
left_child=1 6 5 9 11 26 15 -7 12 29 19 20 -5 -14 -11 -1 -8 18 25 24 -4 -17 28 -13 -6 -9 -3 -16 -22 -2
right_child=3 2 4 8 10 7 16 17 -10 14 -12 23 13 -15 27 21 -18 -19 -20 -21 22 -23 -24 -25 -26 -27 -28 -29 -30 -31
leaf_value=-0.026489502460020627 0.013188776732865904 -0.0079195591589942098 -0.03897832817370947 0.0028068126877366338 0.0072869987112958619 -0.028292967813801025 -0.016051610504805677 -0.010587365894787855 0.035367211283227437 0.051595113026710361 0.023514442130331298 0.0066290289141723337 0.034694092001945988 0.019077364445126539 0.03489880249677748 -0.0011417184367097676 -0.030647243872780828 -0.0036951019961214493 -0.024587399369365923 0.016925644049874025 -0.012461598618966115 -0.046381358040198793 -0.021468909443455461 -0.014618144343788593 -0.0036274325452838162 -0.023491302777643688 0.0088766445238335056 0.045964702136319223 0.0037502463843743527 0.037107653094381347
leaf_weight=389.75585994124413 287.3093234822154 1657.4736541807652 127.43746474385262 400.07497704029083 1567.6619326323271 2452.9971793144941 702.47387328743935 1827.8787197172642 1521.4574493020773 1875.5324573516846 605.74973464012146 898.38837773352861 716.85853782296181 1879.3465787321329 1140.1840842068195 44.515805199742317 2143.6028770059347 642.94418558478355 1522.4918419346213 605.76807235181332 672.81350984424353 2277.6035564020276 443.81547799706459 213.38678199797869 1103.6892329379916 611.88669244199991 311.52074737101793 1278.7389297783375 470.64766731113195 222.19908830523491
leaf_count=4564 1525 14112 1456 2312 10174 26336 6835 17205 6469 7540 3296 6236 3239 9014 4683 543 23379 5405 15278 3988 5336 31173 3911 1654 8202 6054 2522 5127 3619 1057
internal_value=-0.000314203 -0.0156213 -0.008875 0.0346532 0.00203271 -0.016982 -0.0347223 -0.0202515 0.0256005 0.0431666 0.00821992 -0.00646693 0.0206412 0.0233894 0.0454857 -0.0427798 -0.0270447 -0.0159681 -0.0179596 0.00539285 -0.0123139 -0.0455141 -0.0101731 0.00255099 0.00277762 -0.0138236 -0.00526218 0.0407487 -0.00578882 0.0236199
internal_weight=30616.2 21294.5 15736.6 9321.7 6709.36 9027.19 5557.95 7058.2 4517.74 4803.96 3882.87 2826.49 2996.28 2596.21 4294.46 2711.88 2846.08 4605.2 3962.26 3277.12 1714.71 2322.12 1587.28 1111.78 2671.35 2439.77 1968.99 2418.92 1143.46 509.508
internal_count=242244 201278 134784 40966 47872 86912 66494 70278 21034 19932 25660 22212 14565 12253 17350 36280 30214 43942 38537 22364 14322 31716 12866 7890 18376 23259 16634 9810 8955 2582
is_linear=0
shrinkage=0.05


Tree=18
num_leaves=31
num_cat=0
split_feature=0 22 12 8 12 12 0 15 11 0 11 6 12 8 12 21 11 3 11 21 21 14 11 15 11 11 14 12 8 13
split_gain=5934.81 1045.37 652.395 318.328 188.532 162.663 103.741 100.268 94.0187 74.6647 65.0857 54.744 52.0871 46.5436 42.6518 37.3719 36.6082 35.6504 33.6632 32.6342 32.5543 29.7851 29.54 29.0321 28.2279 26.8631 25.5598 24.9564 24.8888 24.7183
threshold=1.5000000000000002 0.40824006174431865 0.1983333333333335 2.5000000000000004 0.67166666666666719 1.1216666666666668 5.5000000000000009 0.14583295805431343 -0.033333333333332764 5.5000000000000009 0.010000000000000233 1.5000000000000002 -0.90166666666666584 1.5000000000000002 -1.0100000000000002 0.12098454317871263 0.0050000000000003384 37.975000000000001 -0.048166666666666906 0.12340189774701744 0.54077537032938483 -2.6866666666666652 -0.010833333333333249 0.27670754882180831 -0.033333333333332764 -0.048166666666666906 -3.2566666666666655 -0.86833333333333285 1.5000000000000002 2.8841666666666677
decision_type=2 2 2 2 2 2 2 2 8 2 8 10 2 2 2 2 10 2 8 2 2 2 8 2 8 8 2 2 2 2
left_child=3 4 8 13 6 10 25 14 27 22 17 29 -10 -1 -5 -14 20 -4 -8 -13 -16 -9 -6 -15 -11 -2 -12 -3 -21 -7
right_child=1 2 5 7 9 11 18 21 12 24 26 19 15 23 16 -17 -18 -19 -20 28 -22 -23 -24 -25 -26 -27 -28 -29 -30 -31
leaf_value=0.046848034380264518 -0.014689745404103359 -0.018751111981543295 -0.002301551263924975 0.0032950303899069453 0.001933770720074178 0.019940731230116835 -0.029008391776598391 0.023190532714718319 -0.02954343544257499 -0.012463711777074593 -0.018853045259338539 0.0021679083247769944 -0.023041125860008924 0.034252714845403681 0.011749752362145385 -0.013519311162568546 0.0099542268676283772 0.009487691762589217 -0.047686562501536467 0.019548023455451057 0.029527038539785291 0.035164792679701122 -0.016105139640425831 0.050840981395717071 -0.034925725119639116 -0.032042166891358713 -0.0062922539132711456 -0.0040009384673050227 0.0013892342396182675 0.045587151416148781
leaf_weight=2513.8628004193306 248.97781503945589 380.57302883267403 2126.7194502353668 479.93365141749382 399.05601236969233 602.54395265877247 276.24572642147541 778.93319600820541 1500.2846306115389 184.73219521343708 634.8109504878521 1135.3243416622281 2246.1845187097788 1765.3719076514244 353.18407747149467 1904.0032351016998 620.02351161837578 918.08205392211676 1902.9391421973705 704.46306932717562 950.79869122803211 1558.2238209396601 526.2203426733613 310.09644605219364 575.93321228027344 2140.6756675243378 1118.8042831793427 1163.4000331237912 257.73737119138241 111.30764007568359
leaf_count=10087 2605 3765 15898 2705 3193 3183 3798 3352 16741 2165 5515 7276 22974 7197 1709 18566 3116 6650 27363 4132 4323 6641 4687 1244 7012 24954 9544 9651 1636 562
internal_value=-0.000309667 -0.0150173 -0.00777632 0.0328859 -0.0321559 0.00242942 -0.0374291 0.0237995 -0.0185713 -0.0178657 -0.00316608 0.0119797 -0.0215591 0.0422728 0.0166299 -0.0186728 0.0199562 0.00125319 -0.0453188 0.00790942 0.0247121 0.031174 -0.00832526 0.0367312 -0.0294707 -0.0302342 -0.0108393 -0.0076367 0.014684 0.0239397
internal_weight=30389.4 21059 14804.2 9330.43 6254.78 7609.79 4568.84 4741.1 7194.45 1685.94 4798.42 2811.38 5650.47 4589.33 2403.94 4150.19 1924.01 3044.8 2179.18 2097.52 1303.98 2337.16 925.276 2075.47 760.665 2389.65 1753.62 1543.97 962.2 713.852
internal_count=242244 201870 126093 40374 75777 54396 58720 21846 71697 17057 37607 16789 58281 18528 11853 41540 9148 22548 31161 13044 6032 9993 7880 8441 9177 27559 15059 13416 5768 3745
is_linear=0
shrinkage=0.05


Tree=19
num_leaves=31
num_cat=0
split_feature=0 19 12 1 0 22 11 13 9 11 12 21 12 6 1 12 11 11 12 1 21 7 11 21 21 11 15 3 3 14
split_gain=5366.91 995.915 538.453 297.46 133.895 127.046 108.931 88.3693 80.6249 58.3266 52.2055 51.5368 49.4774 49.4151 45.7264 43.2611 38.8968 36.4321 36.0176 35.8909 34.2736 33.684 32.8962 30.648 30.4124 29.4621 28.984 27.7815 26.302 25.3609
threshold=1.5000000000000002 0.36356134428804965 0.36333333333333268 5.8050000000000006 5.5000000000000009 0.51412771714735428 -0.0063333333333335231 0.47666666666666674 1.5000000000000002 0.030000000000000696 1.3566666666666671 0.10069541166739875 0.92916666666666636 1.5000000000000002 4.6350000000000007 -0.71250000000000024 -0.038333333333333545 0.010000000000000233 0.97333333333333416 6.8550000000000013 0.030126031829840229 1.7500000000000002 -0.049999999999999371 0.13562593026385994 0.52754334016902782 -0.015000000000000123 0.098128259735226639 34.715000000000011 37.065000000000005 5.8975000000000017
decision_type=2 2 2 2 2 2 8 2 2 8 2 2 2 8 2 2 8 10 2 2 2 10 10 2 2 10 2 2 2 2
left_child=3 4 6 7 15 9 22 14 17 10 20 -8 21 -5 -1 -2 -17 29 -10 -15 -4 -6 -3 -24 -9 -16 -13 -26 -12 -7
right_child=1 2 5 13 12 8 11 24 18 -11 28 26 -14 19 25 16 -18 -19 -20 -21 -22 -23 23 -25 27 -27 -28 -29 -30 -31
leaf_value=0.0093995089414381436 -0.032683217732398066 -0.0028558345865976604 -0.034693375117893929 0.047271570792794232 -0.045708231813121517 0.016841362866295097 -0.030019804123067685 0.018919627172336435 -0.0029160420137868586 -0.019528743851989716 0.0012544573363914753 -0.026898628273630511 -0.025859631168070104 0.033283103465234422 0.029577506482355 -0.0026179528895395963 -0.023690690122140839 0.00454498943053285 0.0084201882349319527 0.045622281221419196 -0.0060620566020564391 -0.0033539468523189398 -0.017070672785430598 -0.0043111282459161711 0.027933696155058751 0.015220810793833653 -0.015729645677041468 0.041665717548495781 0.020293008071769775 0.035365371962047115
leaf_weight=1267.8318012803793 1214.1254154592752 997.5078980922699 112.2569942176342 1564.9942029565573 2048.144890114665 878.35967597365379 1472.2675136551261 456.3062935769558 1704.5781901478767 663.72956725209951 566.58446683734655 783.35415211319923 415.96579218655825 2341.0578579902649 719.11453466117382 264.81967137753963 1265.1993056610227 505.06255920231342 1189.7130306437612 787.5816405415535 1517.4189005047083 48.043925434350967 1759.5392366200686 642.45951799303293 885.96359437704086 710.34088023006916 2247.0716087147593 630.39436922967434 266.85031839460135 233.99400642514229
leaf_count=6555 14271 8550 1344 6286 30502 5223 17044 2042 12872 5926 3894 8457 5085 9474 3112 2386 13676 3525 7308 3165 12209 548 17244 5795 3816 3242 22890 2682 1800 1321
internal_value=-0.000304908 -0.0144574 -0.00809404 0.0311285 -0.0332712 0.00137218 -0.0172444 0.0221942 0.00674036 -0.00637356 -0.00282866 -0.0223453 -0.0416117 0.0400178 0.0163122 -0.0256358 -0.0200434 0.0156815 0.00174377 0.0363893 -0.00803427 -0.0447375 -0.0104883 -0.0136579 0.0302369 0.0224432 -0.0186168 0.0336425 0.00735025 0.0207381
internal_weight=30160.6 20797 15540.7 9363.59 5256.3 7638.55 7902.2 4669.95 4511.71 3126.84 2463.11 4502.69 2512.15 4693.63 2697.29 2744.14 1530.02 1617.42 2894.29 3128.64 1629.68 2096.19 3399.51 2402 1972.66 1429.46 3030.43 1516.36 833.435 1112.35
internal_count=242244 201870 135402 40374 66468 55422 79980 21449 30249 25173 19247 48391 36135 18925 12909 30333 16062 10069 20180 12639 13553 31050 31589 23039 8540 6354 31347 6498 5694 6544
is_linear=0
shrinkage=0.05


Tree=20
num_leaves=31
num_cat=0
split_feature=18 21 12 8 12 12 0 11 21 21 14 15 21 22 11 12 11 7 11 14 21 12 11 6 12 11 14 18 11 2
split_gain=4861.78 948.384 511.077 228.72 168.437 120.764 111.803 93.1452 74.4052 70.1359 59.0126 56.9687 55.1115 52.1803 45.8019 45.4735 42.8365 37.4287 37.1652 35.3423 34.8924 33.1466 29.594 28.3391 28.2988 27.6771 27.4208 26.7662 25.4307 24.3404
threshold=0.30750960660679788 0.071941698098827653 0.1983333333333335 2.5000000000000004 0.84166666666666712 1.1216666666666668 5.5000000000000009 -0.033333333333332764 0.52754334016902782 0.50898107985542818 -3.4066666666666676 0.17828679049956977 0.16023000618996683 0.25249973903714346 -0.026666666666665947 -0.66833333333333356 -0.068333333333332899 1.7500000000000002 -0.046666666666666405 8.06666666666667 0.13056897559197961 2.287500000000001 -0.010833333333333249 1.5000000000000002 0.12916666666666646 0.025000000000000803 4.8183333333333396 0.41884841022157121 -0.044999999999999478 5.5050000000000008
decision_type=2 2 2 2 2 2 2 8 2 2 2 2 2 2 8 2 10 10 8 2 2 2 10 8 2 8 2 2 8 2
left_child=1 4 7 8 6 10 24 -3 27 -5 -4 19 15 -6 -10 -9 -7 -8 -12 22 -20 26 -11 -15 -1 -17 -18 -2 -26 -16
right_child=3 2 5 9 13 16 17 12 14 11 18 -13 -14 23 29 25 21 -19 20 -21 -22 -23 -24 -25 28 -27 -28 -29 -30 -31
leaf_value=-0.031666408200225871 0.012031331576349072 -0.0060435315690471995 -0.011235512855072792 0.0093280843525388665 -0.027880483048110034 0.028681815902398617 -0.04493917204241589 -0.027406940339158126 0.047081416179752728 0.02375264924120174 0.012142740709057265 0.033068284403804264 -0.0049695799954564794 0.0098944385649709331 0.027115481374472811 -0.014061647484511533 0.0035945456426117735 -0.0023084013175006415 -0.0059061158087855819 0.035411670246007186 0.006037132414272877 0.028036218515256374 0.011727418272901462 -0.012489908004833251 0.0051712021305555678 -0.023743366059495438 0.016921445263861724 0.030198335293301317 -0.023326857704460927 0.039191748806449885
leaf_weight=1651.0697048455477 257.11701388657093 1617.6363447830081 1446.6862928569317 945.67903534322977 507.96712322533131 286.44703890383244 2097.8786955401301 1909.0828365832567 1568.4080958515406 997.29182407259941 599.66372108459473 1287.8911847919226 574.29862910509109 182.68982522189617 586.32593496143818 1998.1360136941075 1752.5932247117162 52.782506696879864 1710.2845539003611 321.64274384081364 951.91540850698948 194.67444530129433 1050.6238484084606 625.5600662752986 89.957823611795902 1170.6369323804975 494.98935034126043 958.84984816610813 603.19371236115694 1447.0239548534155
leaf_count=20143 1497 14033 11804 4775 6323 1455 32346 22111 6320 4454 4066 5317 5009 1448 2381 20044 10860 605 14107 1460 7292 1014 5028 5635 849 12472 2957 3911 6705 5823
internal_value=-0.000299491 -0.0139524 -0.00719532 0.0294359 -0.0310536 0.00201989 -0.03566 -0.0166228 0.0370511 0.0214656 -0.00283038 0.0246039 -0.0196506 -0.0153227 0.0406615 -0.021311 0.0103894 -0.0438929 0.00089742 0.0200034 -0.0016356 0.00824387 0.0175835 -0.00743034 -0.0281069 -0.0176384 0.00652955 0.0263569 -0.0196284 0.0357095
internal_weight=29939 20518.1 14707 9420.85 5811.1 7437.25 4494.88 7269.79 4817.72 4603.13 4708.55 3657.45 5652.15 1316.22 3601.76 5077.86 2728.7 2150.66 3261.86 2369.56 2662.2 2442.26 2047.92 808.25 2344.22 3168.77 2247.58 1215.97 693.152 2033.35
internal_count=242244 201278 127224 40966 74054 53555 60648 73669 19932 21034 37269 16259 59636 13406 14524 54627 16286 32951 25465 10942 21399 14831 9482 7083 27697 32516 13817 5408 7554 8204
is_linear=0
shrinkage=0.05


Tree=21
num_leaves=31
num_cat=0
split_feature=0 19 12 1 11 22 12 11 13 21 0 8 11 21 12 11 14 21 21 13 8 12 14 1 7 12 11 12 13 11
split_gain=4402.79 898.687 462.241 254.79 137.299 124.232 91.2352 78.7896 75.0591 64.7745 60.523 49.462 44.431 44.1334 40.5265 40.2111 39.8076 34.2564 32.1598 31.8111 31.2257 30.8987 28.7005 28.1241 28.1222 26.859 27.8762 23.6333 23.4827 23.1098
threshold=1.5000000000000002 0.36102512530566483 0.1983333333333335 5.8050000000000006 0.020000000000000021 0.32667586892521261 1.3566666666666671 -0.031833333333333151 0.47666666666666674 0.10326094880853022 3.5000000000000004 2.5000000000000004 -0.0081666666666668757 0.11178072217325473 -0.97166666666666723 -0.00083333333333346349 5.8975000000000017 0.089127147409949203 0.042949646542805565 -0.39666666666666633 1.5000000000000002 -0.56416666666666682 -1.4533333333333311 6.9750000000000005 1.2500000000000002 1.0350000000000006 0.02166666666666606 0.6966666666666671 0.37333333333333335 -0.033333333333332764
decision_type=2 2 2 2 8 2 2 8 2 2 2 2 8 2 2 8 2 2 2 2 2 2 2 2 10 2 10 2 2 8
left_child=3 5 7 8 6 11 10 28 14 -9 16 29 23 -6 -1 19 -4 -8 -12 -7 -19 -11 -16 -5 -13 26 -10 -15 -3 -2
right_child=1 2 4 12 13 15 17 9 25 21 18 24 -14 27 22 -17 -18 20 -20 -21 -22 -23 -24 -25 -26 -27 -28 -29 -30 -31
leaf_value=0.002004757162265025 -0.012725120265654106 -0.011084891423253362 0.0016504584698141028 0.037508182856842445 -0.01757600896583213 -0.02585511400673007 0.00076441349273650224 -0.027684380296929802 0.028096775047986123 -0.022160494305902258 -0.029696301378844877 -0.046138828909102272 0.029953345989912079 -0.012304817569085115 0.010406425470230893 -0.029987589213177696 0.016283108747998081 0.020529481827004571 -0.0051043976303823601 -0.00898936435564489 0.00052764516752924306 -0.012351286391661387 0.022071090828448079 0.049612922488760806 -0.0066988833919715829 0.042343043585581996 0.012262967654519327 0.0016690847651716209 0.0028587322998682189 -0.034236584902211584
leaf_weight=531.84259901940823 164.69167777895927 1054.3849715255201 2203.883817255497 2325.7767291814089 1082.8809243738651 553.01284101605415 410.60033210366964 1852.6802867949009 1392.3405776023865 1293.0432153642178 145.14358907565475 1614.7360247038305 1759.1529145687819 498.96448367834091 880.96769589185715 1428.5063749998808 589.01496087014675 1167.3682133406401 1581.714497551322 565.44876471161842 234.28533980250359 2117.4952052980661 1313.6809181272984 604.590371504426 46.499240949749947 253.94304500520229 347.31163217127323 768.72857136279345 423.12454138696194 516.12070509791374
leaf_count=2920 2160 9645 15909 9369 10017 6263 3168 22001 5934 14733 1771 26197 7109 4473 4063 17237 4021 6224 13024 5801 1360 21117 5926 2447 561 1026 1580 5335 3682 7171
internal_value=-0.000293813 -0.0133917 -0.00747042 0.0279803 0.000156419 -0.0320715 0.00398727 -0.0172944 0.0197794 -0.0201585 0.000186843 -0.0403832 0.0362348 -0.0101632 0.0143878 -0.0244285 0.00473645 0.0134655 -0.00717136 -0.0173285 0.0171862 -0.0160703 0.0173887 0.0400056 -0.0450349 0.027153 0.0249356 -0.00383105 -0.00709176 -0.0290329
internal_weight=29721.9 20312.3 15423.3 9409.61 8682.58 4889.02 6332.01 6740.73 4720.09 5263.22 4519.76 2342.05 4689.52 2350.57 2726.49 2546.97 2792.9 1812.25 1726.86 1118.46 1401.65 3410.54 2194.65 2930.37 1661.24 1993.6 1739.65 1267.69 1477.51 680.812
internal_count=242244 201870 136480 40374 65302 65390 45477 71178 21449 57851 34725 36089 18925 19825 12909 29301 19930 10752 14795 12064 7584 35850 9989 11816 26758 8540 7514 9808 13327 9331
is_linear=0
shrinkage=0.05


Tree=22
num_leaves=31
num_cat=0
split_feature=18 21 12 18 12 0 12 11 12 21 14 1 22 12 11 11 11 21 21 13 13 12 22 12 18 1 3 11 14 11
split_gain=3991.51 843.526 432.812 213.984 159.6 109.594 98.4615 80.5601 79.8354 68.1606 51.0488 48.6431 46.7965 44.9306 43.8054 37.4929 37.0736 36.1614 33.5433 32.3777 32.1937 29.6951 28.0429 26.741 26.3933 26.3176 26.1147 24.3872 24.3533 24.0891
threshold=0.29769971082875124 0.071941698098827653 0.1983333333333335 0.59671863747042098 0.84166666666666712 5.5000000000000009 1.1216666666666668 1.0000000180025095e-35 0.86916666666666675 0.47496843075909795 -3.4066666666666676 6.285000000000001 0.25249973903714346 -0.95499999999999929 -0.010833333333333249 -0.068333333333332899 -0.048166666666666906 0.1333344645520825 0.15284793837319438 1.1008333333333333 1.6550000000000007 2.287500000000001 0.49292178938239423 0.12916666666666646 0.41884841022157121 3.7450000000000006 32.935000000000009 -0.009999999999999341 3.8091666666666666 -0.066666666666665972
decision_type=2 2 2 2 2 2 2 8 2 2 2 2 2 2 10 10 8 2 2 2 2 2 2 2 2 2 2 8 2 8
left_child=1 4 7 8 5 23 10 13 9 -2 -4 20 -6 -3 -11 -8 -7 -9 26 -12 -5 28 -21 -1 -10 -16 -15 -14 -17 -25
right_child=3 2 6 11 12 16 15 17 24 14 19 -13 27 18 25 21 -18 -19 -20 22 -22 -23 -24 29 -26 -27 -28 -29 -30 -31
leaf_value=-0.030308532934934154 0.00015661822684079059 -0.020624562370325807 -0.01053751048362221 0.024648404260313415 -0.026408841708858041 -0.025330752223113401 0.026367438093861259 -0.024292790043294002 0.017837139572150423 0.02397818387223493 -0.0031354668376793772 0.038876502783890494 0.0027899573891836242 -0.015500451646708059 -0.0085126298572614275 0.0025689964838045264 -0.045485173547578521 -0.013484301029001416 0.0066945864052978619 -0.0053072051979874595 0.039340173221074769 0.025994159212366565 0.011641386209880691 0.018878199390026457 0.035412511764638138 0.014565350138254425 -0.0046961356241583003 -0.014775768244670457 0.014416731122424344 -0.020803912611694206
leaf_weight=1575.4537821039557 584.63205724954605 786.3814637362957 1419.64426907897 1474.4264912009239 485.89014621078968 262.71861302107573 288.87758691608906 2422.9582686200738 285.77611253410578 1805.4443807452917 1984.3907077014446 2487.088041394949 365.1104659512639 977.17613078653812 134.85400661826134 1650.2849567085505 1735.2294746637344 1136.9748728498816 381.76383300125599 332.41397947072983 499.09265084564686 195.67824950814247 918.21635995060205 40.703549444675446 845.91441898047924 1471.8158081024885 1307.7801579907537 430.65810042619705 588.37830078601837 633.07613484561443
leaf_count=20140 3410 8501 11727 6099 6322 4031 1443 28227 1490 7852 15811 10059 3016 9244 741 10204 28918 11959 3048 2770 2022 1001 6728 376 3436 6691 12267 4057 3480 7174
internal_value=-0.000287791 -0.0130465 -0.00666905 0.0262166 -0.0296464 -0.0343131 0.00178495 -0.0155629 0.0192507 0.0159311 -0.00263314 0.0342254 -0.014182 -0.0101217 0.0186339 0.00933657 -0.042835 -0.0208408 -0.00702452 0.000835584 0.0283639 0.00731556 0.0071365 -0.0267432 0.0309744 0.0126283 -0.00931667 -0.00671635 0.00568289 -0.0184067
internal_weight=29508.8 19919.8 14390.9 9589.04 5528.84 4247.18 7377.88 7013.03 5128.44 3996.75 4654.67 4460.61 1281.66 3453.1 3412.11 2723.22 1997.95 3559.93 2666.72 3235.02 1973.52 2434.34 1250.63 2249.23 1131.69 1606.67 2284.96 795.769 2238.66 673.78
internal_count=242244 200444 126410 41800 74034 60639 53164 73246 23620 18694 37036 18180 13395 33060 15284 16128 32949 40186 24559 25309 8121 14685 9498 27690 4926 7432 21511 7073 13684 7550
is_linear=0
shrinkage=0.05


Tree=23
num_leaves=31
num_cat=0
split_feature=0 19 12 8 11 0 12 11 16 21 22 8 8 21 11 11 13 3 14 12 11 12 13 21 18 15 11 14 22 14
split_gain=3616.44 807.524 390.952 222.273 121.327 119.87 75.3691 71.4952 66.276 59.7512 58.3911 49.6659 41.4148 38.7341 37.8599 37.0608 37.0199 32.0226 31.4574 30.7423 29.6888 28.9172 28.5524 24.7773 24.384 24.3736 22.4754 21.8856 21.5023 24.8924
threshold=1.5000000000000002 0.36102512530566483 0.1983333333333335 2.5000000000000004 0.020000000000000021 5.5000000000000009 1.7150000000000003 -0.031833333333333151 0.44238063714123532 0.10326094880853022 0.51412771714735428 1.5000000000000002 1.5000000000000002 0.11178072217325473 -0.00083333333333346349 -0.10833333333333293 1.4833333333333338 38.445000000000007 -1.7191666666666696 -1.4899999999999998 -0.078333333333332686 -0.56416666666666682 -0.39666666666666633 0.12881282295996535 0.45181038063338563 0.27670754882180831 0.021833333333333375 -4.843333333333331 0.54885584219425987 5.0291666666666659
decision_type=2 2 2 2 8 2 2 8 2 2 2 2 2 2 8 8 2 2 2 2 10 2 2 2 2 2 10 2 2 2
left_child=3 5 7 12 6 14 10 -3 19 -9 17 -7 27 -6 22 -13 20 -4 -10 -5 -12 -11 -2 -8 -20 -14 -21 -1 -18 -30
right_child=1 2 4 8 13 11 23 9 18 21 16 15 25 -15 -16 -17 28 -19 24 26 -22 -23 -24 -25 -26 -27 -28 -29 29 -31
leaf_value=0.029347488416941826 -0.024390161556570148 -0.0062631753024565947 -0.0091258114181918936 -0.010193173458482871 -0.016654338325320189 -0.021522422894084771 0.011078432373912995 -0.026228435493926724 0.015695623354732142 -0.020867331951085186 0.021095042353214782 0.0049966812105841233 0.025694615134645167 -0.0037029357236200255 -0.028620451625850942 -0.04349472697160877 0.00047334301456118834 0.0046520028864124978 0.013916050623791582 0.015058169435498743 6.4781938791082758e-06 -0.011244144488244449 -0.0082226494729395697 0.028209028169593826 0.028363284503779753 0.040932374709359599 -0.00051117212357543217 0.040199473930186136 0.01216826679979726 0.03254473604404419
leaf_weight=619.04649965465069 536.00638899207115 1456.987135976553 1473.4872214272618 176.94216601550579 1062.3738448135555 335.87761661782861 660.00498264282942 1775.2524136118591 1261.7624494433403 1252.1470040977001 182.01971543580294 40.285431008785963 1782.1238844096661 1264.3529830276966 1375.4055547118187 1798.0596723556519 263.74977374076843 590.83702711388469 355.49589708447456 1141.8347514271736 2008.2277940437198 2073.1940861791372 556.72307600826025 310.33058485388756 1636.7723466008902 307.75182931125164 290.83703497052193 1862.2159073352814 657.85163091868162 194.10584005713463
leaf_count=2515 6305 13327 12442 1002 10017 4530 3994 22001 5434 14733 1131 542 7197 9808 17326 30872 1707 4798 1589 5418 14423 21117 5815 1553 6873 1244 1530 7572 4255 1174
internal_value=-0.000281621 -0.0123864 -0.00682009 0.0252081 0.000149112 -0.0306416 0.00373266 -0.0160315 0.017768 -0.0188218 0.00141546 -0.0392019 0.0331243 -0.00961649 -0.0231007 -0.0424321 0.00553535 -0.00518242 0.021873 0.00946915 0.00175904 -0.0148677 -0.0161531 0.0165571 0.0257854 0.0279385 0.0118975 0.037492 0.0129486 0.0168107
internal_weight=29302.1 19867.3 15224.9 9434.78 8667.34 4642.36 6340.61 6557.58 4863.64 5100.59 5370.28 2174.22 4571.14 2326.73 2468.14 1838.35 3305.95 2064.32 3254.03 1609.61 2190.25 3325.34 1092.73 970.336 1992.27 2089.88 1432.67 2481.26 1115.71 851.957
internal_count=242244 201870 136480 40374 65302 65390 45477 71178 21846 57851 39930 35944 18528 19825 29446 31414 22690 17240 13896 7950 15554 35850 12120 5547 8462 8441 6948 10087 7136 5429
is_linear=0
shrinkage=0.05


Tree=24
num_leaves=31
num_cat=0
split_feature=18 22 12 18 8 12 0 12 21 11 22 11 9 21 11 11 7 6 11 13 1 11 11 11 9 10 3 15 21 21
split_gain=3278.41 759.566 363.958 183.867 163.991 92.9771 88.0361 68.1898 66.0225 65.3964 58.0116 54.8561 45.7915 42.8341 40.2931 35.5612 33.7152 33.3204 32.4478 31.1428 29.7797 26.1267 24.4755 23.9513 22.6602 24.1324 22.533 22.481 22.3265 22.0769
threshold=0.29769971082875124 0.40824006174431865 0.069999999999999632 0.59671863747042098 2.5000000000000004 1.1216666666666668 5.5000000000000009 0.86916666666666675 0.039122701478753075 -0.033333333333332764 0.73652121722103014 0.010000000000000233 2.5000000000000004 0.13387762266304434 -0.010000000000000229 -0.069999999999999826 1.2500000000000002 1.5000000000000002 -0.033333333333332764 0.34416666666666679 6.2950000000000008 0.018333333333333982 0.036666666666666632 -0.00083333333333346349 2.5000000000000004 5.5000000000000009 40.985000000000007 0.20530532761077688 0.54451082625737557 0.15581071341357858
decision_type=2 2 2 2 2 2 2 2 2 8 2 8 2 2 10 8 10 10 8 2 2 8 10 8 2 2 2 2 2 2
left_child=1 4 9 7 8 11 -6 10 18 -3 -2 20 23 21 -12 -10 -8 -7 -1 -15 26 -11 -14 -5 -16 -26 27 -4 -9 -19
right_child=3 2 5 12 6 17 16 28 15 13 14 -13 22 19 24 -17 -18 29 -20 -21 -22 -23 -24 -25 25 -27 -28 -29 -30 -31
leaf_value=-0.0093369194271064812 -0.0044128964347272598 -0.0055454134155077618 -0.0018933967923613158 0.038604034799647975 -0.027196134590070222 0.018043515065099099 -0.044412659530891407 0.019812120250629756 0.025220594718824346 -0.017209755407486593 0.021007254619909117 -0.0095273817514732028 0.026987496602713629 -0.015443383574178477 0.020364233984851383 -0.01003030355625931 -0.0026126226293594298 0.0035269647090177027 -0.031438880614002546 0.00067144195501724459 -0.0066534220622985769 -0.026315566217400728 0.0075969326227411762 0.028158850329823955 0.010325045726585694 -0.0076591219153160361 0.013725235815419982 0.0097165389718224283 0.034031280768948895 0.02046303741222319
leaf_weight=220.33083806186914 380.80253706127405 1363.4817601144314 1396.287225484848 1787.2460159957409 1925.5164886042476 692.20640267431736 1537.4076081104577 476.82880862057209 77.567364938557148 1766.6103764399886 1946.4897810071707 1930.0582886859775 1689.849743232131 1100.539946898818 431.53753238916397 921.40925361961126 49.803333662450314 1804.9969486221671 674.16636904329062 412.06637649983168 916.96658835560083 1421.6921848542988 180.08094219863415 792.05134215950966 1039.5530900508165 227.32570695877075 471.93021788448095 594.48730720579624 655.68201084434986 215.38127717375755
leaf_count=2903 2418 12243 10915 7289 25226 3505 27822 2270 586 20110 8435 17587 6921 11621 1850 8831 630 11147 9701 4193 6848 17374 755 3215 4905 1086 3455 4501 2656 1246
internal_value=-0.000275088 -0.0120571 -0.00594263 0.0236298 -0.0279892 0.00104508 -0.0343827 0.0172057 -0.016128 -0.0151864 0.0141566 -0.00280229 0.0310775 -0.0179827 0.0160966 -0.00729318 -0.0431011 0.00857608 -0.0259948 -0.0110534 0.00103827 -0.0212701 0.0251201 0.0353965 0.0104687 0.00709801 0.00390221 0.00157358 0.0280445 0.00533243
internal_weight=29100.4 19492.9 14086.7 9607.45 5406.2 8022.31 3512.73 5158.22 1893.47 6064.39 4025.71 5309.73 4449.23 4700.91 3644.91 998.977 1587.21 2712.58 894.497 1512.61 3379.67 3188.3 1869.93 2579.3 1698.42 1266.88 2462.7 1990.77 1132.51 2020.38
internal_count=242244 200444 124745 41800 75699 59204 53678 23620 22021 65541 18694 43306 18180 53298 16276 9417 28452 15898 12604 15814 25719 37484 7676 10504 7841 5991 18871 15416 4926 12393
is_linear=0
shrinkage=0.05


Tree=25
num_leaves=31
num_cat=0
split_feature=21 19 12 18 0 8 11 11 11 8 9 21 21 12 22 12 9 14 19 12 16 1 13 11 11 11 8 11 7 21
split_gain=2983.55 657.413 311.037 258.173 110.936 109.604 93.4602 68.8723 64.1589 49.9877 46.858 43.6069 43.1001 39.8078 38.3921 37.0945 36.6493 34.5755 33.5477 32.6052 30.9709 30.5443 30.4103 29.3688 28.1181 28.0554 25.8306 25.1071 23.7026 23.5576
threshold=0.16023000618996683 0.36102512530566483 0.67166666666666719 0.45181038063338563 5.5000000000000009 1.5000000000000002 0.0083333333333333055 -0.021666666666666053 0.0066666666666663774 2.5000000000000004 1.5000000000000002 0.030126031829840229 0.5162822464815825 0.13833333333333411 0.3813828000222142 -0.71250000000000024 2.5000000000000004 -2.6183333333333301 0.49201921071594046 1.7150000000000003 0.41967752011824655 6.2950000000000008 2.6941666666666682 -0.029999999999999801 -0.10833333333333293 -0.05666666666666708 3.5000000000000004 -0.038333333333333545 0.75000000000000011 0.58973142641247656
decision_type=2 2 2 2 2 2 8 8 10 2 2 2 2 2 2 2 2 2 2 2 2 2 2 10 8 10 2 8 10 2
left_child=1 4 6 10 15 -5 13 22 12 28 -2 -9 -7 25 -8 -1 -16 -13 -12 -19 -10 -15 -4 -20 -11 -3 -14 -17 -6 -28
right_child=3 2 7 5 9 8 14 11 20 24 18 17 26 21 16 27 -18 19 23 -21 -22 -23 -24 -25 -26 -27 29 -29 -30 -31
leaf_value=-0.029173053589566924 0.023877542591933469 -0.0015029435948814359 0.0068977338080723361 0.034570769098890487 -0.028080243225280684 0.014381484361207456 -0.034050428653478675 -0.031647030989395863 -0.0059521556135685256 0.0031170594433650154 -0.0096900090890710677 -0.0077285998503615772 0.031252953938312074 0.0011623952399328361 -0.0077874376697211816 -0.0018493791206468614 -0.020309503218847284 -0.00016083012747899938 0.015902459663564652 0.016102773604460281 0.015664248148820038 -0.013535159718908603 0.023815443742889464 0.0036499515466157152 -0.044203755752336003 -0.014138073165062028 0.015215799753057594 -0.019715682464900491 0.021765273421937733 0.02985337484142836
leaf_weight=1016.4247441291809 407.1121534705162 528.29573409631848 1744.6900693029165 2371.1908348500729 591.3010457418859 749.58698593080044 386.21071799471974 121.09572034329176 189.17614342272282 32.120727892965078 314.24579343944788 1203.8336415886879 1936.4460834264755 1339.8525215499103 762.93100792169571 240.25390028208494 2495.9707015752792 1558.0283186733723 737.78418105840683 384.15716711431742 1335.3676682561636 480.17664835602045 313.33590192347765 1450.8276453614235 1384.035119369626 2609.0608237795532 620.77099144458771 1083.1558157652617 24.852152265608311 493.30710352957249
leaf_count=13630 2265 4775 10725 9731 9013 3188 5563 1562 944 444 2901 8912 7841 11255 7949 2269 28762 11546 3905 2336 5667 4130 1734 8741 26163 28194 2651 13039 324 2085
internal_value=-0.000268584 -0.0124977 -0.00718794 0.0208321 -0.0294121 0.0256291 -0.0130668 0.00230901 0.0216472 -0.037958 0.00814573 -0.00220404 0.0251235 -0.00859786 -0.0191445 -0.0219895 -0.017378 -0.00107073 0.00558681 0.00305605 0.0129819 -0.00271525 0.00947347 0.00778029 -0.0431304 -0.0120105 0.0277631 -0.0164722 -0.0260698 0.0216972
internal_weight=28905.6 18299.8 13927.6 10605.8 4372.14 7695.85 8602.5 5325.14 5324.65 2032.31 2909.97 3267.11 3800.11 4957.39 3645.11 2339.83 3258.9 3146.02 2502.86 1942.19 1524.54 1820.03 2058.03 2188.61 1416.16 3137.36 3050.52 1323.41 616.153 1114.08
internal_count=242244 192325 127443 49919 64882 32107 90628 36815 22376 35944 17812 24356 15765 48354 42274 28938 36711 22794 15547 13882 6611 15385 12459 12646 26607 32969 12577 15308 9337 4736
is_linear=0
shrinkage=0.05


Tree=26
num_leaves=31
num_cat=0
split_feature=21 21 12 18 12 1 12 0 11 11 11 11 9 8 11 11 13 13 21 19 11 11 21 21 21 14 11 14 21 11
split_gain=2704.47 628.169 366.29 234.59 111.544 104.019 92.2815 61.0583 60.5844 52.4949 51.6327 42.2093 41.6409 41.4291 37.1719 34.5679 32.1004 31.1204 31.1116 30.4625 28.6849 27.3409 26.9749 26.0856 24.758 24.7493 24.5088 23.3442 23.2896 23.5494
threshold=0.16023000618996683 0.059280623938013567 0.069999999999999632 0.45181038063338563 1.0850000000000004 6.285000000000001 1.0041666666666667 5.5000000000000009 1.0000000180025095e-35 0.0054999999999996172 0.010833333333333252 -0.048166666666666906 1.5000000000000002 3.5000000000000004 -0.009999999999999341 -0.031833333333333151 0.35833333333333356 -0.31000000000000022 0.50108827502296538 0.53301710178660699 -0.029999999999999801 -0.15499999999999978 0.10326094880853022 0.58973142641247656 0.094828872233491499 -1.7833333333333365 -0.076666666666665759 2.7283333333333375 0.54761553374234473 -0.033333333333332764
decision_type=2 2 2 2 2 2 2 2 8 10 8 8 2 2 10 8 2 2 2 2 10 10 2 2 2 2 8 2 2 8
left_child=1 4 8 12 7 9 10 26 16 13 21 -9 -2 18 -8 -6 -3 -11 -5 -14 -21 -4 -10 -15 -18 -23 -1 -26 -7 -30
right_child=3 2 6 5 15 28 14 11 22 17 -12 -13 19 23 -16 -17 24 -19 -20 20 -22 25 -24 -25 27 -27 -28 -29 29 -31
leaf_value=0.01543205553210027 0.022467207955770167 -0.014601941312413692 0.08047437410085273 0.013087270521250638 0.0068105141583623702 0.024551656285103415 0.011037840556004158 -0.021202716343303812 -0.027461453088534191 -0.00079563290713649017 -0.011538425017521892 -0.042937554477362957 -0.0065529644249190007 0.010564139101728244 0.00054789120964633361 -0.018688740011799387 -0.019562302111746054 0.016143423507571825 0.029823836725109951 0.016072598286826598 0.0036243641274992544 -0.0070960610167426835 -0.017852225419836557 0.026029018978967967 -0.0052749236313352149 0.002128296514812362 -0.026748678154288403 0.015467239834504348 0.041489768216512894 0.030539233968930313
leaf_weight=35.473713487386703 410.93274115025997 2163.4967368431389 10.276693917810915 326.83191700279713 182.74746452271938 802.39578333497047 1725.0482483655214 259.40851911902428 1187.0524904802442 370.19305519759655 1810.724936068058 1608.1083409674466 445.95535458624363 807.04251426458359 1654.4921768680215 487.36606357991695 168.08700868487358 1013.4528482556343 1845.97863958776 701.38856666535139 1360.3662657365203 1140.2403985597193 1898.2223473340273 411.81830842792988 376.66110713779926 2007.2061613090336 1179.173414632678 211.99182097613811 775.51020000874996 1338.083050891757
leaf_count=371 2265 23287 74 1342 1914 3275 9664 4334 16036 1738 17615 30598 3905 3528 11328 5811 1932 4299 7486 3636 8006 9353 22946 1747 3657 15807 15573 2025 3224 5468
internal_value=-0.000261901 -0.0120081 -0.00724638 0.019783 -0.0302232 0.0243629 -0.000471718 -0.0342429 -0.0166635 0.0198191 -0.00480737 -0.0399185 0.00771378 0.0231675 0.00590237 -0.0117348 -0.0115016 0.0116114 0.0273063 0.00529617 0.00785913 -0.000947605 -0.0215494 0.0157893 -0.00263776 -0.00121346 -0.0255168 0.00219496 0.0318039 0.0345572
internal_weight=28715.7 18105.8 14353.5 10609.9 3752.28 7691.31 8347.99 3082.16 6005.51 4775.32 4968.45 1867.52 2918.64 3391.67 3379.54 670.114 2920.24 1383.65 2172.81 2507.71 2061.75 3157.72 3085.27 1218.86 756.74 3147.45 1214.65 588.653 2915.99 2113.59
internal_count=242244 192325 133724 49919 58601 32107 63841 50876 69883 20140 42849 34932 17812 14103 20992 7725 30901 6037 8828 15547 11642 25234 38982 5275 7614 25160 15944 5682 11967 8692
is_linear=0
shrinkage=0.05


Tree=27
num_leaves=31
num_cat=0
split_feature=21 22 12 8 8 0 12 12 21 11 2 6 6 11 11 21 11 11 11 21 3 2 6 11 7 10 12 3 11 10
split_gain=2454.47 661.997 323.567 162.4 150.532 85.271 82.2756 64.2977 55.3641 54.8019 46.0442 42.0906 36.1417 33.8131 30.9004 30.5734 29.1669 29.0128 27.5651 26.8361 23.13 22.6453 22.0495 21.8269 20.9503 20.5837 20.8196 20.306 20.1655 19.2108
threshold=0.42500261269022682 0.40824006174431865 0.41666666666666635 2.5000000000000004 2.5000000000000004 5.5000000000000009 -0.60333333333333317 1.7150000000000003 0.039122701478753075 0.021666666666666948 5.2550000000000008 1.5000000000000002 1.5000000000000002 -0.049999999999999371 -0.069999999999999826 0.12801512903581058 -0.029166666666666782 -0.033333333333332764 1.0000000180025095e-35 0.13952936002745575 37.150000000000006 6.1350000000000007 1.5000000000000002 0.048333333333333346 0.75000000000000011 5.5000000000000009 -1.4899999999999998 38.475000000000009 -0.00083333333333346349 3.5000000000000004
decision_type=2 2 2 2 2 2 2 2 2 8 2 8 8 8 8 2 10 8 8 2 2 2 10 8 10 2 2 2 8 2
left_child=1 4 6 12 8 28 18 11 17 19 16 -4 -2 -7 -10 23 -5 -1 -3 22 -12 -14 -8 -13 -17 26 -18 -16 -6 -9
right_child=3 2 7 10 5 13 9 29 14 -11 20 15 21 -15 27 24 25 -19 -20 -21 -22 -23 -24 -25 -26 -27 -28 -29 -30 -31
leaf_value=-0.0080303464464863625 0.034268761628097576 -0.013716883395041665 0.0091223081782200836 0.01733516578710095 -0.019192567632803172 -0.021407135653148082 -5.8290134561490415e-05 0.02075824100750533 0.023180047658637581 -0.016086751905117713 0.016707158785461113 -0.0030515281528368885 0.020284820853645517 -0.044515424895227224 -0.013317395683781916 0.0033359927739694084 -0.012625665436179635 -0.02933447144728217 -0.024173826324906424 0.0025140486947697414 0.02829953894065523 0.029031059777363824 -0.010122440666705887 -0.017095143695972908 0.067573153443719433 -0.0052757874397756773 0.010648277065922191 0.0040866084611957849 -0.029817812518563348 0.0072700454440998794
leaf_weight=214.64367113262415 1466.0977526009083 1203.1844027303159 1268.3375841900706 1013.1145669519901 787.18670726567507 181.47187004983425 751.38010288774967 577.16756080091 80.854159470647573 1544.9564609602094 1323.3052952736616 2123.0749240890145 1476.334929138422 1239.9208580553532 687.58461373671889 1713.913927718997 102.96843178570271 625.56010736525059 1323.4060373976827 923.57979065924883 637.63869705796242 1483.9809131026268 1974.0869067683816 318.13666790723801 12.787501707673071 297.32110999524593 1438.1131299734116 221.61430633068085 1031.9491541460156 486.49724947661161
leaf_count=2906 6074 13483 7593 4473 10226 3199 6413 2977 595 17401 5533 15922 5995 25256 6752 11846 590 9703 17644 7978 2630 6092 20327 2702 88 1425 6672 2115 15025 2609
internal_value=-0.000255176 -0.0104042 -0.00487332 0.0209366 -0.0259151 -0.0323895 -0.0117936 0.00334658 -0.0144521 -0.00819364 0.014579 0.00114687 0.0278487 -0.0415651 -0.00644105 -0.00128014 0.0105233 -0.023892 -0.0191941 -0.0048518 0.0204766 0.0246692 -0.00734787 -0.00488168 0.00381172 0.00676934 0.00909321 -0.00907523 -0.02522 0.014589
internal_weight=28530.2 19291.3 14220.5 9238.87 5070.79 3240.53 7720.59 6499.92 1830.26 5194 4812.46 5436.25 4426.41 1421.39 990.053 4167.91 2851.52 840.204 2526.59 3649.05 1960.94 2960.32 2725.47 2441.21 1726.7 1838.4 1541.08 909.199 1819.14 1063.66
internal_count=242244 202760 126983 39484 75777 53706 83246 43737 22071 52119 21323 38151 18161 28455 9462 30558 13160 12609 31127 34718 8163 12087 26740 18624 11934 8687 7262 8867 25251 5586
is_linear=0
shrinkage=0.05


Tree=28
num_leaves=31
num_cat=0
split_feature=21 21 12 18 12 1 11 0 12 11 9 11 6 11 21 13 19 1 1 12 21 14 14 11 13 3 12 21 11 14
split_gain=2231.26 559.465 313.249 196.844 106.709 82.4709 80.0193 59.6553 55.908 53.6169 48.4263 41.565 39.5584 30.2101 29.8348 29.3358 29.2088 27.1016 35.1365 26.7204 25.5148 25.4293 25.0644 23.9894 23.8627 24.9488 22.9555 22.2802 22.1517 20.9436
threshold=0.16023000618996683 0.059280623938013567 0.069999999999999632 0.47146298585498325 1.0850000000000004 6.285000000000001 0.023333333333332987 5.5000000000000009 0.86916666666666675 1.0000000180025095e-35 2.5000000000000004 -0.048166666666666906 2.5000000000000004 -0.031833333333333151 0.5162822464815825 0.35833333333333356 0.5442521307355177 6.2950000000000008 4.6950000000000012 2.287500000000001 0.10326094880853022 9.100833333333334 6.0200000000000058 0.0033333333333334107 -0.25999999999999951 33.525000000000013 1.7916666666666676 0.094828872233491499 -0.028333333333332874 2.7283333333333375
decision_type=2 2 2 2 2 2 8 2 2 8 2 8 10 8 2 2 2 2 2 2 2 2 2 8 2 2 2 2 10 2
left_child=1 4 9 10 7 12 8 23 17 15 -2 -9 14 -6 -5 -3 -12 18 -4 21 -11 -10 -20 -1 -14 -26 -8 -17 -18 -29
right_child=3 2 6 5 13 -7 26 11 19 20 16 -13 24 -15 -16 27 28 -19 22 -21 -22 -23 -24 -25 25 -27 -28 29 -30 -31
leaf_value=-0.016849856445657133 0.016978013363998911 -0.013634830678012001 -0.016905159666808289 0.011402152971210682 0.0066910319647459048 0.029192941782864763 -0.010512586305236458 -0.019911160217741235 0.0042112863169753408 -0.026088866044796807 -0.0079232372787540212 -0.041922533546938694 0.0042479008474539132 -0.017246443260918495 0.025666771684631953 -0.018440227276783957 0.013764646490083125 -0.010198941829642675 -0.00033819677163707403 0.024131828871683695 -0.016567352785315726 0.018916098126976248 0.01280241306966522 -0.031183931542658638 0.010601617625641099 0.023468078753570515 0.0088038914633327449 -0.004724300165810485 0.0026431206254733993 0.014913387544910305
leaf_weight=572.7020051330328 1043.3879185989499 2120.974013209343 260.15585863217711 459.09277361631393 182.96551668643951 2852.2709224969149 1897.4805024899542 250.47120067104697 2546.9738296791911 1138.0082893371582 419.26124937832355 1492.2967672646046 543.99821259081364 471.38684545084834 1818.6205554455519 163.72947317361832 697.45106036961079 803.61970949918032 1638.0562108419836 216.26736692339182 1843.1440707445145 332.37303768098354 466.15092336386442 595.29522279649973 828.70277853310108 690.86174368858337 167.37221374362707 373.19649094343185 1250.4977430850267 213.41435676068068
leaf_count=7317 5641 23287 2320 1935 1914 11815 17406 4334 15826 16036 3667 30598 2448 5811 7480 1932 3495 6680 13843 1080 22946 1937 3704 8627 3453 2864 1045 3657 7121 2025
internal_value=-0.000248549 -0.0110917 -0.00664033 0.0178974 -0.0287977 0.0225881 -0.00041087 -0.0328991 0.00240309 -0.0155053 0.00800391 -0.0387591 0.0182486 -0.0105532 0.0227916 -0.0106288 0.00404843 -0.00226648 0.00042967 0.00718183 -0.020202 0.00590871 0.00257288 -0.0241555 0.0132342 0.0164513 -0.00894684 -0.00213179 0.00662511 0.00242007
internal_weight=28350.2 17746 14180.9 10604.1 3565.12 7193.55 8328.45 2910.77 6263.6 5852.47 3410.6 1742.77 4341.28 654.352 2277.71 2871.31 2367.21 3167.98 2364.36 3095.61 2981.15 2879.35 2104.21 1168 2063.56 1519.56 2064.85 750.34 1947.95 586.611
internal_count=242244 192325 133724 49919 58601 29995 63841 50876 45390 69883 19924 34932 18180 7725 9415 30901 14283 26547 19867 18843 38982 17763 17547 15944 8765 6317 18451 7614 10616 5682
is_linear=0
shrinkage=0.05


Tree=29
num_leaves=31
num_cat=0
split_feature=18 21 12 18 12 8 9 0 21 11 7 12 11 21 22 11 11 6 21 8 11 12 12 14 11 3 8 21 14 11
split_gain=2030.82 535.293 282.507 172.015 102.889 78.9067 69.0419 56.702 56.6222 49.7149 41.4669 41.138 40.9493 35.52 33.2152 32.57 31.1862 28.9242 28.5473 27.5492 26.5907 25.8243 23.3302 22.9581 22.2516 22.0631 21.0448 20.4512 20.4453 20.1287
threshold=0.2430654629216823 0.059280623938013567 0.069999999999999632 0.47146298585498325 1.0850000000000004 1.5000000000000002 1.5000000000000002 5.5000000000000009 0.099386193918176102 0.040000000000000487 1.2500000000000002 -0.95499999999999929 0.0066666666666663774 0.5999266627083728 0.5456105414082485 -0.033333333333332764 -0.083333333333332579 1.5000000000000002 0.49055042270775162 3.5000000000000004 -0.031833333333333151 1.1925000000000001 0.63666666666666727 -3.8599999999999972 -0.00083333333333346349 38.065000000000005 4.5000000000000009 0.13387762266304434 -2.5466666666666629 0.012916666666666467
decision_type=2 2 2 2 2 2 2 2 2 8 10 2 10 2 2 10 10 8 2 2 8 2 2 2 8 2 2 2 2 8
left_child=1 4 8 15 7 -5 14 24 29 16 26 -10 13 19 25 -2 -8 -13 21 -7 -6 -17 -20 -18 -1 -4 -9 -19 -14 -3
right_child=3 2 6 5 20 12 9 10 11 -11 -12 17 28 -15 -16 18 23 27 22 -21 -22 -23 -24 -25 -26 -27 -28 -29 -30 -31
leaf_value=-0.01599287822405154 0.014953417501603365 -0.017401872260728524 -0.0029472987961251043 0.029205965375024359 0.0060674279142935118 0.021496091447833106 0.015475221490086462 -0.034456610777834115 -0.019637042953658704 -0.014414019459459054 0.0034223057350824372 0.0012564210825763097 0.0033974623467646716 0.028156002876541349 0.012522696412057326 -0.0069208563574895618 -0.0082266410717731515 -0.014471544531638222 0.0064747030108062657 0.01038062211262758 -0.016547455467929441 0.011044369634447526 0.025379935162426034 -9.8249130293198581e-05 -0.030056603569384801 0.011481823036082134 -0.045883678725240143 -0.0055241982934471296 0.015687584419649968 -0.028297914467995275
leaf_weight=511.80280070751905 1067.8086361326277 987.39748544991016 944.56669835746288 2271.1399774104357 180.92081164568663 1504.1610104888678 261.95697478950024 884.82336310297251 1124.9830675944686 852.56184724345803 57.840950701385736 611.26479844748974 567.47677984833717 1123.5626097172499 1235.1264419928193 723.3955751247704 1187.4279822707176 1561.7730821892619 1072.1852918714285 885.65064537525177 461.65379288047552 276.48868811875582 192.48798780143261 3236.2540178596973 624.36943240463734 368.19681383669376 739.78931920230389 1080.5232485681772 838.25147370249033 742.65210863947868
leaf_count=6581 5393 12424 7060 9534 1894 6126 1678 17823 14313 8017 781 5444 2442 4599 7799 5741 9760 18388 5068 3772 5783 1565 782 25401 9268 2616 16315 11439 3564 10874
internal_value=-0.000241913 -0.0106044 -0.00630535 0.0171453 -0.0282351 0.0214974 -0.000174465 -0.0323512 -0.0144209 -0.00330821 -0.038179 -0.011395 0.0179383 0.0208239 0.00663716 0.00775483 -0.00128748 -0.00854519 0.00436047 0.0173768 -0.0101801 -0.0019531 0.00935215 -0.00228011 -0.0237214 0.0010997 -0.0396601 -0.0108127 0.0107262 -0.0220792
internal_weight=28178.5 17655.9 14194.7 10522.6 3461.2 7190.24 8086.09 2818.63 6108.59 5538.2 1682.45 4378.54 4919.1 3513.37 2547.89 3332.37 4685.64 3253.56 2264.56 2389.81 642.575 999.884 1264.67 4423.68 1136.17 1312.76 1624.61 2642.3 1405.73 1730.05
internal_count=242244 193658 135213 48586 58445 30037 62331 50768 72882 44856 34919 49584 20503 14497 17475 18549 36839 35271 13156 9898 7677 7306 5850 35161 15849 9676 34138 29827 6006 23298
is_linear=0
shrinkage=0.05


Tree=30
num_leaves=31
num_cat=0
split_feature=21 21 12 18 8 6 21 12 12 11 19 14 6 11 22 12 1 22 1 3 8 16 11 11 15 15 12 13 3 13
split_gain=1846.19 494.376 309.05 174.399 85.0934 80.7089 71.7882 59.3121 51.4927 44.9648 40.0579 38.1685 35.9852 35.4541 32.486 32.0926 29.191 25.6434 25.1309 25.9948 24.9688 24.3766 23.6886 23.6145 23.2006 23.1224 22.6099 21.4352 21.0312 20.6839
threshold=0.15581071341357858 0.039122701478753075 0.13833333333333411 0.45181038063338563 1.5000000000000002 1.5000000000000002 0.093863570127960469 0.67166666666666719 1.4483333333333337 0.0066666666666663774 0.53301710178660699 -3.4066666666666676 1.5000000000000002 -0.10499999999999908 0.83511265994949324 0.72166666666666701 6.8950000000000005 0.51412771714735428 6.5050000000000008 37.745000000000012 1.5000000000000002 0.44238063714123532 0.0083333333333333055 -0.033333333333332764 0.3294988146993571 0.25049304356602037 -0.66833333333333356 0.37333333333333335 43.715000000000011 0.19666666666666657
decision_type=2 2 2 2 2 8 2 2 2 10 2 2 8 8 2 2 2 2 2 2 2 2 8 8 2 2 2 2 2 2
left_child=1 7 6 10 -5 20 22 13 11 14 29 -7 27 -1 25 28 17 -13 -10 -20 -4 -11 -3 -9 -24 -6 -14 -8 -12 -2
right_child=3 2 5 4 9 8 12 23 18 21 15 16 26 -15 -16 -17 -18 -19 19 -21 -22 -23 24 -25 -26 -27 -28 -29 -30 -31
leaf_value=0.0075563757324491046 -0.014447334439018703 -0.017919235290850509 0.014569881689432169 0.028053197897141398 0.0132751543243987 -0.012043832704099188 -0.0073340333866863342 -0.0039772683459018861 -0.0043380391469780046 -0.004935927045906844 0.0037930997651068341 -0.0063353217520207838 -0.018918257247918627 -0.038947050261510137 0.025076359241260955 0.018865795888384121 -0.016191498568162464 0.0028404156654737605 0.004953660768787279 0.024223700140265876 0.0031066787967608958 0.012121359138718226 -0.029308469255012282 -0.025498980281309303 0.063387527505689323 0.026318934359088025 -0.010839053696418816 0.010513937257058263 0.019656940635952747 0.0047101516728611896
leaf_weight=42.116151966154575 316.50770024955273 1089.2138874903321 857.55962590128183 2306.4688906669617 1851.2926204651594 1637.5194401033223 605.60002228617668 173.95867401361465 455.41724400222301 250.15081396698952 1763.5484401658177 1360.4376309998333 1379.3993800580502 1527.5194283947349 1541.6540174484253 598.92265803366899 362.82644275948405 1729.3605345785618 656.77549017965794 238.5842942148447 1064.9553761705756 1287.5240176320076 964.29777963832021 476.81425081193447 6.7977970689535132 416.12270122766495 2326.5165367089212 232.92736279219389 237.00009917467833 253.93633234500885
leaf_count=623 3004 14488 4823 9731 7725 14789 5911 2273 2899 1219 10220 13129 18501 32807 6334 3151 3091 13341 3984 1389 7578 5392 14883 7507 96 1707 26200 2044 1369 2036
internal_value=-0.000235214 -0.010421 -0.00715503 0.0159412 0.0200259 -0.000770399 -0.0152397 -0.0324374 -0.00345389 0.0165632 0.0060792 -0.00575689 -0.0117298 -0.0376993 0.0194765 0.00871222 -0.00277511 -0.00119966 0.00522456 0.0100885 0.00821997 0.00934646 -0.0229815 -0.019746 -0.0286596 0.015669 -0.0138463 -0.0023762 0.00567245 -0.00591927
internal_weight=28011.7 17188.6 14968.2 10823.1 7653.21 8363.44 6604.75 2220.41 6440.92 5346.74 3169.92 5090.14 4544.44 1569.64 3809.07 2599.47 3452.62 3089.8 1350.78 895.36 1922.52 1537.67 2060.31 650.773 971.096 2267.42 3705.92 838.527 2000.55 570.444
internal_count=242244 190356 147146 51888 32108 65023 82123 43210 52622 22377 19780 44350 52656 33430 15766 14740 29561 26470 8272 5373 12401 6611 29467 9780 14979 9432 44701 7955 11589 5040
is_linear=0
shrinkage=0.05


Tree=31
num_leaves=31
num_cat=0
split_feature=18 19 12 18 0 21 21 22 9 12 12 11 6 9 12 3 21 12 11 15 21 14 11 1 8 14 21 11 14 1
split_gain=1676.19 481.67 204.182 148.674 71.7442 69.4208 59.8456 53.761 48.1821 42.5204 42.0712 38.9326 36.468 36.3484 35.9889 28.7366 27.5212 25.943 25.0609 25.0151 25.8967 23.4285 23.4029 22.8454 22.5983 21.1441 20.7551 24.1341 20.5644 20.4264
threshold=0.2430654629216823 0.30897382907316595 0.13833333333333411 0.59671863747042098 3.5000000000000004 0.092007563611127524 0.5162822464815825 0.32667586892521261 1.5000000000000002 1.0850000000000004 -0.078333333333332686 -0.041666666666666512 1.5000000000000002 2.5000000000000004 1.3133333333333341 38.065000000000005 0.059280623938013567 -0.25333333333333247 -0.076666666666665759 0.10201569662302544 0.13952936002745575 -5.285000000000001 -0.028166666666666892 6.6850000000000014 2.5000000000000004 5.7783333333333315 0.54077537032938483 -0.03666666666666573 -1.9916666666666616 1.5550000000000004
decision_type=2 2 2 2 2 2 2 2 2 2 2 8 8 2 2 2 2 2 8 2 2 2 10 2 2 2 2 8 2 2
left_child=1 7 5 6 8 29 14 11 -4 16 -8 -1 -7 25 23 -11 -6 -9 -10 -14 -21 -20 -12 -2 -13 26 -5 -28 -15 -3
right_child=3 2 4 13 9 12 10 17 18 15 22 24 19 28 -16 -17 -18 -19 21 20 -22 -23 -24 -25 -26 -27 27 -29 -30 -31
leaf_value=-0.018031171469105621 0.0031674939023398721 0.007114062091165778 0.01029262374343503 0.01487348376273019 -0.021250434024873019 -0.0007632043019772999 0.0081094113624939138 -0.026492757321485618 0.016270247287353264 -0.004156059444726158 0.025210632784662797 -0.028457919524284364 -0.017634768838263631 0.010381983255723991 0.016718447051096826 0.011136723077426157 -0.0077799425224795507 -0.010739164673734574 -0.010231889801826446 -0.01230574033910181 -0.00085324754134403981 0.0006116849228661402 0.014723631447244865 -0.013261696453001716 -0.043578551582113864 0.035926990693371005 0.036370549795588965 0.022901194905988277 0.021294757037945245 -0.023264102704820551
leaf_weight=259.50759383663535 1584.8333435021341 57.433338657021523 1521.5596401616931 455.27321310341358 486.47953887283802 868.12712576240301 1599.5338426977396 802.83234607800841 207.38090651482344 1104.8056611344218 857.97740200161934 343.07933253422379 1334.8095611855388 682.53603704273701 452.81094031780958 425.49290405586362 1719.0493341237307 387.46485604718328 633.80027008801699 1784.2544816844165 682.39147634059191 2326.987885184586 1400.1980818808079 244.19958033412695 883.2804794088006 481.80924509465694 477.90081566572189 1093.5589457303286 1174.7016011625528 1515.428284086287
leaf_count=4804 9584 881 9500 1889 7078 8053 7431 11914 1240 8710 3525 6169 16423 2827 2277 3184 16074 4741 5029 21357 7327 17311 5781 1808 21109 2021 2045 4549 4849 22754
internal_value=-0.000228604 -0.00977525 -0.00621616 0.0155328 -0.0011384 -0.0130697 0.0105169 -0.0292826 0.00297957 -0.00630785 0.0143135 -0.0356254 -0.0100096 0.0225865 0.00409833 9.60327e-05 -0.0107512 -0.0213647 -0.000532627 -0.0121211 -0.00913744 -0.00170954 0.0187081 0.000973984 -0.0393485 0.0265121 0.024274 0.0269974 0.0172843 -0.0221548
internal_weight=27849.5 17344.2 14668 10505.3 8425.56 6242.44 6139.55 2676.16 4689.73 3735.83 3857.71 1485.87 4669.58 4365.78 2281.84 1530.3 2205.53 1190.3 3168.17 3801.46 2466.65 2960.79 2258.18 1829.03 1226.36 2508.54 2026.73 1571.46 1857.24 1572.86
internal_count=242244 193658 144921 48586 68126 76795 30406 48737 33080 35046 16737 32082 53160 18180 13669 11894 23152 16655 23580 45107 28684 22340 9306 11392 27278 10504 8483 6594 7676 23635
is_linear=0
shrinkage=0.05


Tree=32
num_leaves=31
num_cat=0
split_feature=21 21 8 12 6 21 21 12 1 12 19 11 11 11 14 13 22 11 10 9 14 11 12 3 11 11 11 1 15 18
split_gain=1525.12 444.302 265.723 148.804 80.0137 79.169 60.7155 57.3351 50.8902 48.9205 45.5757 35.6486 35.5878 30.2349 27.3722 26.7815 26.5591 26.438 26.2761 26.1632 25.8162 22.1076 21.9698 20.2375 19.6824 19.27 18.9758 18.71 28.1611 18.2981
threshold=0.15581071341357858 0.039122701478753075 3.5000000000000004 -0.18333333333333332 1.5000000000000002 0.50898107985542818 0.092007563611127524 0.67166666666666719 6.4150000000000009 0.89833333333333376 0.59340452714828784 -0.048166666666666906 0.018333333333333094 -0.053333333333333226 -1.5183333333333333 1.5250000000000004 0.84244126896433358 0.04500000000000038 2.5000000000000004 3.5000000000000004 2.044166666666666 -0.033333333333332764 2.1108333333333342 34.790000000000006 0.0083333333333333055 -0.079999999999999613 0.03666666666666752 6.1650000000000009 0.14244832625799222 0.13075122603655823
decision_type=2 2 2 2 8 2 2 2 2 2 2 8 8 8 2 2 2 8 2 2 2 8 2 2 8 10 8 2 2 2
left_child=1 7 4 10 22 15 24 11 13 17 -2 29 14 -7 -8 23 -12 27 -15 -16 -11 -9 -3 -5 -4 -17 -20 28 -6 -1
right_child=3 2 6 5 9 8 12 21 -10 20 16 -13 -14 18 19 25 -18 -19 26 -21 -22 -23 -24 -25 -26 -27 -28 -29 -30 -31
leaf_value=-0.020197878363810821 -0.0085294927802073272 0.0063422306302111878 -0.01747936847468037 0.0010867950244570794 -0.010991942839015164 0.027317690795534401 -0.014487615897948912 -0.0031844208553127606 0.027553740524053946 -0.0022615472335511177 0.0039715822511076715 -0.039680113409590906 -0.017788353861577993 0.021849111926821006 0.0051892964430803497 0.037693355636560927 0.015720594623214949 -0.016882656445766853 0.013993757996320294 -0.0082570098282610527 0.0074232683392153904 -0.024226040855326536 0.027758009384989908 0.012636295817966412 -0.028041672872835256 0.014517588651905753 -0.0011392257019443451 -0.011326041637127375 0.0011476169959794748 0.059534197566724623
leaf_weight=200.382657866925 541.57155636698008 1897.8297930322587 936.82164319977164 853.83129908889532 722.55857147648931 666.97915685176849 1044.6327519752085 171.50933487340808 1954.5124917626381 2004.257366951555 1543.9147071093321 1263.5308503620327 1441.200590223074 1100.2579834461212 516.32661282643676 105.84436509013176 698.68037791550159 621.94293137639761 1836.172796100378 1208.4905056320131 1047.8400012850761 458.67051978781819 127.82219338417053 682.44394928216934 833.46596759185195 587.73623912036419 233.49518169462681 975.26850838959217 1409.9242538325489 7.4638441242277613
leaf_count=3838 4793 12754 12917 4891 7348 2751 11702 2273 8326 13973 7651 29484 19149 4512 5253 467 3139 6836 7542 13723 6903 7507 608 3832 13463 3004 980 9190 13327 108
internal_value=-0.000221766 -0.00960659 -0.00654952 0.0144476 -0.00102641 0.0179045 -0.0146828 -0.0311188 0.0209868 -0.00363098 0.00448828 -0.0365236 -0.0114163 0.0176415 -0.0081003 0.00989914 0.00763199 -0.00747253 0.0156056 -0.00423184 0.00106342 -0.0184994 0.0076936 0.00621731 -0.0224522 0.0180543 0.0122865 -0.00558932 -0.00296568 -0.0173347
internal_weight=27695.4 16889.9 14788.4 10805.4 8807.44 8021.27 5980.94 2101.56 5791.42 6781.79 2784.17 1471.38 4210.65 3836.91 2769.45 2229.86 2242.6 3729.69 3169.93 1724.82 3052.1 630.18 2025.65 1536.28 1770.29 693.581 2069.67 3107.75 2132.48 207.847
internal_count=242244 190356 147146 51888 70939 36305 76207 43210 24111 57577 15583 33430 49827 15785 30678 12194 10790 36701 13034 18976 20876 9780 13362 8723 26380 3471 8522 29865 20675 3946
is_linear=0
shrinkage=0.05


Tree=33
num_leaves=31
num_cat=0
split_feature=18 19 9 18 22 21 8 11 0 21 6 11 12 1 12 9 3 12 21 13 10 3 5 3 1 12 14 12 14 18
split_gain=1383.59 431.099 172.996 126.752 69.4298 62.8373 59.442 52.8845 52.7511 47.8626 39.8235 39.3902 35.2847 33.722 31.1679 28.6515 28.5365 28.3552 27.6754 27.4196 25.4591 24.8956 22.7703 20.782 20.6494 20.2861 19.2118 18.7638 18.5401 22.1912
threshold=0.2430654629216823 0.30897382907316595 2.5000000000000004 0.59671863747042098 0.39107981938528796 0.12137337790480904 4.5000000000000009 -0.064999999999999933 5.5000000000000009 0.5162822464815825 1.5000000000000002 0.029999999999999808 0.89833333333333376 6.7750000000000012 1.3133333333333341 1.5000000000000002 37.815000000000005 0.098333333333334064 0.13805146769441329 1.6550000000000007 2.5000000000000004 37.975000000000001 6.8950000000000005 39.915000000000006 6.8950000000000005 -0.35666666666666597 6.6224999999999996 2.1108333333333342 0.61333333333333162 0.034722841432605143
decision_type=2 2 2 2 2 2 2 8 2 2 8 8 2 2 2 2 2 2 2 2 2 2 10 2 2 2 2 2 2 2
left_child=1 7 5 9 26 10 11 -1 25 14 27 18 20 19 24 -10 -7 -12 28 22 -11 -19 -5 -8 -2 -9 -4 -3 -6 -30
right_child=3 2 4 13 6 16 23 8 15 12 17 -13 -14 -15 -16 -17 -18 21 -20 -21 -22 -23 -24 -25 -26 -27 -28 -29 29 -31
leaf_value=-0.0035780382040004849 0.0023778701241534434 0.0041686611207320369 -0.024383921083166695 0.017368893561818751 -0.0091364424986284023 0.0037231753038059162 -0.016776071410492126 -0.02709787737104874 -0.019148315816119692 0.016493050901820527 -0.01868858091166286 -0.013603697141017296 0.023279161314748678 0.027888184415421093 0.015419686178174095 -0.040138505662755897 0.01581003058973246 -0.0072364103625718913 0.0044288019825078663 0.025383350741015488 0.0072444187594156023 0.0045057025958905291 0.0043122449151433619 -0.0062147971898891922 -0.017171011463797872 -0.012799019864510725 -0.0075059039739603668 0.031871528625966185 -0.024089732863090251 0.0010283159579474205
leaf_weight=204.5965184494853 1681.3345462456346 731.84045255929232 974.07234740257263 1871.4684410691261 1448.8794275671244 1705.1578525602818 2058.7828857079148 686.28359604626894 191.39244895800948 1180.6035166233778 390.45541339367628 1052.1517564244568 670.71966581046581 1167.6900698840618 455.93013070523739 1079.7696017026901 684.30361726880074 1702.6114179044962 1007.7927780896425 891.3123222887516 2012.5122857838869 614.26869624480605 406.44289419054985 601.99451153352857 146.88485522568226 388.44741773977876 203.89541048556566 66.694334387779236 95.063967164605856 1172.1661502085626
leaf_count=3152 10274 5473 15095 7735 13487 12336 26274 10733 3647 5100 5381 11372 2790 5021 2277 26214 4680 15381 8092 3746 8847 5267 1678 7419 1118 4991 3070 384 952 10258
internal_value=-0.000215188 -0.00900002 -0.00566777 0.0140791 -0.0101841 0.000931884 -0.00839762 -0.0279577 -0.030084 0.00946183 -0.00332976 -0.00506111 0.0128538 0.0206246 0.00372398 -0.0369781 0.00718466 -0.00622388 -0.00264749 0.0179484 0.010664 -0.00412325 0.0150392 -0.0143866 0.000807252 -0.0219297 -0.0214625 0.00648243 -0.0052731 -0.000855968
internal_weight=27545.5 17060.6 14510.1 10484.9 8614.8 5895.33 7436.83 2550.49 2345.89 6147.99 3505.87 4776.05 3863.84 4336.91 2284.15 1271.16 2389.46 2707.34 3723.9 3169.22 3193.12 2316.88 2277.91 2660.78 1828.22 1074.73 1177.97 798.535 2716.11 1267.23
internal_count=242244 193658 144921 48586 96019 48902 77854 48737 45585 30406 31886 44161 16737 18180 13669 29861 17016 26029 32789 13159 13947 20648 9413 33693 11392 15724 18165 5857 24697 11210
is_linear=0
shrinkage=0.05


Tree=34
num_leaves=31
num_cat=0
split_feature=21 0 8 8 22 6 21 11 11 8 12 2 15 11 21 14 12 14 11 16 18 1 11 13 11 14 1 15 22 3
split_gain=1258.87 400.398 230.901 130.913 82.9769 71.1155 57.3655 55.925 48.267 43.2545 42.4643 35.2889 33.8384 32.4804 26.7245 24.6598 24.1366 23.9662 23.5753 22.3982 21.7652 21.1661 20.7906 19.7111 19.3865 19.3 18.2572 25.7291 18.4789 17.8159
threshold=0.15581071341357858 5.5000000000000009 3.5000000000000004 1.5000000000000002 0.77127999261985347 1.5000000000000002 0.092007563611127524 -0.043333333333333439 -0.028166666666666892 2.5000000000000004 0.89833333333333376 5.535000000000001 0.092591282094427699 0.018333333333333094 0.52754334016902782 -1.5183333333333333 -0.77166666666666617 2.044166666666666 0.04500000000000038 0.45932759078553015 0.1340112802440043 6.245000000000001 0.0083333333333333055 1.2400000000000007 0.048333333333333346 7.5883333333333338 6.1650000000000009 0.14244832625799222 0.5456105414082485 33.525000000000013
decision_type=2 2 2 2 2 8 2 8 10 2 2 2 2 8 2 2 2 2 8 2 2 2 8 2 8 2 2 2 2 2
left_child=1 2 5 14 12 23 22 19 21 -9 18 25 -5 15 -2 -8 -17 -12 26 -3 -21 -6 -4 -1 -16 -10 27 -7 -29 -13
right_child=3 7 6 4 8 10 13 9 11 -11 17 29 -14 -15 24 16 -18 -19 -20 20 -22 -23 -24 -25 -26 -27 -28 28 -30 -31
leaf_value=0.0024612939045649731 0.015339480767328856 -0.032752722460357167 -0.016157675274270169 -0.013651075795670674 0.0160597065800283 -0.010412296544831175 -0.013480006037308145 -0.023947480009117561 0.0035983170770714414 -0.041765846539854989 -0.0023496963882087283 0.0099568419806056827 0.0038479616759338263 -0.016697736918471609 0.027219667290731404 -0.012236501695843133 0.00045766714594455151 0.0069182092878604003 -0.016014078632928402 -0.0071887314500694065 0.0673841575188623 0.028076687930213902 -0.026898687460695112 0.012267133124120151 0.0025921689282848819 0.017351755764245417 -0.010979325613448446 -0.0039531893619084305 0.0075059428440218375 0.02043275071521693
leaf_weight=1078.952338475734 845.26600681990385 94.81251623108983 960.85010349005461 336.92149821668863 1855.8602752685547 723.08270749822259 1023.0561022497714 535.38146352395415 2009.7042658776045 936.12538797035813 2019.8911196514964 848.92813889682293 1534.4487029761076 1404.5911347940564 1743.8516292124987 554.48898567631841 1153.3471497185528 1065.5166796520352 615.92967355623841 218.39244569465518 10.24350396171212 456.57805146276951 848.25165113806725 976.13080380856991 83.74706344306469 292.16176392138004 976.28038234636188 786.88904367759824 636.30056285485625 777.59697172045708
leaf_count=7808 4019 2009 13680 2875 7803 7490 11702 9887 9045 24628 14224 3487 10323 19149 7576 7191 11785 7027 6937 3712 138 1927 14298 5751 352 1300 9371 8197 5372 3181
internal_value=-0.000208631 -0.00884185 -0.00614118 0.0130941 0.00993209 -0.00103512 -0.0137677 -0.0311452 0.0127012 -0.035283 -0.00349079 0.00932752 0.000697435 -0.0105191 0.022691 -0.00734118 -0.00366379 0.000850888 -0.00707402 -0.0123206 -0.00384767 0.0184324 -0.0211939 0.00711891 0.0260911 0.00534396 -0.00531057 -0.00273201 0.00117013 0.0149651
internal_weight=27403.6 16618.5 14823.6 10785.1 8112.2 8878.97 5944.59 1794.96 6240.83 1471.51 6823.89 3928.39 1871.37 4135.48 2672.86 2730.89 1707.84 3085.41 3738.48 323.448 228.636 2312.44 1809.1 2055.08 1827.6 2301.87 3122.55 2146.27 1423.19 1626.53
internal_count=242244 190356 149982 51888 39941 72177 77805 40374 26743 34515 58618 17013 13198 49827 11947 30678 18976 21251 37367 5859 3850 9730 27978 13559 7928 10345 30430 21059 13569 6668
is_linear=0
shrinkage=0.05


Tree=35
num_leaves=31
num_cat=0
split_feature=18 18 12 18 6 21 12 11 11 22 12 12 2 12 11 11 21 21 1 21 3 21 12 11 0 14 12 12 14 3
split_gain=1141.52 385.422 179.772 107.995 78.2351 64.3791 48.8604 42.2146 41.2019 36.7577 37.573 36.0749 30.7471 25.5914 25.0453 24.0008 22.9047 22.4818 21.5279 21.2124 21.1023 20.7773 20.7386 20.4124 21.1509 19.9157 19.2612 19.0572 18.2332 17.9571
threshold=0.2430654629216823 0.020511597070535154 -0.16333333333333264 0.59671863747042098 1.5000000000000002 0.070753310912496675 -0.44500000000000001 0.013333333333333199 0.013333333333334087 0.83511265994949324 1.3350000000000004 0.89833333333333376 6.8650000000000011 -0.95499999999999929 -0.011666666666666268 -0.03666666666666573 0.028688189199123325 0.066125106548549445 6.8950000000000005 0.10673691646614288 29.180000000000003 0.54077537032938483 2.1883333333333344 -0.10499999999999908 5.5000000000000009 -1.3208333333333344 1.3133333333333341 2.0425000000000009 11.467500000000003 36.935000000000009
decision_type=2 2 2 2 8 2 2 10 8 2 2 2 2 2 8 10 2 2 2 2 2 2 2 8 2 2 2 2 2 2
left_child=1 6 8 7 22 16 23 9 13 10 18 25 15 -3 27 21 -6 -15 28 -10 -17 -5 -4 -1 -25 -7 -18 -8 -2 -13
right_child=3 2 4 12 5 11 14 -9 19 -11 -12 29 -14 17 -16 20 26 -19 -20 -21 -22 -23 -24 24 -26 -27 -28 -29 -30 -31
leaf_value=0.015979339870625369 0.0054615432845151225 -0.016377352391341752 0.0055454749156792424 0.011750914219528424 -0.028327155658642314 -0.0090185881316964204 -0.015489488246405121 0.0014101598539697025 -0.025439708157384784 0.017609364394903466 0.021376943896441916 -0.00017468571625821837 0.026024579748054791 -0.021477056154291584 -0.027945041444597481 0.0056327111545296168 -0.015234566652557747 -0.0045064374609482 -0.01444088049543093 -0.014601784505165064 0.016526759646611273 0.026870564564354927 0.028471181000404466 -0.028361645904866131 -0.045281887207327495 -0.0019293114948007767 0.001738899133182821 0.036198883758784071 0.020748724981461818 0.0089969251460594417
leaf_weight=17.173077914863825 2387.4203952550888 966.56058426946402 2144.436089515686 323.09972201287746 247.25767853111029 1748.1471288874745 483.61121194809675 1560.7659365348518 794.88989214599133 1421.5801876485348 446.63227073103189 1745.5952991768718 1105.9055687636137 220.02148490399122 767.73043031990528 636.18901972472668 700.77266955003142 1726.6190497353673 126.1362712085247 1045.0390002727509 1475.463536053896 765.68854802846909 103.40140857547522 290.57412950322032 506.87978571653366 2286.3640987500548 219.49123618006706 18.515298034995794 212.40407933294773 768.69947252422571
leaf_count=270 11931 13441 15362 1353 4742 17284 8292 8487 13526 6014 2077 11479 4758 3762 15305 2650 9191 19157 850 14337 6137 3282 523 4849 13888 21384 1885 235 1047 4746
internal_value=-0.000202233 -0.0082753 -0.0054253 0.0127639 -0.00160861 -0.00399987 -0.0283975 0.00851451 -0.0134264 0.010928 0.00793428 -0.00207151 0.0188373 -0.00972676 -0.0222662 0.0163538 -0.0148163 -0.00642456 0.00573178 -0.019284 0.0132447 0.0223838 0.00660007 -0.0379551 -0.0391165 -0.00500108 -0.0111862 -0.0135835 0.0067105 0.00262937
internal_weight=27263.1 16801.8 14717.3 10461.3 9964.17 7716.33 2084.48 6154.94 4753.13 4594.17 3172.59 6548.81 4306.35 2913.2 1269.86 3200.44 1167.52 1946.64 2725.96 1839.93 2111.65 1088.79 2247.84 814.627 797.454 4034.51 920.264 502.127 2599.82 2514.29
internal_count=242244 193658 150819 48586 86596 70711 42839 30406 64223 21919 15905 54893 18180 36360 23832 13422 15818 22919 13828 27863 8787 4635 15885 19007 18737 38668 11076 8527 12978 16225
is_linear=0
shrinkage=0.05


Tree=36
num_leaves=31
num_cat=0
split_feature=21 0 12 9 6 21 13 16 22 21 11 8 3 14 18 5 11 15 11 14 14 12 21 11 15 11 10 18 22 1
split_gain=1044.8 357.266 196.295 118.093 57.2442 55.1645 54.9839 52.0442 43.7036 40.016 34.4506 33.2184 31.053 28.5508 28.4698 26.3061 22.9446 22.1884 20.6884 20.3386 19.8471 18.8307 18.7154 18.0168 17.6281 17.4253 17.3733 16.744 16.4475 16.0296
threshold=0.15581071341357858 5.5000000000000009 0.13833333333333411 2.5000000000000004 4.5000000000000009 0.093863570127960469 0.9033333333333341 0.44238063714123532 0.78060776571541057 0.48282597116494402 -0.10833333333333293 1.5000000000000002 40.985000000000007 -1.5183333333333333 0.74313798793778185 6.785000000000001 0.0016666666666664833 0.099203280644421563 -0.05666666666666708 6.0200000000000058 1.1049999999999989 -1.4899999999999998 0.5999266627083728 -0.066666666666665972 0.3294988146993571 -0.084999999999999507 2.5000000000000004 0.7990243841053889 0.50807349787288314 6.0250000000000012
decision_type=2 2 2 2 8 2 2 2 2 2 8 2 2 2 2 8 8 2 8 2 2 2 2 10 2 10 2 2 2 2
left_child=1 2 5 8 11 16 10 9 25 -5 -3 20 17 22 26 -8 -1 -7 -14 29 28 -11 -9 -22 -18 -2 -10 -15 -4 -13
right_child=3 6 4 7 -6 12 15 13 14 21 -12 19 18 27 -16 -17 24 -19 -20 -21 23 -23 -24 -25 -26 -27 -28 -29 -30 -31
leaf_value=-0.013577162986558334 0.02625517679357622 0.012196389494452925 -0.0038687808222918557 -0.012520144904672828 -0.0079348710825166598 -0.016857228201617749 -0.0052337006550227001 0.0019631344626836293 0.023719498475800641 -0.012277141470610944 -0.037893555387671675 -0.00021310663203788816 0.01970808081738748 0.012858280088465915 0.030603754086407194 -0.026700846555254332 -0.024987861050302856 -0.00840194758221211 -0.0035381754611408123 0.0057599242952894002 0.025425816010478348 0.006723974421527665 0.01371183529249463 0.0082407033955859601 0.048103805166606756 0.0069579589983141121 0.015763816055783742 0.036554441946438719 0.0067454537514348616 -0.0077476023051934687
leaf_weight=931.88382351398468 132.60727449506521 35.44826053455472 636.92624744400382 466.29805068671703 2032.5362589843571 1162.1650158949196 252.85126839578152 1226.2541258111596 1057.713906571269 147.11795602738857 1085.2673028707504 1748.8579026460648 110.62654730677605 2504.2504718676209 585.95892213284969 327.606730081141 1024.1071849390864 2334.5462756492198 709.87422935292125 795.48111879453063 181.43878074735403 1146.8331414014101 468.4633763730526 956.74109289050102 8.316151235252617 993.03051085025072 1953.8446650877595 76.836459904909134 854.79669909179211 1183.7214661538601
leaf_count=13279 616 531 4706 3991 18992 15495 4796 6139 4470 809 28360 14934 1003 11889 2569 6687 17812 27532 8626 6119 940 5326 1963 5979 123 5540 8249 327 5009 9433
internal_value=-0.000195856 -0.00814948 -0.00563453 0.0119078 -0.000630521 -0.0123186 -0.02984 0.0072741 0.0178296 3.80455e-05 -0.0363092 0.00170456 -0.009158 0.010253 0.02052 -0.0173496 -0.0192651 -0.0112121 -0.000403927 -0.00133093 0.00600757 0.00456361 0.00521078 0.0109802 -0.0243991 0.00923129 0.018558 0.0135637 0.00221346 -0.00325437
internal_weight=27132.4 16373.2 14672 10759.2 8390.5 6281.52 1701.17 6036.05 4723.16 1760.25 1120.72 6357.96 4317.21 4275.8 3597.52 580.458 1964.31 3496.71 820.501 3728.06 2629.9 1293.95 1694.72 1138.18 1032.42 1125.64 3011.56 2581.09 1491.72 2932.58
internal_count=242244 190356 149982 51888 66112 83870 40374 30444 21444 10126 28891 47120 52656 20318 15288 11483 31214 43027 9629 30486 16634 6135 8102 6919 17935 6156 12719 12216 9715 24367
is_linear=0
shrinkage=0.05


Tree=37
num_leaves=31
num_cat=0
split_feature=18 18 21 12 8 13 12 11 11 11 11 6 21 21 3 11 21 21 7 14 15 5 13 14 8 11 20 14 1 4
split_gain=962.061 260.903 256.739 99.2621 69.305 62.6015 60.1335 50.147 34.5521 30.457 30.4386 29.5059 29.5774 28.1331 25.539 24.872 24.7602 24.414 20.3091 19.7759 18.8258 19.1356 18.8031 18.1953 18.0399 17.8834 17.4708 17.1699 16.2295 16.1347
threshold=0.12648243947823487 0.41884841022157121 0.042949646542805565 -0.35666666666666597 1.5000000000000002 0.76083333333333336 0.67166666666666719 -0.044999999999999478 0.0066666666666663774 -0.031666666666666725 -0.10083333333333309 5.5000000000000009 0.11582099990689351 0.092007563611127524 36.705000000000005 0.051666666666667201 0.13387762266304434 0.58973142641247656 0.75000000000000011 -1.0000000180025095e-35 0.082505123658800875 6.9850000000000012 1.5666666666666673 -4.843333333333331 3.5000000000000004 -0.05666666666666708 8.5000000000000018 -3.3333333333333326 1.5550000000000004 31.525000000000002
decision_type=2 2 2 2 2 2 2 8 10 10 8 8 2 2 2 8 2 2 10 2 2 10 2 2 2 8 2 2 2 2
left_child=2 5 6 13 23 9 10 14 17 -2 26 12 -9 28 -5 19 27 24 -8 -7 -14 -22 -10 -3 -6 -15 -1 -11 -4 -16
right_child=1 4 3 7 8 15 18 11 22 16 -12 -13 20 25 29 -17 -18 -19 -20 -21 21 -23 -24 -25 -26 -27 -28 -29 -30 -31
leaf_value=0.044911864433472976 0.0037123050179458405 0.013770597154595447 0.0034801362476601285 -0.001092204815372371 0.01417908231087369 0.0033106300613026558 -0.016857066345429193 -0.0084006752221581736 0.0025996720399264449 -0.017950177931908198 -0.036017460741933231 -0.015527959073171125 -0.016770707055244884 0.0019350174598437642 0.0017699785108197632 -0.0075922642676419022 -0.0010045625344135445 0.01881598897458206 0.033123290182159523 0.010955300755855199 0.00024787264213788632 0.023950569646556688 0.016465873531182465 0.024111273428307926 0.0056848435369442575 -0.013774478899385238 -0.019955302121064125 -0.0064948492857780484 -0.024194213473239506 0.021390880202364553
leaf_weight=17.703643709421158 1231.5331225469708 568.52088183164597 56.251725252717733 684.68187076225877 1542.4954671561718 1638.9086178913713 546.3172050267458 2594.7373360395432 1362.6487610414624 479.20962848514318 1228.3434572182596 785.50959750264883 153.16762574017048 200.96967133879662 165.09057484194636 307.61514221131802 1463.7645164690912 1462.4007097184658 21.110412176698446 1748.5496146604419 1526.2959966547787 90.181278578937054 297.94237961620092 1689.8673037439585 1050.9367536082864 1837.9948612265289 25.09259345382452 1030.5895430669188 910.1401977725327 286.79281926900148
leaf_count=278 8754 2483 958 5053 6372 11426 9290 27282 5917 5536 32806 8923 1531 2088 1166 2572 10891 6054 288 11424 12633 796 1228 7446 4491 25264 404 11473 15358 2059
internal_value=-0.000189605 0.00771253 -0.0114602 -0.00808229 0.0140924 0.0012724 -0.0285317 -0.0045091 0.0111626 -0.00289982 -0.0345733 -0.00660702 -0.00500141 -0.0155565 0.00499676 0.00602051 -0.00563831 0.01365 -0.0149976 0.00725668 -1.72404e-05 0.00157022 0.00508754 0.0215081 0.010737 -0.0122261 0.00687849 -0.0101308 -0.0225833 0.0142226
internal_weight=27005.4 15875 11130.4 9291.81 7974.81 7900.17 1838.57 6286.46 5716.42 4205.1 1271.14 5149.89 4364.38 3005.36 1136.57 3695.07 2973.56 4055.83 567.428 3387.46 1769.64 1616.48 1660.59 2258.39 2593.43 2038.96 42.7962 1509.8 966.392 451.883
internal_count=242244 96067 146177 103111 33991 62076 43066 59443 24062 36654 33488 51165 42242 43668 8278 25422 27900 16917 9578 22850 14960 13429 7145 9929 10863 27352 682 17009 16316 3225
is_linear=0
shrinkage=0.05


Tree=38
num_leaves=31
num_cat=0
split_feature=18 21 18 12 8 12 12 11 11 14 11 6 11 21 16 3 12 16 9 7 12 15 3 14 5 22 12 2 19 3
split_gain=874.413 242.628 236.725 92.3581 64.8225 62.0585 58.5222 42.3487 32.7254 31.559 29.1408 29.0987 27.8466 25.9291 25.8483 23.5664 20.1305 19.5061 24.2608 18.3102 17.5739 17.51 17.4811 17.1214 16.2941 16.26 16.0862 15.8967 15.45 15.413
threshold=0.12648243947823487 0.042949646542805565 0.40888955913047415 -0.14333333333333328 1.5000000000000002 0.62500000000000056 0.67166666666666719 -0.044999999999999478 0.0083333333333333055 8.2316666666666656 -0.10083333333333309 1.5000000000000002 0.021666666666666948 0.11582099990689351 0.44238063714123532 36.705000000000005 2.287500000000001 0.60432237674392442 3.5000000000000004 0.75000000000000011 -1.0100000000000002 0.091333266738889488 40.865000000000002 -4.843333333333331 7.0050000000000008 0.55245164419385462 -1.5766666666666667 7.1950000000000012 0.21798819922612464 38.57500000000001
decision_type=2 2 2 2 2 2 2 8 8 2 8 10 10 2 2 2 2 2 2 10 2 2 2 2 10 2 2 2 2 2
left_child=1 6 5 8 23 9 10 15 20 12 -1 -6 17 29 26 -5 25 18 -2 -8 -3 -15 -10 -4 -23 -7 -13 -16 -12 -9
right_child=2 3 4 7 11 16 19 13 22 -11 28 14 -14 21 27 -17 -18 -19 -20 -21 -22 24 -24 -25 -26 -27 -28 -29 -30 -31
leaf_value=0.0064717250567192623 0.0064940407754916045 -0.016225007871892447 0.012994590251584517 -0.00061867592621222829 0.016031154429464192 0.0013288683257457238 -0.01625593370582238 -0.011012283297127928 -0.021272141542585759 0.0077144359098893587 -0.0407249615690983 -0.027939252285922728 -0.011833329460798299 -0.015863059249676719 0.0091066124991546205 0.014893372850403142 0.020972895163290733 -0.010021170463382481 -0.0042881050761109443 0.030588882594208579 -0.0063621558199020911 -0.00065552403675256268 -0.0070020159816030075 0.023018131971233063 0.02169421221161032 0.0084898543139827476 0.0018426706151647991 0.021473103969996944 -0.029296037227313609 -0.0022557935010591615
leaf_weight=43.059668585658073 892.80799602717161 674.47063372284174 569.82707157731056 616.75437540188432 1701.7345169559121 1493.6146944090724 538.39932165294886 2026.7966264486313 1399.6981509029865 602.86393534392118 634.60046580061316 48.41396763920784 983.77300859987736 181.14103562757373 3126.2271371781826 406.04353305697441 213.96886663883924 597.35168537870049 1255.201010748744 21.700597498565912 1367.151117913425 1549.8227879703045 253.47717034816742 1688.1921726837754 86.079881213605404 1689.248766168952 714.25005964934826 283.42808958888054 553.72196649760008 668.21830904483795
leaf_count=682 7209 9845 2498 4385 7124 10315 9290 21341 22530 5263 18886 259 10940 1743 12991 2749 1065 5573 10912 288 16674 12484 4013 7491 730 10024 3229 1174 13920 6617
internal_value=-0.000183528 -0.0110016 0.0073335 -0.00773311 0.0132885 0.00106777 -0.0278404 -0.00364656 -0.0138548 -0.00289964 -0.0339353 0.0105208 -0.00461554 -0.00572887 0.00827331 0.0055395 0.00612743 -0.00202912 0.000193434 -0.014441 -0.00962045 -0.00111278 -0.0190841 0.0204886 0.000520501 0.00512944 -4.7888e-05 0.0101346 -0.0353994 -0.00884115
internal_weight=26882 11021.1 15860.9 9229.65 8132.07 7728.83 1791.48 5534.86 3694.8 4332 1231.38 5874.05 3729.13 4512.06 4172.32 1022.8 3396.83 2745.36 2148.01 560.1 2041.62 1817.04 1653.18 2258.02 1635.9 3182.86 762.664 3409.66 1188.32 2695.01
internal_count=242244 146177 96067 103111 34766 61301 43066 50049 53062 39897 33488 24777 34634 42915 17653 7134 21404 23694 18121 9578 26519 14957 26543 9989 13214 20339 3488 14165 32806 27958
is_linear=0
shrinkage=0.05


Tree=39
num_leaves=31
num_cat=0
split_feature=18 0 18 12 8 12 9 11 11 7 1 14 18 21 9 8 11 3 13 11 13 7 3 3 5 15 12 14 22 3
split_gain=794.589 229.403 214.396 87.7226 59.7155 55.9063 54.1588 42.1731 33.7992 31.0863 29.9506 27.8185 31.773 26.2996 26.0546 22.4131 21.7834 19.7737 18.6039 18.1765 18.1059 18.5537 17.9816 16.9973 16.9413 16.8849 16.8505 18.7755 16.6297 16.1719
threshold=0.12648243947823487 5.5000000000000009 0.40888955913047415 -0.15333333333333285 1.5000000000000002 0.62500000000000056 1.5000000000000002 -0.044999999999999478 1.0000000180025095e-35 0.75000000000000011 6.0050000000000008 -1.4533333333333311 0.78518842010839396 0.11582099990689351 2.5000000000000004 4.5000000000000009 -0.031666666666666725 37.065000000000005 0.015833333333333147 0.03666666666666752 1.4066666666666672 -1.0000000180025095e-35 40.865000000000002 50.115000000000002 6.7550000000000008 0.091333266738889488 2.1108333333333342 -4.843333333333331 0.84906417426070713 38.57500000000001
decision_type=2 2 2 2 2 2 2 8 8 10 2 2 2 2 2 2 10 2 2 10 2 10 2 2 8 2 2 2 2 2
left_child=1 3 5 8 26 10 24 17 18 15 14 19 -13 29 23 -8 -16 -5 -1 28 -7 -22 -10 -2 -3 -15 27 -4 -6 -9
right_child=2 6 4 7 11 20 9 13 22 -11 -12 12 -14 25 16 -17 -18 -19 -20 -21 21 -23 -24 -25 -26 -27 -28 -29 -30 -31
leaf_value=-0.012029536947464458 0.006842020054215448 0.0065676403391123645 0.0099371882145763406 -5.811634207202853e-06 0.0045011553079618884 0.0019980503564458042 -0.028955549826762884 -0.011006224348211914 -0.020332087245582352 0.0019228070793936244 -0.010161249028404755 0.011968108175133454 0.038449525683326435 -0.015563179571512216 0.004472016264742586 -0.042936788730094946 -0.0056004282513594985 0.014164735241074818 -0.00095958449323628773 -0.0056873640010632271 0.0032528060309302978 0.013615911642406185 -0.0070349437889298096 0.050307756918556525 -0.018124374879235249 0.00049978825528720417 0.032877884877674471 0.020982685927642759 0.014079300797299049 -0.0022175672547932236
leaf_weight=1253.5507870204747 650.44218495115638 105.04488184116781 515.94176261126995 650.67405522614717 1447.0132735967636 1630.424198769033 669.6445618532598 2095.4792203903198 1608.0499931722879 60.12729873508215 1038.9299608469009 3350.2217392846942 117.23396742343903 181.65475740283728 755.53921837732196 501.18931362777948 1853.9042223766446 396.00998845696449 544.34833463281393 298.25102806836367 740.81473986059427 1035.7937118448317 301.99180092662573 23.297546479851007 205.09552244842052 1646.1551126725972 215.53707002103329 1512.8861748352647 659.80360469222069 697.70343754813075
leaf_count=16633 5434 1923 2267 4652 6129 10871 16926 22575 26348 1027 10405 14080 498 1775 5564 15770 18325 2683 6532 1318 4462 6071 4816 169 4139 13322 973 6749 2752 7056
internal_value=-0.000177552 -0.0105574 0.00697336 -0.00761878 0.0126487 0.00101335 -0.0284349 -0.00370687 -0.0135982 -0.0331398 -0.00276215 0.0099974 0.0128634 -0.00575957 -0.000420777 -0.0349404 -0.00268405 0.00535558 -0.0086779 0.00586534 0.0058029 0.00929468 -0.0182297 0.00834504 -0.00976116 -0.00109661 0.0195859 0.0181738 0.0075008 -0.00881092
internal_weight=26762.8 10916.7 15846 9375.62 8116.89 7729.15 1541.1 5667.68 3707.94 1230.96 4322.11 5872.52 3467.46 4620.99 3283.18 1170.83 2609.44 1046.68 1797.9 2405.07 3407.03 1776.61 1910.04 673.74 310.14 1827.81 2244.37 2028.83 2106.82 2793.18
internal_count=242244 146177 96067 106392 34766 61301 39785 52063 54329 33723 39897 24777 14578 44728 29492 32696 23889 7335 23165 10199 21404 10533 31164 5603 6062 15097 9989 9016 8881 29631
is_linear=0
shrinkage=0.05


Tree=40
num_leaves=31
num_cat=0
split_feature=19 19 21 18 12 9 11 14 11 9 11 11 12 12 7 1 21 12 21 15 22 8 10 21 3 9 5 8 14 14
split_gain=724.474 210.173 203.677 77.9029 72.1495 62.3494 50.1106 39.2895 38.0061 34.7263 32.1442 28.7462 25.2125 23.9999 26.2452 28.9415 24.1593 23.7058 20.1687 20.0962 18.7628 22.6422 18.4 18.1669 17.4273 16.5728 16.7008 16.4504 15.9806 15.8761
threshold=0.56086444021129722 0.25920659689050246 0.50898107985542818 0.056986629069582802 0.97333333333333416 2.5000000000000004 0.021833333333333375 8.2316666666666656 -0.068333333333332899 3.5000000000000004 -0.028166666666666892 0.021666666666666948 1.2333333333333341 1.6466666666666672 2.2500000000000004 6.245000000000001 0.071941698098827653 2.1108333333333342 0.12340189774701744 0.26490651355770428 0.34215666585515059 4.5000000000000009 5.5000000000000009 0.11338219749174237 38.475000000000009 2.5000000000000004 6.745000000000001 2.5000000000000004 -5.8699999999999983 11.467500000000003
decision_type=2 2 2 2 2 2 8 2 8 2 10 8 2 2 10 2 2 2 2 2 2 2 2 2 2 2 8 2 2 2
left_child=1 8 4 13 7 12 9 11 -1 24 -7 23 19 14 16 -16 -3 18 -6 -4 21 -10 -12 -2 -5 26 -8 -18 -13 -20
right_child=2 3 5 6 17 10 25 -9 20 -11 22 28 -14 -15 15 -17 27 -19 29 -21 -22 -23 -24 -25 -26 -27 -28 -29 -30 -31
leaf_value=-0.00071326328357430879 -0.0079065276767152342 -0.020531238493963933 0.012667226671680135 -8.4229948690925577e-05 0.00068404177232725947 0.014293486240714071 0.017439293650263799 0.0083430194655789956 -0.027100705364351094 -0.0062373612761788683 0.0069886065311203826 -0.02000105784546027 0.024354528001322911 0.0048407908915112157 0.10496473944959372 -0.037979740065394202 -0.0018713207422397895 0.018787010527075102 0.0081530033196160114 0.024608647593445256 -0.022430316053287935 -0.043431348363526003 -0.0043442432876793372 0.00052101081311973141 0.0092857152993367671 -0.014931027303700113 -0.0078493242150911077 -0.013992757650606544 -0.0070183867890251722 0.02802921385883252
leaf_weight=117.62020471319556 842.93895603343844 1266.1948869861662 1923.6017765700817 1728.25180567801 1107.6576892957091 1510.4302579164505 75.35298078879714 771.28151882439852 449.37051081843674 2047.5594743415713 2184.7632293850183 320.55358181148767 992.82450664043427 160.71604741737247 9.3530679792165738 5.6983526162803164 358.81892439350486 405.1594179905951 1355.6229721680284 431.32365898787975 477.27538044378161 402.24685087054968 428.3915179669857 2649.1803395859897 696.12823300622404 1152.1917410008609 488.7381184194237 1272.6692996025085 909.71735574305058 108.50667408108711
leaf_count=2075 8415 23195 8058 15458 7000 6405 768 6081 11759 23593 9507 3301 4460 1666 117 69 3060 1945 7199 1915 7979 13291 1888 19452 5782 16218 5202 16671 9178 537
internal_value=-0.000171638 -0.0102304 0.00658482 -0.00746208 0.00127705 0.0126025 -0.00423037 -0.00211986 -0.0279553 -0.00144297 0.00848697 -0.0038287 0.0176718 -0.0139689 -0.0150068 0.0508471 -0.0153489 0.00754571 0.00577475 0.0148544 -0.0303665 -0.0348142 0.00513074 -0.00151326 0.00260622 -0.0114932 -0.00447119 -0.0113268 -0.0104011 0.00962603
internal_weight=26650.1 10708.2 15942 9261.67 8470.62 7471.33 6188.22 5493.67 1446.51 4471.94 4123.59 4722.39 3347.75 3073.45 2912.73 15.0514 2897.68 2976.95 2571.79 2354.93 1328.89 851.617 2613.15 3492.12 2424.38 1716.28 564.091 1631.49 1230.27 1464.13
internal_count=242244 146903 95341 111799 63108 32233 67021 46427 35104 44833 17800 40346 14433 44778 43112 186 42926 16681 14736 9973 33029 25050 11395 27867 21240 22188 5970 19731 12479 7736
is_linear=0
shrinkage=0.05


Tree=41
num_leaves=31
num_cat=0
split_feature=21 18 8 9 11 12 11 16 9 14 22 21 14 18 11 18 14 7 1 9 17 14 11 22 22 5 6 21 12 11
split_gain=661.56 268.101 117.173 82.3715 50.3399 45.6809 42.6707 37.6581 35.304 32.1409 30.4414 24.9946 24.4625 24.1216 23.7837 22.6817 20.4126 28.2191 22.102 20.9161 19.3204 19.0018 27.1242 18.7159 17.7516 17.5056 17.061 23.3949 17.3262 16.9355
threshold=0.15581071341357858 0.020511597070535154 3.5000000000000004 2.5000000000000004 0.041666666666666526 -0.44500000000000001 0.0083333333333333055 0.3574032408423044 1.5000000000000002 -1.4533333333333311 0.78060776571541057 0.095665959836712541 -1.0000000180025095e-35 0.74313798793778185 -0.0081666666666668757 0.054818695199881119 -1.6516666666666653 2.7500000000000004 1.5550000000000004 3.5000000000000004 17.500000000000004 8.7266666666666666 -0.12500000000000042 0.36195847048457025 0.85931456936496875 6.8750000000000009 1.5000000000000002 0.050173360021634916 2.287500000000001 -0.10499999999999908
decision_type=2 2 2 2 8 2 8 2 2 2 2 2 2 2 8 2 2 10 2 2 2 2 10 2 2 10 10 2 2 8
left_child=1 5 4 10 8 23 16 -5 12 20 -2 -8 -3 -12 -7 -10 17 18 -4 -18 -9 26 -23 29 -22 -11 28 -28 -17 -1
right_child=3 2 6 7 -6 14 11 9 15 25 13 -13 -14 -15 -16 21 19 -19 -20 -21 24 22 -24 -25 -26 -27 27 -29 -30 -31
leaf_value=0.01333986171228084 0.0072848525718966391 0.00053816074381819875 0.043322738640898084 -0.0054440617358066032 -0.010415701710783612 -0.01025990576336816 -0.023350317256993419 -0.0099797570773301064 -0.0096877951083374145 0.012141819276729289 0.014919144978141029 -0.011897660203116979 0.010378027533668819 0.026177069349818366 -0.024837717323599399 0.0032059532729333297 0.0046176288086041527 0.097111914952362835 -0.013319919583789126 -0.0066631271688406104 0.0020353289930936545 0.1009820559506623 0.0070713176710220848 -0.022910921054174631 0.015613053207762202 0.0031828622223274263 -0.028184463840485643 -0.0026782813521128968 0.050092891195439963 -0.042265789029881179
leaf_weight=14.122772622853516 1126.4387441128492 1237.1481885947287 17.504164043813944 685.31952979043126 1167.6028045192361 492.95642798952758 689.26526118442416 279.96597487479448 751.81665022857487 2495.7057375200093 2968.7295186445117 1542.6264592707157 1290.4954646602273 566.61987306177616 647.03581593371928 945.15889799781144 586.90405039861798 5.9137748256325713 1068.3437569998205 1370.2710953429341 1576.3704869486392 7.7994937077164641 542.39654353633523 221.58807456865907 284.11224719882011 697.68732824549079 93.000819448381662 2698.4023586548865 20.12282158434391 449.98038409091532
leaf_count=225 6156 9151 275 4268 12099 9213 13353 1540 8095 12071 12719 22345 8825 2569 14613 6623 6554 76 13628 17582 7858 49 4172 4076 1210 3497 1608 22997 98 14699
internal_value=-0.000165905 -0.00664389 -0.00429927 0.00945344 -0.000750897 -0.0246679 -0.0101814 0.00558922 0.000736599 0.00700684 0.0144428 -0.0154345 0.00556193 0.0167235 -0.018534 -0.00167444 -0.00633592 -0.0118136 -0.0124068 -0.00328033 0.00226602 -0.000275616 0.00840258 -0.0348658 0.00410877 0.0101845 -0.00154661 -0.00352807 0.00418339 -0.0405737
internal_weight=26541.4 15860.5 14034.8 10680.9 8753.94 1825.68 5280.83 6019.16 7586.34 5333.84 4661.79 2231.89 2527.64 3535.35 1139.99 5058.7 3048.94 1091.76 1085.85 1957.18 2140.45 4306.88 550.196 685.691 1860.48 3193.39 3756.68 2791.4 965.282 464.103
internal_count=242244 190356 147530 51888 73717 42826 73813 30444 61618 26176 21444 35698 17976 15288 23826 43642 38115 13979 13903 24136 10608 35547 4221 19000 9068 15568 31326 24605 6721 14924
is_linear=0
shrinkage=0.05


Tree=42
num_leaves=31
num_cat=0
split_feature=18 21 18 12 12 9 1 11 11 14 11 21 2 11 10 14 12 1 7 15 11 18 13 10 21 22 13 12 14 9
split_gain=608.618 196.712 161.365 74.8089 50.2544 45.7526 45.3884 37.198 32.8928 31.6991 28.0881 25.8614 24.9513 21.4735 20.1236 19.7465 18.0909 21.2848 18.0475 17.8574 16.824 16.4691 16.4118 16.2173 16.1511 14.9353 14.9849 14.6341 16.3429 14.6311
threshold=0.12648243947823487 0.039122701478753075 0.45181038063338563 -0.55166666666666642 0.67166666666666719 1.5000000000000002 6.285000000000001 0.040000000000000487 -0.031666666666666725 -4.0150000000000015 -0.043333333333333439 0.12137337790480904 7.8850000000000007 -0.0066666666666663757 5.5000000000000009 8.3816666666666659 0.6600000000000007 6.245000000000001 1.0000000180025095e-35 0.082505123658800875 0.0066666666666672656 0.056986629069582802 1.7950000000000004 2.5000000000000004 0.55151967825932358 0.84244126896433358 0.34416666666666679 2.287500000000001 2.5700000000000025 3.5000000000000004
decision_type=2 2 2 2 2 2 2 8 10 2 8 2 2 8 2 2 2 2 10 2 8 2 2 2 2 2 2 2 2 2
left_child=1 4 5 13 10 -2 9 11 27 25 -1 12 21 -3 16 19 17 -10 -6 -13 24 -5 -11 -23 -8 26 -4 28 -7 -21
right_child=2 3 6 7 18 8 20 -9 14 22 -12 15 -14 -15 -16 -17 -18 -19 -20 29 -22 23 -24 -25 -26 -27 -28 -29 -30 -31
leaf_value=-0.013957414219000572 0.0079523259965025 -0.0086666129201717242 -0.0099219041237098501 -0.0096537793806553817 -0.015919578616486064 0.00030025268033744706 0.01203395054516985 -0.012420339938867703 -0.0020089277628864903 0.0094232640216331352 -0.035437397525680266 -0.015072846085057179 0.021398714350404569 -0.018566308899332907 -0.010969031429355772 0.01466759383781004 0.0036567458273109618 -0.014327903436015766 0.015126385583875255 0.0053368742060469019 0.0096734084962647356 0.0027326523920289166 0.018697685673153028 -0.006148381206118895 0.021736763922312136 0.009062592054848528 0.0036008865149566639 0.043952407412292005 0.0097795341890169925 -0.0048020017076491374
leaf_weight=183.52566279470921 1956.9543299898505 938.54224893637002 358.58922538161278 1421.7337366510183 463.90941610559821 1097.4040451347828 613.3062085211277 1085.4024882428348 2227.6875241603702 2920.5648673027754 891.44684788398445 171.53931999206543 88.53162931278348 1315.6224827170372 693.49826805107296 274.66917178407311 1110.5640096664429 416.13863392174244 52.064455591142178 1052.0186841338873 667.35939940810204 835.49435262009501 570.12197133898735 1335.9960044361651 1426.3408209681511 454.65147668123245 477.86554431170225 23.474449403584003 776.37411109730601 537.69029420614243
leaf_count=4336 12522 12876 1570 16613 8584 7399 2698 13233 20571 12271 28515 1714 775 22902 6259 2083 7530 4516 819 7856 2867 7680 2415 13237 6461 1908 2000 104 4976 4954
internal_value=-0.000160371 -0.00939852 0.00606914 -0.00655027 -0.0256136 0.00126866 0.011391 -0.00393457 -0.000792697 0.00846218 -0.0317702 -0.00232369 -0.00482426 -0.0144445 -0.00314388 0.00219835 -0.00169844 -0.00394794 -0.0127869 0.00025375 0.0165645 -0.00547035 0.010938 -0.00273135 0.0188192 0.00176838 -0.00219635 0.00471937 0.00422786 0.00190758
internal_weight=26439.1 10648.2 15790.9 9057.24 1590.95 8302.1 7488.8 6803.08 6345.14 4781.79 1074.97 5717.67 3681.76 2254.16 4447.89 2035.92 3754.39 2643.83 515.974 1761.25 2707.01 3593.22 3490.69 2171.49 2039.65 1291.11 836.455 1897.25 1873.78 1589.71
internal_count=242244 146177 96067 103923 42254 63877 32190 68145 51355 20164 32851 54912 38305 35778 38876 16607 32617 25087 9403 14524 12026 37530 14686 20917 9159 5478 3570 12479 12375 12810
is_linear=0
shrinkage=0.05


Tree=43
num_leaves=31
num_cat=0
split_feature=19 19 21 18 12 9 11 14 11 11 9 11 21 1 9 12 21 12 8 15 13 22 12 13 12 12 12 12 10 11
split_gain=554.825 180.714 155.095 65.6699 59.2831 48.0074 42.2175 35.8626 31.4106 27.6545 26.3993 25.3656 25.3603 24.6791 25.2364 22.8761 21.676 18.4811 17.6362 17.5403 17.4179 17.1741 22.4318 15.6711 15.2999 15.2637 15.1213 15.0197 14.7149 14.562
threshold=0.56086444021129722 0.2538107386413227 0.50898107985542818 0.056986629069582802 1.0683333333333329 2.5000000000000004 -0.033333333333332764 8.2316666666666656 -0.06666666666666686 -0.028166666666666892 3.5000000000000004 -0.043333333333333439 0.074329003528854673 6.2950000000000008 2.5000000000000004 1.2333333333333341 0.028688189199123325 2.0425000000000009 2.5000000000000004 0.26490651355770428 1.0683333333333334 0.36195847048457025 0.61249999999999993 1.2949999999999995 1.2116666666666676 -1.4899999999999998 0.36333333333333268 2.0425000000000009 5.5000000000000009 0.035000000000000593
decision_type=2 2 2 2 2 2 8 2 8 10 2 8 2 2 2 2 2 2 2 2 2 2 2 2 2 2 2 2 2 8
left_child=1 8 4 11 7 15 20 13 -1 26 16 27 24 14 23 19 -8 -6 -14 -4 -5 22 -10 -2 -13 -11 -7 -3 -27 -12
right_child=2 3 5 6 17 9 10 -9 21 25 29 12 18 -15 -16 -17 -18 -19 -20 -21 -22 -23 -24 -25 -26 28 -28 -29 -30 -31
leaf_value=-0.0014670505592517941 -0.0015765510713388478 -0.0041444519086889604 0.010765032032381005 -0.00048519321751955724 0.0053290315929399581 0.0089558462882457762 -0.028306567311615724 0.0079519915701170476 -0.037946384465319366 -0.017000903929441008 -0.0077114379454289788 -0.022507815963282489 0.00060666167625729754 -0.0091201494724481406 -0.0040995926267316206 0.021922586323819857 -0.001674922376815892 0.016199000723150832 -0.013098659568915094 0.022013663677470315 0.010479556760983232 -0.020206275421793894 -0.017746826967431299 0.0099833983243058852 -0.0074042176449018345 0.0066594164272913555 0.019331624717978751 0.043048983521303222 -0.0036470638074111552 -0.017041646312399249
leaf_weight=110.95640410482883 531.96603041142225 496.85907077603042 1914.2733833640814 1058.86190100573 2189.1312420703471 949.3060559630394 79.012304490432143 819.25005247443914 614.53318017162383 81.56541608273983 1571.1422132030129 1002.2923748679459 304.27046151831746 1345.9210305139422 2439.3058497905731 973.82131852209568 2315.5006888844073 476.06830021739006 1027.0390990488231 423.1711445748806 550.48908948712051 356.03809314407408 177.03766499459743 653.1211055777967 201.36048731207848 2118.0524123907089 557.28120477497578 17.451371964067221 414.0140567868948 569.88128295913339
leaf_count=2025 4169 5787 8058 9886 12319 3992 1629 6337 21161 447 20549 20661 2656 11236 21920 4460 22990 2294 14406 1915 3760 6199 3743 4833 2693 9136 2413 145 1812 8613
internal_value=-0.000154831 -0.00910115 0.00573161 -0.00666877 0.00109985 0.0110011 -0.00369205 -0.00174086 -0.0268704 0.00739848 -0.00616076 -0.0126675 -0.0147215 -0.00333851 -0.0011915 0.0154839 -0.00255369 0.00727067 -0.00996631 0.0128015 0.00326537 -0.0293265 -0.0334287 0.00479433 -0.0199811 0.00428843 0.0127938 -0.0025431 0.00497422 -0.0101949
internal_weight=26339 10452.7 15886.2 9194.16 8454.76 7431.48 6144.89 5789.56 1258.57 4120.22 4535.54 3049.27 2534.96 4970.31 3624.39 3311.27 2394.51 2665.2 1331.31 2337.44 1609.35 1147.61 791.571 1185.09 1203.65 2613.63 1506.59 514.31 2532.07 2141.02
internal_count=242244 146903 95341 113775 63108 32233 67427 48495 33128 17800 53781 46348 40416 42158 30922 14433 24619 14613 17062 9973 13646 31103 24904 9002 23354 11395 6405 5932 10948 29162
is_linear=0
shrinkage=0.05


Tree=44
num_leaves=31
num_cat=0
split_feature=21 19 21 12 1 9 11 11 11 14 18 11 13 1 10 18 16 14 12 12 13 11 21 11 3 12 22 7 1 10
split_gain=507.206 181.419 114.55 73.124 58.0531 48.2233 36.2559 34.988 29.2725 28.0984 26.7244 25.7714 25.7433 24.0595 23.4778 21.6046 21.3739 20.8882 20.3452 20.0512 18.426 19.3797 17.1706 16.6263 16.4778 16.3314 20.8089 16.1173 15.7853 15.6699
threshold=0.12801512903581058 0.25920659689050246 0.50898107985542818 0.069999999999999632 4.5950000000000006 2.5000000000000004 0.051666666666667201 -0.068333333333332899 0.018333333333333982 13.690000000000005 0.054818695199881119 -0.028166666666666892 1.4833333333333338 1.5550000000000004 2.5000000000000004 0.050995398310351069 0.35185348269401268 -1.7191666666666696 1.2333333333333341 1.6466666666666672 2.1058333333333343 -0.13666666666666624 0.11287980997201498 -0.083333333333332579 40.865000000000002 -0.44500000000000001 0.34215666585515059 1.0000000180025095e-35 3.0750000000000006 5.5000000000000009
decision_type=2 2 2 2 2 2 8 8 8 2 2 10 2 2 2 2 2 2 2 2 2 10 2 10 2 2 2 10 2 2
left_child=1 7 4 8 16 18 10 -1 13 12 19 -7 -6 29 20 -15 -2 27 -4 -5 21 -12 -19 -14 -10 26 -9 -17 -13 -3
right_child=2 3 5 6 9 11 -8 25 24 -11 14 28 23 15 -16 17 -18 22 -20 -21 -22 -23 -24 -25 -26 -27 -28 -29 -30 -31
leaf_value=0.0011839718278688952 -0.016182933583619028 0.015674585959188508 0.012356717542591208 -0.010130828494258844 0.00065826543113756998 0.011973217385827956 -0.014483373305155662 -0.042112229536027508 -0.019662883995070171 0.019195012566984544 0.066300774092266812 -0.022742932087906682 0.023697063098358593 -0.015967041607015186 -0.0023579049584714559 -0.015000094770752766 -0.0032067109345731582 -0.0060870999184734513 0.020976214511820707 0.0086231703678274676 0.01470146025964084 0.0017526054053234763 0.0068388918737686231 0.0065623803447958651 -0.0039653222614627363 -0.022095638363754007 -0.023424235742669247 0.020508357527766422 0.0044140812031949949 0.10077831421381966
leaf_weight=111.06950791552663 473.6725509762764 44.732688909396529 2344.4511660784483 1114.0612747464329 3684.6341882646084 1540.5231095999479 574.04640254564583 338.88869924470782 1101.0460236873478 280.92046282812953 11.726585082709787 54.618969261646271 156.72060576826334 737.02335414476693 2881.8078549522907 599.21930924989283 961.52402027323842 777.57888034172356 966.9648397564888 163.43433627486229 380.51034271344543 1388.3225949704647 383.6987488232553 1464.841401387006 197.10320620983839 568.85679718479514 265.78188092447817 33.757483217865229 2634.0619332194328 6.1528670042753211
leaf_count=2026 5544 729 10029 14451 27564 6581 6877 12931 19902 1804 72 309 741 12532 24025 8128 9708 10480 4462 1602 2421 11141 4393 8695 3463 14415 5160 444 11515 100
internal_value=-0.000149427 -0.00791173 0.00607559 -0.00572095 0.00148038 0.010355 -0.00248414 -0.0256383 -0.0111546 0.00378449 -0.0013245 0.00681683 0.00296863 -0.0080754 0.000431045 -0.0087597 -0.00748939 -0.00579916 0.0148737 -0.00773157 0.00494492 0.00229325 -0.00181621 0.00821841 -0.0172795 -0.0281769 -0.033898 -0.0131064 0.0038624 0.025965
internal_weight=26241.8 11678.8 14562.9 10394.2 7022.31 7540.62 6513.91 1284.6 3880.31 5587.12 5939.86 4229.2 5306.2 2582.16 4662.37 2531.28 1435.2 1794.25 3311.42 1277.5 1780.56 1400.05 1161.28 1621.56 1298.15 1173.53 604.671 632.977 2688.68 50.8856
internal_count=242244 155292 86952 120760 54056 32896 60589 34532 60171 38804 53712 18405 37000 36806 37659 35977 15252 23445 14491 16053 13634 11213 14873 9436 23365 32506 18091 8572 11824 829
is_linear=0
shrinkage=0.05


Tree=45
num_leaves=31
num_cat=0
split_feature=18 0 18 12 13 11 1 9 14 11 5 11 6 14 22 1 6 13 5 22 17 21 2 21 11 19 12 7 19 5
split_gain=464.626 167.862 122.107 59.9404 51.104 42.6854 40.6921 36.8923 31.9629 27.308 26.0895 25.5907 21.7479 20.9012 19.3973 18.8058 18.2138 18.1019 17.4086 17.2328 16.2912 15.7911 15.5945 15.5588 15.4854 15.4684 15.2102 15.0312 14.6338 14.6019
threshold=0.12648243947823487 5.5000000000000009 0.45181038063338563 -0.95499999999999929 1.3508333333333333 0.018333333333333094 6.7750000000000012 1.5000000000000002 -4.1708333333333316 0.048333333333334234 6.7550000000000008 -0.078333333333332686 1.5000000000000002 0.95749999999999968 0.4678702662448086 1.5550000000000004 1.5000000000000002 -0.32666666666666683 6.9750000000000005 0.8532699043462183 172.50000000000003 0.13607537210296777 7.3950000000000005 0.064751063793180533 -0.0081666666666668757 0.26501712196094723 2.0425000000000009 0.75000000000000011 0.61214050146283772 7.0050000000000008
decision_type=2 2 2 2 2 8 2 2 2 10 8 10 8 2 2 2 10 2 8 2 2 2 2 2 8 2 2 10 2 10
left_child=1 3 7 15 10 11 8 -2 19 16 -3 -5 20 23 -7 25 -9 -14 -8 -4 -10 27 -15 -13 26 -1 -6 -18 -24 -16
right_child=2 4 6 5 24 14 18 9 12 -11 -12 13 17 22 29 -17 21 -19 -20 -21 -22 -23 28 -25 -26 -27 -28 -29 -30 -31
leaf_value=-0.032357561768180949 0.007080006083349983 -0.018951224536582243 -0.00072010463121190116 0.0098950550023059192 -0.0034580948478217821 -0.015378744310791974 0.019545100421298207 0.0050213934890470874 0.016476044515874765 -0.010609923792027992 -0.03623362549404071 -0.014866489012017113 0.0012269655465854939 -0.00015881823475869341 -0.0077310937069319588 -0.017481891242440685 -0.0046947246924249932 0.010212191844472361 -0.0087537478208752316 0.010775321725638956 -0.011658762861036641 0.0017507930440927612 0.0073908693452559154 -0.0041482665595144403 -0.018512795632561637 0.018529147094424096 0.040542742888249668 0.056413361486725204 0.046731885795816878 0.0097164395990049293
leaf_weight=19.360162615776062 1969.7528159990907 323.81481255032122 1219.6772284731269 434.43514398485422 146.85027886368334 934.81517394632101 1173.1510035097599 1521.812845852226 1416.3969846516848 632.76578089036047 670.62442369200289 397.37309960648417 736.95110148191452 2108.3294972591102 1363.9575270190835 1203.5722185634077 2104.7781433034688 2341.641364172101 56.985660403966904 444.95833696424961 53.391736149787903 2056.4236218780279 81.986586928367615 2288.7551502399147 184.26241948641837 65.321911688894033 22.672849964350462 10.111523054540156 33.213593956083059 131.47646894305944
leaf_count=368 12522 9606 5233 3207 2938 14477 5386 9917 6101 6494 22427 5611 3197 20669 15802 20634 21269 9878 259 1898 238 13562 687 22079 4487 1128 327 113 224 1506
internal_value=-0.000144334 -0.00833902 0.00527625 -0.00589019 -0.0247998 -0.0042349 0.00992569 0.0011046 0.00828067 -0.000756025 -0.030606 -0.00173648 0.0104502 -0.0027657 -0.00972891 -0.0158795 0.000339192 0.00806132 0.0182342 0.00235263 0.015454 -0.00136901 0.000819978 -0.00573387 -0.00847919 0.00689534 0.00242679 -0.00440256 0.0187334 -0.00619713
internal_weight=26149.6 10410.8 15738.8 9062.6 1348.22 7774.34 7443.15 8295.64 6213.02 6325.89 994.439 5344.09 4548.38 4909.66 2430.25 1288.25 5693.13 3078.59 1230.14 1664.64 1469.79 4171.31 2223.53 2686.13 353.786 84.6821 169.523 2114.89 115.2 1495.43
internal_count=242244 146177 96067 106392 39785 84262 32190 63877 26545 51355 32033 52477 19414 49270 31785 22130 44861 13075 5645 7131 6339 34944 21580 27690 7752 1496 3265 21382 911 17308
is_linear=0
shrinkage=0.05


Tree=46
num_leaves=31
num_cat=0
split_feature=21 0 21 12 1 13 9 11 11 3 7 14 5 21 14 13 11 16 12 10 12 5 21 11 15 3 11 14 12 19
split_gain=423.149 161.598 94.8759 77.9891 49.8641 48.8897 42.3872 33.186 27.9678 26.9703 27.4755 24.7233 24.5793 23.6314 22.7724 22.2291 21.7649 19.229 18.579 18.5574 19.3566 17.3916 16.1037 15.2467 15.2374 14.9016 14.37 14.0714 13.5958 13.5722
threshold=0.12801512903581058 5.5000000000000009 0.50898107985542818 0.069999999999999632 4.5950000000000006 0.9033333333333341 2.5000000000000004 -0.048166666666666906 0.051666666666667201 39.235000000000007 2.2500000000000004 13.690000000000005 6.785000000000001 0.096907829540649679 -1.4533333333333311 1.4833333333333338 -0.066666666666665972 0.35185348269401268 1.2333333333333341 3.5000000000000004 1.7150000000000003 6.6350000000000007 0.064109294482673759 0.015000000000000126 0.26490651355770428 50.115000000000002 -0.083333333333332579 6.493333333333335 2.0425000000000009 0.70262924675672844
decision_type=2 2 2 2 2 2 2 8 8 2 10 2 8 2 2 2 10 2 2 2 2 10 2 8 2 2 10 2 2 2
left_child=1 3 4 9 17 7 18 -3 16 10 13 15 -7 23 29 28 25 -2 24 20 -18 -16 -21 -1 27 -5 -17 -4 -6 -8
right_child=2 5 6 8 11 12 14 -9 -10 -11 -12 -13 -14 -15 21 26 19 -19 -20 22 -22 -23 -24 -25 -26 -27 -28 -29 -30 -31
leaf_value=-0.013672706090174456 -0.015342925707851219 -0.0097818678045585028 0.007506437425036306 0.0070974408189796688 0.00019731458668804637 0.0011797993826564957 -0.0090291702819344632 -0.035448661874929739 -0.012643865387149816 -0.0034264362948242793 0.081702327361848737 0.017870134132543975 -0.021146083361327228 -0.0091755830010076932 0.025652049557658624 0.021945020998282518 -0.00048676733707260912 -0.0029516776023760533 0.019567833176362529 -0.015101018848233255 0.011658438178216447 0.008088319312990944 -0.0031839011345328877 -0.024512719790226182 0.019960227832356781 0.045820583819384933 0.0060423822558623077 0.019048007519845155 0.025891262757458497 0.0035158464845262737
leaf_weight=797.38023685663939 465.32025606930256 153.64122869260609 1602.2251250892878 514.2615754455328 3630.8911456689239 224.09985791146755 253.55365516245365 698.40069918334484 524.55812298879027 997.67612048238516 7.6543347835540763 283.33747936040163 274.02259578183293 1669.6677382141352 149.80362555384636 157.26164566725492 2386.9412265717983 957.00483253598213 955.35075908899307 330.35916881263256 380.33910953253508 2383.1237702220678 1997.7352142445743 546.8408735319972 416.43019725382328 26.105774611234665 1469.1046286299825 316.20648843050003 52.225805222988129 1440.3357436358929
leaf_count=13025 5544 3613 6769 3237 27323 4796 1248 25278 5794 14594 93 1804 6687 23105 639 741 20688 9708 4462 4104 2150 10332 16761 11214 1915 153 8695 1345 241 6186
internal_value=-0.000139247 -0.00729196 0.00553564 -0.00513615 0.00135361 -0.0235456 0.00943846 -0.0308204 -0.00160112 -0.0105543 -0.0129079 0.00347944 -0.0111019 -0.0131482 0.00612585 0.00271149 -0.000573297 -0.00700553 0.013694 -0.00158518 0.00118249 0.00912708 -0.00487495 -0.0180825 0.0112907 0.0089682 0.00758009 0.00940878 0.000561649 0.00163802
internal_weight=26061.9 11529.7 14532.2 10179.5 7015.15 1350.16 7517.03 852.042 6160.3 4019.22 3021.54 5592.82 498.122 3013.89 4226.82 5309.48 5635.74 1422.33 3290.21 5095.37 2767.28 2532.93 2328.09 1344.22 2334.86 540.367 1626.37 1918.43 3683.12 1693.89
internal_count=242244 155292 86952 114918 54056 40374 32896 28891 52887 62031 47437 38804 11483 47344 18405 37000 47093 15252 14491 43703 22838 10971 20865 24239 10029 3390 9436 8114 27564 7434
is_linear=0
shrinkage=0.05


Tree=47
num_leaves=31
num_cat=0
split_feature=18 0 21 13 9 1 12 14 7 6 16 11 14 21 5 5 1 13 12 12 14 12 11 5 21 3 1 10 15 5
split_gain=387.431 146.877 100.632 54.1524 48.1701 41.5155 40.777 29.1529 29.0714 24.4159 24.1083 23.8796 21.0393 20.3665 19.156 18.5673 18.5096 23.2023 17.8233 17.5799 17.5461 15.9662 15.9228 18.1663 15.6844 14.9684 18.0933 14.794 14.693 14.3356
threshold=0.12648243947823487 5.5000000000000009 0.49055042270775162 0.31333333333333374 1.5000000000000002 6.4450000000000012 0.63666666666666727 1.0000000180025095e-35 1.0000000180025095e-35 1.5000000000000002 0.35185348269401268 -0.009999999999999341 8.2316666666666656 0.12397869164038071 6.6250000000000009 7.035000000000001 6.3050000000000006 -0.27666666666666589 -0.44500000000000001 2.1108333333333342 -2.3408333333333338 -1.4533333333333327 -0.028333333333333762 6.9750000000000005 0.042949646542805565 40.750000000000007 1.5550000000000004 5.5000000000000009 0.04839816875921716 6.7550000000000008
decision_type=2 2 2 2 2 2 2 2 10 10 2 8 2 2 8 10 2 2 2 2 2 2 8 10 2 2 2 2 2 8
left_child=1 3 6 10 29 9 12 11 18 28 -1 -5 16 25 -10 21 17 -2 -6 20 -8 -11 23 -7 -13 26 -12 -23 -4 -3
right_child=2 4 5 7 8 22 19 -9 14 15 13 24 -14 -15 -16 -17 -18 -19 -20 -21 -22 27 -24 -25 -26 -27 -28 -29 -30 -31
leaf_value=-0.016556705636896523 -0.0083422331129162121 0.010074643408929331 -0.017518370914597566 0.000512660066078323 -0.040552120701584218 0.021812659625056022 -0.0014919158252981015 0.0024859171442291311 0.03899801670383244 -0.012412745679518236 0.076158430105326358 -0.045261654538922107 0.0060776205891451439 -0.0019297255621251324 -0.014405896214507916 -0.016715780695917223 -0.011544449279405056 0.001179673407925518 -0.026032889178155057 0.014563954458401925 0.0060178383417007 0.0070577897521421663 0.011435048055320246 -0.032725385050663608 -0.0088527584153447591 -0.0020471047856277036 -0.012417094645753184 -0.0011843399002887797 0.012471900199897006 -0.013523449478657799
leaf_weight=929.6319680698216 1024.1594342328608 99.408211393281817 41.857248961925507 984.11805887892842 344.184007326141 756.32110591232777 1210.8761937618256 2218.228294018656 20.417781187221408 124.81771260499954 5.7833931148052207 30.226085688918829 576.52010947465897 1115.7757585719228 94.556696435436606 98.917166665196419 693.02833868190646 1704.5866938829422 547.74959471821785 388.32847146317363 2174.7349822595716 3412.3102568238974 1154.3321520239115 15.583523735404013 1383.116988312453 457.43454784527421 1855.9958440177143 647.79125572741032 1681.0902571827173 182.52820085920393
leaf_count=15905 10989 1923 197 8239 14203 3612 7835 20729 335 704 97 538 5104 12201 2580 440 6835 15652 16605 1877 13014 14578 5174 73 15690 6154 26839 2807 7176 4139
internal_value=-0.000134358 -0.00768614 0.00480351 -0.0054208 -0.0234704 0.0087651 0.000759961 -0.00164518 -0.0285853 0.00671682 -0.0094136 -0.00546744 -0.0027586 -0.00748042 -0.00492214 0.00469517 -0.00424737 -0.00239411 -0.0316356 0.00448769 0.00333195 0.00520126 0.0151525 0.0207116 -0.00963141 -0.0101509 -0.0121419 0.00574275 0.0117433 -0.00520298
internal_weight=25974.4 10269.2 15705.3 8980.31 1288.84 7933.02 7772.23 4615.69 1006.91 6006.78 4364.62 2397.46 3998.29 3434.99 114.974 4283.84 3421.77 2728.75 891.934 3773.94 3385.61 4184.92 1926.24 771.905 1413.34 2319.21 1861.78 4060.1 1722.95 281.936
internal_count=242244 146177 96067 106392 39785 34761 61306 45196 33723 25902 61196 24467 38580 45291 2915 18529 33476 26641 30808 22726 20849 18089 8859 3685 16228 33090 26936 17385 7373 6062
is_linear=0
shrinkage=0.05


Tree=48
num_leaves=31
num_cat=0
split_feature=19 19 21 11 12 21 8 9 1 12 11 3 11 1 21 3 9 13 12 7 1 15 11 12 22 21 9 14 14 12
split_gain=353.901 136.465 94.2191 51.93 46.0484 44.3345 37.1327 35.108 33.7764 28.899 27.5322 23.4564 22.5688 21.9234 20.4697 17.2307 16.688 20.9928 16.4062 17.9037 18.4156 16.3468 16.1038 15.9928 19.5535 15.4317 14.7385 14.6703 14.0903 13.6618
threshold=0.56086444021129722 0.2538107386413227 0.5162822464815825 -0.049999999999999371 0.86916666666666675 0.069687712119019432 1.5000000000000002 3.5000000000000004 6.2950000000000008 1.2116666666666676 -0.06666666666666686 40.750000000000007 -0.028166666666666892 1.5550000000000004 0.46653662263628487 38.57500000000001 1.5000000000000002 1.3316666666666677 2.1883333333333344 2.2500000000000004 6.8150000000000004 0.099203280644421563 0.048333333333333346 -0.44500000000000001 0.34215666585515059 0.12340189774701744 1.5000000000000002 11.467500000000003 5.7783333333333315 -0.51499999999999935
decision_type=2 2 2 8 2 2 2 2 2 2 8 2 10 2 2 2 2 2 2 10 2 2 8 2 2 2 2 2 2 2
left_child=1 10 4 18 8 9 22 15 11 13 29 16 -8 -5 -10 -7 17 -2 19 -3 -21 -9 -4 24 -12 -6 -11 -27 -15 -1
right_child=2 3 6 5 25 7 12 21 14 26 23 -13 -14 28 -16 -17 -18 -19 -20 20 -22 -23 -24 -25 -26 27 -28 -29 -30 -31
leaf_value=-0.01965666211890103 -0.01065381662754134 0.0016357213423333515 0.016234397583340842 0.022335388500745262 0.001631675082612416 -0.0031509748326225017 0.011060354474081623 -0.013718594569025539 -0.011478910727340412 0.0070309067232310106 -0.041157216936090785 0.008138081424269146 0.0043361940134097722 -0.020035646879954062 0.0077196849735570606 0.0058015813584150373 -0.0028764390157402196 0.015741468801954352 0.037301131693755422 0.050610520016996667 -0.056833141861174143 -0.0058185329727633277 -0.0064041822860958462 -0.019802292047628595 -0.021973210901901817 0.0071844992788233338 -0.013010538808745165 0.023463910458987901 -0.0078443645770033717 0.016210157860062049
leaf_weight=47.812085619196296 104.54573326557875 1336.4255672935396 1650.6246104240417 35.152281785383821 1454.3705563955009 2142.5939491316676 1946.596257686615 1049.0871341750026 1100.7396656218916 221.92483247816563 288.18192016705871 775.90308107808232 3476.5455622971058 1193.3204395622015 158.87957429885864 717.42804929986596 2811.7419662810862 269.5376201979816 34.883379615843296 31.867154199630022 4.5585862211883059 1742.2688693739474 82.479335486888885 488.91592700965703 246.39272557944059 1817.8668970689178 156.37318963930011 149.79219812899828 295.74563481099904 59.702652655541897
leaf_count=1008 814 12272 7783 662 9083 21228 8268 15527 10250 2661 12626 6174 14888 24693 670 6494 24820 1966 214 333 52 21906 364 13460 5017 9540 1990 721 5743 1017
internal_value=-0.000129581 -0.00744344 0.00454244 -0.00537798 0.00102912 -0.00702107 0.00878585 -0.00479856 -0.00192539 -0.013623 -0.0238093 0.00034219 0.00674978 -0.016693 -0.00905733 -0.000905253 -0.00155649 0.00836473 0.00343882 0.0025784 0.0371642 -0.00878765 0.015157 -0.0263378 -0.032315 0.00553713 -0.00125342 0.0084238 -0.0176143 0.000260089
internal_weight=25892.3 10092.6 15799.6 8961.63 8643.38 7553.89 7156.25 5651.38 5221.35 1902.52 1131.01 3961.73 5423.14 1524.22 1259.62 2860.02 3185.83 374.083 1407.73 1372.85 36.4257 2791.36 1733.1 1023.49 534.575 3422.03 378.298 1967.66 1489.07 107.515
internal_count=242244 146903 95341 113775 64038 100904 31303 65155 44694 35749 33128 33774 23156 31098 10920 27722 27600 2780 12871 12657 385 37433 8147 31103 17643 19344 4651 10261 30436 2025
is_linear=0
shrinkage=0.05


Tree=49
num_leaves=31
num_cat=0
split_feature=21 19 18 11 18 13 10 11 14 16 5 12 1 17 21 22 7 13 9 12 22 7 9 10 13 3 1 11 17 11
split_gain=323.876 135.142 72.1216 56.2985 40.1982 40.1457 29.62 26.7797 24.176 21.9163 21.7425 20.4467 19.928 19.8032 19.1916 17.8632 17.1121 16.1725 16.1572 16.1286 17.421 15.9146 15.0646 15.2673 14.9671 15.3887 13.898 17.8252 13.6993 13.3428
threshold=0.12801512903581058 0.2437094893514867 0.59671863747042098 0.030000000000000696 0.054818695199881119 0.059999999999999838 2.5000000000000004 -0.06666666666666686 -5.8699999999999983 0.35185348269401268 6.9850000000000012 1.6466666666666672 6.8750000000000009 172.50000000000003 0.030126031829840229 0.83903619976824528 1.0000000180025095e-35 0.8566666666666668 1.5000000000000002 -0.44500000000000001 0.34215666585515059 1.7500000000000002 2.5000000000000004 5.5000000000000009 1.6550000000000007 29.425000000000004 6.2550000000000008 -0.10083333333333309 8.5000000000000018 -0.044999999999999478
decision_type=2 2 2 8 2 2 2 8 2 2 8 2 2 2 2 2 10 2 2 2 2 10 2 2 2 2 2 8 2 10
left_child=1 7 5 4 11 9 17 -1 13 -2 12 21 24 29 -5 -10 22 -6 -16 20 -9 -3 -8 -24 25 -4 27 -23 -18 -7
right_child=2 3 10 14 6 8 16 19 15 -11 -12 -13 -14 -15 18 -17 28 -19 -20 -21 -22 26 23 -25 -26 -27 -28 -29 -30 -31
leaf_value=0.00085845018449872291 -0.0097640188394231067 -0.010774394010855504 0.00067929674130734897 -0.02929287934542979 -0.0002971729180257167 0.008574766328067137 -0.00089132099230266422 -0.040981580226706657 0.0052661815968304956 0.0002905785323941291 -0.0058037913270499453 0.0088413618037584182 0.018082107433289779 0.03925049623602575 -0.0015411146658791605 0.013256437380213731 0.059179142563139525 0.0078994974426143724 -0.012955121094746409 -0.019627067860029736 -0.021616747053752269 0.10860101091278272 -0.0050656422055955974 -0.015861395438649308 0.01496653058726536 0.0098622653687436956 -0.030703354683411045 -0.0019085572438863987 0.0071088040383757434 -0.0047312085713013818
leaf_weight=100.03316732309759 648.26777078211308 1889.516421308741 641.40109027922153 149.41901976056397 1307.759017797187 233.02865850180387 1615.9707411732525 274.8515584114939 4328.6531151123345 3305.3415084704757 196.52258408069611 150.58247050642967 836.84676705300808 29.538266330957413 386.30354129895568 834.30454161763191 13.562263384461401 1114.7575614079833 1570.6679631639272 454.16297660768032 201.12971955724061 8.1833049952983838 1475.9848945550621 420.86978780664504 864.05780611932278 1580.2078544646502 6.0402032546699038 6.5855695642530945 184.07167398929596 983.86962764710188
leaf_count=1919 5942 29833 2725 4395 14419 1257 13140 12537 27555 23860 846 1474 3956 175 3851 3534 138 8189 23810 12905 4255 89 17276 5129 3901 6752 75 91 1767 6449
internal_value=-0.000125071 -0.00645699 0.0048289 -0.00473007 -0.00285586 0.00260434 -0.000825735 -0.0237237 0.00504853 -0.00135806 0.0104256 -0.00889722 0.0112387 -0.00120129 -0.0120208 0.00655736 -0.00363341 0.00347465 -0.010702 -0.0263674 -0.0327988 -0.0102955 -0.0044388 -0.00746098 0.00938276 0.00721105 0.0331918 0.0593238 0.010682 -0.00218319
internal_weight=25812.5 11330.5 14482 10300.3 8193.88 10363 6132.98 1030.18 6409.39 3953.61 4119.04 2060.91 3922.51 1246.44 2106.39 5162.96 3710.46 2422.52 1956.97 930.144 475.981 1910.33 3512.83 1896.85 3085.67 2221.61 20.8091 14.7689 197.634 1216.9
internal_count=242244 155292 86952 123676 91620 68772 60058 31616 38970 29802 18180 31562 17334 7881 32056 31089 37450 22608 27661 29697 16792 30088 35545 22405 13378 9477 255 180 1905 7706
is_linear=0
shrinkage=0.05


Tree=50
num_leaves=31
num_cat=0
split_feature=18 0 18 12 8 11 11 5 9 1 11 11 22 1 14 20 3 2 13 13 5 11 5 12 16 12 1 14 7 21
split_gain=297.44 123.114 76.0324 46.0929 45.1726 34.1283 33.3188 29.1795 27.3567 25.3531 22.2071 19.3866 18.0237 17.2781 16.7938 18.3662 16.5155 15.9676 15.7642 15.6429 15.6368 15.5429 15.2743 14.9738 14.9212 14.5336 14.5094 16.5381 14.7831 13.5533
threshold=0.12648243947823487 5.5000000000000009 0.45181038063338563 -0.95499999999999929 4.5000000000000009 0.0054999999999996172 0.018333333333333094 6.785000000000001 1.5000000000000002 6.8550000000000013 0.048333333333334234 -0.078333333333332686 0.84244126896433358 1.5550000000000004 -4.338333333333332 41.500000000000007 28.275000000000002 7.3950000000000005 1.5666666666666673 0.9033333333333341 6.9850000000000012 -0.10499999999999908 7.0050000000000008 -0.8025000000000001 0.2844012843782619 2.1108333333333342 6.6750000000000007 -1.4533333333333311 1.2500000000000002 0.12137337790480904
decision_type=2 2 2 2 2 10 8 8 2 2 10 10 2 2 2 2 2 2 2 2 8 8 8 2 2 2 2 2 10 2
left_child=1 3 8 13 7 9 11 19 -2 12 25 -5 14 -1 -4 23 -8 29 24 -3 -19 -6 -11 -16 -7 26 27 28 -10 -13
right_child=2 4 5 6 21 18 16 -9 10 22 -12 17 -14 -15 15 -17 -18 20 -20 -21 -22 -23 -24 -25 -26 -27 -28 -29 -30 -31
leaf_value=0.0082723319625915108 0.0060247865816876285 -0.015585672602536758 -0.00058870381682322678 0.0089498953869760565 0.010660902865567368 -0.036772657095604691 -0.014803408660493192 -0.023676654755050677 -0.0030449658806056671 0.019403827094618086 -0.0096826969707332136 -0.0047345973048327069 0.012849629825869249 -0.015373019799155145 -0.0062233303934018935 -0.037486886525670414 -0.0055900986550076115 0.0080722452943476058 0.0099523131337562309 0.004825044790837168 0.085382763263175843 -0.038176788068794459 -0.036918731427928224 0.0099416703696649632 0.00060463298099543866 0.019338381678300865 -0.0065116831852694984 0.003254067872824075 0.069697048848930535 0.00093880163076328889
leaf_weight=82.862519782036543 1984.2203891593963 179.30380661971867 684.49083895236254 438.24901083856821 17.054527577012777 27.173602968454361 685.55139210820198 459.59351396560669 1840.3332000188529 744.96375872194767 621.25906967371702 2951.7407693862915 1612.8956509679556 1142.2700886689126 154.00040182471275 21.627804845571518 1674.4526618309319 250.50781901553273 527.35979840159416 197.02207344584167 6.7158606871962538 364.17002873308957 12.235185489058493 2053.845688842237 1535.341128282249 98.244338061660528 753.94568555988371 2975.5244366005063 7.0111223049461833 1636.2004527114332
leaf_count=1496 12522 5403 2938 3207 284 146 9380 13620 15298 3580 6494 33017 6979 20634 692 99 22405 2045 2283 4211 51 16267 57 8804 6612 470 6004 23020 69 14157
internal_value=-0.00012051 -0.00681673 0.00419366 -0.00477022 -0.0217284 0.00788624 -0.00332708 -0.0152234 0.000905368 0.0100255 -0.000707965 -0.00112075 0.00860898 -0.0137738 0.00626176 0.00836498 -0.00826645 -0.00203165 0.00247743 -0.00489982 0.0100907 -0.035992 0.0184937 0.00881414 -4.53933e-05 0.000274516 -6.13243e-05 0.000947042 -0.00276889 -0.00271129
internal_weight=25740.2 10085.7 15654.5 8868.55 1217.14 7373.93 7643.42 835.919 8280.54 5284.06 6296.32 5283.41 4526.86 1225.13 2913.96 2229.47 2360 4845.16 2089.87 376.326 257.224 381.225 757.199 2207.85 1562.51 5675.06 5576.81 4822.87 1847.34 4587.94
internal_count=242244 146177 96067 106392 39785 32190 84262 23234 63877 23149 51355 52477 19512 22130 12533 9595 31785 49270 9041 9614 2096 16551 3637 9496 6758 44861 44391 38387 15367 47174
is_linear=0
shrinkage=0.05


Tree=51
num_leaves=31
num_cat=0
split_feature=19 18 21 11 9 8 11 13 21 12 14 3 2 8 11 5 10 12 11 22 11 12 22 5 1 18 12 13 3 12
split_gain=272.235 106.132 82.607 41.9626 38.2931 37.5772 31.9473 30.7478 23.7567 22.5062 21.9716 20.9152 20.5783 19.0892 17.9446 16.7974 16.3159 15.6466 15.3892 17.2671 13.8129 13.7705 13.1924 16.877 12.8717 12.8358 12.6474 12.6255 13.4147 13.4281
threshold=0.5442521307355177 0.020511597070535154 0.5162822464815825 -0.049999999999999371 1.5000000000000002 4.5000000000000009 -0.028166666666666892 0.34416666666666679 0.062543399200735095 0.36333333333333268 -1.5183333333333333 38.065000000000005 5.535000000000001 4.5000000000000009 -0.011666666666666268 6.9750000000000005 1.5000000000000002 2.6358333333333337 -0.10499999999999908 0.32667586892521261 0.080000000000000529 1.0200000000000002 0.84613323428584841 6.9750000000000005 1.5550000000000004 0.030637645160605482 2.0425000000000009 2.6941666666666682 33.395000000000003 1.2916666666666676
decision_type=2 2 2 8 2 2 10 2 2 2 2 2 2 2 8 8 2 2 8 2 8 2 2 10 2 2 2 2 2 2
left_child=1 5 4 17 16 14 9 8 24 -4 21 20 -8 -10 26 -11 -2 -3 -7 -20 25 -6 -14 -24 -5 -9 -1 -18 -29 -30
right_child=2 3 6 7 10 18 12 11 13 15 -12 -13 22 -15 -16 -17 27 -19 19 -21 -22 -23 23 -25 -26 -27 -28 28 29 -31
leaf_value=-0.0069122091058649738 0.013792051848027129 0.0034498988059231054 0.0069481735413981019 0.014579438623446557 -0.006723688716223925 0.01619973878458884 0.0018343111432019893 -0.017960328378281324 -0.0034854463193525194 0.016918331413981243 0.00094431030329371064 0.0040451625522640519 0.0052110323986151782 -0.011786239957636791 -0.019051446289349086 -0.022737251677982691 0.001553703262103997 0.081155238117236989 -0.038814274003504366 -0.020824519770371246 -0.023152234645118824 0.001840645738653942 0.015546466348097572 -0.004562938509317928 -0.021622367511705331 -0.0032580033142582719 0.036747340376453962 0.0040892598619566376 0.0041783637176669572 0.0301902806581484
leaf_weight=372.54292093403637 511.04355132207274 1192.6330590136349 1190.1822948902845 25.899405602365732 2119.3623456079513 17.815948370844126 2286.9257853329182 160.72871713154018 1306.2496914826334 1449.6920506507158 4183.3695261143148 832.5552269462496 1239.4516616165638 1474.3432442359626 538.69230586849153 27.204863548278809 1560.0765067655593 6.5136198848485938 308.1017835997045 235.2168869972229 102.78767192363739 602.8658415786922 834.73360653221607 119.2411902397871 472.49355118535459 1943.825482616201 17.360571727156639 325.57464875653386 80.115628819912672 130.32110663875937
leaf_count=7838 2950 10857 5005 523 19731 286 10026 2208 15462 6753 33196 8807 5370 23974 14505 124 9979 39 14498 5015 1447 3643 3643 515 10605 21977 230 1878 513 647
internal_value=-0.000116041 -0.00711894 0.00367026 -0.00470299 0.000618425 -0.0193112 0.00773204 -0.00633029 -0.00968856 0.0120647 -0.00133079 -0.00270788 0.0051529 -0.00788674 -0.0131381 0.0161879 0.00578136 0.00387198 -0.0295266 -0.031026 -0.00525496 -0.00482703 0.00861296 0.0130329 -0.0197411 -0.00438085 -0.00496825 0.00382829 0.0104486 0.0202873
internal_weight=25667.9 9007.76 16660.2 7518.03 9512.73 1489.73 7147.43 6318.88 3278.99 2667.08 6905.6 3039.9 4480.35 2780.59 928.596 1476.9 2607.13 1199.15 561.135 543.319 2207.34 2722.23 2193.43 953.975 498.393 2104.55 389.903 2096.09 536.011 210.437
internal_count=242244 138271 103973 95899 72537 42372 31436 85003 50564 11882 56570 34439 19554 39436 22573 6877 15967 10896 19799 19513 25632 23374 9528 4158 11128 24185 8068 13017 3038 1160
is_linear=0
shrinkage=0.05


Tree=52
num_leaves=31
num_cat=0
split_feature=21 19 18 11 21 8 13 7 14 11 5 16 17 11 12 1 3 13 13 21 18 14 22 13 12 13 7 21 10 19
split_gain=250.965 112.531 54.9023 51.4682 39.8554 35.6194 32.7279 24.3484 20.145 19.6775 19.0613 18.4522 17.5868 17.1902 15.7543 15.7409 18.5449 15.5672 15.398 16.5892 14.7511 14.0086 13.918 13.6756 13.0829 12.9395 17.9593 16.8615 12.6512 16.5052
threshold=0.12801512903581058 0.2361421748319876 0.59671863747042098 -0.028333333333332874 0.030126031829840229 4.5000000000000009 0.059999999999999838 0.75000000000000011 -5.8699999999999983 -0.03666666666666573 7.0050000000000008 0.35185348269401268 172.50000000000003 0.041666666666666526 2.4250000000000007 1.5550000000000004 31.830000000000002 -4.6191666666666658 1.5050000000000003 0.048869225143787866 0.7990243841053889 0.88333333333333475 0.83903619976824528 0.030000000000000696 1.2716666666666669 1.1008333333333333 2.7500000000000004 0.072875601261307571 5.5000000000000009 0.42949051369693375
decision_type=2 2 2 8 2 2 2 10 2 8 10 2 2 8 2 2 2 2 2 2 2 2 2 2 2 2 10 2 2 2
left_child=1 7 6 14 -5 13 11 18 12 10 -4 -2 -8 24 21 17 -17 -7 19 -1 -11 25 -10 -18 -6 26 -3 -28 -19 -30
right_child=2 3 9 4 5 15 8 -9 22 20 -12 -13 -14 -15 -16 16 23 28 -20 -21 -22 -23 -24 -25 -26 -27 27 -29 29 -31
leaf_value=-0.032429327258553992 -0.0090495276951856867 -0.0073804828937116445 0.014635036336868204 -0.020913435114773341 -0.003703895789363728 0.12236262493217476 -0.0021414941665925517 0.016109118166629809 0.0047466184084346023 0.0056340713007553478 -0.044484539336159812 0.00022544393657134509 0.03669551201616416 -0.0095308380974621267 0.026676698716567304 -0.019363718163072384 -0.012387339163968825 -0.0022883788295165763 -0.0081135075558432038 -0.016398808621347395 0.019571183842375467 0.0041116316769366926 0.011808131120418121 0.00087307347980292616 0.0029078238391660642 0.0031674048607051859 0.012942210162600797 0.12227757483112543 0.0048754800767967397 0.15606595123250383
leaf_weight=495.97010032273829 640.33363646268845 902.28535367175937 1354.4649462550879 453.0261838119477 3184.5137255098671 3.132390394806861 1212.6088228784502 38.62653829343617 4336.6961207203567 2511.8416826725006 13.772859364747999 3298.8628128170967 29.867811627686024 973.50494009815156 59.475936830043793 657.29485764168203 641.49767431989312 45.25784108787775 123.21029613167048 239.23340490832925 205.37643520534039 1493.0931404326111 831.59068763256073 278.99559863656759 977.96538872271776 571.69471256434917 12.419847376644613 4.9244191944599143 4.3126334995031348 3.1046751700341702
leaf_count=21062 5942 9908 6257 13244 36076 56 7706 713 27555 10914 61 23860 175 12321 322 12103 11543 838 3046 4855 948 13592 3534 4538 6427 4324 150 38 81 55
internal_value=-0.000111726 -0.00574135 0.00424191 -0.00425746 -0.0065557 -0.00559487 0.00230459 -0.0227242 0.00450857 0.00914985 0.0140399 -0.00128224 -0.00120789 -0.0035494 0.00119585 -0.0120258 -0.0129488 0.0140712 -0.0244716 -0.027213 0.00668748 0.000688048 0.00588283 -0.00836819 -0.00215049 -0.0027396 -0.00641173 0.0439849 0.00763155 0.0681595
internal_weight=25599 11163.5 14435.4 10266.5 7222.61 6769.58 10350 897.04 6410.76 4085.46 1368.24 3939.2 1242.48 5135.98 3043.89 1633.6 1577.79 55.8075 858.414 735.204 2717.22 2984.42 5168.29 920.493 4162.48 1491.32 919.63 17.3443 52.6751 7.41731
internal_count=242244 155292 86952 125616 97282 84038 68772 29676 38970 18180 6318 29802 7881 54824 28334 29214 28184 1030 28963 25917 11862 28012 31089 16081 42503 14420 10096 188 974 136
is_linear=0
shrinkage=0.05


Tree=53
num_leaves=31
num_cat=0
split_feature=18 21 21 9 9 1 8 7 6 14 3 11 11 14 1 1 5 11 12 22 19 7 12 1 12 13 12 17 11 2
split_gain=229.973 86.8885 76.4754 39.4293 37.4656 31.5897 30.7701 29.7485 27.5067 23.0773 21.882 20.4739 19.1587 18.281 18.0656 25.5536 18.0103 17.7488 16.2559 16.0953 16.0186 14.304 14.2857 27.5346 14.0268 12.849 12.6535 12.3819 12.3517 12.4781
threshold=0.097025840069557792 0.042949646542805565 0.47496843075909795 1.5000000000000002 3.5000000000000004 6.9350000000000014 1.5000000000000002 1.0000000180025095e-35 1.5000000000000002 -3.4066666666666676 32.805000000000007 -0.05000000000000026 -0.10499999999999908 8.3816666666666659 4.2950000000000008 6.245000000000001 6.6350000000000007 -0.0016666666666664829 0.36333333333333268 0.25905763288749006 0.17943641980165195 1.2500000000000002 1.5275000000000001 6.7950000000000008 1.5833333333333335 -4.7558333333333325 0.040000000000000265 172.50000000000003 0.040000000000000487 8.1150000000000002
decision_type=2 2 2 2 2 2 2 10 10 2 2 8 8 2 2 2 8 8 2 2 2 8 2 2 2 2 2 2 8 2
left_child=1 3 6 -1 10 8 22 17 18 12 28 -6 -8 -13 25 -16 19 20 -4 21 -5 -9 23 -2 -15 -11 -10 -20 29 -3
right_child=2 4 5 7 11 -7 9 16 26 14 -12 13 -14 24 15 -17 -18 -19 27 -21 -22 -23 -24 -25 -26 -27 -28 -29 -30 -31
leaf_value=-0.0027799609024837953 0.0057887774473961533 -0.0041789291113423933 0.0058843196988775121 -0.034545362094952348 0.0012016827177071903 0.016013819310503764 0.028104121491945883 0.11377673479280524 0.00059665520665519282 0.06543277386908268 0.0024827759492259604 -0.012088740742343828 -0.0072712790993042639 -0.00085571704371856607 0.0033799220084912238 -0.0056206974820768411 -0.0096284624703036337 -0.033346554984948144 0.015683679702211042 0.12594299285394853 -0.012691697161945842 -0.0011274259565571248 0.0081286514663515951 -0.0082657944091807031 0.097230421808637724 -0.009341560966473322 0.0055825555218278148 -0.0093218569726294803 -0.015184613436613687 0.034644938916085576
leaf_weight=284.56048468127847 1033.6505940146744 1253.673245260492 1078.4393829405308 118.99026157148182 434.11320793628693 795.25457435846329 39.073434300720692 3.3093146868050107 2122.0233419835567 5.8065395560115567 1801.2452384904027 2343.8160193096846 1870.4082475155592 345.11558783985674 3104.7294996101409 1057.0734954215586 85.263305172324181 484.60642408020794 1054.8063637465239 4.435144839808344 283.95585209690034 14.917741637676958 1313.1025291532278 525.72877158410847 3.6837987825274459 543.76336115039885 3178.6728605777025 51.943504512310028 277.14457185007632 21.043568290770054
leaf_count=6229 6837 12844 4563 5156 4610 3841 265 89 9607 86 17948 37114 19586 5098 28423 9234 2523 19470 4829 81 8262 197 6950 3773 22 6919 13557 244 3702 185
internal_value=-0.000107705 -0.00728924 0.00302757 -0.0191933 -0.0049377 0.0065391 -3.55811e-05 -0.0238851 0.00553257 -0.00191056 -0.00126635 -0.00887485 -0.0065474 -0.0104994 -3.12876e-05 0.00109382 0.000901782 -0.0268991 0.0102531 0.0405203 -0.0191451 0.0197346 0.00428611 0.00105042 0.000180207 -0.00855152 0.00358655 0.0145101 -0.00561796 -0.00353801
internal_weight=25534.4 7759.87 17774.5 1280.04 6479.84 8281.14 9493.34 995.478 7485.89 6620.85 3353.11 3126.73 1909.48 2692.62 4711.37 4161.8 107.926 887.553 2185.19 22.6622 402.946 18.2271 2872.48 1559.38 348.799 549.57 5300.7 1106.75 1551.86 1274.72
internal_count=242244 123530 118714 42007 81523 36641 82073 35778 32800 64513 34679 46844 19851 42234 44662 37657 2890 32888 9636 367 13418 286 17560 10610 5120 7005 23164 5073 16731 13029
is_linear=0
shrinkage=0.05


Tree=54
num_leaves=31
num_cat=0
split_feature=21 21 19 15 11 9 1 6 18 7 11 13 7 2 2 11 12 22 3 21 14 12 12 3 14 18 11 12 12 4
split_gain=210.844 102.464 61.8908 51.8346 30.7404 28.9484 28.8841 24.9486 22.5348 20.0789 19.6473 16.4357 21.8493 16.4177 15.786 15.5534 15.3227 17.5154 15.299 15.773 16.5406 14.8788 14.291 13.9547 13.7527 13.5699 13.88 12.969 12.8705 12.6727
threshold=0.083411417677901126 0.47496843075909795 0.21524076773614079 0.099203280644421563 -0.041666666666666512 1.5000000000000002 6.9350000000000014 1.5000000000000002 0.056986629069582802 0.75000000000000011 0.056666666666667094 0.38833333333333414 0.75000000000000011 6.2250000000000005 6.8450000000000006 0.0054999999999996172 -0.51499999999999935 0.25905763288749006 39.685000000000009 0.030126031829840229 8.9150000000000027 0.36333333333333268 -0.1333333333333335 36.215000000000011 14.165000000000003 0.034722841432605143 0.017333333333333204 -2.839166666666666 -3.5749999999999993 32.945000000000007
decision_type=2 2 2 2 8 2 2 10 2 10 8 2 10 2 2 8 2 2 2 2 2 2 2 2 2 2 10 2 2 2
left_child=2 3 9 15 -4 23 7 21 11 22 14 -6 -13 -14 24 -2 -11 -18 19 20 -10 -3 -1 -5 -7 -26 -27 -20 -21 -25
right_child=1 6 4 5 8 10 -8 -9 18 16 -12 12 13 -15 -16 -17 17 -19 27 28 -22 -23 -24 29 25 26 -28 -29 -30 -31
leaf_value=-0.033582810089020934 -0.0044138929268404698 0.0055889423730946996 0.001518646711952845 0.0020872356736879164 -0.020370351556126952 -0.00025768311053723955 0.015313066243753169 0.0034087583404048822 -0.029099366419423497 -0.028737222445832947 -0.0091623771407352613 -0.010314150772292828 0.0010129006038299352 0.17198211902542956 -0.008998757907018087 -0.013364302493349828 0.014376938237609086 0.12685051173664183 0.073054433939201704 0.077005120159424192 0.11195134450832211 0.013850235162235491 -0.017330362462481718 0.0035118708914653688 -0.03036631569625256 0.0076455539159856539 0.03519931415558538 0.0028404223662660379 -0.006812065256431377 0.01441144102258813
leaf_weight=358.72008747048676 1101.3264547809958 1078.6576501280069 675.4719269182533 1835.4226419404149 681.62800997495651 6776.3511275164783 790.19651447236538 5298.4179799333215 108.39311558194458 12.181743299588563 686.97993689030409 715.94713786058128 2.7391134072095147 2.8811129052191973 491.95618274062872 867.86095405369997 13.1383463293314 4.699629344046115 6.7334773316979399 4.6034197993576518 2.1190943717956534 1101.6554143428802 217.1291349157691 504.70754897221923 20.176789339631796 304.90696553140879 53.764937661588192 282.22041416540742 901.33566837385297 565.45691430941224
leaf_count=15736 12915 4563 8574 12197 17444 62182 3841 23164 2754 257 8080 14026 51 56 4242 13631 212 86 122 81 46 5073 6690 3067 208 2346 560 3980 12663 3397
internal_value=-0.000103834 0.00185701 -0.010659 -0.000875436 -0.00802411 0.000435592 0.00622186 0.00526129 -0.0104039 -0.0253764 -0.00106268 -0.0148027 -0.00954327 0.0886573 -0.000335049 -0.00835852 0.0144895 0.0440095 -0.00567553 -0.00856156 -0.0263947 0.00976316 -0.0274547 0.00473311 0.000260625 0.00953145 0.0117759 0.00447662 -0.00638616 0.00927102
internal_weight=25467.8 21477.8 3989.94 13208.9 3384.07 11239.7 8268.93 7478.73 2708.6 605.869 8334.14 1403.2 721.567 5.62023 7647.16 1969.19 30.0197 17.838 1305.41 1016.45 110.512 2180.31 575.849 2905.59 7155.2 378.849 358.672 288.954 905.939 1070.16
internal_count=242244 159466 82778 122825 59797 96279 36641 32800 51223 22981 77618 31577 14133 107 69538 26546 555 298 19646 15544 2800 9636 22426 18661 65296 3114 2906 4102 12744 6464
is_linear=0
shrinkage=0.05


Tree=55
num_leaves=31
num_cat=0
split_feature=21 19 9 11 21 11 8 22 12 7 5 14 15 12 21 11 21 1 3 7 22 3 12 4 14 17 12 12 12 2
split_gain=194.088 91.9394 46.4371 42.8071 32.6556 30.0673 29.9082 24.1716 21.8937 20.5247 16.5509 15.7654 17.0684 15.0406 19.687 14.6969 14.3744 14.1862 16.9077 14.1649 14.0478 13.775 13.5125 13.3076 13.0711 12.8875 12.8181 13.5554 12.6099 12.516
threshold=0.12801512903581058 0.2361421748319876 2.5000000000000004 -0.028333333333332874 0.030126031829840229 0.033333333333332778 4.5000000000000009 0.83511265994949324 -0.91833333333333245 0.75000000000000011 6.785000000000001 5.7783333333333315 0.2265209899244105 -0.1333333333333335 0.048869225143787866 0.051666666666667201 0.56987824954652599 1.5550000000000004 31.830000000000002 0.75000000000000011 0.86743379388989472 33.775000000000013 2.4250000000000007 26.685000000000006 8.06666666666667 25.500000000000004 -3.1508333333333325 1.2116666666666676 1.0683333333333329 8.1150000000000002
decision_type=2 2 2 8 2 10 2 2 2 10 8 2 2 2 2 8 2 2 2 10 2 2 2 2 2 2 2 2 2 2
left_child=1 9 7 22 26 8 15 11 -4 13 21 -2 -13 14 -1 19 23 -8 -19 28 25 -9 -3 -10 -25 -12 -5 -28 -6 -20
right_child=2 3 5 4 6 -7 17 10 16 -11 20 12 -14 -15 -16 -17 -18 18 29 -21 -22 -23 -24 24 -26 -27 27 -29 -30 -31
leaf_value=-0.036035926233329713 0.0037226346504281257 0.00071708771447241617 -0.0049533471345170142 0.11399887326059061 -0.0041057659068741252 -0.0057202789073103359 0.01369139221060304 0.011554730137582432 -0.004299136871322491 0.014212323199499707 0.032832396559319833 0.0050393241475490879 0.018826344105856235 -0.014154827982215734 -0.015438460990064873 -0.01024038882019096 0.0069948621243044948 -0.018150773751551285 -0.0079113379657638205 0.04379760219639732 0.019308071403031792 0.028143072206015231 0.024665110472702218 0.0018956516795866872 0.010837184433429795 0.0042749414081502844 -0.025116072416868074 -0.0049680250344872326 0.0016569953525038764 0.079488694602482646
leaf_weight=302.30636093206704 3728.8090031631291 2980.0032289605588 848.52083224803209 1.797744296491145 3065.9844816252589 1302.0571363195777 56.091460525989532 250.49983048439026 718.59175715595484 39.619929719716311 41.598617076873779 514.57397937774658 398.21050588041544 316.76955478265882 188.24854109808803 641.96724580042064 2074.8973346799612 636.47639895230532 900.31163493543863 16.711800243705511 246.58766640722752 250.09444464743137 60.09042951464653 2752.2052926234901 480.00686495378613 785.59577530622482 315.8899874035269 113.46645198017359 1374.9835308231413 4.1149299293756476
leaf_count=15541 21151 28012 7301 36 36681 11070 1030 1141 4847 713 181 2861 2048 9250 4172 8394 8858 12103 16020 173 1107 1164 322 18602 3069 3552 10960 2248 9576 61
internal_value=-0.000100175 -0.00509555 0.00372294 -0.00377716 -0.0058959 0.00124657 -0.00503716 0.00698027 0.00256617 -0.0209233 0.0123339 0.00516438 0.011054 -0.0226476 -0.0281317 -0.00316726 0.00362505 -0.0110083 -0.0119074 -0.00214864 0.00883353 0.0198422 0.00119044 0.00185527 0.00322353 0.00571106 -0.0192337 -0.0197915 -0.00232154 -0.00751369
internal_weight=25407.1 11014.8 14392.2 10167.9 7127.8 8176.28 6696.64 6215.97 6874.22 846.944 1574.38 4641.59 912.784 807.324 490.555 5099.65 6025.7 1596.99 1540.9 4457.68 1073.78 500.594 3040.09 3950.8 3232.21 827.194 431.154 429.356 4440.97 904.427
internal_count=242244 155292 86952 125616 97282 53747 84038 33205 42677 29676 7145 26060 4909 28963 19713 54824 35376 29214 28184 46430 4840 2305 28334 26518 21671 3733 13244 13208 46257 16081
is_linear=0
shrinkage=0.05


Tree=56
num_leaves=31
num_cat=0
split_feature=21 22 19 15 18 11 6 6 5 14 5 22 12 16 10 15 5 15 13 15 14 2 11 19 14 3 8 12 17 4
split_gain=178.28 85.589 54.8637 46.2361 27.8784 26.8785 24.3 21.9251 19.8625 16.4263 15.7302 20.1717 17.0709 21.0434 15.6303 14.8211 15.8637 19.7982 14.6922 14.5118 14.293 14.2924 16.6269 16.1095 14.255 14.0741 13.1458 12.801 12.517 12.4526
threshold=0.083411417677901126 0.73652121722103014 0.21524076773614079 0.10416519235623116 0.78518842010839396 0.0083333333333333055 1.5000000000000002 1.5000000000000002 6.6950000000000012 -5.8699999999999983 6.8650000000000011 0.50807349787288314 0.68499999999999994 0.60432237674392442 1.5000000000000002 0.24318306441828128 6.7350000000000012 0.25898043417849048 -0.31000000000000022 0.04839816875921716 0.34249999999999764 4.6350000000000007 -0.11266666666666623 0.74057768200657204 -3.4066666666666676 37.065000000000005 4.5000000000000009 2.1108333333333342 6.5000000000000009 40.920000000000009
decision_type=2 2 2 2 2 8 8 10 8 2 10 2 2 2 2 2 8 2 2 2 2 2 10 2 2 2 2 2 2 2
left_child=2 3 8 21 7 -4 -5 19 -1 25 12 27 13 -11 -6 -7 17 -17 28 -3 -20 -2 -23 24 -24 -8 -10 -12 29 -9
right_child=1 4 5 6 14 15 9 18 26 10 11 -13 -14 -15 -16 16 -18 -19 20 -21 -22 22 23 -25 -26 -27 -28 -29 -30 -31
leaf_value=-0.0021683319978345705 -0.010510812780197814 -0.018357659444679625 -0.0037942250120859967 0.004697322113412691 0.037872976930396339 -0.015958734916495323 -0.0057531253138652016 -0.028733166231258864 -0.019502681207910533 -0.0014544944012744587 -0.0061175162116380221 0.007030808038893748 0.0020794891571788085 -0.011861402470318409 0.01338686875501313 0.084692581464336003 -0.00796637265249228 0.0053862495992084711 0.0022519743797095489 0.0094785077774015968 0.0080641448021293496 0.063162587229702208 -0.012118042521988647 -0.042738673130592229 0.0037593483449031512 0.072715768724203683 -0.035869941408002051 0.035571181941897255 0.00013267994628035377 0.023665423671850268
leaf_weight=87.574345396831632 1428.2600410692394 47.776213362812996 2013.8755291290581 2542.054165687412 80.600990504026413 1004.105705903843 1580.3617313466966 67.947797551751137 235.88834162987769 1916.7553566470742 490.93371126428246 1427.1353640183806 1988.4537003263831 650.63756968453526 340.48392005264759 10.413135074079035 282.10203800350428 32.216895924881101 2467.2057113982737 2342.6572475358844 1851.5820962190628 9.7248954102396947 205.69171695038676 24.206618845462799 452.05497556552291 5.7350817658007136 255.62431037053466 19.13148358464241 1475.6343082636595 13.609674088656901
leaf_count=2797 20934 227 31516 16925 394 22777 15584 328 7997 21616 5434 12981 12489 6527 1632 180 4815 509 10740 10468 8035 69 2616 140 5329 61 12187 99 6774 64
internal_value=-9.64238e-05 0.00169738 -0.0098977 -0.000911931 0.0055242 -0.00743625 0.000433717 0.00488493 -0.0241062 -0.000907801 0.000206488 0.00398056 -0.00139829 -0.00409185 0.0180738 -0.0129558 -0.00367037 0.0247582 0.00324253 0.00892216 0.00474381 -0.00765382 -0.00175437 -0.00268011 -0.00120586 -0.00546939 -0.0280149 -0.00455386 -0.000921203 -0.0199893
internal_weight=25350.4 21428.6 3921.8 12741.1 8687.5 3342.71 10621.2 8266.41 579.087 8079.14 6493.05 1937.2 4555.85 2567.39 421.085 1328.84 324.732 42.63 5875.98 2390.43 4318.79 2119.94 691.678 681.953 657.747 1586.1 491.513 510.065 1557.19 81.5575
internal_count=242244 159466 82778 120804 38662 59797 91716 36636 22981 74791 59146 18514 40632 28143 2026 28281 5504 689 25941 10695 18775 29088 8154 8085 7945 15645 20184 5533 7166 392
is_linear=0
shrinkage=0.05


Tree=57
num_leaves=31
num_cat=0
split_feature=21 21 12 15 22 1 5 9 11 11 22 11 21 2 11 22 11 5 12 1 12 2 10 15 14 11 19 19 13 19
split_gain=162.264 77.383 52.9753 41.3062 35.4781 25.0874 24.6428 23.8413 23.6538 20.7237 17.4543 16.5658 14.5505 14.366 13.872 13.6414 19.5921 13.6022 13.4844 13.316 12.7003 12.58 12.4543 12.3562 12.3008 11.9553 11.8959 12.9382 11.7493 11.7374
threshold=0.083411417677901126 0.47496843075909795 0.12916666666666646 0.099203280644421563 0.32667586892521261 6.9350000000000014 6.7650000000000006 1.5000000000000002 -0.041666666666666512 -0.056666666666666192 0.23441402336079839 0.056666666666667094 0.62755751773698087 6.8450000000000006 -0.018333333333333975 0.84244126896433358 0.034999999999999705 6.8050000000000006 0.15833333333333346 1.5550000000000004 -0.19333333333333311 5.8650000000000011 1.5000000000000002 0.15361993867854354 -5.8699999999999983 0.10999999999999989 0.42058759526994038 0.40630760736912247 2.6941666666666682 0.568152907193745
decision_type=2 2 2 2 2 2 8 2 8 10 2 8 2 2 8 2 10 10 2 2 2 2 2 2 2 8 2 2 2 2
left_child=2 3 4 14 6 9 -1 22 18 12 21 13 17 24 -2 20 -17 -3 23 -6 -11 -10 26 -4 -9 -12 27 -5 -24 -28
right_child=1 5 8 7 19 -7 -8 11 10 15 25 -13 -14 -15 -16 16 -18 -19 -20 -21 -22 -23 28 -25 -26 -27 29 -29 -30 -31
leaf_value=-0.013099657146249114 -0.0016663877510866927 0.01157512361719956 -0.010340966365632101 0.023971059218078621 0.01109456615815866 0.013946927381286958 -0.035395974457978506 -0.0042431627330408346 -0.030707543300338903 -0.002931245249985739 -0.0041578237733503557 -0.0084551039488993378 0.027344447118941198 -0.0085965448263671338 -0.010572777929285525 0.0077452955330757911 -0.0065210839417248756 -0.0019768631397481221 0.0043175847773881237 -0.012524079665554189 0.0033856572686228876 -0.0096182355330940855 0.00054812079339254906 0.11015556707553656 0.0012205616496509778 -0.041927502086599233 -0.0022969032761916901 0.10376804406660874 0.0086044934156788693 0.013857790239464035
leaf_weight=200.63958528451622 666.62171461805701 874.98733648657799 3.3734617326408607 22.324942626059059 62.983352329581976 779.8655249774456 324.12270883470774 1248.0365093760192 118.84394446387887 1150.5428568199277 1366.0050933323801 678.05107440799475 115.63954004645348 488.42974349111319 1270.3214579448104 2234.0128364861012 269.70853568613529 234.85718841850758 473.4076337069273 1136.6070824544877 2579.9165816605091 174.59981103241444 1722.7564209476113 5.7604875359684229 5900.2575299963355 21.27775164693594 157.77174844220281 6.5760026685893527 613.80020539835095 391.31954222917557
leaf_count=8279 7169 3890 54 180 1168 3841 16451 12311 4003 5357 18942 8080 530 4242 19377 9737 1207 1040 5248 23504 11039 4610 11642 87 52985 432 1024 50 3588 2177
internal_value=-9.28555e-05 0.00161383 -0.00949012 -0.000764361 -0.0160275 0.00541404 -0.0268711 0.000398768 -0.0042791 0.00452197 -0.00708056 -0.000965245 0.010466 -0.000300234 -0.00750754 0.00335353 0.00620848 0.00870735 0.00547858 -0.011284 0.00143741 -0.0181593 0.00429009 0.0656523 0.000266638 -0.00473712 0.0108617 0.0421277 0.00266448 0.00921602
internal_weight=25293.4 21405.8 3887.62 13166.3 1724.35 8239.53 524.762 11229.3 2163.27 7459.66 1680.73 8314.77 1225.48 7636.72 1936.94 6234.18 2503.72 1109.84 482.542 1199.59 3730.46 293.444 2914.55 9.13395 7148.29 1387.28 577.992 28.9009 2336.56 549.091
internal_count=242244 159466 82778 122825 49402 36641 24730 96279 33376 32800 27987 77618 5460 69538 26546 27340 10944 4930 5389 24672 16396 8613 18661 141 65296 19374 3431 230 15230 3201
is_linear=0
shrinkage=0.05


Tree=58
num_leaves=31
num_cat=0
split_feature=18 22 8 22 12 11 12 5 14 18 13 1 22 7 14 22 5 16 15 12 3 3 0 17 5 1 1 12 11 20
split_gain=149.718 68.2632 38.9406 51.7052 34.5574 25.1801 24.7409 23.9596 21.9193 23.8015 20.3296 18.3535 17.5702 16.4687 20.407 14.2425 14.3234 14.158 23.3476 15.9989 13.0909 18.1213 17.8795 14.0637 12.8245 12.761 12.5543 20.063 12.3915 15.3943
threshold=0.056986629069582802 0.73652121722103014 2.5000000000000004 0.32667586892521261 -0.60333333333333317 0.048333333333333346 1.2116666666666676 6.7650000000000006 -1.4533333333333311 0.7990243841053889 2.1058333333333343 5.0250000000000012 0.55981719112686024 1.0000000180025095e-35 -2.9624999999999999 0.46353433924258575 6.9150000000000009 0.58657855519197555 0.20238010991784638 0.67166666666666719 31.345000000000002 30.485000000000003 3.5000000000000004 93.500000000000014 6.9850000000000012 6.9750000000000005 1.6950000000000001 -1.2633333333333328 -0.10833333333333293 9.5000000000000018
decision_type=2 2 2 2 2 8 2 8 2 2 2 2 2 10 2 2 10 2 2 2 2 2 2 2 8 2 2 2 10 2
left_child=2 4 12 7 11 10 8 28 -3 24 13 26 -1 14 -6 -7 -17 18 -16 -19 21 22 -21 -23 -10 -20 -2 -28 29 -4
right_child=1 6 3 -5 5 15 -8 -9 9 -11 -12 -13 -14 -15 17 16 -18 19 25 20 -22 23 -24 -25 -26 -27 27 -29 -30 -31
leaf_value=-0.0038381491131487702 0.014439085911345205 0.00053284846406434765 0.062732103617349516 -0.0088147343739837774 -0.0044922576073920528 -0.018084724515709843 0.011062852520584279 -0.034008926499906632 0.0061369856435439588 0.028483062053446397 0.0059812451932288162 -0.023050942302751745 0.014824039138461372 0.0093387104601086735 0.00095570054366425476 -0.008625892637541932 0.0047533619641370985 -0.0063089836103231659 0.012821612158449701 0.016974427930291771 -0.00035020450913118817 0.073735463509606039 -0.013916892753424521 0.015632822072755844 -0.0065841958269731108 -0.021836653083512181 -0.015584643702772816 -0.0025735946071281605 -0.016655384814049271 -0.022880613128138994
leaf_weight=1197.557567410171 72.782398141920567 2972.4354514554143 11.513507150113584 2183.8761251121759 2295.1870342455804 226.28131609596312 1413.2662727981806 345.05790291912854 3957.2204621247947 115.78140425682068 1720.9195764902979 172.74662264063954 140.96857571601868 445.62564533948898 2125.6638794057071 582.56812331452966 304.65371773019433 1046.4728985447437 676.45225402712822 133.78558838367462 1210.3167578950524 19.194533467292786 72.075199501588941 22.768708229064941 208.56091759353876 27.644409952685237 443.09428869001567 894.24345070682466 188.85607036203146 9.6531397104263288
leaf_count=17859 1240 13124 166 36590 22120 3664 6769 17760 17292 555 11060 2583 998 3857 20643 6048 3191 10469 5809 767 7615 124 580 156 922 228 7717 13695 8485 158
internal_value=-8.94044e-05 0.00160114 -0.00886235 -0.0122782 -0.000764368 0.000237323 0.00501065 -0.0259046 0.00383152 0.0061216 0.00104719 -0.00766833 -0.00187272 -4.31793e-06 -0.000550023 -0.00688752 -0.00403173 0.00114618 0.00356958 -0.00159183 0.00179356 0.0122632 0.00615888 0.0422097 0.0055001 0.0114609 -0.00578389 -0.00688449 -0.0125895 0.0236881
internal_weight=25237.2 21159.7 4077.48 2738.96 12492.5 10909.6 8667.26 555.081 7254 4281.56 9796.11 1582.87 1338.53 8075.19 7629.56 1113.5 887.222 5334.37 2829.76 2504.61 1458.14 247.824 205.861 41.9632 4165.78 704.097 1410.12 1337.34 210.023 21.1666
internal_count=242244 160228 82016 63159 121566 96331 38662 26569 31893 18769 83428 25235 18857 72368 68511 12903 9239 46391 26680 19711 9242 1627 1347 280 18214 6037 22652 21412 8809 324
is_linear=0
shrinkage=0.05


Tree=59
num_leaves=31
num_cat=0
split_feature=21 19 8 11 14 18 13 15 8 7 22 22 7 22 4 1 11 12 1 16 14 10 12 3 11 11 22 14 17 4
split_gain=137.298 70.4391 37.3216 35.0247 25.8709 24.7652 24.3113 20.425 18.5209 20.3834 19.62 17.6058 17.2085 18.4585 17.1498 15.5 15.1175 14.95 14.3045 14.2932 13.0964 13.0519 12.8213 12.2877 11.7342 11.7287 11.8734 11.6287 15.7473 17.5374
threshold=0.12801512903581058 0.2361421748319876 1.5000000000000002 0.041666666666666526 -1.4533333333333311 0.78518842010839396 0.87166666666666759 0.097031868294283993 4.5000000000000009 1.0000000180025095e-35 0.34215666585515059 0.55174346135244512 2.7500000000000004 0.39107981938528796 26.375000000000004 6.2950000000000008 0.048333333333334234 1.7533333333333334 1.5550000000000004 0.16724351250360123 8.2316666666666656 3.5000000000000004 -0.35666666666666597 41.335000000000008 0.081666666666666568 0.033333333333332778 0.85931456936496875 6.8891666666666653 47.500000000000007 34.07500000000001
decision_type=2 2 2 8 2 2 2 2 2 10 2 2 10 2 2 2 8 2 2 2 2 2 2 2 8 10 2 2 2 2
left_child=1 8 16 6 7 14 12 -4 9 -1 -10 -8 13 18 -6 21 17 -2 -3 -16 22 -14 -21 -15 -5 26 -9 -20 29 -29
right_child=2 3 4 24 5 -7 11 25 10 -11 -12 -13 15 23 19 -17 -18 -19 27 20 -22 -23 -24 -25 -26 -27 -28 28 -30 -31
leaf_value=-0.014992018524953635 0.0066647871706953911 0.020658723647469037 -0.0085010220850693825 -0.0081728172356409345 -0.0020550212341752454 0.027433988094718944 -0.0010658508934519293 0.00046313977890177706 -0.035816268246454834 0.021581002479800823 -0.013248046398276659 0.0066349931350617149 0.013208812681804561 -0.0044161264143491065 -0.03757872061080627 -0.045090912173467342 -0.004063883504679457 0.014646010612369989 -0.014492293878731122 -0.0013230688284174713 0.0093833092527738377 0.088079746937217748 0.0050656174329526153 0.002745213996302215 -0.0194009040295995 -0.0058126020727671431 0.0099911636744137028 -0.0047459123670675419 -0.0097730351396124581 0.054154981656724346
leaf_weight=353.64142826758325 2374.433599755168 35.073358613997698 796.79532756656408 1107.0763884373009 1211.4114349633455 108.11209483444691 2804.2019763942808 2609.9531317763031 229.50770346447825 42.697146428748965 165.93078027665615 1009.3413924202323 11.330692578107124 3079.1568844448775 20.054321467876434 5.0324389301240435 253.09154494851828 779.30371009558439 774.20796756260097 1071.3889741003513 1164.2036829181015 11.97039172798395 2941.2298553772271 743.65599020570517 294.6180744599551 637.91498276591301 373.80077642202377 26.569815210998058 125.03685170970857 24.100601216778159
leaf_count=11462 12294 598 6443 18262 7602 498 27783 15868 13278 988 3948 7110 122 37472 230 67 1424 3751 17023 8437 7077 121 16787 8252 5266 4958 1583 535 2535 470
internal_value=-8.62178e-05 -0.00433197 0.00312381 -0.0032009 0.00170011 0.00370274 -0.00201275 -0.00125339 -0.0186905 -0.011052 -0.0263464 0.000972353 -0.00436666 -0.00459562 0.00330238 0.0344855 0.00769345 0.00863699 -0.010699 0.00455121 0.00471442 0.051672 0.00335981 -0.00302302 -0.0105328 0.00034115 0.0016568 -0.0118568 -0.00024427 0.0232694
internal_weight=25184.8 10843.1 14341.7 10051.4 10934.9 6516.4 8649.68 4418.46 791.777 396.339 395.438 3813.54 4836.13 4807.8 6408.29 28.3335 3406.83 3153.74 984.989 5196.88 5176.82 23.3011 4012.62 3822.81 1401.69 3621.67 2983.75 949.915 175.707 50.6704
internal_count=242244 155292 86952 125616 69483 40631 102088 28852 29676 12450 17226 34893 67195 66885 40133 310 17469 16045 21161 32531 32301 243 25224 45724 23528 22409 17451 20563 3540 1005
is_linear=0
shrinkage=0.05


Tree=60
num_leaves=31
num_cat=0
split_feature=18 21 8 22 12 14 5 9 1 22 9 4 22 11 14 11 14 5 18 1 12 11 1 16 1 21 12 5 2 11
split_gain=126.432 58.2846 34.9163 46.4431 31.5641 23.913 23.4994 21.1887 20.7311 15.922 16.3251 17.9926 15.0929 14.9575 14.5601 15.3676 14.2304 14.385 13.8164 12.9851 16.44 12.797 12.8134 17.0336 12.9066 12.6478 12.2248 11.9395 18.871 11.8762
threshold=0.056986629069582802 0.50898107985542818 2.5000000000000004 0.32667586892521261 -0.60333333333333317 -3.8599999999999972 6.7650000000000006 2.5000000000000004 5.0250000000000012 0.22849610548423527 1.5000000000000002 26.535000000000004 0.55981719112686024 -0.052666666666666632 8.7266666666666666 0.030000000000000696 -1.4533333333333311 6.6350000000000007 0.060797327813229142 6.3250000000000011 1.3133333333333341 -0.05666666666666708 1.6950000000000001 0.32143059334002594 3.6350000000000002 0.47496843075909795 2.1883333333333344 6.9850000000000012 7.3250000000000011 0.021833333333333375
decision_type=2 2 2 2 2 2 8 2 2 2 2 2 2 8 2 8 2 10 2 2 2 8 2 2 2 2 2 10 2 8
left_child=2 4 12 6 8 29 -4 26 21 -7 13 -12 -1 -11 15 19 -9 -18 -16 -13 25 -2 23 -23 -24 -21 -3 -15 -29 -6
right_child=1 7 3 -5 5 9 -8 16 -10 10 11 14 -14 27 18 -17 17 -19 -20 20 -22 22 24 -25 -26 -27 -28 28 -30 -31
leaf_value=-0.0034302086325727222 0.0064715197485312034 0.0075572555788776911 -0.011406611460367862 -0.0082281354920512688 -0.0013022886512312072 -0.023797578754106447 -0.033031129448132343 -0.00083777251189195686 -0.02289202397806045 0.013263284366633241 -0.0050071137166093037 0.0041232788987213128 0.013792954189635621 0.0024605940048682625 0.050148674044682484 -0.0056806903779314617 0.020249910013186146 0.0041591542894169851 0.0068928266825041377 -0.0083600565909222949 0.0066510503666017537 0.0014564370423447671 -0.016227097096771954 0.062515858707435965 -0.0048390712976343047 0.021151944470730554 0.024769127801433324 0.0079726794623183102 0.054995996220326332 -0.0080057085988096931
leaf_weight=1188.8685581143945 214.12014248594642 3065.570074826479 203.88041614089161 2157.9011777639389 2339.46166233439 60.223828081041574 327.3462363416329 1682.3424844965339 178.01508024707437 494.28199819475412 1144.5496253604069 2452.1702457554638 142.44046004116535 1775.7320300452411 18.871619429439306 767.70517852529883 147.56853124499321 2364.136460237205 847.57032222114503 679.21814141795039 333.63796753436327 53.659026445820928 335.66444393992424 14.510742031037806 961.46571041923016 38.354235485196114 106.75564901530743 93.829112879931927 27.615098994225264 920.78627510741353
leaf_count=17859 2098 13933 8809 36590 19194 1490 17760 7434 2627 2541 9964 21183 998 11967 190 8647 639 10332 6762 6104 1815 940 5726 218 14643 168 558 659 187 10209
internal_value=-8.30371e-05 0.00146415 -0.00820983 -0.0114884 -0.000458388 0.000458572 -0.0247318 0.00505312 -0.00671638 0.00182262 0.00200051 0.000662129 -0.00158745 0.00551628 0.00192514 0.000726254 0.00272091 0.00510452 0.00783496 0.00213023 -0.00251899 -0.00489324 -0.00667557 0.0144537 -0.007786 -0.00678264 0.00813647 0.00349791 0.0186653 -0.00319552
internal_weight=25138.3 21117.8 4020.44 2689.13 13751.4 11994 531.227 7366.37 1757.44 8733.76 8673.54 6282.08 1331.31 2391.46 5137.53 4271.09 4194.05 2511.7 866.442 3503.38 1051.21 1579.42 1365.3 68.1698 1297.13 717.572 3172.33 1897.18 121.444 3260.25
internal_count=242244 160228 82016 63159 127332 101080 26569 32896 26252 71677 70187 54833 18857 15354 44869 37917 18405 10971 6952 29270 8087 23625 21527 1158 20369 6272 14491 12813 846 29403
is_linear=0
shrinkage=0.05


Tree=61
num_leaves=31
num_cat=0
split_feature=21 18 12 13 22 5 11 6 11 8 1 2 10 22 1 5 17 5 13 12 20 8 0 12 2 5 18 22 14 21
split_gain=117.021 53.5614 42.9406 29.3114 28.5482 22.9147 20.43 19.7214 19.7092 17.9355 17.0519 16.087 15.2948 15.0233 13.3518 13.0006 12.9924 12.4436 11.6196 11.6015 11.4093 12.5855 11.2978 12.426 11.0073 16.9914 10.9603 10.8712 10.7854 10.7692
threshold=0.083411417677901126 0.40888955913047415 0.12916666666666646 0.059999999999999838 0.32667586892521261 6.7650000000000006 -0.041666666666666512 1.5000000000000002 0.0054999999999996172 4.5000000000000009 6.7750000000000012 5.7950000000000008 5.5000000000000009 0.21883665243014125 3.1750000000000003 6.5850000000000009 175.50000000000003 7.0050000000000008 1.5666666666666673 0.15833333333333346 36.500000000000007 1.5000000000000002 3.5000000000000004 1.6158333333333335 5.3850000000000007 6.7950000000000008 0.10385998060986916 0.83903619976824528 11.467500000000003 0.072875601261307571
decision_type=2 2 2 2 2 8 8 8 10 2 2 2 2 2 2 8 2 8 2 2 2 2 2 2 2 10 2 2 2 2
left_child=2 3 4 9 5 -1 19 27 10 11 20 15 -9 -8 -10 -2 -14 -12 -16 -4 21 -3 24 28 25 29 -18 -5 -24 -15
right_child=1 8 6 7 -6 -7 13 12 14 -11 17 -13 16 22 18 -17 26 -19 -20 -21 -22 -23 23 -25 -26 -27 -28 -29 -30 -31
leaf_value=-0.011065616406731024 0.030615732559411458 0.010822813039795903 0.060130487372613783 0.0049412532137634215 -0.010031668130042042 -0.033389031151533771 -0.019998775138447084 0.00091464685877480775 -0.039660290362796342 -0.0069598208030785848 0.013495215716367659 -0.012932657096018669 -0.0066998644532127926 0.068746757835834699 -0.00096891292661279999 -0.00010373905382109843 -0.026919304356737252 -0.03313172861535791 0.007419302689427025 0.004452472994930819 -0.0097062092492733731 0.0041874348605134186 -0.008834189246829242 0.0046654198934841899 -0.00047982172870471946 0.10799528912838226 0.048681109124862926 0.028373818034986915 0.010351102324095862 -0.020003356035686766
leaf_weight=190.76224481966347 34.936467450112104 885.82195949554443 9.5451496057212335 1973.9319401532412 1166.5344771333039 289.28381298016757 175.04442823678255 5512.7791909873486 20.29899089038372 2216.5790936872363 847.57204138487577 251.94996792823076 981.54686457291245 5.5557817444205311 1695.1710021197796 2429.1439985334873 6.4187273345887688 14.554861336946486 545.76644183695316 471.99164631590247 127.28655287623405 3697.7636972144246 1088.0915577281266 253.78573108464479 32.602373704314232 7.2413835674524298 18.942295037209988 50.769922852516174 78.543587952852249 8.8835462555289251
leaf_count=8279 263 4270 141 12240 24672 16451 5372 46411 120 30502 4260 2635 9137 55 7386 23099 61 68 2399 5248 584 15670 18269 2688 267 70 150 211 1191 75
internal_value=-7.99882e-05 0.00135774 -0.00819035 -0.0005534 -0.0142551 -0.0245181 -0.0035049 0.0012183 0.00464543 -0.00362238 0.0062429 -0.000898655 -0.000120349 -0.00614968 0.000708316 0.000331811 -0.00578691 0.012708 0.00107399 0.00555614 0.00505973 0.00546979 -0.00450582 -0.00536135 0.017881 0.045491 0.0295471 0.00552883 -0.00754254 0.0141448
internal_weight=25089.1 21311.2 3777.87 13477 1646.58 480.046 2131.29 8544.39 7834.24 4932.61 5573 2716.03 6519.69 1649.75 2261.24 2464.08 1006.91 862.127 2240.94 481.537 4710.87 4583.59 1474.7 1420.42 54.2831 21.6807 25.361 2024.7 1166.64 14.4393
internal_count=242244 159466 82778 124709 49402 24730 33376 68210 34757 56499 24852 25997 55759 27987 9905 23362 9348 4328 9785 5389 20524 19940 22615 22148 467 200 211 12451 19460 130
is_linear=0
shrinkage=0.05


Tree=62
num_leaves=31
num_cat=0
split_feature=21 8 21 13 0 14 11 7 14 12 11 15 12 12 5 21 14 2 4 20 1 13 11 12 11 11 3 21 7 5
split_gain=106.737 48.5304 45.1567 28.3977 28.3959 25.9352 19.5419 19.0687 17.0173 16.8884 15.9737 14.8028 14.7309 14.5466 15.1979 16.8789 14.298 13.6999 13.182 13.021 12.9853 12.8222 12.1428 12.1447 11.8288 11.7213 12.6322 11.6717 20.7282 12.1777
threshold=0.093863570127960469 4.5000000000000009 0.5162822464815825 0.82500000000000051 5.5000000000000009 4.0783333333333358 -0.028166666666666892 2.2500000000000004 8.2316666666666656 1.9841666666666666 -0.051666666666666299 0.10509995132467947 2.0425000000000009 0.36333333333333268 6.8850000000000007 0.62142827329493955 -5.1049999999999978 5.9250000000000007 30.785000000000004 7.5000000000000009 1.5550000000000004 1.7475000000000001 0.046666666666667307 -1.5766666666666667 0.0083333333333333055 -0.0063333333333335231 39.685000000000009 0.039122701478753075 1.0000000180025095e-35 6.8050000000000006
decision_type=2 2 2 2 2 2 10 10 2 2 8 2 2 2 8 2 2 2 2 2 2 2 10 2 10 8 2 2 10 8
left_child=1 5 3 7 20 12 13 8 9 11 -6 -2 27 -4 -15 -16 -5 -13 -7 -11 -3 22 23 -8 -19 -22 -27 28 29 -1
right_child=2 4 6 16 10 18 21 -9 -10 19 -12 17 -14 14 15 -17 -18 24 -20 -21 25 -23 -24 -25 -26 26 -28 -29 -30 -31
leaf_value=-0.0090442041065683168 -0.0079127318208119853 0.0094121506540583016 0.0040903451592995809 -0.0022955655423277095 -0.0043638896879326684 -0.0046740494997576003 -0.018817194285362399 0.094490491363337994 0.0034251536221280065 -0.019169645393967597 -0.035005164361385691 -0.00079889826391488911 0.0087801008916562652 0.013407939769820038 -0.014679704431388397 0.019014978557416986 0.0036693249800871571 -0.0033485372120154269 0.0075043829351154074 0.035440145309796549 -0.0061564670266162237 0.008212882703618132 -0.0073117659719625907 0.0027930906889787111 -0.014472085828459401 -0.022048867419532256 -0.0025348781022518654 -0.0054781831001078822 0.011037530830792161 -0.024446913409523905
leaf_weight=243.07243258040398 1521.3018614910543 70.16660575941205 1211.6661178767681 1287.8154997378588 52.148564770817757 347.92059872765094 66.352916605770588 5.0844684392213813 1080.1840512901545 14.215778589248655 230.68528079427779 3662.8700075410306 147.30804568901658 1258.1758647561073 105.60038371384144 57.353890463709831 4568.9102314896882 674.46232646331191 614.89467732049525 47.017994776368141 365.9265038240701 852.51572978496552 360.31548317521811 3221.4463750347495 370.16688707470894 393.75733883678913 105.06072033941746 1757.7468200363219 74.524283234030008 271.83571281004697
leaf_count=7472 20781 1281 5138 9601 1717 5265 382 35 10138 70 14948 35614 1366 6103 502 280 30920 5530 9282 226 6537 3845 1631 14056 4069 9768 2389 22515 1682 9101
internal_value=-7.69519e-05 -0.00689029 0.0014871 -0.000241601 -0.015474 -0.0038669 0.00469373 -0.00230572 -0.0023725 -0.00336813 -0.0293556 -0.00362501 -0.00655736 0.00811536 0.0115471 -0.00282042 0.00235773 -0.00223937 0.00310361 0.0227622 -0.0112745 0.00269213 0.001402 0.00235696 -0.00729019 -0.012953 -0.0179388 -0.00751994 -0.0136086 -0.0171758
internal_weight=25040.5 4675.05 20365.5 13232 1217.75 3457.3 7133.43 7375.3 7370.22 6290.03 282.834 6228.8 2494.49 2632.8 1421.13 162.954 5856.73 4707.5 962.815 61.2338 934.911 4500.63 3648.11 3287.8 1044.63 864.745 498.818 2347.18 589.432 514.908
internal_count=242244 93323 148921 116984 36640 56683 31937 76463 76428 66290 16665 65994 42136 12023 6885 782 40521 45213 14547 296 19975 19914 16069 14438 9599 18694 12157 40770 18255 16573
is_linear=0
shrinkage=0.05


Tree=63
num_leaves=31
num_cat=0
split_feature=18 22 8 22 8 3 5 5 11 1 20 22 1 2 1 11 22 22 11 7 4 1 4 11 17 2 15 1 3 11
split_gain=98.5768 43.7717 29.6643 38.8984 27.1708 23.4715 21.8958 20.1437 19.8377 18.6636 20.3356 18.2958 16.6639 14.9087 18.1416 14.6689 14.2006 12.8717 12.5309 12.322 12.1743 11.6263 11.4336 11.4256 11.6827 12.002 11.0058 14.1829 13.442 14.2839
threshold=0.056986629069582802 0.78060776571541057 2.5000000000000004 0.32667586892521261 1.5000000000000002 39.585000000000008 6.7650000000000006 6.785000000000001 0.021666666666666948 4.5550000000000006 8.5000000000000018 0.84244126896433358 6.6750000000000007 7.9150000000000009 6.0250000000000012 0.034999999999999705 0.83511265994949324 0.55981719112686024 -0.018166666666666661 -1.0000000180025095e-35 26.375000000000004 4.7750000000000012 39.735000000000007 -0.048333333333333332 95.500000000000014 3.7550000000000003 0.24436312952920386 5.995000000000001 38.875000000000007 -0.12500000000000042
decision_type=2 2 2 2 2 2 8 10 8 2 2 2 2 2 2 10 2 2 8 10 2 2 2 8 2 2 2 2 2 10
left_child=2 4 17 6 19 8 -4 9 12 10 -3 -9 13 26 -15 -13 18 -1 -11 -2 -7 -19 -20 24 25 -5 27 -6 29 -28
right_child=1 7 3 23 5 20 -8 11 -10 16 -12 15 -14 14 -16 -17 -18 21 22 -21 -22 -23 -24 -25 -26 -27 28 -29 -30 -31
leaf_value=-0.0029427524635287257 -0.00020957551129733521 -0.0081358575035862211 -0.010009243154370968 -0.0072796880897806589 -0.00076256023093991684 -0.005573534617403661 -0.031432695360676041 -0.0020487475169067141 -0.0075308364661821753 0.0093658266339270851 0.0096087558899760946 0.0062565949018570047 -0.011392152547254319 0.069545258911539357 0.0032390469485355888 -0.0062885642296924785 0.013710611608220492 -0.038748213412587558 -0.00076190049268749175 0.0056771956515726495 0.0041524566948944611 0.016822870071869233 0.015240156447386792 -0.0089325116957126877 -0.01461979396148114 0.016948897643923332 0.060663594926072387 -0.0085310428792299033 0.038212688432282982 0.0023651507424857924
leaf_weight=1178.0279398523271 1529.300371915102 387.14944878965616 197.1851608781144 82.731481146067381 3515.2316528921947 386.07886362168938 301.82909893151373 1748.2763868197799 1970.5572311291471 1331.4734452217817 276.96947844326496 1975.2949844896793 406.3778555970639 16.509457230567932 27.497779088094831 264.18051207065582 920.36818410456181 10.125485852360724 739.70297405868769 2122.8986797649413 1930.9328204635531 133.58669825643301 131.46752625703812 1827.1327018160373 80.508109074085951 133.74454024061561 10.686440028250216 705.43892814777792 28.897034209221601 625.25196122936904
leaf_count=17859 9793 1761 8809 1125 36860 3750 17760 7821 27039 6042 1283 8814 3768 129 239 1191 4183 88 3190 13448 18867 910 564 33050 943 1472 70 5794 227 5395
internal_value=-7.40727e-05 0.00128522 -0.00732749 -0.0104052 -0.000459617 -0.00185311 -0.0229672 0.00426453 -0.00324366 0.0068761 -0.000735502 0.00178435 -0.00166039 -0.000858129 0.028114 0.0047767 0.00849474 -0.00121936 0.0063153 0.0032122 0.00253183 0.0129075 0.00165295 -0.00745408 0.00164167 0.00768937 -0.0011191 -0.00206098 0.00486034 0.00334481
internal_weight=24995.4 21050.5 3944.87 2623.13 13275.7 9623.46 499.014 7774.88 7306.45 3787.13 664.119 3987.75 5335.89 4929.51 44.0072 2239.48 3123.01 1321.74 2202.64 3652.2 2317.01 143.712 871.171 2124.12 296.984 216.476 4885.51 4220.67 664.835 635.938
internal_count=242244 160228 82016 63159 125379 102138 26569 34849 79521 17023 3044 17826 52482 48714 368 10005 13979 18857 9796 23241 22617 998 3754 36590 3540 2597 48346 42654 5692 5465
is_linear=0
shrinkage=0.05


Tree=64
num_leaves=31
num_cat=0
split_feature=21 19 9 11 11 12 22 3 14 5 22 15 16 6 1 12 13 2 5 14 17 21 14 12 21 19 7 16 22 15
split_gain=91.5977 47.5425 34.3017 32.945 26.0321 22.5198 19.5253 19.5043 18.3616 17.0467 15.9183 14.5809 13.2524 14.1628 12.6896 15.3309 13.0657 12.3332 12.2302 12.1882 18.2498 13.389 12.1403 11.5155 12.0507 14.4399 11.4955 16.0488 17.2727 15.5683
threshold=0.11582099990689351 0.21524076773614079 2.5000000000000004 0.081666666666666568 -0.046333333333333553 1.0683333333333329 0.22016203547954974 37.815000000000005 -1.4533333333333311 6.6950000000000012 0.39244454038841264 0.097031868294283993 0.26730324202581984 1.5000000000000002 1.5550000000000004 -0.9366666666666662 -0.25999999999999951 5.0750000000000011 6.6050000000000013 5.7783333333333315 47.500000000000007 0.064109294482673759 2.044166666666666 2.1883333333333344 0.13387762266304434 0.40779490666175172 1.0000000180025095e-35 0.50001667906755354 0.46183237974964991 0.13149575377913272
decision_type=2 2 2 8 10 2 2 2 2 8 2 2 2 8 2 2 2 2 10 2 2 2 2 2 2 2 10 2 2 2
left_child=1 9 7 4 26 6 -6 17 11 -1 -11 -4 -10 18 16 -16 -8 22 -14 21 -21 -17 -2 24 -13 -26 -3 28 -28 -30
right_child=2 3 8 -5 5 -7 14 -9 12 10 -12 23 13 -15 15 19 -18 -19 -20 20 -22 -23 -24 -25 25 -27 27 -29 29 -31
leaf_value=0.001693704604637937 -0.0018276848890100058 0.0016720383486138989 -0.0087254550603168852 -0.022178919582625439 -0.025235581085053367 0.0010156601000851002 0.011622470822161043 0.008810824785908191 -0.01278109754924861 -0.025928665280553095 0.002778070238525489 -0.0080842185918938488 0.021345888062711274 0.00072422699999913495 -0.013431753373016237 -0.012297836391306176 0.12084131488322924 0.003746237627231125 0.0050479113280815502 0.012293116007831452 -0.0039823695720029228 -0.0042915867361160874 -0.02666890131613783 0.03800116764955043 0.025923804195577434 -0.00034720004742914339 0.020762292477079586 0.0062822696237407024 0.13837505649421883 0.033090015041133083
leaf_weight=86.796484564431012 328.09743053466082 1174.7620842438191 774.66433141008019 225.17341431044042 126.64339549466968 1589.0874372906983 63.935893484391272 2056.7927818708122 149.67343892157078 401.83212516643107 54.887578200548887 531.16968812793493 125.35822669416666 3978.581877399236 555.47755511198193 662.51540804933757 2.8608011966571203 4699.0876078605652 1407.8015733212233 244.79473816137761 581.1108588790521 2465.4218434076756 57.857398711144924 18.788066104054451 53.496125213801861 2350.8330601081252 34.699233453720808 136.63849088549614 7.1230553239583951 6.9243025705218315
leaf_count=2875 2025 11179 7342 4721 5690 13662 1162 11244 1709 19662 1203 5989 696 29826 12342 15789 48 26744 8077 3364 7770 31986 339 87 680 14097 482 1333 67 54
internal_value=-7.12412e-05 -0.00431591 0.00209078 -0.00332904 -0.00277435 -0.00413029 -0.00586914 0.00470233 0.000104569 -0.0186185 -0.0224788 -0.00261972 0.00189895 0.00229759 -0.00533317 -0.00565363 0.0163001 0.00304053 0.00638051 -0.00456088 0.000841612 -0.00598736 -0.00555156 -0.00101869 -0.00126843 0.000237328 0.00349805 0.0150692 0.0396995 0.0864774
internal_weight=24952.9 8420.68 16532.2 7877.17 7652 6291.85 4702.76 7141.84 9390.37 543.516 456.72 3728.95 5661.42 5511.74 4576.12 4509.32 66.7967 5085.04 1533.16 3953.84 825.906 3127.94 385.955 2954.29 2935.5 2404.33 1360.15 185.385 48.7466 14.0474
internal_count=242244 133389 108855 109649 104928 91813 78151 40352 68503 23740 20865 28195 40308 38599 72461 71251 1210 29108 8773 58909 11134 47775 2364 20853 20766 14777 13115 1936 603 121
is_linear=0
shrinkage=0.05


Tree=65
num_leaves=31
num_cat=0
split_feature=21 19 11 8 16 7 13 7 1 3 4 18 22 19 11 22 12 14 12 12 12 22 16 22 5 7 13 18 11 19
split_gain=83.3952 48.2459 31.6767 24.2231 17.7714 16.8197 15.2754 14.5568 15.2046 14.2339 16.035 13.6911 13.6864 14.8072 13.4681 13.4242 13.1332 13.0427 13.8694 12.9972 12.7388 12.1296 12.0943 11.6148 15.1928 11.4709 11.5951 11.4261 11.6855 11.3093
threshold=0.13238611208721282 0.2361421748319876 0.033333333333333666 1.5000000000000002 0.35185348269401268 0.75000000000000011 0.87166666666666759 1.2500000000000002 6.4150000000000009 40.985000000000007 28.465000000000003 0.78518842010839396 0.55174346135244512 0.44554102016515951 0.020000000000000021 0.25249973903714346 -0.44500000000000001 10.371666666666666 -1.2633333333333328 -0.033333333333333874 0.95916666666666661 0.50807349787288314 0.3611135573743523 0.84244126896433358 6.8450000000000006 -1.0000000180025095e-35 3.241666666666668 0.017958928282850433 -0.053333333333333226 0.37667031374061438
decision_type=2 2 8 2 2 10 2 10 2 2 2 2 2 2 8 2 2 2 2 2 2 2 2 2 8 10 2 2 10 2
left_child=1 5 6 20 17 14 7 9 -9 -3 -11 23 13 -8 16 -4 -1 -5 -19 -17 -2 -16 -14 29 -25 26 -15 -12 -29 -6
right_child=3 2 15 4 11 -7 12 8 -10 10 27 -13 22 25 21 19 -18 18 -20 -21 -22 -23 -24 24 -26 -27 -28 28 -30 -31
leaf_value=-0.021350408798581119 0.00081191965700584212 -0.0046982351014976708 -0.027795310854278596 -0.0073759724693472821 0.016245536147284256 0.016602504798480501 0.0047202095828865883 0.035815332071929565 -0.047916578227985666 -0.0098881084785274291 -0.019188849416102698 0.015493935397736931 -0.02988670223658025 -0.0097855190947128308 -0.028537510390736123 -0.012725047270876901 -0.0042480544612411245 -0.013529976147665461 0.028215475262564339 -0.0039745778873051477 0.0081292588666633907 0.05178270010032076 0.0066432866879883833 0.009219762238145442 0.00074772053065160664 2.0594570522712918e-05 0.01288569091107946 0.019725742317122603 0.0037891431645357358 0.00054535202126827483
leaf_weight=213.04215053282678 786.7314465790987 3737.6631440203637 84.26188435498625 800.29349596425891 116.57449489086866 38.250162144191563 869.8957283962518 40.758362745866179 6.2534897923469535 219.8806270416826 44.501453737728298 184.73905982077122 23.137326311320066 693.0572791788727 237.91206408850849 693.80020962283015 237.27644863910973 31.189908538013697 54.950403138995171 1092.6718850005418 2437.9043257012963 4.7951687648892394 1093.5517559014261 1064.2871715426445 1052.4868527799845 1130.3392788749188 61.394098412245512 142.99879827536643 588.02109360601753 7136.1292532272637
leaf_count=9847 4319 52445 3427 6839 1433 713 12055 477 81 2825 1164 846 252 5635 11379 14654 7701 287 402 13153 12248 108 7427 4554 4477 8674 407 1255 7318 45842
internal_value=-6.87844e-05 -0.00325624 -0.00239317 0.00255611 0.0013862 -0.0156747 -0.00111747 -0.00300823 0.0246774 -0.00328322 0.00203005 0.00201453 0.00121709 -0.00067574 -0.0174562 -0.00829281 -0.012339 -0.00538618 0.0131002 -0.00737294 0.00634401 -0.0269506 0.0058864 0.00174876 0.00500736 -0.00316616 -0.00794063 0.00540916 0.00690659 0.000797705
internal_weight=24918.7 11253.5 10522.2 13665.3 10440.7 731.276 8651.45 4780.08 47.0119 4733.07 995.402 9554.22 3871.38 2754.69 693.026 1870.73 450.319 886.434 86.1403 1786.47 3224.64 242.707 1116.69 9369.48 2116.77 1884.79 754.451 775.521 731.02 7252.7
internal_count=242244 160997 131249 81247 64680 29748 100015 65565 558 65007 12562 57152 34450 26771 29035 31234 17548 7528 689 27807 16567 11487 7679 56306 9031 14716 6042 9737 8573 47275
is_linear=0
shrinkage=0.05


Tree=66
num_leaves=31
num_cat=0
split_feature=18 21 11 6 22 13 2 19 5 12 2 11 4 11 13 14 7 12 5 15 2 14 4 20 3 21 21 12 12 13
split_gain=77.656 36.8649 38.9366 34.1779 22.0953 20.4552 19.2063 18.5491 18.1156 17.0976 15.3474 15.2858 14.5904 14.2704 14.3733 12.3366 12.4608 12.1945 12.2994 11.8919 14.9717 14.8565 27.8316 11.8733 11.3267 11.2415 12.8692 11.8827 10.9443 10.8719
threshold=0.097025840069557792 0.061055733123779314 0.017333333333333204 1.5000000000000002 0.84244126896433358 0.74500000000000044 4.5650000000000004 0.63533584791721232 6.6050000000000013 -0.81833333333333302 8.0650000000000031 0.034999999999999705 32.270000000000003 -0.01666666666666616 2.639166666666668 -3.4066666666666676 1.2500000000000002 -0.41166666666666679 6.705000000000001 0.25632406844708344 7.3950000000000005 12.110000000000003 35.975000000000001 18.500000000000004 32.105000000000011 0.58973142641247656 0.12397869164038071 1.1033333333333342 1.1550000000000009 -3.6974999999999993
decision_type=2 2 8 10 2 2 2 2 10 2 2 10 2 10 2 2 8 2 8 2 2 2 2 2 2 2 2 2 2 2
left_child=1 2 5 13 9 8 -3 17 12 -5 24 -6 -1 14 -2 25 -17 -4 23 20 -7 -21 -23 -19 -8 26 -11 -28 -16 -29
right_child=3 6 7 4 11 19 10 -9 -10 15 -12 -13 -14 -15 28 16 -18 18 -20 21 -22 22 -24 -25 -26 -27 27 29 -30 -31
leaf_value=-0.013591141239659181 0.0048936586332121636 -0.0061437259269125381 -0.032374105244447962 -0.0072305405742504299 0.0065534920438384244 -0.0061580871808549278 -0.0039369751829381548 0.13780374989273764 -0.013069579078797201 -0.0066725021342909259 0.025722237324498676 -0.0057576829077983253 0.058098777085198242 -0.016414278139622714 0.0025184014023294692 0.001190242938552958 0.06783749508462987 0.0095830752368504246 -0.018880594546900296 0.0092990328100010494 0.027530340361606745 0.010050236927357835 0.17738324341551878 0.14556152569220554 0.0019438094184395839 -0.020045743225296439 -0.0020067501244557702 0.056919992036699243 0.020812093989753269 0.0057573797739498677
leaf_weight=12.430142106488349 4262.4398662243038 2103.5329804811627 187.38228383101523 877.72886933200061 1925.9500169306993 344.59524574596435 1404.2240494936705 1.8233582377433766 647.72063297778368 999.07980774436146 56.705254264175892 290.11159839481115 16.542632488533854 73.957004988566041 119.31292124465108 6680.9045391175896 7.0206439848989239 17.705634524114434 362.32310360576957 139.7542767720297 36.470442594029009 6.9150181040167791 3.8787942100316286 1.7654306842014182 1963.9620110625401 89.304776713252068 1471.7725705876946 10.600925289094446 259.73578850179911 506.01958784461021
leaf_count=261 24199 31708 9597 9960 8537 7473 16028 30 21904 10951 469 1308 362 460 631 48495 64 498 11505 2357 692 112 65 51 20418 387 9794 56 1277 2595
internal_value=-6.6248e-05 -0.00439798 -0.0106578 0.001735 0.000399717 -0.00557322 -0.00238328 -0.0214173 -0.0113394 -0.000546075 -7.36495e-05 0.0049418 0.0273418 0.00537618 0.00572339 5.4778e-05 0.00126021 -0.0219274 -0.0168002 0.00176652 -0.00293389 0.0136641 0.0701819 0.0219122 -0.000507937 -0.00256543 -0.00204289 0.00028328 0.0150538 0.00680722
internal_weight=24881.7 7307.73 1779.31 17573.9 12858.5 1208.31 5528.42 571 676.693 10642.4 3424.89 2216.06 28.9728 4715.45 4641.49 9764.7 6687.93 569.176 381.794 531.614 381.066 150.548 10.7938 19.4711 3368.19 3076.78 2987.47 1988.39 379.049 516.621
internal_count=242244 123530 54907 118714 92147 33226 68623 21681 22527 82302 36915 9845 623 26567 26107 72342 48559 21651 12054 10699 8165 2534 177 549 36446 23783 23396 12445 1908 2651
is_linear=0
shrinkage=0.05


Tree=67
num_leaves=31
num_cat=0
split_feature=22 22 15 15 5 19 18 7 11 22 5 1 2 14 10 21 5 11 2 13 13 20 22 16 4 22 22 12 12 5
split_gain=71.4612 37.826 36.3411 26.3614 26.2988 26.7321 18.8275 16.8644 16.6555 15.9609 15.1844 14.8071 17.9744 15.2072 14.0571 14.055 13.8755 17.5869 13.7238 13.5267 13.1499 15.184 14.0951 13.9705 12.7133 12.7003 13.5143 13.3188 12.6033 12.449
threshold=0.38924288327633894 0.73652121722103014 0.25120844562037409 0.10735630103082099 6.6050000000000013 0.21524076773614079 0.78518842010839396 -1.0000000180025095e-35 0.05333333333333324 0.37458949775199712 6.785000000000001 5.1050000000000013 4.3650000000000011 12.470000000000006 1.5000000000000002 0.056835774020057718 6.9350000000000014 -0.049999999999999371 5.9250000000000007 2.6941666666666682 -0.24333333333333382 4.5000000000000009 0.83903619976824528 0.3347296352549986 30.440000000000001 0.49597750442054611 0.45187185734062268 1.7533333333333334 1.4016666666666668 6.6350000000000007
decision_type=2 2 2 2 8 2 2 10 8 2 10 2 2 2 2 2 10 8 2 2 2 2 2 2 2 2 2 2 2 10
left_child=2 3 4 -2 9 18 10 11 -7 -1 20 12 -5 19 -8 -11 17 -9 -6 -13 21 -3 -22 -24 -14 26 27 -18 -12 -23
right_child=1 6 -4 7 5 8 14 16 -10 15 28 13 24 -15 -16 -17 25 -19 -20 -21 22 29 23 -25 -26 -27 -28 -29 -30 -31
leaf_value=0.0085886561170305277 -0.0055785485679526363 -0.0089722029980889625 0.0026642487662192765 -0.0037757805962415412 -0.027853602853818011 -0.0072283337589804575 0.033336738423845852 0.006306946071226999 -0.023355480331138771 0.15002432145675093 -7.9394284730870885e-05 -0.0050479355079511186 0.020488577784716973 0.0098268716792129281 0.0094971786005305075 0.036498384590128802 0.0085640757703819691 -0.00054474573203215128 -0.0029269022125938664 0.0051449032276311493 0.0049873844267238118 0.022131256698535936 -0.035671914650874305 0.014302755204231216 0.0043505012555818375 0.011667662748137127 -0.0088823367555354478 0.074287964274031754 0.0090369015591000388 0.0019455318692133726
leaf_weight=35.745439618825912 2365.1023064274341 306.43662426620722 624.42764434590936 483.28386164829135 328.73656164016575 1376.2254085037857 76.175730720162392 1208.8064747899771 181.17231626436114 4.1170799434185019 3773.7106507793069 3387.2423512209207 176.29497485235333 207.82301740162075 328.47541199624538 8.0710420943796617 76.583138247951865 4158.308399675414 66.36608497146517 360.09722123667598 2223.695232488215 85.766298927366734 14.287676513195036 659.38788031041622 396.53342430107296 621.65406471118331 185.4274782165885 8.5710173919796926 421.47393004596233 698.00991544127464
leaf_count=730 34790 1384 10762 6310 18077 30492 394 7739 5445 54 16710 29036 2150 1485 1632 105 1004 38289 2481 2205 9896 381 62 3018 4773 5564 2036 55 2054 3131
internal_value=-6.39061e-05 0.000857624 -0.00786596 -0.000779398 -0.0111529 -0.0120512 0.00345701 0.000227687 -0.00910441 0.0254362 0.00293638 -0.0019339 0.00332576 -0.00333834 0.013985 0.0748468 0.00195826 0.000998424 -0.0236666 -0.00406846 0.0051456 0.000464776 0.00690689 0.0132429 0.00931719 0.00773205 -0.00130993 0.0151794 0.000836485 0.0041544
internal_weight=24848 22223.1 2624.86 13635.7 2000.43 1952.5 8587.42 11270.6 1557.4 47.9336 8182.77 5011.27 1056.11 3955.16 404.651 12.1881 6259.35 5367.11 395.103 3747.34 3987.58 1090.21 2897.37 673.676 572.828 892.236 270.582 85.1542 4195.18 783.776
internal_count=242244 174098 68146 135436 57384 56495 38662 100646 35937 889 36636 45959 13233 32726 2026 159 54687 46028 20558 31241 17872 4896 12976 3080 6923 8659 3095 1059 18764 3512
is_linear=0
shrinkage=0.05


Tree=68
num_leaves=31
num_cat=0
split_feature=18 11 22 19 12 8 11 22 10 18 20 22 12 21 22 4 5 1 18 14 14 12 1 2 12 15 20 7 12 11
split_gain=65.5462 34.7542 28.964 24.1858 21.0976 20.2993 20.0546 30.5123 17.6373 19.4408 13.636 12.8728 11.5997 11.4687 11.3595 14.2054 11.3277 12.7961 10.6995 10.712 10.6678 10.3152 10.3133 12.6379 11.9879 13.4737 11.3749 12.0634 10.6561 11.6795
threshold=0.056986629069582802 0.048333333333334234 0.84244126896433358 0.083532066395419061 -0.27333333333333315 2.5000000000000004 -0.048166666666666906 0.34215666585515059 2.5000000000000004 0.73489271281262147 27.500000000000004 0.46353433924258575 2.1108333333333342 0.16250392377921061 0.54951759432071934 22.685000000000006 6.9750000000000005 6.9750000000000005 0.15741920189089162 -14.491666666666667 1.5266666666666657 1.6466666666666672 5.1450000000000005 4.5650000000000004 -0.46750000000000019 0.3254175864220677 6.5000000000000009 -1.0000000180025095e-35 -3.1508333333333325 0.0033333333333334107
decision_type=2 8 2 2 2 2 8 2 2 2 2 2 2 2 2 2 10 2 2 2 2 2 2 2 2 2 2 10 2 10
left_child=3 2 4 -1 22 13 -7 -8 9 10 -6 -3 -10 21 15 20 17 -4 19 -14 -13 -5 23 26 25 -24 27 -2 29 -28
right_child=1 11 16 5 8 6 7 -9 12 -11 -12 14 18 -15 -16 -17 -18 -19 -20 -21 -22 -23 24 -25 -26 -27 28 -29 -30 -31
leaf_value=-0.039045959293680328 -0.013592902890169976 -0.015894646085690259 0.006091273504119964 -0.0032113865924691741 0.0043375908965358157 0.0022052822753753378 -0.023421431895522451 -0.0074262522539130342 -9.5878684204124908e-05 0.019505512747064548 -0.005475711372976884 0.044244598415342534 0.047654253957754675 0.035497470479346753 -0.0064019575367091977 -0.0001018311603971447 -0.0038459505331082389 0.018119771479890131 0.015344750734950348 -0.0064319734481594745 -0.0075286927856099807 0.0085986711212538338 -0.017264645817789841 0.0031645113759356208 -0.0021058751506706384 0.053361702305042606 0.0077851924851860838 -0.00086994882941802878 -0.00098682731626920919 0.098431760450728795
leaf_weight=54.798946627415717 456.4613947821781 256.12776968814433 2460.4969265684485 1057.6948136463761 4217.8212402053177 387.62863450776786 360.02358932606876 1734.8996672537178 7507.8444342948496 198.23484064638615 386.42787525802851 33.423808671534061 9.8928241580724698 21.713770352303982 1166.2342582419515 390.34927808493376 255.30336312204599 242.93320636451244 236.87425968796015 122.66356007382274 14.166689082980154 224.0573526378721 292.4582159826532 1015.7899130601436 361.52877604402602 6.9125855714082709 9.6792329102754575 314.79584453627467 1007.6471093017608 5.614967828616499
leaf_count=3912 5094 4823 10940 16069 28821 6265 21014 32048 54758 983 2328 447 62 140 9116 4957 1137 1277 1133 703 176 2568 3386 10324 3710 81 144 3570 12146 112
internal_value=-6.1513e-05 0.00103836 0.00167346 -0.00606647 0.000840294 -0.00558913 -0.00824202 -0.0101751 0.00178578 0.00417407 0.00351397 -0.00548558 0.000329733 -0.000536483 -0.00382363 0.00304247 0.00622144 0.00717217 0.00897934 -0.00239546 0.0288328 -0.00114692 -0.00261374 -0.00129194 -0.00823371 -0.0156339 -0.00381497 -0.00839991 -0.000358112 0.0410643
internal_weight=24810.5 20969.7 19109.4 3840.82 16150.6 3786.02 2482.55 2094.92 12679.8 4802.48 4604.25 1860.3 7877.28 1303.47 1604.17 437.94 2958.73 2703.43 369.431 132.556 47.5905 1281.75 3470.89 2809.99 660.9 299.371 1794.2 771.257 1022.94 15.2942
internal_count=242244 160228 140709 82016 127355 78104 59327 53062 88788 32132 31149 19519 56656 18777 14696 5580 13354 12217 1898 765 623 18637 38567 31390 7177 3467 21066 8664 12402 256
is_linear=0
shrinkage=0.05


Tree=69
num_leaves=31
num_cat=0
split_feature=21 8 6 0 14 9 15 11 21 5 2 18 14 14 2 5 4 16 18 11 21 13 0 7 5 14 1 15 13 2
split_gain=61.1592 35.3638 30.2348 22.5504 22.4927 19.3392 17.8054 14.3991 13.7893 15.0999 15.0349 14.8204 13.5036 13.3872 13.3091 14.8666 12.636 12.6153 12.2342 12.157 11.8998 11.7011 11.6952 11.5482 11.5463 12.083 11.0787 10.8827 10.7378 13.8272
threshold=0.095665959836712541 4.5000000000000009 1.5000000000000002 5.5000000000000009 4.0783333333333358 2.5000000000000004 0.04839816875921716 -0.051666666666666299 0.14139248357015011 6.8650000000000011 6.1050000000000013 0.18539146723235786 -5.3825000000000012 -10.215833333333332 7.3250000000000011 6.5850000000000009 30.865000000000006 0.69596445329742906 0.67247115294366111 -0.01666666666666616 0.62755751773698087 1.4066666666666672 2.5000000000000004 1.0000000180025095e-35 6.6050000000000013 16.729166666666675 1.5550000000000004 0.28223510946103753 -1.8183333333333329 3.7850000000000006
decision_type=2 2 10 2 2 2 2 8 2 10 2 2 2 2 2 10 2 2 2 10 2 2 2 10 10 2 2 2 2 2
left_child=1 4 6 26 -1 12 -2 28 9 22 11 17 21 -10 15 -14 -6 -11 19 20 24 -4 -7 -16 25 -8 -3 -13 -5 -30
right_child=2 3 5 7 16 8 18 -9 13 10 -12 27 14 -15 23 -17 -18 -19 -20 -21 -22 -23 -24 -25 -26 -27 -28 -29 29 -31
leaf_value=-0.0051888864700521103 -0.016054116511721506 0.0099475066950725846 -0.0077017661708433998 -0.032679318400014222 -0.0038053548313802137 -0.011085089432982557 0.011002184053562946 -0.032195189401681638 -0.0083127678967152042 -0.00049804098904501196 -0.017509573414063524 0.023323906848033132 -0.0302301619287847 0.00093936797781210644 0.0082822983056051631 0.0025737997601016603 0.0079376770267027604 0.056085021606957247 0.01086865275886089 -0.016516426337066018 0.016291976779998871 0.0014738067263772095 -0.003718378442132643 0.037544132642947398 0.0028426182658486138 0.067747135104121822 -0.010687935785834468 -0.010434477702055243 0.078189681022873062 -0.0019394369451750477
leaf_weight=2526.9921478088945 103.98103255406022 70.352780155837536 570.96773751452565 18.203762759454548 358.71654799487442 799.09026895090938 312.27610785886645 197.0758721427992 427.50862410292029 863.92197063565254 101.33432256802917 125.73126036301255 34.830454409122467 4574.742998547852 657.77893421053886 4116.9698271341622 633.88696674257517 9.9642247296869737 723.46375328302383 72.073388773947954 193.95668511092663 887.59722051396966 1653.8014275245368 35.538996063172817 3776.1975364983082 9.6717817857861501 861.86639883555472 29.468769986182451 6.8858940172940519 24.681343911215663
leaf_count=43084 942 1296 4147 730 5429 9314 1765 14948 2796 12277 1198 1369 189 27939 4133 25859 9438 93 3624 492 880 5538 21254 211 22684 53 19340 235 238 749
internal_value=-5.91823e-05 -0.0051944 0.00114239 -0.0126888 -0.00268375 -3.24648e-06 0.00442801 -0.0261265 -0.00154731 -0.00391485 0.000866321 0.0026758 0.00209976 0.00014865 0.00336948 0.0022986 0.00369387 0.00014713 0.00484662 0.00384833 0.0041903 -0.00211805 -0.00611827 0.00978224 0.00361755 0.0127069 -0.00913062 0.016914 -0.00209657 0.0155395
internal_weight=24779.5 4698.66 20080.9 1179.07 3519.6 14889.2 5191.62 246.847 8585.56 3583.31 1130.42 1029.09 6303.68 5002.25 4845.12 4151.8 992.604 873.886 5087.64 4364.18 4292.1 1458.56 2452.89 693.318 4098.15 321.948 932.219 155.2 49.771 31.5672
internal_count=242244 95252 146992 37301 57951 116552 30440 16665 76475 45740 15172 13974 40077 30735 30392 26048 14867 12370 29498 25874 25382 9685 30568 4344 24502 1818 20636 1604 1717 987
is_linear=0
shrinkage=0.05


Tree=70
num_leaves=31
num_cat=0
split_feature=22 5 21 19 9 14 11 7 6 1 7 4 5 13 17 16 13 14 12 11 14 3 1 15 12 1 2 18 18 12
split_gain=56.1841 32.4631 29.8587 25.1495 16.9 16.695 16.0442 15.5432 17.0666 15.5618 14.2222 13.6887 13.1707 15.3424 11.7781 11.4703 11.2974 12.0668 13.4573 18.7242 11.0724 11.3959 10.9148 11.9483 10.8458 10.7589 16.535 12.2033 11.3754 11.1889
threshold=0.38924288327633894 6.785000000000001 0.15284793837319438 0.21524076773614079 1.5000000000000002 -1.4533333333333311 0.0066666666666672656 -1.0000000180025095e-35 1.5000000000000002 3.0750000000000006 0.75000000000000011 26.255000000000006 6.6050000000000013 0.87166666666666759 17.500000000000004 0.16724351250360123 2.6941666666666682 -3.2566666666666655 -1.9799999999999998 0.029999999999999808 5.0291666666666659 39.015000000000008 7.0550000000000006 0.20628555492760256 0.51833333333333409 6.245000000000001 6.3750000000000009 0.19405168013911558 0.01199612115095946 0.86916666666666675
decision_type=2 8 2 2 2 2 8 10 8 2 10 2 10 2 2 2 2 2 2 10 2 2 2 2 2 2 2 2 2 2
left_child=1 12 7 24 -4 14 -5 9 -9 -2 -10 -7 -1 20 -6 -13 17 -11 19 -19 21 -14 -8 -24 -3 26 28 -28 -20 -27
right_child=2 3 4 6 5 11 22 8 10 16 -12 15 13 -15 -16 -17 -18 18 25 -21 -22 -23 23 -25 -26 29 27 -29 -30 -31
leaf_value=0.020741783228406058 -0.020940268018210598 -0.032773357135114388 0.0064185809234288283 -0.0033043518866024343 -0.0086092126220156974 -0.0020559803383170846 -0.016701901198310436 0.0050534973962812185 -0.0011328513311867799 -0.0073302686565691446 0.026382263510219613 -0.042858504493233772 -0.0086128406793432588 0.00502247773933121 5.9428338400294461e-05 0.0048893902381861908 0.0059088286906968995 0.012620014640244341 0.072888753741495449 0.18226584888974681 0.0044734480211669125 -0.035675824995606287 0.10792560747808951 0.0014466493927360747 -0.0076501943443691225 -0.01253682258494 0.0076320468170813539 0.038720141641784299 -0.0014812257101937199 -0.001737237480658176
leaf_weight=68.118850477971137 118.43596600741148 180.89969184715301 2349.9018705114722 614.70029340405017 453.81526490673423 911.61627355590463 570.54369573201984 1640.496079724282 4719.7651196792722 1313.6383492965251 47.435945995151997 12.617937326431273 394.83675258606672 447.23944786936045 2869.4219433926046 3959.8257188461721 361.81846287101507 5.318544326350092 5.1537621952593318 2.3430605381727219 149.67546960245818 43.150047991424799 2.7809619773179284 50.069864008575678 56.337691806256771 411.3209801800549 167.70778139680624 38.885809317231178 2205.8781208526343 575.25788308680058
leaf_count=1129 2341 11787 11527 11782 2616 4644 15555 12215 51934 15467 493 105 12198 7539 14758 20095 2352 99 103 54 4153 1265 54 932 1752 4258 1564 321 25752 3400
internal_value=-5.70005e-05 -0.0070428 0.000755418 -0.0118939 0.00267994 0.0016095 -0.00903629 -0.000994065 0.000654669 -0.00302347 -0.000859063 0.00346967 -0.000554258 -0.001956 -0.00112435 0.00473773 -0.00260636 -0.00325834 -0.00169056 0.0645008 -0.00726695 -0.0112791 -0.0146883 0.00704947 -0.0268073 -0.00183953 -4.39003e-05 0.0134836 -0.00130787 -0.00623976
internal_weight=24749 2578.35 22170.7 1475.33 10557.2 8207.3 1238.09 11613.5 6407.7 5205.76 4767.2 4884.06 1103.02 1034.9 3323.24 3972.44 5087.32 4725.5 3411.87 7.6616 587.662 437.987 623.395 52.8508 237.237 3404.2 2417.63 206.594 2211.03 986.579
internal_count=242244 68146 174098 41862 53745 42218 28323 120353 64642 55711 52427 24844 26284 25155 17374 20200 53370 51018 35551 153 17616 13463 16541 986 13539 35398 27740 1885 25855 7658
is_linear=0
shrinkage=0.05


Tree=71
num_leaves=31
num_cat=0
split_feature=18 21 12 11 5 2 3 7 12 11 14 1 11 14 1 20 12 8 3 12 14 18 5 12 2 18 18 1 12 14
split_gain=51.8297 33.4354 24.7482 21.0345 16.9765 15.5155 14.979 13.9659 18.1446 16.5663 20.1975 14.5548 13.8235 13.7979 15.2313 13.6199 12.6728 11.8457 11.8455 10.9551 10.6265 13.8417 10.576 10.5318 10.1323 16.4288 10.918 10.075 12.5464 10.4067
threshold=0.020511597070535154 0.15284793837319438 -0.77166666666666617 0.041666666666666526 7.0050000000000008 5.5850000000000009 49.565000000000005 -1.0000000180025095e-35 -0.91833333333333245 -0.12500000000000042 12.470000000000006 1.4350000000000003 -0.0081666666666668757 9.2908333333333335 3.0750000000000006 34.500000000000007 1.2333333333333341 1.5000000000000002 33.105000000000011 1.2716666666666669 -4.843333333333331 0.78518842010839396 6.6350000000000007 2.287500000000001 6.955000000000001 0.12131646240141071 0.086180968695386315 6.3750000000000009 1.5000000000000007 1.1049999999999989
decision_type=2 2 2 8 10 2 2 10 2 10 2 2 8 2 2 2 2 2 2 2 2 2 10 2 2 2 2 2 2 2
left_child=2 3 -1 4 7 13 24 8 -2 10 22 -11 23 14 -3 -16 20 -13 -5 -18 -7 -22 -9 -4 -6 26 -26 -10 -29 -30
right_child=1 5 12 18 6 16 -8 9 27 11 -12 17 -14 -15 15 -17 19 -19 -20 -21 21 -23 -24 -25 25 -27 -28 28 29 -31
leaf_value=-0.023442296001968087 -0.012563996632254427 -0.018780963644439711 -0.00098658796861017268 -0.010191840677443519 0.0057223863268247343 -0.0016315995307936968 0.066123146761066454 0.034559831583886418 -0.0002322655003830636 0.036273765356318342 0.099386539933203927 0.0038808094772844882 -0.011967946734162163 0.0075563709126852778 0.00058676854960532966 -0.021372045711948152 0.027260488219744052 -0.0010490518937379936 -0.0019931866391107401 0.0077587530646630876 0.0037377522415072517 0.018333764049294148 -0.0024026559948967549 0.053131397349441924 0.035065357680534009 0.0010459968102420568 0.12017674194199496 -0.0092094368008247881 -0.0056447579599905283 0.0093096111070963897
leaf_weight=270.72067501861602 431.85133345797658 107.33859633281827 434.7106062900275 929.54591984674335 253.36041557788849 890.52674580737948 11.982177078723906 36.52718111127615 3021.4153835549951 28.316314682364464 7.7981968931853762 1697.6596869379282 503.99885383620858 657.7886667586863 4767.7454111948609 71.676615998148918 76.750304996967316 4317.3470438178629 837.50550635997206 1166.5952994450927 2644.4269205033779 173.05781339108944 41.159331854432821 9.1798375733196718 8.4306764416396636 16.441628664731979 6.8128562457859507 826.91878307051957 261.25299471989274 209.72999493777752
leaf_count=14234 8267 855 10675 14637 3079 4380 126 267 32617 469 53 11417 17810 3373 24860 324 381 51340 12307 5858 12856 868 312 120 87 125 58 7782 1562 1145
internal_value=-5.50678e-05 0.000466303 -0.0101093 -0.00123684 -0.00043542 0.00255477 0.0113582 -0.00075739 -0.00279199 0.000819871 0.0226768 0.000510698 -0.00630134 0.000753006 -0.000151662 0.000261537 0.00459422 0.000342339 -0.00630604 0.00896257 0.00312945 0.00463428 0.0149766 0.000132594 0.00905608 0.0357129 0.0731045 -0.00181497 -0.00549938 0.00101446
internal_weight=24718.6 23500 1218.61 12944.1 11177 10555.9 297.028 10880 4751.17 6128.81 85.4847 6043.32 947.889 5604.55 4946.76 4839.42 4951.36 6015.01 1767.05 1243.35 3708.01 2817.48 77.6865 443.89 285.046 31.6852 15.2435 4319.32 1297.9 470.983
internal_count=242244 199405 42839 145650 118706 53755 3475 115231 51373 63858 632 63226 28605 29412 26039 25184 24343 62757 26944 6239 18104 13724 579 10795 3349 270 145 43106 10489 2707
is_linear=0
shrinkage=0.05


Tree=72
num_leaves=31
num_cat=0
split_feature=21 8 5 22 14 16 12 7 11 22 7 11 22 13 11 0 2 11 22 11 19 13 6 1 14 17 19 21 16 22
split_gain=48.2843 25.5141 23.8715 26.8197 20.0418 20.1776 18.7961 17.5817 14.9138 15.2566 16.2545 13.5328 13.1621 12.5847 12.3069 11.9329 18.8148 11.6648 11.3504 11.0602 10.7047 10.1906 10.5749 10.0402 9.86561 9.81617 9.33685 9.75893 10.3519 9.09072
threshold=0.083411417677901126 1.5000000000000002 6.785000000000001 0.22142596179984991 8.2316666666666656 0.35185348269401268 0.12916666666666646 1.7500000000000002 0.033333333333333666 0.84244126896433358 2.2500000000000004 -0.061666666666666974 0.32667586892521261 -4.5058333333333325 -0.15499999999999978 3.5000000000000004 5.3850000000000007 -0.054999999999999265 0.83903619976824528 0.13250000000000031 0.083532066395419061 3.1325000000000007 2.5000000000000004 4.4750000000000005 -1.119999999999999 91.500000000000014 0.41524034757773443 0.13856141252857904 0.3611135573743523 0.48548388701623724
decision_type=2 2 8 2 2 2 2 10 10 2 10 8 2 2 10 2 2 8 2 8 2 2 10 2 2 2 2 2 2 2
left_child=2 18 14 -4 5 -3 7 12 9 10 26 23 -5 -13 -1 16 -8 -17 21 29 -16 -2 -23 -11 -24 -20 27 -7 -29 -6
right_child=1 4 3 6 19 8 15 -9 -10 11 -12 13 -14 -15 20 17 -18 -19 25 -21 -22 22 24 -25 -26 -27 -28 28 -30 -31
leaf_value=0.037796904066479828 0.0021866073800420106 -0.0069950988553868255 -0.025647819907440469 -0.029233731588926851 -0.0040750101298922658 0.0023497308683170207 0.086360137409172283 0.096114395818425014 -0.0041679928043119796 -0.016729146490451183 0.075093163406384403 -0.031347647419710654 -0.010742451257301541 0.0041296416099796049 -0.036806805561533547 0.014535276311289844 -0.0052025379024077207 -0.0050583074292843491 0.015101879869735636 -0.056838992395620715 -0.00092342700221904265 0.018946691219875779 -0.0098545364356152874 0.025023433622427583 0.013477490513834484 0.0038660091393738858 -0.00084655528426234535 0.077864179262279454 0.014339062613876727 0.0056173778000402734
leaf_weight=20.28055621124804 3955.2973817922175 1215.3297872859985 218.50505840126425 113.25449258461595 275.58480191603303 537.38369286805391 9.631034944206478 3.6745960880070916 2032.6106804125011 16.368594914674759 7.1394221559166899 25.414754569530487 640.37721185106784 1519.1783423423767 21.064867314882576 83.138441855087876 13.439776610583065 879.83848690148443 389.49305553734303 7.3891396075487128 1558.1810530582443 193.40397498756647 88.129450157284737 119.6281621158123 93.239871963858604 388.06024840474129 8153.052599042654 6.7694025561213484 121.84044784680009 1980.5774253085256
leaf_count=205 22523 14958 10890 7969 3080 6952 85 74 21380 68 45 108 15328 6484 1420 826 111 14283 1986 71 31587 920 495 541 483 2000 62097 88 1286 13901
internal_value=-5.2999e-05 0.000854902 -0.0054386 -0.00913486 -0.000126292 -0.000843756 -0.00706519 -0.0129893 -0.000247562 0.000510874 -0.000320525 0.00487724 -0.0135213 0.0035459 -0.000905052 -0.00251533 0.0330208 -0.0033667 0.00393207 0.00423346 -0.00140206 0.00293326 0.0108133 0.0199981 0.00214019 0.0094943 -0.000381575 0.00531068 0.0176827 0.00443348
internal_weight=24687.3 21125.9 3561.39 1961.86 16018.3 13754.7 1743.35 757.306 12539.4 10506.8 8826.19 1680.59 753.632 1544.59 1599.53 986.048 23.0708 962.977 5107.62 2263.55 1579.25 4330.07 374.773 135.997 181.369 777.553 8819.05 665.994 128.61 2256.16
internal_count=242244 159466 82778 49566 131059 114007 38676 23371 99049 77669 70468 7201 23297 6592 33212 15305 196 15109 28407 17052 33007 24421 1898 609 978 3986 70423 8326 1374 16981
is_linear=0
shrinkage=0.05


Tree=73
num_leaves=31
num_cat=0
split_feature=18 11 8 19 8 11 22 12 14 18 21 14 10 14 15 16 17 11 19 17 4 3 14 17 14 16 2 21 19 16
split_gain=44.5791 27.0164 20.7856 20.2939 16.3862 16.4251 24.415 15.4991 15.1702 16.2962 12.6648 12.0387 11.6829 10.452 11.7744 11.4705 10.3196 10.0892 10.4977 12.4765 9.7936 9.78004 9.64764 10.0741 11.7696 11.3418 11.9462 9.58717 9.56807 9.50522
threshold=0.056986629069582802 0.048333333333334234 1.5000000000000002 0.083532066395419061 2.5000000000000004 -0.048166666666666906 0.34215666585515059 1.6800000000000004 -1.4533333333333311 0.78518842010839396 0.52754334016902782 -1.119999999999999 5.5000000000000009 10.893333333333334 0.041665916108626765 0.46875275204614636 192.50000000000003 -0.079999999999999613 0.69498861242619614 168.50000000000003 32.995000000000012 75.595000000000013 8.2316666666666656 59.500000000000007 7.9000000000000012 0.32500550409229273 5.455000000000001 0.16250392377921061 0.69070350991521223 0.48443878206949781
decision_type=2 8 2 2 2 8 2 2 2 2 2 2 2 2 2 2 2 10 2 2 2 2 2 2 2 2 2 2 2 2
left_child=3 2 10 -1 27 28 13 8 17 11 -2 -10 -3 -7 -15 -16 -12 -4 -19 -20 -18 -8 23 24 25 26 -13 -5 -6 -17
right_child=1 12 7 4 5 6 21 -9 9 -11 16 22 -14 14 15 29 20 18 19 -21 -22 -23 -24 -25 -26 -27 -28 -29 -30 -31
leaf_value=-0.03731621114448469 0.0025487747210441785 -0.0029754813144928435 0.0070967363262091163 -0.00066836724183123571 0.0015826832755235735 -0.023707648803053337 -0.006606937172848013 -0.016191354641739902 0.011989974366370943 0.022536987357527585 0.0085781559803405488 -0.012427897766724115 -0.01303760444056939 0.16626039065223319 -0.040283628438017076 0.17029304316138813 -0.058149305409587175 -0.0041761389805057064 -0.00033915412200465062 0.018514403877264163 0.008438525827720875 0.078405805563259282 0.0043339401343672861 -0.0013492261042294847 -0.023827110697323385 0.0041667825964704511 0.033964658429249853 0.032428232857901244 0.079782860612503892 0.019008609411328523
leaf_weight=48.144400056451559 3526.2649959996343 1483.4844634691253 322.09640670567751 1270.0733562428504 382.16264791041613 309.65399874094874 1696.8525934461504 138.96122705750167 273.54336863197386 94.636383324861526 1455.399005651474 171.06776745803654 358.1176149379462 1.1523007499054099 9.3622307954356092 1.1297769304364909 11.381044447422029 2682.6212479202077 2299.1737248636782 91.231482986360788 10.726171135902403 3.3898415826261035 2008.8936248002574 3617.6061643464491 40.930568814277649 2297.1451673144475 15.101200286298988 22.264384090900421 3.9520013332366934 12.820096383802591
leaf_count=3912 21550 15592 2012 18637 6233 19517 31993 743 2176 460 7475 1968 3927 93 654 68 58 30922 11374 472 55 55 14963 28248 338 17787 108 140 32 682
internal_value=-5.1001e-05 0.000850856 0.00140971 -0.00506232 -0.00464408 -0.00707122 -0.00886562 0.000424363 0.000590306 0.00190416 0.00417705 0.00167238 -0.00493216 -0.021222 0.0102403 0.00252833 0.00806315 -0.00148427 -0.0020291 0.000380405 -0.0258416 -0.00643744 0.00132611 0.000342303 0.00276651 0.00320483 -0.00866474 -9.81793e-05 0.00238309 0.0312609
internal_weight=24659.3 20898.4 19056.8 3760.96 3712.81 2420.48 2034.36 14053 13914 8518.92 5003.77 8424.29 1841.6 334.118 24.4644 23.3121 1477.51 5395.12 5073.03 2390.41 22.1072 1700.24 8150.74 6141.85 2524.24 2483.31 186.169 1292.34 386.115 13.9499
internal_count=242244 160228 140709 82016 78104 59327 53062 111571 110828 66048 29138 65588 19519 21014 1497 1404 7588 44780 42768 11846 113 32048 63412 48449 20201 19863 2076 18777 6265 750
is_linear=0
shrinkage=0.05


Tree=74
num_leaves=31
num_cat=0
split_feature=21 11 19 9 11 14 4 12 22 3 12 11 16 14 22 1 13 15 12 20 1 15 21 16 13 22 4 17 13 11
split_gain=41.7913 30.4498 21.6389 19.3239 15.2916 14.4366 15.5322 14.2501 14.5771 14.0466 13.3067 18.1892 12.8369 19.7877 16.5217 11.7923 12.2288 11.4839 10.9199 10.8136 12.469 20.443 12.9543 13.2998 18.0662 12.561 16.3663 13.1161 17.1235 10.6969
threshold=0.11582099990689351 0.081666666666666568 0.21524076773614079 1.5000000000000002 -0.046333333333333553 -1.4533333333333311 26.375000000000004 1.1741666666666666 0.22016203547954974 52.960000000000001 -0.72749999999999992 -0.15499999999999978 0.29509218177510166 -2.4033333333333338 0.37786786726580712 1.5550000000000004 -0.1166666666666669 0.097031868294283993 -0.9366666666666662 2.5000000000000004 5.3150000000000004 0.16835454472900604 0.020941201760140329 0.48113415248765762 0.95333333333333348 0.57403674185328224 34.815000000000005 37.500000000000007 -3.6224999999999992 -0.11266666666666623
decision_type=2 8 2 2 10 2 2 2 2 2 2 10 2 2 2 2 2 2 2 2 2 2 2 2 2 2 2 2 2 10
left_child=1 2 10 -2 -4 17 -7 8 9 -6 -1 -12 13 -13 -15 16 -10 29 -17 -20 21 22 23 24 -21 27 -27 28 -23 -5
right_child=3 -3 4 5 7 6 -8 -9 15 -11 11 12 -14 14 -16 18 -18 -19 19 20 -22 25 -24 -25 -26 26 -28 -29 -30 -31
leaf_value=-0.023399024626160315 0.0045688411311289815 -0.020710676268179084 0.0029826097959551354 0.038557977688202169 -0.024011037708392136 -0.0027944270275442572 0.0029413041615740303 0.0016119365456565506 0.012660389068751438 0.087892506837249695 0.11062667524463515 -0.051914142633731453 -0.0093337136364417695 0.025558794508323275 0.20565048553415904 -0.01082216544105559 0.11759315770943109 -0.00051844678389958412 0.0038659547216897219 0.057694810908831974 -0.0064337803822623572 0.09973842123389548 -0.0034517405837009361 -0.0024873880355364749 0.28074757988118088 0.019039942688181332 0.13742997958728517 0.01838255078695052 -0.018737386242572925 -0.0075480080785948192
leaf_weight=184.49230056814849 3730.4614487327635 234.8498624721542 1365.4151497147977 12.769956707954405 117.51128499861807 1458.5099474042654 6187.9105202518404 1377.1405013222247 62.965164535678923 2.8728583604097357 3.3051411174237719 2.7760281087830663 256.12055312376469 2.5932068200781933 2.5025188364088535 522.60983025748283 2.9046114282682529 4203.7636424899101 484.54441926348954 3.6830079425126296 2194.118740840815 3.2598697599023572 1153.2901528505608 5.1473574647679925 1.2047557253390548 7.9696036465466005 4.6064689420163631 148.19154407735914 47.33094687294215 846.30751794949174
leaf_count=11217 20329 6332 13115 92 5741 10028 41850 11609 1166 131 39 117 10587 123 46 12342 44 28551 7358 226 29886 63 19680 278 55 93 47 2324 770 8005
internal_value=-4.90408e-05 -0.00296673 -0.00244299 0.00140475 -0.00180322 0.000476019 0.00184725 -0.0028676 -0.004163 -0.0213406 -0.0130704 -0.00594136 -0.00740077 0.0554906 0.114002 -0.0037175 0.0172875 -0.00159495 -0.00401987 -0.00314283 -0.00409443 -0.000360604 -0.00295957 0.0536037 0.112674 0.0139442 0.0624048 0.0108783 -0.0111033 -0.00686265
internal_weight=24631.1 8191.41 7956.56 16439.7 7504.77 12709.3 7646.42 6139.35 4762.21 120.384 451.79 267.297 263.992 7.87175 5.09573 4641.83 65.8698 5062.84 4575.96 4053.35 3568.8 1374.68 1163.33 10.0351 4.88776 211.358 12.5761 198.782 50.5908 859.077
internal_count=242244 133389 127057 108855 104928 88526 51878 91813 80204 5872 22129 10912 10873 286 169 74332 1210 36648 73122 60780 53422 23536 20239 559 281 3297 140 3157 833 8097
is_linear=0
shrinkage=0.05


Tree=75
num_leaves=31
num_cat=0
split_feature=22 12 21 11 7 3 4 14 12 11 11 19 12 5 22 5 22 21 10 20 22 4 22 12 14 14 14 9 12 4
split_gain=38.252 27.6901 23.6829 20.9849 19.8622 14.2281 14.4739 13.5514 12.8709 12.6507 12.5174 12.4513 12.0964 11.6888 11.5284 10.7734 10.7026 10.6984 10.624 9.99697 9.93994 10.4437 9.88561 9.85285 9.5727 11.7217 9.41213 9.31895 16.3985 10.896
threshold=0.25249973903714346 -0.88499999999999945 0.15284793837319438 0.021833333333333375 0.75000000000000011 39.585000000000008 31.265000000000004 -8.0116666666666649 -2.4391666666666656 0.041666666666666526 -0.058333333333333119 0.21524076773614079 2.0425000000000009 6.785000000000001 0.83511265994949324 6.6950000000000012 0.83511265994949324 0.039122701478753075 1.5000000000000002 24.500000000000004 0.54951759432071934 29.215000000000003 0.59615420101676431 -3.5749999999999993 -0.33333333333333387 -0.85999999999999577 10.371666666666666 4.5000000000000009 0.63666666666666727 23.690000000000001
decision_type=2 2 2 8 10 2 2 2 2 8 8 2 2 10 2 10 2 2 2 2 2 2 2 2 2 2 2 2 2 2
left_child=3 7 4 8 5 9 22 -2 -1 17 -8 -6 13 14 -4 26 23 -3 19 -17 21 -13 24 -9 25 -7 -12 -16 29 -29
right_child=1 2 12 -5 11 6 10 16 -10 -11 15 20 -14 -15 27 18 -18 -19 -20 -21 -22 -23 -24 -25 -26 -27 -28 28 -30 -31
leaf_value=-0.04094079170788565 -0.015516271099040652 -0.01463015094712506 0.0028972348865391045 -0.024867282918024917 0.084825566723996715 0.0096668782432359334 0.014821933511037794 0.027795036254594237 -0.0044854722099122992 -0.0064174040944138247 -0.00040304459415433676 0.044549278985866123 0.012690957460906718 0.0006387927041099946 0.011524352957501699 0.011023157799833695 0.0069395706019735317 -0.00079914846087429702 -0.0002474048766126772 -0.0071239174792003994 -0.029742393297512073 0.010200636024403071 0.014474542776722207 -0.0053176795975411421 -0.0045349419072705441 0.10393608762503802 -0.023047577155208422 -0.044183939447970472 0.029792674777860052 -0.0030585086178916716
leaf_weight=25.335258282721043 270.25581246055663 142.43833387084305 3662.2064053341746 201.52840285655111 6.802190530113875 13.870319835841658 273.34491411224008 22.766472385264933 546.04076753649861 1281.6401130631566 158.99596354179084 30.804469276219606 293.39588257670403 4747.6378661543131 764.88243834674358 648.8851592130959 215.52312830090523 7590.1652214331552 558.64277336373925 85.943610230460763 11.120678924024103 78.58340697363019 79.769628349691629 1698.2087646909058 943.75672407820821 4.3260353887453666 64.505252475850284 18.287131577730179 35.397889882326126 135.03129625320435
leaf_count=2139 4450 3634 18264 11785 124 156 1860 382 20507 18986 1442 293 1490 23769 3539 6592 1056 75009 5908 751 72 737 622 28201 9044 51 559 78 167 577
internal_value=-4.75924e-05 0.000307365 0.000851678 -0.0109948 -0.000634122 -0.000845234 0.00224626 -0.00502795 -0.00610193 -0.0018165 0.00497287 0.0190099 0.00269393 0.00238069 0.00417233 0.00319816 -0.00356422 -0.00105392 0.0049497 0.00890072 0.0152949 0.0198735 -0.00243975 -0.00487964 -0.00384236 0.0320786 -0.00693854 0.0090692 -0.000881715 -0.00796376
internal_weight=24610.1 23837.2 21630.4 772.904 11973.6 11846.3 2832.04 2206.75 571.376 9014.24 1790.32 127.311 9656.84 9363.44 4615.81 1516.97 1936.5 7732.6 1293.47 734.829 120.509 109.388 1041.72 1720.98 961.953 18.1964 223.501 953.599 188.716 153.318
internal_count=242244 207813 173724 34431 125840 124614 26985 34089 22646 97629 17112 1226 47884 46394 22625 15252 29639 78643 13251 7343 1102 1030 9873 28583 9251 207 2001 4361 822 655
is_linear=0
shrinkage=0.05


Tree=76
num_leaves=31
num_cat=0
split_feature=22 15 6 5 12 19 7 2 11 15 5 18 18 7 22 12 12 21 17 11 14 5 14 12 12 11 5 12 18 19
split_gain=35.3735 27.3579 21.5637 20.8028 17.3849 16.6728 15.8622 13.8949 14.6724 13.4918 13.1567 12.7949 12.6124 11.2956 12.3169 12.32 12.0398 10.9587 11.3446 11.9987 10.6733 10.741 10.4877 10.4037 12.6476 9.84192 9.97082 11.1378 19.7763 20.7175
threshold=0.38924288327633894 0.25120844562037409 1.5000000000000002 6.785000000000001 -0.88499999999999945 0.21524076773614079 2.2500000000000004 7.535000000000001 0.01166666666666716 0.04839816875921716 6.6050000000000013 0.7990243841053889 0.0073999706868360573 0.75000000000000011 0.45654699248725977 0.94333333333333391 0.60000000000000042 0.54077537032938483 92.500000000000014 -0.01666666666666616 -8.3233333333333306 6.8550000000000013 -1.7191666666666696 -0.91833333333333245 0.44916666666666677 0.051666666666667201 6.9150000000000009 -0.033333333333333874 0.027761800473119855 0.47717298615091758
decision_type=2 2 10 8 2 2 10 2 8 2 10 2 2 10 2 2 2 2 2 10 2 10 2 2 2 10 10 2 2 2
left_child=1 3 9 10 20 7 22 -5 -9 -2 12 13 -1 25 15 -15 -16 -11 19 -19 -4 -22 -7 -3 -25 -6 -27 -28 29 -29
right_child=2 23 4 5 11 6 -8 8 -10 17 -12 -13 -14 14 16 -17 -18 18 -20 -21 21 -23 -24 24 -26 26 27 28 -30 -31
leaf_value=-0.025488449306260565 -0.013475779280455383 0.095954920014639122 -0.016599379106371329 -0.027952865259495464 0.0003679303493807995 -0.017331027376713621 0.11052860549497814 0.1998659210888904 -0.02116267565191127 0.0020170428182333844 -0.0041661194242834081 0.012819333425159091 0.035750956577096059 0.099846159043752991 -0.0080046461062012169 0.0077222581506264419 0.034513682942396103 0.010923290444647375 0.0024102304440961645 -0.03082539218809523 -0.0070404999416848919 0.0024567481817817289 -0.006240179029775866 -0.011084196620386845 0.0066847683493363374 -0.0068453805600895597 -0.0090145369900720956 0.024342616191903414 0.0043477447352639398 0.17342237932776317
leaf_weight=10.738430091179906 117.97627479210496 3.0264790067449203 187.10657336562872 194.25610444508493 13067.990230549127 351.5741324685514 2.7106770873069754 1.3850048873573531 1.6398067232221367 3657.3469657804817 745.98593774624169 198.05726124346256 38.736719970591366 8.3463546074926835 40.528690904378891 6.4212009385228148 28.258784294128418 1019.0109493583441 844.04757153987885 17.505995333194733 885.46705500874668 448.50082299672067 541.38415876217186 126.1410644389689 485.91247629094869 994.27236283011734 173.45779211074114 7.0065390765666944 374.31932815164328 3.4918905608355999
leaf_count=263 1202 107 2858 12740 99710 9517 41 43 70 24704 20760 985 626 111 332 48 155 4719 4020 77 12581 6817 13324 3559 7096 10106 2366 109 3156 42
internal_value=-4.58295e-05 -0.00567848 0.000592841 -0.0086615 -0.000324142 -0.0131385 -0.0102402 -0.026297 0.0800422 0.00325552 -0.00251011 0.000195587 0.0224591 2.5551e-05 0.0183572 0.059789 0.00946243 0.00361196 0.00671377 0.0102182 -0.00541599 -0.00384738 -0.0106069 0.00347995 0.00302268 -7.92125e-05 -0.00384287 0.00150451 0.00624601 0.0739281
internal_weight=24582.6 2503.49 22079.1 1888.41 16423.2 1092.95 895.669 197.281 3.02481 5655.89 795.461 14902.2 49.4752 14704.1 83.555 14.7676 68.7875 5537.91 1880.56 1036.52 1521.07 1333.97 892.958 615.08 612.054 14620.5 1552.55 558.276 384.818 10.4984
internal_count=242244 68146 174098 57384 139376 35735 22882 12853 113 34722 21649 117120 889 116135 646 159 487 33520 8816 4796 22256 19398 22841 10762 10655 115489 15779 5673 3307 151
is_linear=0
shrinkage=0.05


Tree=77
num_leaves=31
num_cat=0
split_feature=22 8 22 11 3 11 7 15 1 2 21 16 13 12 22 2 5 5 21 6 7 13 11 2 14 0 5 16 3 16
split_gain=33.0506 24.6412 21.1466 19.6669 18.6908 18.2758 17.8095 15.9753 18.9654 12.6813 15.5723 11.9615 11.8205 11.7377 12.8233 13.5985 11.3439 11.2094 10.8699 9.92597 11.5998 9.90127 9.58504 9.42915 12.0993 9.36459 10.4946 13.8062 9.48169 25.0472
threshold=0.25249973903714346 1.5000000000000002 0.77127999261985347 -0.0081666666666668757 40.865000000000002 0.076666666666666675 2.2500000000000004 0.098128259735226639 6.3050000000000006 7.9150000000000009 0.12930184128835762 0.16724351250360123 2.639166666666668 1.7150000000000003 0.2875528289601626 6.5250000000000012 7.2250000000000005 6.995000000000001 0.068039103832413003 1.5000000000000002 0.75000000000000011 0.88833333333333397 -0.056666666666666192 5.705000000000001 -2.8941666666666666 2.5000000000000004 6.8250000000000011 0.72690824549351751 33.185000000000009 0.70194875456167305
decision_type=2 2 2 8 2 8 10 2 2 2 2 2 2 2 2 2 10 10 2 8 10 2 10 2 2 2 10 2 2 2
left_child=3 13 4 -1 5 6 7 -3 9 18 12 -4 -11 16 15 -15 19 22 -9 -2 -21 -5 -13 24 -8 -16 -27 28 29 -28
right_child=1 2 11 21 -6 -7 23 8 -10 10 -12 17 -14 14 25 -17 -18 -19 -20 20 -22 -23 -24 -25 -26 26 27 -29 -30 -31
leaf_value=-0.0023704744613077776 0.0054404046283478774 -0.0068561690128277897 -0.040259562775967428 -0.02547954697895749 0.0020913953661080083 -0.013289787333491905 0.10224618573842213 -0.0066938914000686401 -0.0068349955964468181 0.057319713315225812 0.07326465328928132 0.0070359174926022672 -0.021631349130596722 0.10736230956876187 0.010144960235095309 0.0092030014927352022 0.05990356932740052 -0.0081959944381601937 0.00026937215409203854 -0.00026538142347775636 0.038425911607069187 -0.0090596635190268813 0.0014580761452680112 -0.0058509205903557841 0.01910970266170697 -0.0016704163798285663 -0.0026549945837947846 -0.015671692925519683 0.022765409523435764 0.055991521392613111
leaf_weight=385.11419705208391 1170.4655845146626 1715.3887057621032 16.890853345394135 214.64723545219749 2389.9855328230187 401.91122247651219 8.5844721570611036 626.34752869978547 1356.6677363822237 7.0132009033113745 12.950614102184771 913.1291750445962 14.632275855168698 6.4750149026513082 797.04004867374897 7.7530579343438148 8.345179654657839 264.33016507327557 5327.4150917306542 2907.0100327096879 19.501484652981162 160.43026554770768 4920.4221162162721 7.9310505092144004 8.927860988304019 541.98174882121384 139.06129999831319 47.321816019713879 142.2401378788054 20.948586221784353
leaf_count=13312 6483 29252 104 15267 26275 7157 73 13597 13571 85 88 4019 139 106 3994 113 62 1179 55256 19523 143 5852 21451 60 86 2931 870 270 799 127
internal_value=-4.42979e-05 0.000283499 -0.00063057 -0.0103072 -0.00186046 -0.00285594 -0.0023944 -0.00251171 -0.00149709 -0.000287782 0.0298965 0.00175846 0.00394904 0.00311511 0.00660516 0.0538741 0.0016675 0.00187485 -0.000463177 0.00154887 -7.55307e-06 -0.0184563 0.00233118 0.039379 0.0598629 0.00620687 0.00268626 0.00944092 0.0133727 0.00502304
internal_weight=24560.9 23800.7 17992.5 760.192 11877.8 9487.77 9085.86 9060.42 7345.03 5988.36 34.5961 6114.77 21.6455 5808.14 1702.82 14.2281 4105.32 6097.88 5953.76 4096.98 2926.51 375.078 5833.55 25.4434 17.5123 1688.59 891.554 349.572 302.25 160.01
internal_count=242244 207813 172392 34431 145639 119364 112207 111988 82736 69165 312 26753 224 35421 9210 219 26211 26649 68853 26149 19666 21119 25470 219 159 8991 4997 2066 1796 997
is_linear=0
shrinkage=0.05


Tree=78
num_leaves=31
num_cat=0
split_feature=21 11 19 8 0 11 12 14 5 18 4 16 1 12 15 19 11 11 21 5 10 19 21 13 14 15 19 3 7 21
split_gain=30.6917 21.3065 18.1475 15.1492 15.5213 20.6639 12.8476 13.1638 12.1003 11.7122 9.60106 9.58263 9.53553 16.5683 9.47923 10.2335 10.0284 9.17786 10.2087 9.15516 9.05993 9.0515 8.91366 9.27557 8.88725 15.1294 14.8257 8.63916 15.5377 11.3114
threshold=0.12801512903581058 0.081666666666666568 0.083532066395419061 1.5000000000000002 5.5000000000000009 -0.043333333333333439 2.1108333333333342 -1.4533333333333311 6.9850000000000012 0.78518842010839396 25.590000000000003 0.16724351250360123 6.6850000000000014 1.4483333333333337 0.096039469940556621 0.40779490666175172 -0.11266666666666623 -0.059999999999999158 0.62142827329493955 6.6250000000000009 1.5000000000000002 0.64769641943070388 0.11774897174294476 2.535000000000001 10.893333333333334 0.055555040466704647 0.18166637041699332 38.765000000000008 1.2500000000000002 0.08973354862061618
decision_type=2 8 2 2 2 10 2 2 10 2 2 2 2 2 2 2 10 8 2 10 2 2 2 2 2 2 2 2 10 2
left_child=1 2 -1 8 27 -6 7 14 12 10 -9 -12 -4 19 16 -16 -2 18 -13 -14 -11 -8 -3 -24 -7 26 -26 28 -5 -30
right_child=6 22 3 4 5 24 21 9 -10 20 11 17 13 -15 15 -17 -18 -19 -20 -21 -22 -23 23 -25 25 -27 -28 -29 29 -31
leaf_value=-0.03491437271119277 0.038581965826129522 -0.019763869531048014 0.0039432275903165609 -0.0034227815984968486 0.004910442422291118 -0.018944980573739223 -0.0036856257912709339 -0.0016138645535606609 0.016511793379013019 0.028819888981475451 -0.03347701542968172 0.005886622979460257 0.025672300675626342 0.0023042507700423158 0.016610240920258076 -0.000141913128198165 -0.0065118036893879036 0.0022343781359676308 0.024542708655895126 -0.010971097468603707 0.0068665626643805979 0.014842868823999442 -0.0032981027588930797 0.075109162862950704 0.028508012134647171 -0.00062001521984710864 0.29755190874980691 0.0007640732242827086 0.0093567825002488485 0.073088995189733372
leaf_weight=41.02213098295033 12.53238647803664 234.11021053884178 1265.9648080393672 4904.8840985763818 151.59908936452121 369.04126013442874 85.420329809188843 1371.5924228131771 130.41363189183176 69.930586323142052 17.971319824457169 1047.2408913187683 17.709988800808787 768.46138384751976 92.943972289562225 4760.8339183665812 760.91975891962647 5447.9531804770231 78.848566666245461 454.43304253555834 143.30029518902302 288.65257081389427 52.859035357832909 4.061814732849597 1.2639026399701863 29.622123275883496 0.86077449470758427 1900.6258135717362 19.039294000715021 10.975463002920149
leaf_count=3687 84 6446 11059 69978 4277 22233 377 8340 1199 375 232 5539 146 5424 1085 28137 6343 33866 384 4498 743 1447 753 34 110 1578 52 23554 186 78
internal_value=-4.27632e-05 -0.00211186 -0.00172624 -0.00159044 -0.00275167 -0.0108136 0.00146868 0.00122092 0.00166293 0.0025018 0.00219216 0.00298407 0.000890357 -0.00222492 -0.000640322 0.00017887 -0.00578114 0.00308374 0.00719292 -0.00959661 0.0140663 0.0106118 -0.0154491 0.00229696 -0.0167612 0.00862418 0.137506 -0.00210017 -0.00320331 0.0326617
internal_weight=24535.1 10356.9 10065.9 10024.9 7387.91 552.387 14178.1 13804.1 2636.98 8176.84 7963.61 6592.01 2506.57 1240.6 5627.23 4853.78 773.452 6574.04 1126.09 472.143 213.231 374.073 291.031 56.9209 400.788 31.7468 2.12468 6835.52 4934.9 30.0148
internal_count=242244 155292 148059 144372 122046 28250 86952 85128 22326 49479 48361 40021 21127 10068 35649 29222 6427 39789 5923 4644 1118 1824 7233 787 23973 1740 162 93796 70242 264
is_linear=0
shrinkage=0.05


Tree=79
num_leaves=31
num_cat=0
split_feature=18 14 12 11 21 19 1 20 7 22 13 17 12 14 11 12 15 2 11 16 7 17 14 17 11 5 13 17 13 18
split_gain=28.2865 20.6403 19.9034 15.0185 14.8822 11.8798 13.6688 11.4243 10.9687 12.0188 11.6468 12.402 10.8447 10.4966 12.5001 10.2426 9.96386 9.88553 9.65628 9.59464 9.52275 10.7218 9.26727 9.26245 9.5638 9.25354 9.68467 10.75 9.8905 9.53026
threshold=0.020511597070535154 -1.4533333333333311 -0.77166666666666617 0.03666666666666752 0.52754334016902782 0.6555875581604681 1.5550000000000004 1.0000000180025095e-35 2.7500000000000004 0.40151729786033225 -0.39666666666666633 36.500000000000007 -0.83499999999999963 14.165000000000003 -0.13666666666666624 2.1108333333333342 0.23662236434199793 6.0750000000000011 -0.0081666666666668757 0.32143059334002594 0.75000000000000011 104.50000000000001 7.0233333333333325 85.500000000000014 -0.011666666666667156 6.6050000000000013 1.7950000000000004 157.50000000000003 1.4066666666666672 0.7990243841053889
decision_type=2 2 2 10 2 2 2 2 10 2 2 2 2 2 8 2 2 2 8 2 8 2 2 2 10 8 2 2 2 2
left_child=2 3 16 5 13 6 19 -7 10 -10 11 -8 -5 20 -15 -9 -1 -17 -4 -2 -3 23 -23 24 -22 -6 27 29 -29 -27
right_child=1 4 18 12 25 7 8 15 9 -11 -12 -13 -14 14 -16 17 -18 -19 -20 -21 21 22 -24 -25 -26 26 -28 28 -30 -31
leaf_value=-0.02117525038079409 0.016315295086619198 -0.0001452952611408789 0.0010886798267423473 -0.017193335597248706 0.018497953636306907 -0.013293576088349374 -0.016528969026220457 0.0012861018162860223 0.0077061433413264345 0.095129161175631888 -0.0013728881481287407 -0.0041817301397727921 -0.0044468661337547432 0.062259852009967587 0.0052265962447152585 0.035836389256812783 0.10367682215875784 0.0064398952956861589 -0.0092307252664714911 0.086229227149886456 0.0015239039235517952 0.053204310220818396 0.0025201187259942608 -0.035924531313047472 0.05057778424660811 0.002911064848517453 0.0091875741951214906 -0.0037181129674917143 -0.033902384986332815 0.020387310251437401
leaf_weight=242.78927890770137 21.384920893236998 9084.186819685623 435.79914058744907 191.41147365048528 109.0843370705843 129.98500995337963 282.82236412726343 3754.8908830471337 12.065101537853481 5.8316604495048514 2777.0482219941914 723.95958192832768 1301.4851288869977 9.7203342355787736 825.45127380080521 40.806211315095425 1.6085855225101102 95.599312536418438 472.45779576618224 6.3687480799853793 51.009474389255047 25.6768759181723 13.901537386700509 12.558747253380714 12.340023843571542 2895.3798192888498 672.15982629358768 193.12128454446793 31.57662059366703 80.169650629162788
leaf_count=14137 366 89100 10795 3697 507 584 4237 20026 116 33 28817 10429 14584 55 7466 198 97 476 17810 80 419 244 102 123 127 12859 3292 887 154 427
internal_value=-4.12023e-05 0.00033609 -0.0076875 -0.00148424 0.00154957 -0.000610097 -0.00260321 0.00128795 -0.00285844 0.0361929 -0.00304314 -0.00765028 -0.00608115 0.000523321 0.00589039 0.00177503 -0.0203535 0.015234 -0.00427928 0.0323587 3.60841e-05 0.0143034 0.035402 0.00330264 0.0110792 0.00413611 0.00373154 0.00258559 -0.00795989 0.00338192
internal_weight=24512.7 23360 1152.65 9343.66 14016.3 7850.76 3829.48 4021.28 3801.73 17.8968 3783.83 1006.78 1492.9 10034.8 835.172 3891.3 244.398 136.406 908.257 27.7537 9199.67 115.487 39.5784 75.9082 63.3495 3981.49 3872.41 3200.25 224.698 2975.55
internal_count=242244 199405 42839 83643 115762 65362 44078 21284 43632 149 43483 14666 18281 97636 7521 20700 14234 674 28605 446 90115 1015 346 669 546 18126 17619 14327 1041 13286
is_linear=0
shrinkage=0.05


Tree=80
num_leaves=31
num_cat=0
split_feature=12 18 11 22 15 14 7 4 14 5 19 22 12 14 12 17 4 11 7 1 19 12 16 18 8 13 5 17 1 2
split_gain=26.6257 24.7347 21.6945 17.6272 13.7783 13.4705 12.4547 11.5938 13.6282 12.123 13.1128 11.3122 11.1346 10.888 10.3943 10.7431 10.7292 10.3776 10.2039 13.7732 13.3558 10.108 10.084 15.3735 9.7731 9.13079 8.92065 10.8724 11.0599 19.2641
threshold=-0.88499999999999945 0.023396565354524397 0.051666666666667201 0.57512656121535755 0.23662236434199793 7.0233333333333325 0.75000000000000011 28.465000000000003 14.165000000000003 6.9450000000000012 0.61979637217414008 0.36453159981522182 2.1108333333333342 -6.940833333333333 -3.5749999999999993 27.500000000000004 38.105000000000011 -0.05666666666666708 -1.0000000180025095e-35 1.8450000000000004 0.40630760736912247 2.0425000000000009 0.57915296063540522 0.090060214920892598 2.5000000000000004 -2.9274999999999989 6.7550000000000008 165.50000000000003 3.8650000000000007 4.8650000000000011
decision_type=2 2 8 2 2 2 10 2 2 10 2 2 2 2 2 2 2 8 10 2 2 2 2 2 2 2 10 2 2 2
left_child=1 4 3 6 -1 12 7 9 22 21 -11 -4 -5 -3 16 18 -15 -17 -16 20 25 -2 23 26 -10 -20 27 28 29 -9
right_child=2 13 11 5 -6 -7 -8 8 24 10 -12 -13 -14 14 15 17 -18 -19 19 -21 -22 -23 -24 -25 -26 -27 -28 -29 -30 -31
leaf_value=-0.02127609505631628 -0.0059491364345062251 -0.012269512551460526 -0.01908902159121267 0.0012565022072405221 0.14295487394804748 0.0062825527265897522 0.012622401673760587 0.018796797606150519 0.019137613521605888 0.00056737751655031379 0.029592056787318473 -0.0036919596017709736 0.012217511234032573 0.015618550937740804 -0.014902746375167884 0.012004289947067476 0.10610673918238873 -0.001668143412397245 -0.036895732400549254 -0.0043779390600273485 0.085211284512375307 0.0088711550839929067 -0.0022686543924977519 0.0049659570369817545 0.0016598087558678894 0.060339952488424699 -0.0043887530757481868 0.054910324341642197 0.00071631280195390539 0.15542942717697236
leaf_weight=238.0234436634928 1974.1493004364893 295.95300270151347 128.56957286782563 8687.7947308309376 1.2839928083121765 1807.1094580702484 175.00786094926298 26.728267517872158 157.05482990853488 168.20837678108364 50.625194601714611 1653.1627997392789 238.04079693555832 17.15896674152464 277.54773471597582 158.6964179482311 4.048827350139617 1106.2081100028008 6.1464273808524013 159.72453708853573 8.9209627844393236 122.17080491408706 3377.0892235906795 1703.6551366373897 162.98771878518164 3.976191355846824 1125.2835665391758 9.8869965346530062 642.17604292184114 2.8553616022691122
leaf_count=13398 24335 4703 5700 48231 75 9769 1888 497 1206 2544 407 17804 1197 237 3977 1514 60 16595 123 2278 138 755 34312 17259 2125 87 20848 156 9976 50
internal_value=-3.95755e-05 -0.00518802 0.000488349 0.000949798 -0.0203949 0.00234584 -0.000595243 -0.000838152 0.000150607 -0.00391643 0.00728198 -0.00480301 0.00154882 -0.00340272 -0.00189669 -0.00232536 0.0328939 4.72162e-05 -0.00890211 0.000414216 0.0406075 -0.00508543 -0.000318054 0.00155837 0.0102367 0.0012987 -0.00165445 0.00285941 0.00209333 0.0319843
internal_weight=24490.2 2277.69 22212.6 20430.8 239.307 10732.9 9697.88 9522.87 7207.72 2315.15 218.834 1781.73 8925.84 2038.38 1742.43 1721.22 21.2078 1264.9 456.316 178.768 19.0436 2096.32 6887.67 3510.59 320.043 10.1226 1806.93 681.647 671.76 29.5836
internal_count=242244 43185 199059 175555 13473 59197 116358 114470 86429 28041 2951 23504 49428 29712 25009 24712 297 18109 6603 2626 348 25090 83098 48786 3331 210 31527 10679 10523 547
is_linear=0
shrinkage=0.05


Tree=81
num_leaves=31
num_cat=0
split_feature=22 8 11 14 7 21 18 12 12 15 14 1 13 2 17 3 8 11 22 21 13 17 12 22 5 1 1 16 2 22
split_gain=25.3424 19.5058 17.4429 16.1565 15.6809 16.2443 14.9904 11.5209 11.2644 10.7905 10.1082 10.6932 10.3487 14.2218 10.8436 11.3186 9.99387 10.7396 9.39235 12.1912 10.3381 9.29558 9.19938 11.1523 10.0473 10.0405 12.6831 9.11453 10.1711 14.2712
threshold=0.25249973903714346 1.5000000000000002 0.021833333333333375 -1.4533333333333311 2.2500000000000004 0.064109294482673759 0.78518842010839396 1.5833333333333335 -2.4391666666666656 0.097031868294283993 -0.5325000000000023 7.3750000000000009 -0.27666666666666589 5.3850000000000007 86.500000000000014 38.065000000000005 2.5000000000000004 -0.034999999999999691 0.4887805991748792 0.12668988553422414 3.0408333333333344 16.500000000000004 1.7150000000000003 0.32667586892521261 7.2250000000000005 6.5750000000000011 6.9150000000000009 0.6319636357171744 4.9350000000000014 0.2875528289601626
decision_type=2 2 8 2 10 2 2 2 2 2 2 2 2 2 2 2 2 8 2 2 2 2 2 2 10 2 2 2 2 2
left_child=2 22 8 4 5 -3 7 10 -1 -7 11 -5 13 16 15 -14 -12 -18 19 -16 -20 -19 24 25 -2 -24 -27 28 -17 -30
right_child=1 3 -4 6 -6 9 -8 -9 -10 -11 12 -13 14 -15 18 27 17 21 20 -21 -22 -23 23 -25 -26 26 -28 -29 29 -31
leaf_value=-0.039525340815082508 0.0013706075096782495 -0.012020673407956994 -0.022448189023659325 0.0051853760960189023 0.048099001574653716 -0.0062385591164721421 0.019861469825758666 -0.013951403736103263 -0.0032591163279595148 -0.00098777215633233037 0.0068704202133854919 0.072560529403364132 0.00023585000650510279 -0.013060719374348021 -0.0050031162949097218 0.0013863170356304957 0.0026749072677975222 -0.013402532984382876 0.00094104241666133738 -0.037369843309481163 -0.022701535988352922 -0.0028916599703435052 0.09989512046881617 0.0053992022697139427 0.055766059981417974 -0.046682846931733052 0.05061965902737936 -0.0021208156707351465 0.085960411699090383 0.0096442793761068162
leaf_weight=22.308820172213018 4091.4025258645415 424.49132841359824 184.99291013693437 929.27943458221853 15.321909122169016 1192.8617295622826 100.51693375408649 136.86609836667776 532.25153707806021 5443.2348001087084 345.25929429195821 5.926664173603057 1729.7004719665274 272.55534756090492 529.91988704353571 488.47642687708139 796.46700269822031 242.21152481436729 2217.4449119754136 30.783062361180782 47.221759058535099 1598.9811448417604 5.5030079409480122 1679.4015898220241 8.5067910775542241 4.7722965143620995 11.229445505887268 301.18952270597219 6.1609651241451493 1075.5817617308348
leaf_count=2139 26149 10763 11785 9020 121 14660 498 746 20507 46346 2506 55 15025 2896 7199 4522 6938 3385 14731 288 263 21466 86 8910 62 67 147 2319 240 8405
internal_value=-3.83179e-05 0.000245731 -0.00915308 -0.000569611 -0.00242854 -0.00253819 0.000642196 0.000462555 -0.00471803 -0.00193162 0.000648366 0.00561235 0.000168881 -0.00212785 0.00133234 0.00315158 -0.0011289 -0.00217598 -0.000986386 -0.00678008 0.000448059 -0.00427438 0.00276597 0.00585735 0.00148347 0.0416359 0.0216005 0.00584652 0.00737476 0.0100789
internal_weight=24470.8 23731.3 739.553 17930.5 7075.91 7060.59 10854.5 10754 554.56 6636.1 10617.2 935.206 9681.95 3255.47 6426.48 3601.11 2982.92 2637.66 2825.37 560.703 2264.67 1841.19 5800.82 1700.91 4099.91 21.5047 16.0017 1871.41 1570.22 1081.74
internal_count=242244 207813 34431 172392 71890 71769 100502 100004 22646 61006 99258 9075 90183 37191 52992 30511 34295 31789 22481 7487 14994 24851 35421 9210 26211 300 214 15486 13167 8645
is_linear=0
shrinkage=0.05


Tree=82
num_leaves=31
num_cat=0
split_feature=19 22 6 7 11 8 5 1 10 5 12 21 3 13 13 5 2 22 12 20 17 18 7 6 20 4 10 9 11 18
split_gain=23.3957 19.0303 15.8181 14.9416 14.5511 13.8421 13.646 13.2619 13.4919 16.7369 12.0239 11.1808 10.9821 10.6164 9.8841 10.8288 10.6922 9.74157 9.25634 9.14069 9.094 10.0759 9.07558 11.9901 17.6677 9.63793 8.86092 10.2458 9.16415 10.4036
threshold=0.2538107386413227 0.84244126896433358 1.5000000000000002 0.75000000000000011 0.015499999999999849 4.5000000000000009 6.995000000000001 1.5550000000000004 5.5000000000000009 6.785000000000001 -0.44500000000000001 0.094828872233491499 39.685000000000009 -4.400833333333332 0.96999999999999997 6.6050000000000013 8.6250000000000018 0.21765299050371614 0.40500000000000075 30.500000000000004 188.50000000000003 0.7990243841053889 -1.0000000180025095e-35 4.5000000000000009 6.5000000000000009 30.785000000000004 4.5000000000000009 4.5000000000000009 0.055000000000000167 0.03988559699602242
decision_type=2 2 8 10 8 2 10 2 2 8 2 2 2 2 2 10 2 2 2 2 2 2 10 8 2 2 2 2 10 2
left_child=4 2 14 5 10 17 -3 8 13 -10 -1 12 -9 -7 15 -2 -16 -4 -5 -8 21 -17 23 -12 -25 -24 27 28 29 -13
right_child=1 6 3 18 -6 7 19 11 9 -11 22 26 -14 -15 16 20 -18 -19 -20 -21 -22 -23 25 24 -26 -27 -28 -29 -30 -31
leaf_value=-0.012519029363265361 0.010192153028610788 0.004804666258063783 -0.016534865559820335 0.0028398968288430807 -0.018420069298262405 0.074177063006327315 -0.0040837598536063533 -0.014801801709037377 0.14150098828222066 0.016355865282562571 -0.011745858775791205 -0.016045702195182334 0.0014755782263712706 0.0011129114592006706 0.0050149056508276627 -0.0007258931711434807 -0.02556099890129971 -0.00033917565767942789 0.03189434463551357 -0.033522325463391317 -0.030945001388848856 0.03091748148874747 -0.0051353732529412508 0.23686117290078623 -0.0035375562275436062 0.019362070663433949 -0.0076311184179821611 -0.0048532605470487204 -0.011959872694260897 0.006168446699171686
leaf_weight=216.18043126352131 248.70802679099143 2862.968264400959 93.5718137556687 55.159326664172113 255.93089609360322 5.4811018966138354 174.53746557235718 436.84815805498511 4.5610635615885231 6.449683155864478 98.111450959928334 56.970786370337009 135.84696855582297 53.499313512817025 2179.4850543644279 2689.3618820495903 28.972309330478311 11993.447482991032 54.496077308431268 31.061134487390518 24.63705476000905 25.394503310322762 63.894534561783075 1.2135949218645685 2.0643452182412148 108.03802807163447 793.49434958398342 955.99618788063526 95.059527568519115 704.12137937545776
leaf_count=10453 1679 13096 3433 659 14063 94 785 12302 64 118 3215 943 3311 942 12984 21482 179 104761 414 141 183 135 1998 53 83 3263 10434 12380 1311 7286
internal_value=-3.69837e-05 0.000237228 -0.000308934 -0.00111179 -0.00875889 -0.0012433 0.00391114 -0.004141 0.0173879 0.0681957 -0.00370765 -0.0046151 -0.0109407 0.00790283 0.00207729 0.000202611 0.00461379 -0.000464555 0.0172793 -0.00853124 -0.000704334 -0.000429893 0.00326159 -0.008603 0.0854655 0.0102582 -0.00322479 -0.00129537 0.00267745 0.00450563
internal_weight=24455.6 23710.1 20641.6 15445 745.433 15335.3 3068.57 3248.33 69.9912 11.0107 489.502 3178.34 572.695 58.9804 5196.56 2988.1 2208.46 12087 109.655 205.599 2739.39 2714.76 273.322 101.389 3.27794 171.933 2605.64 1812.15 856.152 761.092
internal_count=242244 209116 195094 158452 33128 157379 14022 49185 1218 182 19065 47967 15613 1036 36642 23479 13163 108194 1073 926 21800 21617 8612 3351 136 5261 32354 21920 9540 8229
is_linear=0
shrinkage=0.05


Tree=83
num_leaves=31
num_cat=0
split_feature=11 22 22 12 10 11 8 5 9 12 19 4 3 1 16 12 4 13 7 14 22 16 4 19 12 13 7 4 14 21
split_gain=21.8799 27.9285 17.6815 15.7543 14.2616 10.5365 9.95289 11.2099 33.2628 9.95057 9.85674 9.67118 18.1122 9.98498 9.24604 10.1813 13.3545 8.91427 8.85736 8.56264 11.5649 11.0535 10.3235 9.48399 11.8042 10.2623 8.71777 8.46958 11.3816 9.49578
threshold=0.023333333333332987 0.36347856774368886 0.84244126896433358 -1.0499999999999992 5.5000000000000009 -0.12500000000000042 4.5000000000000009 6.6950000000000012 1.5000000000000002 1.9841666666666666 0.09953984839452272 22.685000000000006 28.495000000000001 6.8150000000000004 0.26730324202581984 -2.4391666666666656 43.775000000000006 -2.6708333333333321 0.75000000000000011 8.2316666666666656 0.57403674185328224 0.31818333446068675 27.795000000000005 0.38997197440490555 -0.29166666666666757 -4.1058333333333321 -1.0000000180025095e-35 30.865000000000006 -9.9800000000000004 0.050173360021634916
decision_type=8 2 2 2 2 10 2 8 2 2 2 2 2 2 2 2 2 2 10 2 2 2 2 2 2 2 10 2 2 2
left_child=2 6 3 10 14 17 7 8 -2 19 -1 12 13 -6 15 16 -3 -5 -9 26 21 22 -21 24 -22 -25 -7 -28 -29 -30
right_child=1 4 -4 5 11 9 -8 18 -10 -11 -12 -13 -14 -15 -16 -17 -18 -19 -20 20 23 -23 -24 25 -26 -27 27 28 29 -31
leaf_value=-0.034786315195553336 0.20601295164708822 -0.00086262374409844028 0.0045960897107032274 -0.025776915874710052 0.0036223211961382961 -0.0018762746115034091 -0.029369749466563611 -0.013715084087160379 -0.028705370621748407 0.0058923375095890438 -0.0048624617589131365 -0.0091458606047179671 0.057991706312013946 -0.063912546054110994 -0.00023666776276781547 -0.024765236293696657 0.11642788635270314 0.013266251256764186 0.077263930446990176 0.097459597385962327 0.08745725307476851 -0.00098032176142831507 0.014265542788886613 0.036545732505377078 -0.0045336033065960608 0.0055352207854225781 -0.001490537181908857 -0.0059457571022392165 -0.0069014053759756172 0.0036675399824987994
leaf_weight=28.246219016145915 2.3162511382251969 27.872087253257636 2593.6369321718812 15.603867784142492 62.60402649641037 5540.4758707340807 103.87569992896169 245.95731065887958 4.3330858303233981 782.11013281531632 1069.4217418115586 834.65620788373053 15.231400819495319 5.9973832108080378 3991.3152211494744 77.097633259370923 2.6583042517304412 231.7713217921555 2.7046521771699181 5.2518120640888837 8.0438550114631635 1140.7234278740361 12.859334744513033 27.458017658442259 6.1561652570962897 940.01054281741381 2501.1903944695368 389.42298960126936 226.09469696413726 3540.6926275938749
leaf_count=2739 56 673 11885 110 735 49575 7714 9357 181 4391 18958 9614 164 44 43078 1509 62 1459 84 82 98 12060 206 163 48 5224 23269 3758 6971 27977
internal_value=-3.5738e-05 -0.00285268 0.000758924 0.000154497 -0.00188849 0.000567839 -0.0163212 -0.0110123 0.0530572 0.000400381 -0.00563249 -0.00751984 0.00866914 -0.00228182 -0.000626625 -0.0150879 0.00934995 0.0108035 -0.0127255 0.000100814 0.00301762 -0.000365014 0.0383899 0.00701074 0.0475763 0.00641534 -0.000411033 0.000808383 0.00219186 0.00303316
internal_weight=24435.8 5376.62 19059.2 16465.5 5017.43 15367.9 359.187 255.311 6.64934 15120.5 1097.67 918.489 83.8328 68.6014 4098.94 107.628 30.5304 247.375 248.662 14338.4 2140.5 1158.83 18.1111 981.669 14.2 967.469 12197.9 6657.4 4156.21 3766.79
internal_count=242244 73271 168973 157088 55879 135391 17392 9678 237 133822 21697 10557 943 779 45322 2244 735 1569 9441 129431 17881 12348 288 5533 146 5387 111550 61975 38706 34948
is_linear=0
shrinkage=0.05


Tree=84
num_leaves=31
num_cat=0
split_feature=9 0 7 11 5 22 21 4 11 12 12 3 19 0 5 12 3 13 6 13 14 14 19 4 20 15 13 15 18 21
split_gain=20.832 32.6933 16.9194 15.8575 13.8711 10.8443 10.7073 14.3646 13.6484 12.1842 11.3582 16.9278 10.0803 9.93665 14.3235 10.9208 9.65406 9.74237 13.4839 9.44493 8.95444 17.5052 10.7439 10.0792 13.2776 10.0526 13.9796 14.1196 9.09059 8.87213
threshold=1.5000000000000002 5.5000000000000009 1.0000000180025095e-35 0.033333333333333666 6.785000000000001 0.46997517567484887 0.57972316890582365 26.535000000000004 -0.11833333333333272 -1.0100000000000002 -3.1508333333333325 35.990000000000002 0.41161033563820565 2.5000000000000004 6.9850000000000012 1.7533333333333334 52.960000000000001 0.8566666666666668 4.5000000000000009 -1.8824999999999998 1.8958333333333324 2.5700000000000025 0.12112128581886349 25.410000000000004 13.500000000000002 0.2002860776008413 1.6550000000000007 0.19279798421148955 0.08358277470515546 0.020624901570150372
decision_type=2 2 10 10 8 2 2 2 10 2 2 2 2 2 10 2 2 2 10 2 2 2 2 2 2 2 2 2 2 2
left_child=13 3 4 6 -3 -5 7 8 -2 -9 11 -10 -11 15 -15 -1 17 18 -16 -4 25 -22 -23 24 -24 26 27 29 -25 -21
right_child=1 2 19 5 -6 -7 -8 9 10 12 -12 -13 -14 14 16 -17 -18 -19 -20 20 21 22 23 28 -26 -27 -28 -29 -30 -31
leaf_value=0.0032343486278752255 0.025153590316368421 -0.0070420453325658067 -0.028229208647074396 -0.0097561161411161262 -0.023358471764978489 -0.0022583143753515935 0.0031318369931918801 -0.0049967656287421306 0.0044748419351607806 0.0054247529433923665 -0.0047411135284932421 0.1398086551490503 0.00033945753857310884 -0.0004762177612387692 0.13916346547759123 0.011261611363972995 0.083015602849127568 0.010031658085964644 0.0060732102712100708 0.032373334979698812 0.13664363080606487 0.11699824291820143 0.0049847657528792194 -0.016179664490558795 0.17848552624263858 -0.024665019769042375 0.16252047298779726 0.1498694698785796 0.070446617480594789 -0.026803924988716716
leaf_weight=2472.2508223056793 39.496605038642883 245.33029012288898 16.269329219125211 610.37538219057024 277.70104670990258 2297.3921786695719 2581.4972459599376 953.12450523301959 7.3943287283182126 1103.9150646999478 2241.1529636383057 3.3608300760388374 8312.166436843574 2514.3627588683739 3.5623707054182878 511.33559894561768 5.1304589789360753 132.97747867181897 4.0859185261651874 12.32382503710688 3.6652820082381359 2.6440392457880106 2.5600425107404616 18.876940724439923 1.937052904628217 22.612808254547417 1.6213764557614911 1.723151716403662 3.6072710473090401 13.03073262516409
leaf_count=13239 256 12459 637 13324 18667 23925 11490 15309 123 16418 21455 57 65118 23239 44 2596 44 1399 66 446 76 103 70 525 57 561 40 50 62 389
internal_value=-3.45938e-05 -0.000835333 -0.0120892 -0.00044848 -0.0157052 -0.00383219 0.000197037 -0.000401368 -0.00398407 0.000390344 -0.00449512 0.0467647 0.000935643 0.00262906 0.000407153 0.00461008 0.0156457 0.0131878 0.0680631 0.00666001 0.0133693 0.0335644 0.0208113 0.0113855 0.0797175 0.000266953 0.0199115 0.0113723 -0.00228171 0.00195975
internal_weight=24417.5 18773.8 623.903 18149.9 523.031 2907.77 15242.1 12660.6 2291.4 10369.2 2251.91 10.7552 9416.08 5643.71 2660.12 2983.59 145.756 140.626 7.64829 100.872 84.6025 33.2906 29.6253 26.9813 4.4971 51.3119 28.6991 27.0777 22.4842 25.3546
internal_count=242244 201617 34142 167475 31126 37249 130226 118736 21891 96845 21635 180 81536 40627 24792 15835 1553 1509 110 3016 2379 893 817 714 127 1486 925 885 587 835
is_linear=0
shrinkage=0.05


Tree=85
num_leaves=31
num_cat=0
split_feature=22 11 8 22 13 14 12 20 15 7 14 16 7 5 11 20 19 4 10 5 11 12 1 22 10 12 16 21 15 15
split_gain=19.2139 17.8002 17.106 15.8817 13.2543 13.0508 12.298 10.9092 14.9838 13.2419 10.7442 11.3049 9.89542 16.5239 10.2324 11.8195 9.79776 10.0219 9.67581 9.99156 9.66925 9.55206 12.9503 13.9465 11.1224 10.0247 9.213 8.95726 11.2001 12.2082
threshold=0.22142596179984991 -0.0091666666666667656 1.5000000000000002 0.40824006174431865 2.1058333333333343 5.4499999999999984 1.6800000000000004 8.5000000000000018 0.037915720350456809 -1.0000000180025095e-35 8.2316666666666656 0.35185348269401268 1.7500000000000002 6.8050000000000006 -0.15499999999999978 5.5000000000000009 0.41161033563820565 61.720000000000006 5.5000000000000009 7.2250000000000005 0.13250000000000031 1.7150000000000003 6.6150000000000011 0.58999678987730853 2.5000000000000004 0.40500000000000075 0.51470912005428981 0.13764208879752873 0.2002860776008413 0.21692028769544594
decision_type=2 8 2 2 2 2 2 2 2 10 2 2 10 10 8 2 2 2 2 10 8 2 2 2 2 2 2 2 2 2
left_child=1 4 18 5 -1 12 10 8 9 -7 11 -5 -4 14 -14 -16 17 27 19 21 -12 22 -2 24 25 -24 -6 -13 -29 -30
right_child=2 -3 3 6 26 7 -8 -9 -10 -11 20 16 13 -15 15 -17 -18 -19 -20 -21 -22 -23 23 -25 -26 -27 -28 28 29 -31
leaf_value=-0.0068287381367493176 0.0045323971729528999 -0.022439473094709936 -0.008077356750148498 -0.0051274194211457557 -0.052549909243753967 0.0013509584183525178 -0.014463493234791831 -0.0033392328133012073 0.0105215363216836 0.17540408538139485 0.0033425571153439682 0.0022387586522941661 0.05339552729532028 0.11243737458421606 0.033526467750832532 -0.040685691971771118 -0.0004531408480270829 0.075619858813877866 -0.002273341008773105 0.057408015151843517 -0.055821403353736879 0.006610562457452872 -0.04432533489453952 0.0036003205241945178 -0.011000683361836863 0.0020327200716209969 0.035788873654549358 0.01025345912526273 0.10270768245583276 0.021921390879569902
leaf_weight=153.16018756153062 1955.6127643585205 182.78382255788893 1357.9444505074061 1214.7897687321529 3.2588674714788786 1.8688914161175487 148.19352219998837 280.58467110898346 149.21702048927546 2.6313676489517084 2300.2679857239127 695.25464832782745 8.3767814300954342 4.156591832637786 8.8703717701137084 13.577722944319246 11764.741499150172 5.0066010244190684 907.46692383103073 8.529555242508648 6.926663774996995 1483.043538492173 12.05024987272918 707.5074330791831 473.34600745327771 361.69433670304716 31.289708748459816 135.66854711249471 7.130136743187907 13.58919747546315
leaf_count=6144 12897 11467 38255 15783 96 60 776 6742 3462 70 17591 10237 70 62 104 181 90673 77 6118 61 69 8328 140 3845 3919 2639 577 1612 67 122
internal_value=-3.36164e-05 -0.0113333 0.000140615 -0.000621264 -0.000518466 -0.00504144 -0.000125507 0.0025262 0.0132325 0.103122 6.11341e-06 -0.000520623 -0.00740096 0.018856 0.00623704 -0.0113607 -7.72255e-05 0.00508539 0.00247667 0.00333846 0.00316493 0.0032461 0.00182463 -0.00158162 -0.00590968 0.000538047 0.0274561 0.00467073 0.0154826 0.0497223
internal_weight=24398.5 370.493 24028 18118.8 187.709 1827.23 16291.6 434.302 153.717 4.50026 16143.4 13836.2 1392.93 34.9815 30.8249 22.4481 12621.4 856.649 5909.25 5001.78 2307.19 4993.25 3510.21 1554.6 847.091 373.745 34.5486 851.643 156.388 20.7193
internal_count=242244 18284 223960 186013 6817 49006 137007 10334 3592 130 136231 118571 38672 417 355 285 102788 12115 37947 31829 17660 31768 23440 10543 6698 2779 673 12038 1801 189
is_linear=0
shrinkage=0.05


Tree=86
num_leaves=31
num_cat=0
split_feature=11 21 19 22 22 5 13 15 5 7 13 0 2 15 0 4 11 22 15 11 17 4 10 3 22 22 16 16 5 2
split_gain=18.4756 15.3692 14.0104 12.4852 12.1013 12.3497 13.4891 14.7302 23.0644 11.515 11.1632 14.0236 15.0258 11.4877 10.9644 13.2503 11.5003 10.6091 10.3032 9.95444 9.37309 17.6195 14.1503 9.00265 10.9543 11.2586 10.3498 8.85108 8.52124 10.868
threshold=0.051666666666667201 0.14368571063500543 0.083532066395419061 0.46353433924258575 0.55108176860956803 7.0650000000000004 -0.60916666666666675 0.13260212555182668 7.1150000000000011 1.0000000180025095e-35 0.87166666666666759 5.5000000000000009 6.0550000000000006 0.18877181071365953 2.5000000000000004 28.755000000000006 0.028333333333332881 0.27854009324196022 0.2716670512946141 0.0033333333333334107 12.500000000000002 38.035000000000004 3.5000000000000004 36.345000000000006 0.4743659870440064 0.46499609505041722 0.70845206315307208 0.16724351250360123 6.9450000000000012 6.2750000000000012
decision_type=8 2 2 2 2 10 2 2 10 10 2 2 2 2 2 2 10 2 2 10 2 2 2 2 2 2 2 2 10 2
left_child=1 2 -1 -2 5 -5 -7 8 -8 10 11 12 17 -14 15 16 -12 -4 23 28 21 -11 -23 -3 25 -25 27 -26 -15 -30
right_child=3 18 9 4 -6 6 7 -9 -10 20 14 -13 13 19 -16 -17 -18 -19 -20 -21 -22 22 -24 24 26 -27 -28 -29 29 -31
leaf_value=-0.033717125212712383 -0.011891312472834413 -7.1789374454152622e-05 0.07861001779081267 0.0019327025474302944 -0.0054794168767504673 -0.026006136814532999 0.20507416196067363 0.026853254221376639 0.025774780465181307 0.0086228960348731128 0.0099265596360362633 -0.013009611760953605 -0.020349052588633506 -0.002338634778301046 -0.00080182160012401871 0.0015632880214046145 0.039952881556280982 -0.0010721119333400371 0.0055438172084506989 -0.013687353970883942 0.003829557484461653 0.026542401980667318 0.12600434839698402 -0.002812799690250627 -0.044909514120896679 0.065782838265191892 -0.021943404855316331 0.0033951045862519015 -0.028346426769961037 0.058284370399665032
leaf_weight=32.379231620579958 456.44084943132475 5818.2107329703867 4.1808013655245295 460.1052280254662 1066.6777585372329 7.1499532312154797 3.462850350886586 17.059461861848831 3.7208071909844875 40.982129798270762 299.91285395994782 306.72896898025647 159.37719774059951 412.77941823750734 3591.4215020756237 951.02469194680452 35.683315884321928 4978.5804799403995 1533.4717855677009 234.66700095124543 604.92146301502362 7.6604871032759529 6.706625054590404 10.430247072130443 9.5109596997499448 14.025571722537277 41.265757739543915 3259.2101989723742 5.096595078706744 12.498516909778116
leaf_count=3305 14408 31463 93 6385 9006 121 52 175 56 512 1994 18639 2077 4155 37383 6564 318 68545 8147 3210 7510 94 84 92 95 135 219 17225 51 131
internal_value=-3.25939e-05 0.000380416 -0.000872895 -0.00461875 -0.00248837 0.00400296 0.0343453 0.0521445 0.112205 -0.000781627 -0.00116686 -0.00259014 -0.00203979 -0.00829249 0.00061701 0.00457748 0.0131192 -0.00100525 0.00175083 -0.00540314 0.00563157 0.025326 0.0729716 0.00111534 0.00318675 0.0365272 0.00294041 0.00325455 -0.000886071 0.0331909
internal_weight=24385.3 22370.7 11684.6 2014.62 1558.18 491.498 31.3931 24.2431 7.18366 11652.2 10992 6113.91 5807.18 824.419 4878.04 1286.62 335.596 4982.76 10686.1 665.042 660.271 55.3492 14.3671 9152.65 3334.44 24.4558 3309.99 3268.72 430.375 17.5951
internal_count=242244 212041 154665 30203 15795 6789 404 283 108 151360 143160 96901 78262 9624 46259 8876 2312 68638 57376 7547 8200 690 178 49229 17766 227 17539 17320 4337 182
is_linear=0
shrinkage=0.05


Tree=87
num_leaves=31
num_cat=0
split_feature=9 0 5 11 16 21 4 11 12 12 3 5 4 19 7 5 13 7 13 5 20 0 5 12 3 13 6 12 2 17
split_gain=17.2768 26.2702 14.9804 13.2068 9.75679 9.43078 12.9249 12.1553 11.5607 9.90876 12.5399 8.92907 10.0076 8.76103 8.57886 12.5456 8.46608 8.39169 11.364 13.9357 8.33218 8.19465 12.6606 9.35217 8.13011 8.19515 10.2592 8.12986 8.06558 9.25515
threshold=1.5000000000000002 5.5000000000000009 6.785000000000001 0.031666666666667627 0.40570127563289021 0.57972316890582365 26.535000000000004 -0.11833333333333272 -1.0100000000000002 -3.1508333333333325 35.990000000000002 6.8450000000000006 25.800000000000001 0.43547728736315455 -1.0000000180025095e-35 6.5850000000000009 2.142500000000001 1.0000000180025095e-35 1.2216666666666671 6.8550000000000013 15.500000000000002 2.5000000000000004 6.9850000000000012 1.7533333333333334 52.960000000000001 0.8566666666666668 4.5000000000000009 -2.7058333333333326 5.495000000000001 4.5000000000000009
decision_type=2 2 8 10 2 2 2 10 2 2 2 10 2 2 10 8 2 10 2 10 2 2 10 2 2 2 8 2 2 2
left_child=21 3 27 5 -4 6 7 -2 14 10 -9 -11 -13 16 -8 -16 -10 -6 -19 -20 28 23 -23 -1 25 26 -24 -3 29 -7
right_child=1 2 4 -5 17 20 8 9 13 11 -12 12 -14 -15 15 -17 -18 18 19 -21 -22 22 24 -25 -26 -27 -28 -29 -30 -31
leaf_value=0.0029225796465360428 0.023565853811284346 -0.042754268225155406 -0.03749314794436099 -0.0034453233086294203 -0.017915287295318796 -0.019564570674472835 -0.0098108714038062719 0.0045911264726448756 0.0052018616521289909 -0.0065091927540087387 0.11626404290940461 0.0023521312377496658 -0.021660755599050577 0.00025652090739208366 0.052583525956346369 -0.0014833608717652685 -0.017688405431167727 -0.0034630209933898502 0.18834157583154054 0.014148027776630143 -0.00062593825243640493 -0.00045891451232589817 0.11882803686010415 0.010361530553312443 0.074893480585515204 0.0093878359159349483 0.0058919539927897039 -0.0016020822214886457 0.01064263571530448 0.0037942648332312326
leaf_weight=2471.5287899002433 39.871169213205576 12.508563947398214 57.472943491302431 3007.7476069098338 213.43772908812389 44.19931972026825 458.37496388703585 7.3773807846009714 1372.7505746409297 1593.6932911165059 3.8132107462733984 577.03437935188413 46.916763629764318 7929.0694435480982 10.980467259883879 468.89337368682027 41.619039492681623 22.63413014262915 1.8597838860005129 3.0006984574720263 997.29411175847054 2512.2257875865325 3.9506119061261389 509.62106254696846 5.3904284294694653 133.89616790413857 4.0955859357491144 296.09394964575768 477.04591196775436 1044.7887570336461
leaf_count=13239 256 1183 6416 38633 12651 192 7214 123 19591 14476 57 6258 497 60623 118 7771 439 953 43 85 4504 23239 44 2596 44 1399 66 12811 2159 4564
internal_value=-3.1646e-05 -0.000762276 -0.010994 -0.000419547 -0.0189819 0.000182606 -0.000381852 -0.00379769 0.00037187 -0.00428719 0.0426438 -0.00452401 0.00054653 0.000903164 -0.00491896 -0.000246203 0.0045283 -0.0145661 0.011433 0.0808003 0.00294627 0.00239422 0.000376521 0.00419425 0.0146218 0.012333 0.0613426 -0.0032701 0.00522114 0.00284619
internal_weight=24369.2 18728.5 607.008 18121.5 298.405 15113.7 12550.4 2268.71 10281.7 2228.84 11.1906 2217.64 623.951 9343.44 938.249 479.874 1414.37 240.932 27.4946 4.86048 2563.33 5640.71 2659.56 2981.15 147.333 141.942 8.0462 308.603 1566.03 1088.99
internal_count=242244 201617 34142 167475 20148 128842 117423 21667 95756 21411 180 21231 6755 80653 15103 7889 20030 13732 1081 128 11419 40627 24792 15835 1553 1509 110 13994 6915 4756
is_linear=0
shrinkage=0.05


Tree=88
num_leaves=31
num_cat=0
split_feature=6 21 9 15 16 2 10 13 18 20 2 5 12 11 16 12 4 11 14 16 13 1 12 2 19 18 22 7 11 2
split_gain=16.1917 20.2737 15.0479 12.843 12.0273 13.1089 10.7629 14.7114 12.0704 10.9807 13.4696 15.3114 16.6285 10.9816 10.7106 11.7555 13.9327 10.702 10.6729 9.99594 13.6012 14.0003 12.7421 12.002 11.5318 14.4893 11.2296 11.0652 10.8495 10.5917
threshold=1.5000000000000002 0.030126031829840229 1.5000000000000002 0.076100413448451837 0.27896790517182019 3.5050000000000003 4.5000000000000009 -0.29416666666666641 0.7990243841053889 5.5000000000000009 7.3250000000000011 6.8150000000000004 0.040000000000000265 0.0049999999999994502 0.76087147968427582 0.74666666666666759 15.850000000000001 0.021833333333333375 10.627500000000001 0.57915296063540522 -0.18000000000000035 5.5050000000000008 1.7150000000000003 7.9750000000000005 0.64769641943070388 0.14685209953600506 0.52978447392302852 0.75000000000000011 0.065000000000000849 6.8250000000000011
decision_type=8 2 2 2 2 2 2 2 2 2 2 10 2 10 2 2 2 10 2 2 2 2 2 2 2 2 2 10 10 2
left_child=4 2 3 -2 5 -1 7 14 9 10 -9 -12 -13 -14 15 -3 -17 -8 -4 20 21 -11 27 26 25 -23 -22 -21 -28 -29
right_child=1 6 18 -5 -6 -7 17 8 -10 19 11 12 13 -15 -16 16 -18 -19 -20 22 23 24 -24 -25 -26 -27 28 29 -30 -31
leaf_value=-0.021392381982989084 0.1322144980529476 -0.0033543393651296414 -0.01676242841532102 0.0014566320875196231 0.0024924834597613121 0.015032592392717724 -0.00074150320124062553 0.0034111822208496715 0.018430056272904626 0.0087606349345377265 0.0075305246597256806 0.1145566117700771 0.064324494854878386 0.011152891924058772 -0.044960212414953599 0.044632047518274737 0.0036564495094077486 -0.0054235072170670841 0.010415150703479651 -0.0033610279562833211 -0.0038216445621715514 0.043579575170688577 0.0050765083856218569 0.03019921125873011 0.015144723577521746 0.14342480379234565 0.0037546393923529827 0.061268676974892092 -0.010757645883930626 -0.016295617882172146
leaf_weight=102.34269701503217 1.8985621370375145 2909.3015573518351 415.01826282311231 172.47455366421491 6104.402744712308 32.558842773549259 3657.825200675521 1736.4447427992709 103.37995272874832 126.62870155088603 93.141605647280812 6.8117949971929184 15.198182225227354 26.893795499578118 14.768589578568934 22.05322290956974 349.84415462054312 1831.6987721710466 39.568475206848234 2708.26878933236 833.44234535330907 12.141282548196616 578.85986490920186 36.013311497867107 16.598575092852116 5.1854041703045359 2244.4030216298997 12.740240927785637 136.62910386174917 6.7243132479488841
leaf_count=2081 77 36746 26229 4872 43650 310 31545 14741 545 1496 713 66 93 202 115 145 2261 21927 2201 19831 11831 168 3084 270 97 55 15566 89 1189 49
internal_value=-3.05874e-05 -0.000787245 -0.0096069 0.00288031 0.00216614 -0.0126011 -0.000469989 0.000369203 0.00144699 0.00124274 0.00462213 0.0194255 0.0420805 0.0303516 -0.00247554 -0.00228432 0.00608627 -0.00230376 -0.0143968 0.000297746 0.00219673 0.0164029 -0.00166122 0.00149503 0.0449284 0.0734605 0.00117344 -0.00309105 0.00292189 0.034473
internal_weight=24353.3 18114 628.96 174.373 6239.3 134.902 17485 11995.5 8699.51 8596.13 1878.49 142.045 48.9038 42.092 3295.97 3281.2 371.897 5489.52 454.587 6717.63 3411.04 160.554 3306.59 3250.49 33.9253 17.3267 3214.47 2727.73 2381.03 19.4646
internal_count=242244 196203 33379 4949 46041 2391 162824 109352 70085 69540 15815 1074 361 295 39267 39152 2406 53472 28430 53725 30672 1816 23053 28856 320 223 28586 19969 16755 138
is_linear=0
shrinkage=0.05


Tree=89
num_leaves=31
num_cat=0
split_feature=9 0 11 22 14 12 16 11 3 12 14 13 16 15 20 5 2 2 17 22 19 0 5 17 16 14 4 13 2 21
split_gain=15.0661 19.3987 17.3862 11.3159 10.9077 10.6487 10.7163 10.0169 9.15916 10.9677 9.10434 13.2859 8.60964 8.14564 9.59705 7.83492 7.74701 14.5882 9.21028 11.0975 7.72344 7.43146 10.4186 9.77526 19.4157 9.50236 11.2379 10.7329 10.2183 8.64577
threshold=2.5000000000000004 5.5000000000000009 -0.043333333333333439 0.86743379388989472 15.280833333333337 2.4250000000000007 0.73962877976480068 0.035000000000000593 46.725000000000001 1.5833333333333335 1.6666666666666663 1.313333333333333 0.26730324202581984 0.37774176611042293 4.5000000000000009 6.4850000000000012 4.3650000000000011 4.5050000000000008 140.50000000000003 0.19774636513491473 0.46818878105101919 2.5000000000000004 6.9850000000000012 125.50000000000001 0.43344484519810106 5.7783333333333315 27.445000000000004 0.72999999999999987 4.4350000000000014 0.14139248357015011
decision_type=2 2 8 2 2 2 2 10 2 2 2 2 2 2 2 10 2 2 2 2 2 2 10 2 2 2 2 2 2 2
left_child=3 7 20 4 5 6 15 -2 -4 16 13 -12 -9 -8 -15 -1 -10 -18 19 -19 -3 23 -23 25 -25 26 27 -17 -29 -30
right_child=1 2 8 -5 -6 -7 10 12 9 -11 11 -13 -14 14 -16 21 17 18 -20 -21 -22 22 -24 24 -26 -27 -28 28 29 -31
leaf_value=-0.042868199016411077 -0.00019226817241423013 0.002331689950224116 -0.019891364858142607 0.010221774831283453 0.0092498211127161334 0.010771355910204332 -0.025166023745779378 -0.0194258596588541 -0.028367518058027803 0.19424566620192052 0.029108831289740789 -0.0097385145666993231 -0.0033109849842860649 0.037256713376607666 -0.014176026722413618 -0.009469213700716822 0.22684026080108685 0.16543872219648126 0.14298729942716534 -0.016767022449910636 0.079052993556785689 -0.0013130908552187058 0.0090810515752247894 -0.044571378828086483 -0.00072527233047413222 0.0092109598923492235 0.00076094939052336963 -0.032523391986373766 0.022343722055466111 0.0079718842171449169
leaf_weight=10.27524001104757 11297.141535995528 121.58087061857805 296.96253055520356 350.83963617682457 393.64713713107631 258.67524860799313 104.93049394898117 86.536995317786932 8.9312859852798336 0.81080274842679401 31.051139775663614 75.585135672241449 1963.5063440557569 12.618532685562966 32.250460609793663 76.043352298438549 0.89971642196178336 0.92404839629307289 1.2881401702761639 8.739041942637412 3.3713021762669078 4069.7798331375234 256.26789148664102 25.76172536611557 1266.6829700022936 600.25604597106576 2412.9555672667921 13.460177473723887 139.50793733820319 418.75034751743078
leaf_count=166 103982 3908 22932 1692 2768 1464 760 1995 766 20 220 478 26738 98 207 459 56 57 72 515 56 42894 3163 166 6783 3226 13466 78 1006 2053
internal_value=-2.95993e-05 -0.0011176 -0.011405 0.0013927 0.00108897 0.000761326 0.000490081 -0.000775765 -0.0176052 0.013836 -0.00959291 0.00157334 -0.00399123 -0.0175417 0.000288432 0.000768414 0.00679748 0.033299 0.0173984 0.000656692 0.00440169 0.000816734 -0.000697359 0.00213906 -0.00159924 0.0034588 0.00233071 0.00817818 0.0105254 0.0115634
internal_weight=24340 13790.7 443.508 10549.3 10198.5 9804.85 9546.18 13347.2 318.556 21.593 256.436 106.636 2050.04 149.799 44.869 9289.74 20.7822 11.8509 10.9512 9.66309 124.952 9279.47 4326.05 4953.42 1292.44 3660.97 3060.72 647.762 571.718 558.258
internal_count=242244 161097 28382 81147 79455 76687 75223 132715 24418 1486 1763 698 28733 1065 305 73460 1466 700 644 572 3964 73294 46057 27237 6949 20288 17062 3596 3137 3059
is_linear=0
shrinkage=0.05


Tree=90
num_leaves=31
num_cat=0
split_feature=6 22 8 0 15 17 7 12 16 1 12 8 18 3 11 15 2 20 20 11 3 17 1 2 4 1 13 1 11 12
split_gain=14.1769 17.677 12.3796 14.1745 10.999 10.0063 8.99026 9.80239 9.0793 10.8638 12.574 17.7733 12.652 10.4951 10.3286 10.0585 11.3472 10.9248 10.1273 10.0304 9.2916 8.91426 11.0912 10.9153 8.88239 8.83872 11.3876 12.2395 11.6727 10.2401
threshold=1.5000000000000002 0.21765299050371614 4.5000000000000009 5.5000000000000009 0.059677536148401621 12.500000000000002 0.75000000000000011 0.32249999999999984 0.41694634554740501 5.995000000000001 1.5000000000000007 1.5000000000000002 0.67247115294366111 43.375000000000007 0.044999999999999492 0.22899776204174596 4.9850000000000012 1.5000000000000002 22.500000000000004 -0.046333333333333553 42.120000000000012 8.5000000000000018 3.8350000000000004 6.1550000000000011 37.425000000000004 6.8950000000000005 -0.75833333333333341 6.5950000000000006 -0.024500000000000185 0.56500000000000095
decision_type=8 2 2 2 2 2 10 2 2 2 2 2 2 2 8 2 2 2 2 10 2 2 2 2 2 2 2 2 8 2
left_child=4 -2 6 -4 5 -1 8 24 21 13 12 -12 25 14 15 18 -17 -18 -10 -20 -19 22 -3 -24 -8 26 27 29 -29 -11
right_child=1 2 3 -5 -6 -7 7 -9 9 10 11 -13 -14 -15 -16 16 17 20 19 -21 -22 -23 23 -25 -26 -27 -28 28 -30 -31
leaf_value=0.022453535496166084 -0.01523169082873453 0.050870522625970888 -0.0026244490260822328 -0.02350940249365158 0.0024514352934324416 -0.011641583822137645 -0.02402120894593433 0.027561519730144382 0.00015804009186997061 -0.011429035674660762 0.0043299803704057371 -0.011591854929619876 0.003179207764295958 0.0075979706531586243 -0.004038272815549168 -0.0034564968054304058 0.037938555462346174 0.011753151584364461 0.03232124149794139 0.0053584485505486961 -0.035766534986121513 -0.0026737210552889184 -0.027436504626643207 0.0071905776856126718 0.033498226670182811 -0.0083561189880274906 -0.0033924361198668668 0.068543290465120477 0.015438378668600317 0.0094122656897379867
leaf_weight=23.828322357498109 207.94203981058672 5.8549290550872675 3786.0519891567528 83.023633868899196 5994.6069139484316 222.07997845485806 22.308511327020828 60.222488891333342 3540.3362303311005 97.77603255957365 1578.414003662765 197.17127859406173 847.6353317797184 710.68028921820223 819.41737885586917 140.87116044480354 39.851139119826257 323.6242433860898 36.417617237195373 652.5755908684805 10.624590694904326 937.06150010973215 99.223903109319508 29.532016285695136 9.60017222445458 770.89722836297005 2855.7938694488257 12.380715785548089 63.014731403440237 148.37775117903948
leaf_count=239 12644 73 53654 8571 42692 3110 256 477 31754 1149 9603 1236 3994 6007 10245 1217 374 2562 230 5413 83 10643 1004 232 116 7609 25036 103 697 1221
internal_value=-2.85831e-05 -0.000737582 -0.000569005 -0.0030726 0.00202628 -0.00833779 0.000122418 0.01569 1.93645e-05 0.000388227 -0.00103258 0.00256193 -0.00236338 0.0018763 0.00114544 0.00204075 0.00863849 0.013193 0.0012374 0.0067836 0.0102427 -0.00440209 -0.0164338 -0.0194943 -0.00671568 -0.00355329 -0.00238802 0.00653258 0.0241588 0.00113378
internal_weight=24327.2 18086.7 17878.7 3869.08 6240.52 245.908 14009.7 92.1312 13917.5 12845.9 6571.46 1775.59 4795.88 6274.4 5563.72 4744.3 514.971 374.1 4229.33 688.993 334.249 1071.67 134.611 128.756 31.9087 3948.24 3177.34 321.549 75.3954 246.154
internal_count=242244 196203 183559 62225 46041 3349 121334 849 120485 108533 50648 10839 39809 57885 51878 41633 4236 3019 37397 5643 2645 11952 1309 1236 372 35815 28206 3170 800 2370
is_linear=0
shrinkage=0.05


Tree=91
num_leaves=31
num_cat=0
split_feature=21 19 7 19 11 12 2 12 13 18 13 15 15 1 1 5 22 5 12 22 10 19 21 2 2 14 6 17 21 13
split_gain=13.4382 12.4389 11.7075 13.5543 11.8307 11.3463 9.34899 8.21714 11.5392 18.1636 8.09509 10.1822 8.08474 15.7288 17.0608 10.4853 10.4744 11.0571 9.64587 9.33709 8.56695 9.77205 11.6388 18.1568 18.7288 10.8044 9.40942 8.51981 14.7407 15.9005
threshold=0.15284793837319438 0.083532066395419061 -1.0000000180025095e-35 0.2538107386413227 -0.06666666666666686 2.287500000000001 6.955000000000001 -2.4391666666666656 -4.6191666666666658 0.050995398310351069 -1.046666666666666 0.12206335868964374 0.16835454472900604 5.3150000000000004 4.2550000000000008 7.0550000000000006 0.53504373149791895 7.1250000000000009 -0.29166666666666757 0.55042871446869868 1.5000000000000002 0.34828865869882369 0.092903012568551699 5.6350000000000007 4.7550000000000008 24.48 4.5000000000000009 37.500000000000007 0.089127147409949203 -0.041666666666666845
decision_type=2 2 10 2 8 2 2 2 2 2 2 2 2 2 2 10 2 10 2 2 2 2 2 2 2 2 8 2 2 2
left_child=1 -1 3 -3 -4 7 -7 8 9 -6 -10 -12 15 14 -14 -9 27 19 -15 -18 21 22 23 24 -16 26 -23 28 29 -17
right_child=-2 2 4 -5 5 6 -8 12 10 -11 11 -13 13 18 20 16 17 -19 -20 -21 -22 25 -24 -25 -26 -27 -28 -29 -30 -31
leaf_value=-0.031367956220975962 0.0013258518482422187 -0.013479755411591826 0.0058050782030074737 -0.0021100954051450969 -0.027568214202392295 0.023013315429248116 -0.00030701007632670578 -0.0035647033041786291 0.0057242388681066694 0.16726259894085924 0.13154179071237501 0.0042828753746450765 -0.029276638118967049 -0.012085502057450619 0.068968806524262488 0.025772487619468005 0.11108810127008353 -0.0075870958585990012 0.00013541126022941565 0.036538338742779494 0.0098408046729016995 0.039349284422127533 -0.029751066423926581 -0.026182238742034833 0.25789273154581727 -0.047423489857084611 -0.016720851516553042 -0.0099195013467592765 0.0031977443546992662 0.27809277336447552
leaf_weight=33.745961654465646 10453.976865336299 274.6273853527382 869.0434945942834 5761.5025256685913 2.0165791357867411 93.212472923099995 79.744073228910565 2601.9727417901158 86.470831645652652 2.9407758619636297 2.9792914362624279 3.3272347911261022 24.316641727928072 169.31892970204353 2.8737916797399503 1.2910799626260998 6.3069390021264615 8.3743537813425046 3480.1943166069686 12.573180183768271 237.27448990242556 42.069891985505819 1.9560924582183359 1.8666332750581203 2.4135693530552089 5.0295601300895205 9.1010563112795335 35.615149180404842 5.9733513165265322 1.209119563922284
leaf_count=3912 53769 12666 7445 69947 91 549 485 45266 2435 51 75 48 490 3331 93 60 89 121 35647 182 3658 432 25 58 78 54 127 932 88 40
internal_value=-2.76199e-05 -0.00104853 -0.000974527 -0.00262738 0.000306287 -0.000384232 0.0122611 -0.000708369 0.0136842 0.0880083 0.00971283 0.0644018 -0.000919904 0.000509583 0.0110166 -0.00304619 0.0158646 0.0402316 -0.000431577 0.0614418 0.0142547 0.0302906 0.0783281 0.10788 0.155209 0.0225038 0.0293769 0.000801532 0.0458631 0.147797
internal_weight=24313.3 13859.3 13825.6 6036.13 7789.47 6920.42 172.957 6747.47 97.7347 4.95735 92.7774 6.30653 6649.73 3976.41 326.902 2673.32 71.3432 27.2545 3649.51 18.8801 302.585 65.3106 9.11009 7.15399 5.28736 56.2005 51.1709 44.0887 8.47355 2.5002
internal_count=242244 188475 184563 82613 101950 94505 1034 93471 2700 142 2558 123 90771 43993 5015 46778 1512 392 38978 271 4525 867 254 229 171 613 559 1120 188 100
is_linear=0
shrinkage=0.05


Tree=92
num_leaves=31
num_cat=0
split_feature=9 0 5 14 14 7 11 21 18 12 18 16 13 5 19 16 19 4 15 17 1 16 15 1 3 15 1 1 11 1
split_gain=13.0762 18.5732 13.4107 11.9047 13.338 12.6891 10.2003 11.5695 9.38507 15.5721 9.21692 9.21006 8.47703 8.07334 12.1568 8.5781 11.2226 8.2574 8.6809 7.76837 13.8039 15.6386 14.994 12.2115 11.4151 11.0019 11.9142 10.2214 10.6757 10.5222
threshold=1.5000000000000002 5.5000000000000009 6.785000000000001 -1.4533333333333311 -0.5325000000000023 2.7500000000000004 0.03666666666666752 0.094828872233491499 0.021689686549806925 -0.44500000000000001 0.7990243841053889 0.40570127563289021 -4.5058333333333325 6.8450000000000006 0.19600494987253794 0.58333506010738601 0.38157356464311437 35.145000000000003 0.28223510946103753 35.500000000000007 1.5550000000000004 0.55629620893821186 0.10804134518550564 1.3150000000000002 19.955000000000002 0.091333266738889488 5.0250000000000012 6.2550000000000008 0.010833333333333252 6.3850000000000007
decision_type=2 2 8 2 2 10 10 2 2 2 2 2 2 10 2 2 2 2 2 2 2 2 2 2 2 2 2 2 10 2
left_child=-1 3 -3 5 -5 6 19 12 9 -9 -6 -4 -8 14 -14 -16 -17 18 -18 20 23 -22 25 -2 -24 -23 -27 -26 29 -29
right_child=1 2 11 4 10 -7 7 8 -10 -11 -12 -13 13 -15 15 16 17 -19 -20 -21 21 22 24 -25 27 26 -28 28 -30 -31
leaf_value=0.0020837332427270819 0.017748213214636269 -0.0020919487644812346 -0.036180135123095619 0.0062580882888264985 -3.7748658353772579e-05 0.049185994219896334 0.052219371808555251 -0.028134725534264122 -0.0045397889388118827 0.10000993032662459 0.015780076550718378 -0.012953687750832683 0.11058601460852116 -0.02695653222639607 -0.020254321842013936 0.10257387065749871 -0.0038011363667654571 -0.040111604600623622 0.084010108499754932 -0.0001973718329598246 -0.0088909258222345123 -0.00060869009196073617 0.024781234035390579 0.12135258528534559 0.003682464569560449 0.10439669259643541 0.028352235721352634 -0.037509116804962522 -0.035860117482810303 0.00032839452993918539
leaf_weight=5635.7621672321111 12.235419610515235 301.18118507135659 52.359982003457844 967.01141650602221 9925.1229007635266 12.09796618670225 4.3110782653093329 4.1565899029374123 959.77588575705886 5.5180126093327981 92.956756353378296 230.89626078912988 2.1586494054645291 118.60638011898845 55.880047211423516 3.2217140272259739 8.0733004529029149 7.3382212854921809 4.3208677116781464 4484.8065186738968 904.75786530598998 15.414006561040877 41.096941154450178 3.7055186536163083 249.42672136239707 7.764656754210594 15.300222985446451 21.833024870604277 37.172903338447213 115.96771222725511
leaf_count=40627 170 13994 6416 8974 88424 78 122 107 10761 88 494 13732 79 3013 1453 76 157 132 63 40184 8999 134 325 59 2063 87 116 154 330 833
internal_value=-2.7017e-05 -0.000664361 -0.00943712 -0.000380781 0.000650322 -0.00197724 -0.00206463 -0.00632289 -0.00404587 0.0449539 0.000109023 -0.0172471 -0.0171486 -0.0186468 -0.006478 -0.00968347 0.0160505 0.00192379 0.0268117 -0.00121913 -0.00443556 -0.0049591 0.00209946 0.0418314 -0.000380112 0.032096 0.0539522 -0.00281662 -0.0120811 -0.00566655
internal_weight=24300.2 18664.5 584.437 18080 10985.1 7094.94 7082.84 1173.36 969.45 9.6746 10018.1 283.256 203.91 199.599 80.9928 78.8342 22.9541 19.7324 12.3942 5909.48 1424.67 1408.73 503.976 15.9409 465.497 38.4789 23.0649 424.4 174.974 137.801
internal_count=242244 201617 34142 167475 97892 69583 69505 16051 10956 195 88918 20148 5095 4973 1960 1881 428 352 220 53454 13270 13041 4042 229 3705 337 203 3380 1317 987
is_linear=0
shrinkage=0.05


Tree=93
num_leaves=31
num_cat=0
split_feature=22 12 18 15 5 1 10 20 11 17 17 19 11 16 19 8 13 3 17 1 16 13 20 11 21 12 16 3 1 12
split_gain=12.6233 13.9493 13.6665 12.4206 11.3889 11.2655 9.62916 9.62856 9.00324 14.7078 9.37104 10.1363 12.852 19.5473 10.1516 9.21454 9.1641 9.44282 9.12716 8.76283 8.72997 16.1598 11.4561 9.86319 8.44303 8.25742 8.19867 15.1424 8.19424 10.6203
threshold=0.84244126896433358 -0.88499999999999945 0.023396565354524397 0.23662236434199793 6.9750000000000005 4.9750000000000005 4.5000000000000009 31.500000000000004 -0.0016666666666664829 179.50000000000003 189.50000000000003 0.77453213627793815 0.033333333333333666 0.60937637602307326 0.61214050146283772 3.5000000000000004 -1.8183333333333329 8.7350000000000012 61.500000000000007 6.9750000000000005 0.55769400125916702 0.82500000000000051 4.5000000000000009 -0.05666666666666708 0.61453769806888436 -2.4391666666666656 0.27896790517182019 28.055000000000003 1.6950000000000001 -1.6249999999999996
decision_type=2 2 2 2 10 2 2 2 8 2 2 2 10 2 2 2 2 2 2 2 2 2 2 8 2 2 2 2 2 2
left_child=1 2 3 -1 19 20 -3 -6 15 16 11 12 14 -14 -11 -8 17 -10 -19 -2 22 -22 28 -24 -18 26 -25 -28 -4 -30
right_child=4 6 5 -5 7 -7 8 -9 9 10 -12 -13 13 -15 -16 -17 24 18 -20 -21 21 -23 23 25 -26 -27 27 -29 29 -31
leaf_value=-0.0173833306007166 0.0031357963323563678 0.0006816309872350098 0.009475212914720213 0.1360750120149451 -0.0027164477115887795 -0.024088036842600642 0.0017671854948668312 -0.028955306359987672 -0.050428394383082012 -0.015662297195226143 -0.0033677175174853767 -0.00919820696969623 0.0302270442162655 0.1715276239291772 0.06793900942669466 -0.0044080062508819497 -0.0051162913743556101 -0.0037836898338011529 0.016910291422484718 0.013224553483705463 0.0080089707160665383 0.096791457737375033 0.011609139969671696 0.0079823855601524503 -0.048149790738895512 -0.0033230752283465131 0.16115941669716588 0.013189394654965512 -0.024340387244005793 -0.0067541956554349305
leaf_weight=211.15683006448671 2509.3206753507257 13524.889415664133 51.048552967607975 1.3268558718264092 265.5667509958148 61.210466825403273 2223.4887110833079 40.264221057295799 7.3460483443923286 7.4235938722267765 22.04034376796335 8.2050249241292459 5.0045242407359165 4.7905132602900267 7.1079872958362103 829.4651501942426 2382.2237275824882 100.16304406756535 113.84300389979035 235.42641539871693 43.311365767382085 5.8132502585649481 152.59905611816794 77.136971355415881 11.45270600914955 959.28222151054069 2.5698239100165656 5.2840757044032216 119.73564797732979 303.33875705581158
leaf_count=13398 11337 127061 791 75 1197 998 16487 185 106 117 260 44 71 60 58 9026 29798 1420 1546 1303 639 57 1611 1741 49 16359 64 124 1982 4280
internal_value=-2.62732e-05 -0.000458216 -0.00443929 -0.0164251 0.00298136 -0.00300958 -4.58233e-05 -0.00617093 -0.00176511 -0.00388597 0.0218046 0.0388589 0.0550679 0.0993337 0.0252305 8.94312e-05 -0.0044221 0.00531137 0.00722471 0.00400114 -0.0022595 0.0185152 -0.00287025 -0.000264557 -0.00532219 -0.00199965 0.0129376 0.0616057 -0.00944802 -0.0117313
internal_weight=24291.8 21241.3 1993.81 212.484 3050.58 1781.33 19247.4 305.831 5722.55 2669.6 54.572 32.5316 24.3266 9.79504 14.5316 3052.95 2615.03 221.352 214.006 2744.75 1720.12 49.1246 1671 1196.87 2393.68 1044.27 84.9909 7.8539 474.123 423.074
internal_count=242244 228222 42119 13473 14022 28646 186103 1382 59042 33529 610 350 306 131 175 25513 32919 3072 2966 12640 27648 696 26952 19899 29847 18288 1929 188 7053 6262
is_linear=0
shrinkage=0.05


Tree=94
num_leaves=31
num_cat=0
split_feature=13 2 21 11 12 19 10 17 18 18 2 11 17 16 15 12 5 3 20 7 10 16 20 8 19 2 13 20 5 11
split_gain=12.0345 14.1614 16.6641 11.7812 11.5975 11.2983 11.1019 13.1255 13.3208 12.1106 15.1231 11.217 16.225 11.0349 22.4965 11.6733 9.94114 9.73168 9.72468 10.0128 11.0851 9.55178 10.506 9.51734 12.1217 9.40194 12.6231 14.4082 11.7273 14.486
threshold=-0.27666666666666589 5.1350000000000007 0.56353443057585795 -0.12500000000000042 -2.4391666666666656 0.32107408344590688 4.5000000000000009 30.500000000000004 0.74313798793778185 0.37010966100500697 7.0050000000000008 -0.008333333333333302 179.50000000000003 0.58032565090468546 0.21692028769544594 1.7150000000000003 7.245000000000001 34.635000000000012 2.5000000000000004 1.0000000180025095e-35 4.5000000000000009 0.6833342768920122 16.500000000000004 1.5000000000000002 0.66994792301008144 5.1750000000000007 -0.14833333333333318 8.5000000000000018 6.8650000000000011 -0.0016666666666673711
decision_type=2 2 2 8 2 2 2 2 2 2 2 8 2 2 2 2 10 2 2 10 2 2 2 2 2 2 2 2 10 10
left_child=1 5 -3 21 -5 -1 7 9 13 10 -6 -8 -13 14 16 -15 -9 -4 19 -7 -21 -2 -23 -17 -25 26 -16 -28 -29 -30
right_child=3 2 17 4 6 18 11 8 -10 -11 -12 12 -14 15 25 23 -18 -19 -20 20 -22 22 -24 24 -26 -27 27 28 29 -31
leaf_value=-0.0073494825993270178 0.016942645513504061 -0.011840122261378414 0.018655395469770533 0.050443272676271481 -0.00010460491561385755 -0.0067512492750153976 0.0010088750575659754 0.00032350202543313274 0.0090475890682106715 0.0095180473790592007 0.013912258650207045 -0.0042078907417382877 0.02070778648034069 -0.00283318199757729 0.091253615122051254 0.0050632953583144482 0.057934712259614433 -0.0059215035879069495 0.00064993104527923205 0.0046557741117154048 0.07615545195729384 0.0058271606126079935 -0.061826344085888621 0.0072323321481978248 -0.038188939460544941 0.0080195023919327445 -0.01387349246885743 0.020281940792504415 0.025978646927793808 0.12585711383697637
leaf_weight=624.37830106401816 174.66218470036983 625.54321406502277 79.420075997710228 11.622897590044884 1279.9019570862874 699.46007102541625 2483.2985629229806 4159.2352645080537 436.8345585167408 832.23030579835176 226.48528868379071 2724.6993740834296 66.945395613089204 3756.7882083007134 6.7553543364629141 798.25392021052539 7.5014392584562293 81.727106153964996 4436.1046676905826 19.989583396352831 7.4379881098866454 18.572926636785272 8.3042848221957666 28.98493236862123 29.780959650874138 574.11184114590287 22.519735215231776 43.930548499338329 7.8801553063094616 6.7314054369926435
leaf_count=25592 1061 9033 344 146 14535 7460 18393 40100 2303 3761 2028 29734 608 30411 61 4660 88 367 45434 216 71 108 51 208 147 4689 186 318 54 77
internal_value=-2.54689e-05 -0.00185232 -0.00814659 0.000652821 0.000514429 -0.000996725 0.000481255 0.00130891 0.000511563 0.00467723 0.00200283 -0.00143577 -0.0036104 0.000116664 0.00178748 -0.00163196 0.00042722 0.00619102 -0.000228464 -0.0055892 0.0240455 0.0126727 -0.0150758 0.00363366 -0.0157859 0.0103501 0.0255865 0.020114 0.0331882 0.0719917
internal_weight=24280.1 6574.06 786.69 17706 17504.5 5787.37 17492.9 12217.9 9879.31 2338.62 1506.39 5274.94 2791.64 9442.47 4828.67 4613.81 4166.74 161.147 5162.99 726.888 27.4276 201.539 26.8772 857.02 58.7659 661.929 87.8172 81.0618 58.5421 14.6116
internal_count=242244 88517 9744 153727 152507 78773 152361 103626 83302 20324 16563 48735 30342 80999 45573 35426 40188 711 53181 7747 287 1220 159 5015 355 5385 696 635 449 131
is_linear=0
shrinkage=0.05


Tree=95
num_leaves=31
num_cat=0
split_feature=11 19 22 22 7 12 17 21 15 1 11 12 17 10 13 14 10 21 20 12 5 11 3 2 5 21 4 5 11 2
split_gain=11.4804 10.5677 10.2858 9.86283 10.0841 14.7115 10.9241 10.7848 9.80946 19.0381 14.4872 11.3183 10.7415 9.59501 9.26899 12.0292 9.19415 11.042 9.14665 9.46092 12.4264 18.6226 11.6774 11.2065 19.1695 11.7621 10.4019 13.758 9.97581 9.16189
threshold=0.051666666666667201 0.083532066395419061 0.22142596179984991 0.84244126896433358 -1.0000000180025095e-35 -0.86833333333333285 33.500000000000007 0.58973142641247656 0.17077324816213366 5.3350000000000009 -0.11266666666666623 -0.51499999999999935 28.500000000000004 2.5000000000000004 -3.255833333333332 14.664166666666667 1.5000000000000002 0.13387762266304434 41.500000000000007 0.40500000000000075 6.745000000000001 0.029999999999999808 41.125000000000007 6.1550000000000011 6.955000000000001 0.57261866535925277 34.07500000000001 7.0550000000000006 -0.086666666666666434 6.1550000000000011
decision_type=8 2 2 2 10 2 2 2 2 2 10 2 2 2 2 2 2 2 2 2 10 10 2 2 10 2 2 10 10 2
left_child=1 -1 -2 4 5 6 -3 14 10 12 -6 -11 -10 18 15 -8 17 -14 19 23 21 28 -23 24 -13 -25 -22 -28 -21 -30
right_child=2 3 -4 -5 8 -7 7 -9 9 11 -12 13 16 -15 -16 -17 -18 -19 -20 20 26 22 -24 25 -26 -27 27 -29 29 -31
leaf_value=-0.030657301304741064 -0.033413128749914721 -0.014913015324037215 -0.0032343387743629746 0.0030456136157363581 0.016004656142727041 -0.00065473182363631006 0.0087809627778098302 0.051453155876157002 0.00010938415001868661 -0.016479116328517222 -0.0013381072853773165 0.0019172550480635606 0.045761283552376991 3.986078093190361e-05 -0.0066433213803988493 0.11243089029112362 0.01147150602214621 0.010692535335164692 -0.035225388369170954 0.025001069044669724 -0.0012154471428940535 0.11262324919857861 0.023176400756646606 -0.010374847068925367 0.049282927956370987 0.045659395491124848 0.0076422735230216648 0.068145652626436098 0.00087080961710091188 0.014701756723197387
leaf_weight=27.533533055800945 28.647932843770832 317.66078798379749 1954.192872886546 2922.0784903019667 123.9164749905467 7857.1289956290275 63.229738001711667 8.8732561916112882 150.98784251743928 87.158829014748335 4263.6419696402736 243.63658923329785 49.271749249193817 3452.3739579948597 461.04370562452823 2.928882864303886 282.33125228714198 41.228595290333033 14.552438728511332 101.93583524599671 588.91053615324199 7.3110649148002249 7.2844367139041424 261.08339645108208 23.413876271806657 9.7136475443840009 425.65162784140557 9.607900560833512 239.85508785117418 239.0862770229578
leaf_count=3305 2357 5998 27846 13451 953 71753 1246 44 1781 1389 54081 2620 617 29103 8157 54 3076 248 76 563 4242 68 63 2721 286 45 3007 61 1527 1506
internal_value=-2.45527e-05 0.000299861 -0.00367036 0.000338159 -7.10404e-05 -0.00133206 -0.00756565 -0.00321184 0.000963 0.00223753 -0.000848301 0.00140084 0.0113605 0.00167792 -0.0041319 0.0133696 0.0159169 0.0297853 0.00428155 0.00454802 0.00645604 0.0121997 0.0679814 -0.00119767 0.00607008 -0.00836487 0.00311657 0.00897782 0.0107981 0.00777518
internal_weight=24266.3 22283.4 1982.84 22255.9 19333.8 8710.87 853.736 536.076 10623 6235.39 4387.56 5711.58 523.819 5624.42 527.202 66.1586 372.832 90.5003 2172.04 2157.49 1619.64 595.473 14.5955 537.848 267.05 270.797 1024.17 435.26 580.877 478.941
internal_count=242244 212041 30203 208736 195285 87252 15499 9501 108033 52999 55034 47277 5722 45888 9457 1300 3941 865 16785 16709 11037 3727 131 5672 2906 2766 7310 3068 3596 3033
is_linear=0
shrinkage=0.05


end of trees

feature_importances:
exhibition_time_diff=442
national_win_rate_diff=398
sl_is1=256
motor_2rate_diff=170
sl_is3=163
national_win_rate=144
local_win_rate_diff=128
rl_is1=121
exhibition_time=106
lane_number=102
national_win_rate_rank=99
rl_is3=84
motor_2rate=83
tilt=83
rc_is1=83
local_win_rate=69
local_win_rate_rank=68
rc_is3=64
exhibition_time_rank=58
rc_n=44
boat_2rate=43
motor_2rate_rank=42
rl_n=30

parameters:
[boosting: gbdt]
[objective: binary]
[metric: binary_logloss]
[tree_learner: serial]
[device_type: cpu]
[data_sample_strategy: bagging]
[data: ]
[valid: ]
[num_iterations: 96]
[learning_rate: 0.05]
[num_leaves: 31]
[num_threads: 0]
[seed: 0]
[deterministic: 0]
[force_col_wise: 0]
[force_row_wise: 0]
[histogram_pool_size: -1]
[max_depth: -1]
[min_data_in_leaf: 50]
[min_sum_hessian_in_leaf: 0.001]
[bagging_fraction: 1]
[pos_bagging_fraction: 1]
[neg_bagging_fraction: 1]
[bagging_freq: 0]
[bagging_seed: 3]
[bagging_by_query: 0]
[feature_fraction: 1]
[feature_fraction_bynode: 1]
[feature_fraction_seed: 2]
[extra_trees: 0]
[extra_seed: 6]
[early_stopping_round: 0]
[early_stopping_min_delta: 0]
[first_metric_only: 0]
[max_delta_step: 0]
[lambda_l1: 0]
[lambda_l2: 0]
[linear_lambda: 0]
[min_gain_to_split: 0]
[drop_rate: 0.1]
[max_drop: 50]
[skip_drop: 0.5]
[xgboost_dart_mode: 0]
[uniform_drop: 0]
[drop_seed: 4]
[top_rate: 0.2]
[other_rate: 0.1]
[min_data_per_group: 100]
[max_cat_threshold: 32]
[cat_l2: 10]
[cat_smooth: 10]
[max_cat_to_onehot: 4]
[top_k: 20]
[monotone_constraints: ]
[monotone_constraints_method: basic]
[monotone_penalty: 0]
[feature_contri: ]
[forcedsplits_filename: ]
[refit_decay_rate: 0.9]
[cegb_tradeoff: 1]
[cegb_penalty_split: 0]
[cegb_penalty_feature_lazy: ]
[cegb_penalty_feature_coupled: ]
[path_smooth: 0]
[interaction_constraints: ]
[verbosity: -1]
[saved_feature_importance_type: 0]
[use_quantized_grad: 0]
[num_grad_quant_bins: 4]
[quant_train_renew_leaf: 0]
[stochastic_rounding: 1]
[linear_tree: 0]
[max_bin: 255]
[max_bin_by_feature: ]
[min_data_in_bin: 3]
[bin_construct_sample_cnt: 200000]
[data_random_seed: 1]
[is_enable_sparse: 1]
[enable_bundle: 1]
[use_missing: 1]
[zero_as_missing: 0]
[feature_pre_filter: 1]
[pre_partition: 0]
[two_round: 0]
[header: 0]
[label_column: ]
[weight_column: ]
[group_column: ]
[ignore_column: ]
[categorical_feature: ]
[forcedbins_filename: ]
[precise_float_parser: 0]
[parser_config_file: ]
[objective_seed: 5]
[num_class: 1]
[is_unbalance: 0]
[scale_pos_weight: 1]
[sigmoid: 1]
[boost_from_average: 1]
[reg_sqrt: 0]
[alpha: 0.9]
[fair_c: 1]
[poisson_max_delta_step: 0.7]
[tweedie_variance_power: 1.5]
[lambdarank_truncation_level: 30]
[lambdarank_norm: 1]
[label_gain: ]
[lambdarank_position_bias_regularization: 0]
[eval_at: ]
[multi_error_top_k: 1]
[auc_mu_weights: ]
[num_machines: 1]
[local_listen_port: 12400]
[time_out: 120]
[machine_list_filename: ]
[machines: ]
[gpu_platform_id: -1]
[gpu_device_id: -1]
[gpu_device_id_list: ]
[gpu_use_dp: 0]
[num_gpu: 1]

end of parameters

pandas_categorical:[]
